,0,1,2,3,4,5,6,7,8,9,10,11,12,13,14,15,16,17,18,19,20,21,22,23,24,25,26,27,28,29,30,31,32,33,34,35,36,37,38,39,40,41,42,43,44,45,46,47,48,49,50,51,52,53,54,55,56,57,58,59,60,61,62,63,64,65,66,67,68,69,70,71,72,73,74,75,76,77,78,79,80,81,82,83,84,85,86,87,88,89,90,91,92,93,94
0,3.544218165640612e-16,1.3575120539181766e-16,-1.8116578843148904e-16,-3.748587929187908e-16,2.292688908130641e-16,8.096814318666377e-17,1.0336132274687022e-16,-2.0402909211082133e-17,3.4803206626535675e-12,8.264279119309325e-16,-7.346043188363206e-16,-0.3062048487363851,0.07449863542860927,0.003114888379050984,5.2804633938505766e-14,2.32948280926512e-11,-2.703035950156412e-16,-1.03772246060099e-16,1.816402242650964e-16,-1.327983160210925e-10,-4.401389949404324e-11,-1.370819844436429e-13,4.647058356773168e-16,1.9508735647140654e-13,2.397014316239082e-12,-1.946341409771876e-19,1.6852367479900988e-16,-3.5909045990333663e-10,3.9168247497128116e-15,0.21495668628534928,-1.5517604821186177e-13,-7.0753749914853315e-15,0.08464811729889651,-5.927254863138933e-14,-0.09736752098669202,-5.952046044752825e-13,-1.5572801358667228e-13,-8.400196051771418e-12,-0.10574134134895802,0.6988800014465403,7.352816432628555e-05,4.899349812903768e-12,-3.1687329863741625e-08,2.6820285455810907e-11,5.197938457630384e-09,-1.2892234031314952e-05,9.83113782209106e-05,5.597313861171666e-05,-8.736995831896532e-09,0.006587406861690382,-0.000912361034251765,-8.24520801239968e-08,2.0385304756413101e-07,-4.323195384136949e-09,6.6444347960872995e-09,7.253361290499862e-11,5.476055001188586e-09,9.321144534682426e-08,9.90209762649665e-07,-7.128899503756502e-05,1.5076688590381808e-07,-0.029266767154832354,0.0003129482954591811,0.0612248628341773,0.0012465495049147474,-0.011343413383446948,-6.340478638443327e-05,0.0014250063722848522,9.901446321575666e-05,-4.308688156540308e-05,-3.831354935690998e-05,-0.006250788937512615,-0.0038611762858743533,-0.0014698546632788613,-0.00042724323108001195,0.0026205550808909334,0.00028032964239598494,0.0017764596632312561,-0.004608942268749369,0.0012135405292857768,-0.0019600969368379433,0.0005368751032240824,-0.0016884152046454312,7.287798613468162e-05,-0.0004010245945974456,-0.00010198952780652182,-0.00030960321750103263,0.5773502691896244,0.00031822816906442537,-0.000870768295089407,-8.882686075329412e-06,3.822818169118018e-05,-2.8060175775010293e-06,-1.945416441456192e-05,-2.5878573295480332e-06
1,-4.0728434237363596e-16,-2.4785108220981044e-16,4.0051881237974157e-16,4.2372509752235364e-16,-1.6850845196612774e-16,-1.4213955105931221e-16,4.461828391196656e-16,-4.957515982645191e-16,-9.89949970350402e-13,-3.3434054136447356e-16,2.569301680731369e-17,0.09068443650620925,-0.310269874484553,0.014364821138621722,-1.3967982915384103e-14,-6.743020730778862e-11,5.425161028754075e-16,3.561401728757124e-16,-2.1330018903699132e-16,3.1122551460331514e-11,1.2676641041801973e-11,1.150340734127197e-13,2.3991876056857997e-16,1.772798099854842e-14,-4.445691580927613e-11,-8.905269113135342e-17,-7.773052882120657e-17,-6.175010681875846e-11,-8.074846405670987e-16,-0.05661672804282208,5.163960692052004e-14,3.0229884464304298e-15,-0.10656621189086722,2.3684004569241065e-14,0.5104833155952171,1.3618201800016318e-13,3.4955011988568956e-14,2.956093484887515e-12,0.4823279471204562,-0.22700917144061844,-1.9579751066203246e-05,-1.744945612027033e-12,1.9526389787391584e-08,-1.9027067519606033e-11,-6.876709944071701e-09,7.784704410058222e-06,-5.054009753952069e-05,-4.504153465147814e-05,3.920985118173367e-09,-0.0042575203428789,0.0006036595219933738,7.446041253616477e-08,-1.3110176191679308e-07,2.7040503820875148e-09,2.6167343344342017e-08,-4.6736126175491095e-11,1.2435532623643475e-08,5.1902253953665854e-08,-1.1746117028664019e-07,2.154554467620375e-05,-5.0498115092844446e-08,0.02270134847564308,-6.519267443541009e-05,-0.012095401033177109,-0.001139834647335321,0.043539559715784375,-0.0004125813042120113,-0.0008116388359527698,-0.0011389871684297254,6.867291721344317e-05,-3.4961338894707374e-05,-0.0014411552717832987,0.004288945832223268,-0.0027884059812019178,0.0003691580009570191,-0.0002586415762925266,0.0016525638220589531,-0.0019524056503439319,0.00015771211141377755,0.001465976639321612,0.002679959269147118,-0.0007758953674526613,0.0021049276233212496,-0.0014120594532350376,-5.954955587433869e-05,-0.0023225829907478697,0.0004502439743932694,0.5773502691896264,-0.0007332135708509916,0.00018144531176484974,-7.848471981028045e-05,-0.00012144480670496905,-2.5308480896867624e-05,-0.0011453906864374837,0.001631321816475363
2,5.026747753953339e-17,2.4247003164574258e-17,-3.2835149494298146e-16,4.79043034336068e-16,-2.122118949118115e-16,-3.996846111328291e-16,-1.8310329556835718e-16,-1.9557304787943224e-17,-2.490321517557439e-12,-7.98719567866137e-17,6.210211009290904e-16,0.21552041223017548,0.23577123905594388,-0.017479709517673355,-3.811800221175117e-14,4.412986136430942e-11,-5.658123686652524e-17,1.342932260807351e-16,-1.761634047446244e-16,1.016707525467963e-10,3.1333592033043263e-11,2.2336521787576855e-14,4.577372614088722e-18,-2.12088431773955e-13,4.2060473633277344e-11,-6.801064437777806e-17,3.4777556781665494e-16,4.2084062279298174e-10,-3.4542139513656455e-15,-0.15833995824252742,1.0449446492561274e-13,3.970259240544883e-15,0.021918094591975343,3.56765009350561e-14,-0.41311579460852677,4.587004063613622e-13,1.2095606298108552e-13,5.4440911598493736e-12,-0.3765866057714953,-0.47187083000591973,-5.394841326165871e-05,-3.1540733393004774e-12,1.216093996895646e-08,-7.792616575862805e-12,1.678771277098321e-09,5.107529619961835e-06,-4.7771280681185095e-05,-1.0931603959916414e-05,4.816010647701637e-09,-0.0023298865187949074,0.00030870151225713746,7.991668005808503e-09,-7.275128543619105e-08,1.6191454622387457e-09,-3.281177863166006e-08,-2.5797522741611478e-11,-1.7911588199039163e-08,-1.4511369960087403e-07,-8.727485922078881e-07,4.9743450363911564e-05,-1.0026877052081342e-07,0.006565418679229137,-0.0002477556210246882,-0.04912946180115732,-0.00010671485758013814,-0.03219614633233379,0.00047598609059669043,-0.0006133675363344149,0.0010399727052151752,-2.558603564819178e-05,7.327488825111462e-05,0.007691944209291859,-0.00042776954635458786,0.004258260644472928,5.808523011830435e-05,-0.002361913504539294,-0.0019328934644504906,0.00017594598717401156,0.00445123015714666,-0.0026795171685550117,-0.0007198623324210822,0.0002390202642583642,-0.0004165124187569107,0.0013391814671002034,0.00046057415049626963,0.002424572518554768,-0.00014064075686649562,0.5773502691896265,0.00041498540177394494,0.0006893229832714436,8.7367405885312e-05,8.321662501399286e-05,2.8114498474633155e-05,0.001164844850851227,-0.0016287339591456727
3,4.1555856855400184e-16,4.662676394001795e-16,-2.3878633745518757e-16,1.7498781789179268e-16,-2.6204111674831856e-16,-1.4718210104773495e-16,-3.0603290652151807e-16,2.6906087837424013e-16,-1.287213683011877e-11,-5.400609661732509e-17,1.670788524781956e-15,0.7070914128677414,0.18898374550410535,-0.5965892926585575,-1.3964227554303473e-13,-3.4127040700434215e-11,-5.51674919788949e-16,2.8888565395427606e-16,9.603008033684631e-17,-1.9186156071897463e-09,2.406856743209664e-11,-1.5408015994937983e-13,2.320433684377469e-16,9.656256275684559e-13,-3.9986449719382876e-11,-4.742400596543928e-17,-1.655031623016795e-16,-5.626990942098051e-10,3.554262367490748e-16,0.039306392420904536,3.224592822467911e-14,1.3615955985640606e-15,-0.040021358216252224,2.601585508269321e-15,0.05832807464020273,-1.5266518096537822e-13,-4.3023030340438994e-14,-2.160346366696045e-12,0.08319358389230992,0.2995210976811271,3.1392935614477976e-05,2.0876802152710934e-12,-1.2522367844008605e-08,9.584465182095861e-12,1.434278454509658e-09,-5.431433192373354e-06,4.254404752988585e-05,2.3078674431345862e-05,-4.6587273880584035e-09,0.002697576803410238,-0.000352401483967551,-2.2430071113292902e-08,9.400228990107931e-08,-2.1588228974222834e-09,3.43111379909064e-08,2.498856903298049e-11,8.287824731580885e-09,9.678261660378859e-08,1.1144703261531832e-06,-7.991701533202707e-05,1.6615489428404938e-07,-0.04582862456782791,0.00026717546999276533,0.05056384217026568,0.0007261551083699365,0.018483835237503323,-0.00030905349209322066,0.001942657031927657,-0.0003664491118890053,-3.855268394290864e-05,-6.360520786144421e-05,-0.009100026340103642,-0.005694792431387682,-0.002713602332744566,-0.0003207787501021009,0.003680982148786018,0.0010812882075076405,0.0024161564899768525,-0.006503282646832702,0.0005604825740835139,0.0002601926139281578,-7.441586585030818e-05,-0.00109310946599374,-0.0004888343765848652,-0.0005012619467720344,-0.002170547825242681,-8.523352537891038e-05,-1.9824427472671444e-16,8.994032089674879e-05,-0.0008980479752289913,0.0001554786430910837,-0.00043637333856403563,-1.5909727047891065e-05,-0.001047350058384927,-0.00023899372860766444
4,-1.779727279164938e-17,-8.069260018826185e-17,-1.2812749764486622e-16,3.300451961459503e-16,1.5852441282909615e-17,5.779309786635727e-16,-6.947552132115191e-16,-2.484359980148349e-16,1.2131724926161582e-11,9.485055721190148e-16,-1.195659698936271e-15,-0.5567967246367553,0.4864958529667955,-0.5861544423264302,1.2107514273446434e-13,6.809439354176696e-11,-4.2140000323405524e-16,3.436523798427658e-16,3.289010691299953e-17,-2.330813125184593e-09,-8.874457314169801e-11,-5.715437537307205e-13,-6.687909555476476e-17,1.31823915490503e-12,-3.6910872520311434e-11,-9.654286772040834e-17,1.6657486770328573e-16,-7.648438310301654e-10,3.659212277602107e-15,-0.005195262678609706,-8.43914409499861e-15,1.3648680715963056e-17,-0.07440688394112666,3.684866244380202e-15,0.12226261828265626,2.983096536982556e-14,8.799890790887915e-15,2.031524730552728e-12,0.1735292380635381,-0.23360766897206456,-2.3329962246317653e-05,-1.6781365323043921e-12,2.2415194528436888e-08,-1.874939669771771e-11,-4.489052539788132e-09,1.014606548396705e-05,-8.260589814636963e-05,-4.8578029856724455e-05,5.799300095283382e-09,-0.006274634024458251,0.0008915657734080951,9.211488930597207e-08,-1.7622071077812839e-07,3.6049563424356087e-09,2.4473280498948563e-08,-7.516643775781866e-11,-1.8967099732291151e-10,-5.3241340445842306e-08,-5.060886766544538e-07,3.927884416971482e-05,-8.798875633237947e-08,0.0045358779630794545,-0.000267621292886293,-0.054141597000549976,-0.001459078630293389,0.038535516364480445,-0.00019596785197375298,-0.0006226223839698392,-0.0005433601109889688,3.85901740271135e-05,5.710587187341224e-06,0.0022724363637609607,0.001344026120686583,-1.5121733157846719e-05,0.00046729126960211667,-0.0012041179763151823,0.0005611569004993683,-0.000915130407825889,0.002167730312030036,-0.0017254110977515398,0.003977172222773305,-0.0010921731208194375,0.0020958617966599217,-0.0006229275302094293,0.0002652835099965878,-0.001981483819011812,0.0005066573329164612,-6.512291689497432e-16,-0.0005172687067774527,0.0007625072797522262,0.00017246354536009292,-0.0005093608081561398,-1.081214498704526e-05,-0.0010105410667122733,-0.000234150430456663
5,-1.2274831280148746e-16,-3.9038679780132083e-17,7.598747902686252e-16,1.3093882395286764e-16,-3.60091209090648e-16,3.1189985415147427e-16,-4.779848603352073e-16,-4.254617304697437e-16,5.018909881903508e-12,-7.592467912124383e-16,-5.704893955643988e-16,-0.18248853183881653,-0.7525744160254481,-0.5380324102056989,5.0615802428905746e-14,-2.27780280938212e-10,-6.429922945236401e-16,2.590003105238133e-16,8.114343623985357e-17,-2.234208754930212e-09,-5.625021688380169e-11,-2.202820925517209e-13,-4.7474985425362083e-17,1.3505744569980135e-12,-9.396240759282536e-11,1.305768512130639e-16,2.284466907699352e-16,-7.996038591635409e-10,3.1557405784601804e-15,0.006525880532912683,4.513290226015803e-15,3.2971170533676445e-16,-0.031117850028674572,3.7707330144052524e-15,-0.21293660923112648,-1.1768599783220371e-14,-3.0021439188399804e-15,5.559390227639979e-13,-0.23852729604458942,-0.06043756918584832,-8.757849267351826e-06,-3.3678538757420966e-13,8.859439458671532e-10,1.3518765942097207e-12,3.3473288228895263e-09,7.399204856565515e-07,-1.826857955706693e-05,9.084056087011302e-06,1.1059510798340007e-09,-0.00047578617395075854,6.850050453737856e-05,-1.1327800988663205e-08,-2.4351728341430635e-09,-1.4287153802276677e-13,-1.4270510600504162e-08,-1.063287508826936e-11,-1.9441152633367345e-08,-1.3677809387973716e-07,-3.138538954353038e-07,3.254494063146242e-06,-2.8654530345597797e-09,-0.03453034744906406,-0.00015621365220842482,-0.03345630317556521,0.0005390811844859578,-0.03842909193444932,0.0005398917502528261,0.0008384801342390376,0.0014916896321052894,-8.436198464664716e-05,6.896165742587176e-05,0.004894422923003985,-0.0064746045911947955,0.005104064287088747,-0.00021363784039220117,-0.0007219720347848708,-0.0025050553392748525,0.0027460973120880167,0.001871019335267849,-0.004486807723593045,-0.0011048998773720928,0.00037869623893401866,-0.001879791634122072,0.001975216507959078,0.00037911054736075155,0.002324025329602595,-0.0003541066300175788,1.2717277335915445e-16,0.0008817711731120126,0.00041649104595326453,0.0003225369898449538,-0.0002774913143856657,3.516477947625513e-05,0.0011566389437559124,-0.0032872468461912063
6,2.7485686464060887e-18,-1.6855351533459957e-16,-1.9561138671636597e-16,7.429144231150895e-17,-2.1105507316684108e-16,-2.1898327636810311e-16,4.753906436711418e-17,-8.527171538167337e-17,9.323528856323357e-11,-2.5272631905162056e-16,-2.1499357615139529e-16,-0.06762236386813683,-0.008492097617900471,0.05563429730338699,2.954398312923988e-13,1.0463564496355994e-10,-2.5443335286806296e-17,3.611218002834101e-16,7.263737704272042e-17,-3.139457306374395e-10,2.017032035311234e-10,2.2166740589233692e-13,5.762245033273732e-16,2.7280296418806058e-12,-7.131221259304463e-11,9.567734060193476e-18,-1.0107218719439877e-16,-2.137233009269307e-09,-1.3430711450386025e-14,-0.5007969791643369,7.915730694312567e-13,3.365108367314636e-14,-0.49026623887501464,2.2608880371612053e-13,-0.27591841840107795,1.0550585960041618e-12,2.518118379986613e-13,1.216392923451097e-11,0.20196938948599236,0.13275180504853176,1.3508096044574932e-06,1.2072579255631828e-12,-1.7097706227957167e-08,9.552627121114808e-12,4.389991265360339e-09,-1.006129629060282e-05,6.830146793129779e-05,6.215268710284283e-05,-1.4890019367873234e-08,0.004559480800418098,-0.00041013798986127675,3.28770427544087e-08,2.660988663289616e-07,-7.4140204340679895e-09,3.24138599625006e-07,-6.728776547085757e-12,4.5065203039691655e-08,5.612410793206154e-07,8.429489203531873e-06,-0.0006328519825618699,1.3149680063019637e-06,-0.4548833314741953,0.0016737953073522234,0.30452316744617275,0.00403839851733077,0.22441531221540917,-0.0028452724510889555,0.018115510567571297,-0.0032143261289443547,-0.000367671227385058,-0.0005307862490008312,-0.07804278511284543,-0.05870030965557617,-0.021452067569961722,-0.002271353111084562,0.0328376833144007,0.00948956867910356,0.024443870380353408,-0.05779888834887493,-0.0026489070796625676,0.010720546752777779,-0.0029030032673990343,-0.007824454032914385,-0.004265854807786829,-0.004073572669373375,-0.023638459773746914,-1.625420394462839e-05,7.735315824164142e-15,0.0005256272142072213,-0.0068622865088302405,0.002254083085377499,-0.0058042503584531165,-0.0001435764487683022,-0.011682136118785777,-0.006051327441016227
7,9.272319286104829e-17,-1.5357534724516538e-16,3.7013408858302207e-16,-1.9821155103736226e-16,2.111465559483602e-17,-9.791244180832076e-17,-2.160121494147251e-16,-2.2877882578029394e-17,-8.833388319467899e-11,-2.95274583868057e-16,7.737289890932853e-17,0.056253706645042374,-0.028221996610382376,0.05718268049526235,-2.714754673470106e-13,-2.413709030472031e-11,2.0137407918946235e-17,-3.6946170760042843e-16,4.948125309070406e-16,-1.4052111057497236e-09,-2.69939987149966e-10,-9.66679053176784e-13,-4.9771819643782104e-17,4.989320739315047e-12,1.072323211910973e-11,-4.573494217848412e-16,1.098697416852489e-15,-5.3994543773265155e-09,3.1212275975458027e-14,0.5319542561030565,-4.790936658538805e-13,-2.0614632945926162e-14,-0.18631080837838765,-1.5058347485191393e-13,-0.42102384941708926,-1.3044829132881537e-12,-3.317950238697334e-13,-7.311182793452883e-12,0.35460582752554415,-0.07695161164447882,-6.686309341542924e-06,-5.560880161617467e-13,1.1479588547339323e-07,-8.781246921754216e-11,-2.1028525241625237e-08,6.0432787830466805e-05,-0.0005451665315938138,-0.00030181088366288696,3.1176566834839235e-08,-0.04471566143450331,0.00643722628527288,6.928786723925776e-07,-1.1623850395711284e-06,2.329990752472693e-08,2.8312488261412285e-07,-5.663322820544769e-10,4.139739463942307e-09,-3.5104468795686893e-07,-2.3522704115218026e-06,0.00019320101369937884,-4.6636963814741573e-07,-0.07541829684391185,-0.0020622434038928814,-0.42631166154554156,-0.01265886837332331,0.4155171349038967,-0.0025162426093519505,-0.001628661317984931,-0.005867045034669949,0.000276280484464504,-6.847200803477938e-05,0.003709094924557185,-0.0009004146950207344,-0.005149288642305053,0.0040500021045210425,-0.004292949659830276,0.007769764331501724,-0.003573639855991889,0.00824635096368632,-0.017592120971542627,0.042370340598734554,-0.01162763254928831,0.019248040053181023,-0.0070885153072251525,0.0017245957551311772,-0.025018434914572504,0.005134951536080136,-9.234851449819052e-15,-0.005155800896410357,0.006090392067608672,0.0022251627533966347,-0.006427490054299572,-0.00013763581516936833,-0.012841521545607259,-0.003601682125927225
8,-2.339002140432885e-16,-8.628618684496258e-17,2.2359130308943077e-16,3.631719529775209e-16,-1.0138683204673896e-16,-1.5204138421457816e-16,2.3819413834445654e-16,-1.7925378075985643e-16,-3.595836467386198e-11,5.557382788458819e-16,-1.656153785579882e-16,0.019594862456976492,0.054122835789405306,0.0627818225467691,-1.201980651216657e-13,3.6429435290106456e-10,-2.8283011500523467e-16,6.155909195260446e-16,-1.2448503193795818e-16,-1.366279013027915e-09,-1.3128548864158855e-10,1.4944892060058202e-13,2.9215902029271377e-16,5.045225580071702e-12,-7.008221312595406e-10,-6.795511242087655e-17,1.3971873911587215e-15,-6.038882619808695e-09,2.34470242899717e-14,0.26169062469915694,-6.390069563859783e-14,4.875837800620218e-16,-0.5848017566269377,1.426361836058256e-14,0.30334002616429245,-7.865438246259606e-13,-2.1020938233690446e-13,-2.238174574754151e-13,-0.3523727579530819,-0.01417933590388286,-3.4147642484618504e-06,-6.819309784049376e-15,1.5973886643980775e-08,-4.109152678921363e-12,1.7995907987015407e-08,8.45839676885331e-06,-0.00015524561645784168,5.200500513048309e-05,7.17197126893274e-09,-0.00526510579257494,0.0007931811889366441,-5.0378884506367546e-08,-4.6960788566325816e-08,2.312190250459381e-10,-6.90759770521116e-08,-1.0998692788271441e-10,-1.63080955200067e-07,-1.1728642177785653e-06,-2.014520150151442e-06,-3.141064960069864e-05,9.981545437840592e-08,-0.3709709336118104,-0.0013185843149644504,-0.2876795951037671,0.0056823517668818935,-0.35949112171672787,0.005094085993164775,0.009843089842221457,0.014483494913786386,-0.0008665347201017438,0.0006431941476583064,0.042494290808253905,-0.06957746651194613,0.04976183939243098,-0.002409508475706183,-0.004737949543590453,-0.024841773592890186,0.030064040561248503,0.01466398718175796,-0.045949968047211256,-0.011559572789783612,0.0039533549912456655,-0.020364616917422203,0.019704775101429678,0.0036041257610027614,0.022190175213342614,-0.003804772597154513,-1.5908796690075049e-15,0.009314787693684125,0.003678205622414658,0.0034669554483525706,-0.0031581576164797292,0.00034130401212855647,0.011337588643292084,-0.034008410167160476
9,-8.633701227483507e-16,1.9028238703397968e-16,-3.580149264321137e-15,-1.6440419626777353e-16,-1.3770842011740413e-16,-2.1207986640843304e-16,2.152339969317452e-16,4.8126157749351217e-17,-1.0601728433717998e-09,2.3741404826399316e-16,-1.838422409948615e-16,0.008748101966878396,0.00036981074355210204,-0.0070307096845332725,-2.3648947879349338e-12,-6.278450668325351e-10,-3.3747118449633797e-16,-5.006182558290199e-16,2.0061552123275416e-16,4.097681596180168e-09,-9.33029329690388e-10,-2.653659560413004e-13,-2.571520715854271e-16,-1.4437431495377377e-11,7.145442255785509e-11,-4.256100957451707e-16,1.5580521051789576e-15,6.6510402507856775e-09,2.2913266373766834e-14,0.36142579866284846,-1.2523573355942926e-12,-4.929800767809085e-14,0.36972164950113906,-2.4829542628879606e-13,0.1934156149805391,-5.379371933172542e-13,-1.1284545835466038e-13,-3.7161820960837134e-12,-0.16790288094348188,-0.2071499724359351,-2.010434109118794e-05,-1.4676663924343604e-12,-1.5451353135134724e-08,1.1156301120872974e-11,5.3912418846512215e-09,-9.806628638402812e-06,7.66771464561732e-05,6.6384761978323e-05,-8.699361898766178e-09,0.006454310551608382,-0.0007566083840342963,-3.234172478726775e-08,2.652261146018615e-07,-6.7425100401508925e-09,2.6705727814730526e-07,3.284432451686134e-11,3.794325348839454e-08,5.90312994395355e-07,9.683423538736921e-06,-0.0007691922533045923,1.629384417063427e-06,-0.5923648242896501,0.0021300557272024303,0.3880039104261225,0.005704765699169949,0.29369349962955016,-0.003833459589567615,0.0258122739417287,-0.0041678695769531765,-0.0005319167555397419,-0.0007484158397119628,-0.11226223567491263,-0.08627714771987091,-0.030949683953675422,-0.003398144585627551,0.0498244468206537,0.014037474701604803,0.03784664567353242,-0.08924570698862301,-0.0046890898684049925,0.01729233362684878,-0.004673760400303169,-0.012161641098480183,-0.0060717113427649705,-0.00645657341629589,-0.03537481107030917,2.9464099208758038e-05,1.1823511470482107e-14,0.0008209616839434666,-0.010796286954447313,0.0036569266302453993,-0.009362671123432436,-0.00020151226811138774,-0.01834420402617989,-0.009634951885289266
10,5.213263331322667e-16,1.5206427442772758e-17,-4.851061520413445e-15,-7.403840211970904e-17,2.036737213296181e-16,-3.652332066611431e-17,1.879337488600052e-16,2.633077866755318e-16,9.7937547287143e-10,2.0837208370798272e-16,2.12278506828706e-16,-0.007581517083137433,0.002171082966265448,-0.00771951997593593,2.0752323987737035e-12,6.06085855680484e-10,1.7683199565739767e-16,3.8125754988317656e-16,2.5579876905933533e-17,1.000117711125736e-08,1.3662388875247214e-09,7.003084712851724e-12,-4.844660634687526e-16,-2.200231586396344e-11,-5.1904668338455e-10,2.709486913182765e-16,-2.9880291676790063e-15,1.1924977096131487e-08,-7.108068305848854e-14,-0.3910341920812622,6.228345285240641e-13,2.6165233680718602e-14,0.15436210392007904,1.5890813196206751e-13,0.2883111894246956,7.653369849080132e-13,1.8297046871563807e-13,7.135058303674121e-13,-0.30452610789531137,0.1459895965167369,1.6640469333845957e-05,1.013915339715311e-12,2.2504645076880722e-08,-7.114058626318871e-12,-1.3929821345182916e-09,2.3717207978746774e-05,-0.0002878336061412048,-0.0001427142659594016,1.3154278736314722e-08,-0.029307449234320174,0.00422005414743227,4.6136434040765056e-07,-6.865557767304732e-07,1.4150962543589303e-08,2.106391645976978e-07,-3.90648151281419e-10,-1.3387594491377436e-08,-4.886807483940661e-07,-3.075580299970198e-06,0.0002451461778790616,-5.923855800795369e-07,-0.10404824265199089,-0.0026773172854909853,-0.5540817681481721,-0.016605018768151823,0.545582486698279,-0.0032799178514414263,-0.0021286963486225365,-0.007641650227207935,0.0003608625566154847,-7.875753649236954e-05,0.006513551787844337,-0.0027283484787681265,-0.006651246458252617,0.005971757238037842,-0.006388072849688276,0.011387785517375121,-0.005042165965417325,0.012365898455223416,-0.027674630985746698,0.06687722994232284,-0.018336252785506785,0.029893466645765893,-0.010130379488623763,0.0027034294408656108,-0.0373480001546794,0.008234564342804439,-6.9893221856728346e-15,-0.008220949969818833,0.009622484172854998,0.0036011718810162368,-0.01036147082332504,-0.00018925418617443492,-0.020224796313130868,-0.005896839637220236
11,2.0514059266264898e-16,1.6932956476801462e-15,-4.929439720332194e-15,-1.4214212552000204e-16,1.9168654094684728e-17,1.999897514193797e-16,4.326682413111219e-16,-5.259955164303823e-17,3.8170569299243423e-10,-4.313971716966638e-16,5.74459412198392e-17,-0.00277772093922939,-0.00551625640553132,-0.009386071997423792,9.244990560856207e-13,-3.206809688160849e-09,3.1756972351464034e-16,-3.732732700561263e-16,3.0654523342047455e-16,9.26290695645581e-09,6.218764874250573e-10,-1.973398878243292e-12,-5.710416410181028e-16,-1.9693179057289552e-11,2.7724271320110443e-09,-2.643559918398562e-16,-2.9643138484678277e-15,1.269172887945093e-08,-5.274606237293327e-14,-0.19466228234068922,2.3505762389865988e-14,-5.261556019567106e-15,0.4416957762432079,-5.907009943135789e-14,-0.17179911744400655,5.223222995840632e-13,1.3564052884950207e-13,-1.2355104396485646e-12,0.32948046117585383,0.036746086229334445,5.32429486697268e-06,1.9213196150827874e-13,2.516330884785165e-08,-1.9344669390787507e-11,-2.973006370431383e-11,1.3083926010412218e-05,-0.0001561304632355015,-1.9618715904238686e-05,6.858154548196887e-09,-0.009245647778807166,0.0013676805007004481,5.9416333368429525e-08,-1.8228905918809918e-07,3.0829835691018936e-09,-1.1941598412675269e-08,-1.4899480523120708e-10,-1.5438384542931307e-07,-1.2616258177528186e-06,-2.1460634802132238e-06,-4.341565040543172e-05,1.2944102891818503e-07,-0.4842608232670876,-0.001704799064848791,-0.3728004385773148,0.0071209996004423315,-0.4668884018055246,0.006896548277728511,0.014095675185193293,0.019817833707717725,-0.0012030772625523155,0.0009064056795830564,0.06028901639991657,-0.10156408974056567,0.07285447564912802,-0.003544565573673321,-0.006944370611970454,-0.037206765551189305,0.04649154975757324,0.022353967781787307,-0.07159110592316811,-0.018067984846385738,0.006184720911937527,-0.031830184134047104,0.028962410474981215,0.0057607106169322376,0.03277233480724961,-0.006114284956663807,-2.3531429792076354e-15,0.014895667110637181,0.005835005900210946,0.005574361519959793,-0.005079395675141717,0.0004854124429698497,0.017680534642268327,-0.052254661271809076
12,6.28352261922195e-12,-9.496445579817682e-13,2.4152351973239786e-11,4.527364944674116e-19,-1.2837649697902346e-16,1.7444531214428604e-17,6.430983369307376e-17,-1.6425764743279394e-16,2.3731569347631448e-07,-1.5785208946556694e-16,-1.0833118896299333e-17,-5.4207140480880744e-05,3.71534707157697e-07,4.2525045749598985e-05,3.9100576310021634e-10,5.679788928967592e-08,-1.3335566711070018e-16,-2.3957403419395556e-16,-3.123897828444755e-16,-6.383710754073371e-07,8.41272153136043e-08,-1.1541513322643034e-10,1.1895938005604777e-14,1.455448213062766e-09,1.6405313714981296e-08,3.155544702613694e-15,-1.029436058733027e-13,-3.797480755951851e-07,-6.121374208185222e-13,-0.008307791205131103,3.683623121646007e-11,1.2837538708221822e-12,-0.0086764078862588,3.6005361644375794e-12,-0.004384566960361402,-7.668560931231394e-12,-2.288142293710573e-12,-1.494885437971388e-10,0.004103007238878698,0.007017215269166141,0.00021836674805573148,-5.1946981497996274e-12,3.5363062127844625e-07,-2.4796198028876707e-10,-9.632259929251343e-08,0.0001537013867507563,-0.0007065279445869227,-0.0007915710778187065,2.6525138272779766e-07,-0.012455288365074,-0.0022250794221068135,-1.5907476211195616e-06,-3.0698721526240107e-06,9.471453163777303e-08,-4.587811817804682e-06,8.941933803041287e-10,-5.804351005515374e-07,-4.280097707186411e-06,-4.463607056398205e-05,0.001987784864270164,-3.0232205622639287e-06,0.1691815432554447,-0.0008830469674679013,-0.11120800773952406,0.02116255324398569,-0.09339563497195866,-0.0044063932286878185,0.0855757585027771,0.001389750178302988,-0.0020429892991519092,-0.002297569907522069,-0.4284626352784811,-0.38135059935425175,-0.12553646904700894,-0.01931262434526434,0.29380671868664515,0.06870084690620244,0.24801748226622536,-0.5902405574722741,-0.03892545658231157,0.1265343899046673,-0.03391425181919651,-0.08785842631986376,-0.02032458555368792,-0.05048613349427592,-0.17995817377267176,0.0008625647392516002,1.0311595836934948e-14,0.006420747223880064,-0.08217405450420824,0.029660180178717094,-0.07442504743736023,-0.0005577586197798544,-0.12873785838913987,-0.06694079542045274
13,-5.815326431563804e-12,3.307397511536852e-12,2.6842054035326788e-11,1.1149833370514413e-16,1.1549427021965598e-16,4.082270861678774e-16,5.273043684447475e-17,-7.447040935895641e-17,-2.1339381591684927e-07,1.2533488362801688e-16,5.5296168894570975e-17,5.0768469613235586e-05,-7.945557284142436e-06,5.333259166513608e-05,-3.234710197240506e-10,-1.8765461047797837e-07,4.9257979573402343e-17,-4.671699602727939e-16,3.0585236304493126e-16,-1.2530004743356761e-06,-1.3622131516462624e-07,-1.0006530020069238e-09,2.2900461599890873e-14,1.9716671373098438e-09,8.242080297314747e-08,3.2010555195982217e-15,1.6094495568662503e-13,-5.311084781473595e-07,3.1897751571506733e-12,0.011118419281326208,-1.1856987529276626e-11,-5.413918612108703e-13,-0.004862378035548239,-2.4848733794877146e-12,-0.008904281490309798,6.900496200522579e-12,2.114522457276735e-12,1.2944123652866435e-10,0.01164697115146088,-0.007554493473490196,-5.6871382317318034e-05,2.9577190476062395e-13,-2.1422842479746854e-06,1.5806407898110705e-09,3.833276170841432e-07,-0.0011285396701110754,0.009775175419027367,0.005503958503943944,-5.790741381852619e-07,0.7389687111283821,-0.10646026463870989,-1.1393296549549164e-05,2.0040252478703242e-05,-3.9662674021843884e-07,-4.512445043565713e-06,9.120753530573607e-09,-4.915250751213037e-07,-7.147911057366993e-07,-2.0217074869771185e-06,-3.330058889286465e-05,1.1936725269588217e-07,0.0034929764282035577,0.00013196738886490502,0.021345433221481643,-0.0035167707906609,-0.029239399248765226,0.001940873417025074,-0.0074645968237172025,0.0033943993555425062,0.0001005401997603911,0.000707049290385927,0.10423530668626196,-0.04131755134473948,0.015995774097211833,0.02858699120872136,-0.04623659596240479,0.04536309238654699,-0.023931556456059808,0.09068900992310419,-0.19904553437546776,0.48704586874367145,-0.13286112722417648,0.20343482927207793,-0.03210117047082149,0.02094894361231569,-0.18041659875408916,0.06586497291695732,-2.232618362169189e-15,-0.06398143984321032,0.07423349698270072,0.029223765963720866,-0.08261906413961817,-0.0002862256878437127,-0.1416612572877565,-0.04919189034904196
14,-2.2461249602997228e-12,-1.3543422237072245e-11,2.4625699863924326e-11,3.1563520262049075e-17,2.0034790234024773e-17,-3.0713863564696886e-17,-1.6962295680766929e-16,-7.989834151333059e-17,-7.917450332114998e-08,3.327087006038482e-17,-3.0873783939925294e-17,1.8508911997736238e-05,2.807217975510416e-05,6.50443122612452e-05,-1.4706935377242417e-10,5.953145579099399e-07,1.0153160961552482e-17,3.8772659632092587e-17,2.2191409713236586e-16,-1.0349277889640737e-06,-5.430210605660248e-08,4.321184320983531e-10,1.9942597358165432e-14,1.4329094722519548e-09,-2.265220303748635e-07,2.723673196052181e-15,1.299935946696895e-13,-4.941466673983269e-07,2.296879910706043e-12,0.004550441050213361,1.7585833614081247e-12,3.217183927101563e-13,-0.010429974308560219,2.8092397590959197e-12,0.0032236777717978603,1.959154112248269e-12,6.441920809431416e-13,3.257455289806676e-11,-0.008776952786372293,-0.0014662589306375202,1.7487712446950702e-05,-6.379843436786134e-13,-4.0040745630205376e-07,2.204768434661241e-10,-3.3327788989707136e-07,-0.00013398161703142663,0.0022991193718195162,-0.0012959453065174017,-1.2496654381951334e-07,0.013525947139521207,-0.002343077416803911,2.171613597280278e-06,-8.257901171287496e-07,2.9459849334876572e-08,1.820485660372825e-06,7.696751790645745e-10,1.8282045089026485e-06,9.068651022345765e-06,1.5023369073499247e-05,3.949106558074461e-05,-2.8139945754269195e-07,0.13196938562213825,0.0005495852185796847,0.0981992178169451,-0.013378277040032804,0.1471697750602212,0.008993912466693888,0.04576952526788388,0.033374168269722955,-0.0026286459680057465,0.0026196376342594286,0.1960437588026627,-0.41730995959029893,0.3165369491258959,-0.015446802612305775,-0.034653172885309926,-0.194744760584378,0.29816104209712296,0.14030502675609577,-0.48660344458869137,-0.12464358177988678,0.04291418107264118,-0.21839188422712003,0.12951282474552625,0.0457615702221036,0.15440736841103375,-0.04901159645612599,1.3686003166019107e-16,0.11666886371673495,0.04512028657729532,0.044803755633321264,-0.040561901343032884,0.0015526099005126936,0.12177124118461562,-0.3249003773445812
15,4.185915258397002e-15,-3.432540831685868e-15,-3.598823625907823e-14,-1.0757420632643385e-16,9.245058018469153e-17,-2.2652039611914573e-16,-1.8407938423473206e-16,1.6387726907115135e-16,6.244008373226777e-09,-1.7767768802093582e-16,-2.76358263017685e-16,-2.270674347008303e-06,3.6380958017928144e-07,-2.756022650467733e-06,1.2610978005795688e-11,8.031569032162563e-09,1.7083837862289614e-16,1.7598382089628153e-16,-1.6625685090227316e-16,6.80977418753427e-08,8.352853853254543e-09,5.4975656829252875e-11,-1.2036501441052317e-15,-1.4711934514958712e-10,-7.2558465369274275e-09,2.5659724124449125e-17,-1.5403182197688705e-14,6.194755222050856e-08,-3.4764816411668784e-13,-0.0019868417044688925,1.6025731582128543e-12,7.580560634071968e-14,0.001007592344178631,3.9385161832186906e-13,0.0023083816953942023,-1.323768892154944e-12,-4.1280683085632163e-13,-2.8977416654727886e-11,-0.00376566517393645,0.0021918184061243073,1.616323789676336e-05,-8.665794283202379e-14,1.0044083017859752e-06,-6.838877667356413e-10,-1.9263951769561139e-07,0.0006545750769091079,-0.006632449688377534,-0.0038063650080015737,3.275693952872864e-07,-0.6542103658839085,0.09471469458521964,1.1122458523189206e-05,-1.5773484069623876e-05,3.19617828115606e-07,6.725396379366788e-06,-8.629538521356414e-09,1.198899172588832e-06,4.142599269858137e-06,2.9807349702050132e-05,-0.00048138959537375706,9.783057818479394e-07,0.013530760550366104,0.0006229926553059763,0.09846630270852419,-0.009194794390069426,-0.06657492910118426,0.0038777553589325595,-0.013215109878870061,0.006619776307509285,0.00019077418661146028,0.0011792128148867115,0.16312010104502925,-0.06327703297359177,0.022757254074813226,0.03882040161221858,-0.05692845498092036,0.058272249798933994,-0.02798743849200329,0.10320868738190778,-0.22424312548808967,0.5200037829116712,-0.142214912532178,0.22422581629918778,-0.044666542329678,0.02105042238961269,-0.23369532578780428,0.06610571719171704,-2.5941326945867344e-14,-0.0651455211847287,0.07591083659748629,0.029289258657921632,-0.08373814414627569,-0.00045537128318788773,-0.15393987521220237,-0.05850562961585971
16,-7.034438158829586e-08,-1.760672668133058e-09,-1.7493266645139154e-07,-2.315141259375182e-16,-4.502704865901378e-17,9.945436236595832e-17,3.58037929578989e-16,2.0157206678200445e-16,-6.753514155534272e-05,-7.88240741724413e-17,-1.3394747157735842e-16,2.906980358616681e-07,-1.1185985316595258e-08,-2.1859648939822948e-07,-8.522601432605759e-08,-3.35907174774376e-07,-2.185917345104934e-16,-6.719264417791677e-15,5.918224501096361e-14,0.00012569948188695436,-1.0852341579620094e-05,4.401184123368938e-08,-2.3453869757608194e-12,-2.0426567553001726e-07,-4.184638537997786e-06,-4.4475188319071927e-13,9.110152602800369e-12,3.4517165086655624e-05,3.349257426525887e-11,0.00016869486517520543,-2.5898580580092443e-09,-8.554268943325318e-11,0.00017267507484311568,-2.0096703071472092e-10,7.971431296205467e-05,3.785693744948928e-10,1.111434854869211e-10,6.483930304966072e-09,-7.149417372446429e-05,-0.00021191683061292326,-0.008112836072643367,1.9426367860878182e-10,-5.773882434705517e-06,3.84558825731563e-09,1.246609110553638e-06,-0.00214441281248371,0.00812283540015547,0.009395161056655207,-5.393484365233409e-06,0.015368431372190164,0.06404165118207032,2.8261948534718756e-05,4.3853335604714756e-05,-1.4671920255182568e-06,5.594723405578527e-05,-1.4980268168486584e-08,6.188530505215307e-06,3.582484736066852e-05,0.00029514461367844964,-0.010886677700088805,1.4233740857132955e-05,-0.04048643361678161,0.001416461741564978,0.02382346799695067,-0.07374979141659731,0.028508465796681235,0.013698237851094862,-0.1609288096536246,0.00422256225593405,0.004148637036780266,0.0038674699540872885,0.5267111533383012,0.44052049688905276,0.1348676190857531,-0.013656041766842264,0.09476517979489371,-0.05264825363465399,0.19445450773082032,-0.5357592743899885,-0.012498479398479197,0.10334710914215836,-0.025468234334943426,-0.15545517712912835,0.056883023836547725,-0.09846303637048952,0.1468877359219999,0.0010993225595870662,2.4116355488989637e-14,0.015503974910489193,-0.15027465601871648,0.05861103559562485,-0.13735607017766865,0.0014889247324899448,-0.13091404883143226,-0.04285066298656854
17,6.356155986668164e-08,-4.9249382929666566e-08,-1.8803145460630656e-07,9.346225810020403e-17,1.0444818615808176e-16,7.676090936486826e-17,-8.015943132565203e-17,5.484735431878077e-17,5.675270236408736e-05,-8.862905592061222e-17,1.0373198694480422e-16,-2.7664715908309504e-07,1.9718178215730883e-08,-3.042461243419189e-07,6.227468556736705e-08,6.0226744994360225e-05,1.6272446073600732e-16,5.242269835389781e-15,-4.40547230414982e-14,0.00020568215344049718,1.8162688589215565e-05,1.871260085310613e-07,-3.741813290540373e-12,-2.4474187441846554e-07,-1.2865433560930504e-05,-4.239274026600295e-13,-1.226216391397265e-11,3.98119161889278e-05,-2.336040376987051e-10,-0.00021543911936062,4.788676349106186e-10,2.735398107861618e-11,0.00010105604505266744,1.4082492013724067e-10,0.00018377497171786865,-2.50595393732274e-10,-7.519430757936193e-11,-3.865875219795586e-09,-0.0002755714657979086,0.00022059078243047138,0.000636504406939576,1.2421198657063006e-11,2.681263528277627e-05,-2.3335046756946793e-08,-5.722353056026359e-06,0.009033020444202204,-0.04385193668924078,-0.030222126336717666,4.1581706191002655e-06,-0.041551158811610124,0.004243716581450991,-1.0235937415241915e-05,-4.4189073509362016e-05,6.451288591180796e-07,-3.2944964350912034e-05,1.0537019530064182e-08,-6.221052534092472e-06,-1.9547914513760392e-05,-0.00021181816979017444,0.0022420974897704323,-5.719254530587696e-06,0.0002454918087984532,-0.0009690644673342328,-0.011883443044054438,0.06145641775225834,-0.006219998604678414,-0.011387581359412704,0.05876733025027088,-0.009237948225101569,-0.0021596878990906856,-0.0031892565422642926,-0.4421006452456098,0.21371416032382554,0.10340695489779925,-0.11664448362976314,0.02285765566888741,-0.21402360413746693,0.04610849979843174,0.06033790782830129,-0.010620196797595715,0.3386844352563993,-0.08470950979593397,0.003102374552687602,0.20787370044493736,0.04109625207570151,0.6605326525036749,0.12785630581927668,-2.365936275581817e-14,-0.10345363000228402,0.12114728462912408,0.05790577690239531,-0.14477311653380273,0.003292604960198833,-0.029555689709785258,0.006111727306064366
18,2.3420550845913587e-08,1.3545682186465621e-07,-1.426184931260994e-07,-2.5667351588868738e-17,-2.045501097884197e-17,-4.806105088501229e-17,-4.6449949712245973e-17,6.016371973137275e-17,2.1012774529349587e-05,4.9285480874454873e-17,-9.675993844344554e-18,-1.0688979582888524e-07,-1.252335594292034e-07,-3.8629083239032623e-07,3.1554664789227805e-08,-0.00014533004619357538,-6.729403684864016e-17,2.1682302502171826e-15,-2.1327342408634074e-14,0.00015577215725856585,6.708021486276564e-06,-1.058833370840726e-07,-3.043893855544174e-12,-1.5167123139242952e-07,2.815375932023863e-05,-2.943999527061333e-13,-1.2380527485089684e-11,3.707575455683362e-05,-1.8621821841271783e-10,-9.619414631738713e-05,-1.0792876780816278e-10,-2.4990845556877788e-11,0.00021534533907983656,-2.0215976940072886e-10,-4.017036474533596e-05,-9.058634004943707e-11,-2.971670518993335e-11,-1.3069228563119811e-09,0.0001886583876110964,5.750129454802815e-05,-0.0005112920467631947,1.5996523311650534e-11,6.97931823993441e-06,-2.941215500255021e-09,9.63487012026936e-06,0.0016849656265903756,-0.04047954676907249,0.032881181626944866,2.4953153212555008e-06,-0.006087873472027259,0.005338961348848008,-4.056006212029151e-05,2.661138639857767e-05,-7.171646109094856e-07,-2.4375618139823784e-05,-1.1319226344455688e-08,-2.004625948889597e-05,-7.962986966158503e-05,-0.00010411135836167084,2.0727931748559346e-05,1.6832799562983116e-06,-0.02931487164313645,-0.0005824954545182985,-0.018978021229153718,0.03916516148306457,-0.045112434413628145,-0.029626647295243686,-0.10663513848184042,-0.10302257305711093,0.007603879676059899,-0.005080586185607492,-0.28329897662505976,0.5214992883029064,-0.3261418944889538,0.03262767462903717,-0.0020835235858184175,0.08588873631830118,0.1702932808978651,0.1051289468414903,-0.4924811048243634,-0.0770306248763345,0.031160815170983923,-0.18255004463456073,-0.14395362903367295,0.08913653521726192,-0.20039780405580634,-0.09532729602461479,-1.7244188283386729e-15,0.20882999585518622,0.08358860108982791,0.08862698562596774,-0.07920148678686105,-0.00333997398789115,0.1078134689011569,-0.15921506525740123
19,0.0006252467405919738,0.00010804497134883622,0.0010106783852509619,-8.399782016219422e-17,7.243719876634057e-17,-6.355004879299141e-17,6.093487366651518e-17,3.0629100739702437e-15,0.015279762078365379,-3.005181844702661e-15,3.813466043517858e-16,-2.1180034609489346e-09,1.2341307241799678e-10,1.5935561871595284e-09,1.4845486198986034e-05,-0.00261029793530789,3.903425399335374e-14,1.224822277670396e-12,-1.0402178797142002e-11,-0.019495924402656642,0.001081405878747359,-9.906585213820813e-06,3.611720871407055e-10,2.2842475052477105e-05,0.0006356063766270807,4.891695185537687e-11,-6.498187208045824e-10,-0.0024898384244640527,-9.81086473744864e-10,-6.1407481063975525e-06,1.4606468390540807e-07,4.529788586618972e-09,-6.796674001274586e-06,8.601785453718253e-09,-4.086396859700748e-06,-1.4877707966551566e-08,-4.301651630473877e-09,-2.2434907370188934e-07,1.0779157522046163e-06,-1.3582699479371197e-05,0.24260177804710759,-5.783031994250095e-09,5.179364975823183e-05,-1.8544653107962294e-08,2.109820778020338e-06,0.017484634273002193,-0.06998511596922678,-0.04931345903035735,8.877244518963625e-05,-0.12179895224705652,-0.8552798093215548,-0.0003685443033427545,-0.0005150619712365615,1.879016732744149e-05,-0.000528405688704964,1.6350714589227642e-07,-5.368563468194429e-05,-0.000247281514465631,-0.0015228230427208602,0.04929277301238232,-5.614011239115017e-05,-0.0010231398845290608,-0.004219314118885161,0.00035114040591270157,0.1515896095606603,0.004309880364030868,-0.021483125408550352,0.10354135845981477,-0.023642419906867933,-0.002662274864951733,-0.0019695752531639606,0.025965014739671638,0.0011910983239751638,-0.011131644994418129,0.047592629647839994,-0.19527568484929964,-0.014976856529093838,-0.04819005313610649,-0.022609047589195595,-0.0020409405014665104,0.014772527336183047,-0.00045079955015281826,-0.1107566021792975,-0.06484847050771449,-0.1313877574885806,0.012234132523708393,0.0003151082312555557,1.867079259089919e-14,0.02397085162627288,-0.17983914712978957,0.07950599995346529,-0.17019469210493762,-0.002422042719548165,-0.050495102032972645,0.014716534453598914
20,-0.0005509100712676872,0.0005241097313249741,0.0010737361117715155,-2.0189603183486464e-16,7.206053000377704e-18,1.3209663534491492e-16,1.8231334414361449e-16,-2.381853653496031e-15,-0.012273807924542001,-9.00471567772336e-16,-3.5243797699687653e-16,2.053687877765069e-09,-1.896360760169733e-11,2.5124582710169513e-09,-9.667385876266911e-06,-0.014977103292901712,-3.055500051880809e-14,-9.286154687017167e-13,6.929337485846207e-12,-0.029075242798240346,-0.0020821699498150296,-3.0150755465501982e-05,5.256264109394641e-10,2.6798614514336765e-05,0.0016195365505723746,4.7435064683178976e-11,7.999396598909495e-10,-0.002755658195133653,1.5441175969097904e-08,7.40641654861705e-06,-1.1594067179950984e-08,-1.2611894485733387e-09,-3.9663968536219544e-06,-7.936261432856967e-09,-8.362494830640405e-06,8.77206215225801e-09,2.5893362197941563e-09,1.1562187025200141e-07,1.6900251496507546e-05,-1.6146646972245926e-05,0.009225705952144277,-1.086267619037329e-09,-0.0005542231396360798,5.272372571636027e-07,0.00014863587455723074,-0.1613551498929885,0.6184297088061458,0.5753559739851068,-5.95160800109032e-05,-0.02506909884541871,-0.08577889323202716,9.246994126391397e-06,0.0006514065518350562,-8.439260829697076e-06,0.00023919975665758687,-1.5248749815327123e-07,1.7967693825050018e-05,2.2510459786882726e-06,0.0009563383659336347,-0.002930983215676788,1.8696255186566934e-05,-0.0006856531974743186,0.00253027215155193,0.00043065921394580043,-0.11182873728906942,-0.0030500467540006764,-0.00046109890351267365,-0.07389302067587562,-0.041325919175211015,0.006093860246695984,-4.803319659021033e-05,0.07342613129099687,-0.0947805381753393,-0.2068025254226496,0.018633697005409646,0.027858654971447853,-0.021005838599157004,0.05140992881593771,0.05216440954457969,0.08784127687544015,0.03858752703596084,0.0016221805502370156,-0.1637396186005943,-0.11254197018634701,0.056114680099398934,0.08084904795751648,0.17034140862543234,-1.8145848137682576e-14,-0.11425698712880737,0.14103670600052445,0.07875277372337403,-0.17588425814449954,-0.005153977320823831,0.09716342984511497,0.020538258225020135
21,-0.00019171244365954283,-0.0010959526903870185,0.0006181561789049092,-1.570095050980605e-17,-2.7855149999466406e-17,-1.999187473930332e-17,9.004983021924337e-18,-8.311209256155985e-16,-0.00441321915311788,7.273451748756102e-15,-3.1319476915082244e-16,8.32968926713561e-10,7.697663793450726e-10,3.179696763347654e-09,-5.506797409372915e-06,0.028677454998521694,-1.1751599675633606e-14,-3.780102710194516e-13,3.712051065580514e-12,-0.01777765588801073,-0.000614913502725612,1.974631793491326e-05,3.541315789769347e-10,1.162891898557432e-05,-0.00282970040000888,2.3310334462438963e-11,9.521804253574142e-10,-0.002132667768181319,1.1857450921013292e-08,3.497634624329334e-06,2.803991335272543e-09,1.5031103398164346e-09,-8.332617974714235e-06,1.1606684707856354e-08,4.963471986639386e-07,3.3957097138917423e-09,1.1133703140402305e-09,4.348299382576275e-08,-1.0085449567042731e-05,-5.38020960073034e-06,0.005925174340830643,-1.2664895002901075e-10,-7.166384796958003e-05,-9.39966604346933e-09,-0.00022228279837394,-0.007807227227083649,0.5892658702709915,-0.6333434960108734,-4.202895395123491e-05,-0.005164742344372174,-0.013979241563939452,0.0005598586016364986,-0.0004895943336317569,1.1421633693830218e-05,0.0002459207059552701,1.7082756635217122e-07,0.00017506259868963652,0.0005637979498872799,0.0005369269483883625,-0.001779892889012648,-8.855701808305134e-06,-9.214596682235779e-05,0.0016741523359714687,0.0003189419292669587,-0.08284864281337237,0.0010477072304151886,0.05102543919336737,0.1337653799794499,0.17431426915204987,-0.012560220845941128,0.0038235908104493513,0.030762529649705505,-0.0012302525421228076,-0.031832870687857326,-0.031471792137455816,0.038477136514906314,0.10308695150250975,-0.1065027688054415,-0.040681652645061295,-0.06218212366665472,0.02680214841306592,-0.0015471017728086911,-0.025279429661307806,0.025129905936961988,0.11853237976329682,0.05363475666132373,-0.12666508961573453,-6.570007177268728e-16,0.24687188702816829,0.10002642951527274,0.12053173194212309,-0.10346879389351019,0.003979453655096748,0.021467197248305887,0.1693436172628577
22,-0.5267687797154661,-0.06561828542146718,-0.45902068772705384,-1.3697116025160473e-17,2.35584019247991e-16,3.0726061572835726e-17,-3.806805326753098e-15,-9.647275833315357e-14,-0.31017683312425953,7.233032958653408e-14,-2.0792450418873064e-15,-2.450571969646501e-11,-3.2685165824479564e-11,-6.714584439257284e-10,-0.00022410312915623298,0.0360067789852789,-6.715567015189156e-13,-2.0394206403848072e-11,1.5868820290287677e-10,0.2083108706771547,-0.010141723995010603,0.00010488919392324723,-3.859742371789287e-09,-0.00017430046594757537,-0.004075386362578333,-3.766037194365359e-10,3.7393526469228595e-09,0.011652457528636079,4.832637343182605e-09,9.440169236456127e-07,-5.772758268976481e-07,-1.7218292513348165e-08,1.4874756289643907e-06,-2.8180623478280004e-08,2.3556434772478817e-06,3.8885420039314355e-08,1.1011361717711315e-08,4.841745327699593e-07,1.3789904206658651e-06,4.154928484304209e-05,-0.3841387221865345,8.832403309352444e-09,-3.2415518478540626e-05,1.0044793665943803e-08,-3.6753863068354744e-06,-0.0067600094574390875,0.018361674582279063,0.0071177287424850095,-4.493453788189345e-05,0.013994143963686817,0.1011181119472934,2.2337246412061985e-05,9.772900683196534e-05,-3.4156905850641083e-06,-8.748404096495227e-05,-1.0112519054423486e-08,-1.695400954443306e-05,-0.00011447699603459458,-0.0008288106739761363,0.030808216225532488,-3.7276671764203895e-05,0.0028925490842274903,-0.0030703092429473244,-0.0018968501694041312,0.12843945484948227,0.001199731313309615,-0.01971279093562542,0.11001359452531072,-0.01993304076119277,-0.0028568348392773225,-0.002170595780104968,-0.025289275047354166,-0.03586596647987206,-0.018921971609403898,0.0478642746112237,-0.21490634302400932,-0.012772031902944944,-0.07012121408201698,0.021547528328027032,-0.000834372829322327,0.010962374526189115,0.0007765954860376663,-0.10801830402525722,-0.06629340588535813,-0.14522771480763233,0.006213792259807396,-0.0002326530137138196,2.0449257419275616e-14,0.026727342140632458,-0.195597384500008,0.08794910406520293,-0.18607393491461638,-0.002318391796516949,-0.04684583612278862,0.02041574780049509
23,0.4374643379510134,-0.2999876353112855,-0.45963231575872243,-1.9197989791576577e-17,-1.3551250736878635e-16,9.660628501745289e-17,3.070634192634356e-15,7.688415516266164e-14,0.23478672941420944,2.539683308834521e-14,-1.7209417195531446e-15,-4.598390503530852e-11,-8.528206158616886e-11,-9.509628718128682e-10,0.00013744582251401456,0.19385805187345964,4.90907984305798e-13,1.4571783869382953e-11,-9.957048512219638e-11,0.2926091906754381,0.01843180653337031,0.0003003030592042733,-5.29076821287995e-09,-0.00019269443807662482,-0.009771927485531991,-3.4426909230678124e-10,-4.331938373978582e-09,0.012146702870088328,-7.337124029290385e-08,-5.778426828728397e-07,4.1901740902112016e-08,4.502307555263593e-09,3.7434820416871537e-07,2.468863747592281e-08,1.0837780587289141e-06,-2.1515239943324177e-08,-6.219089590068694e-09,-2.3360499887464757e-07,-2.5381165122128027e-06,3.93051960090655e-06,-0.016108050478629263,1.6220332662327688e-09,0.00038558446451287794,-4.2225654674943113e-07,-9.409172330809405e-05,0.07431158813757154,-0.1887761784237212,-0.1804885027740941,2.7617897522798378e-05,0.007611992023813224,0.018274104995215493,1.0131358550120333e-05,-0.0001307761786735264,1.4831916673291972e-06,4.411029706025931e-05,1.2060634094537766e-08,8.283224316039785e-06,1.1816981990126755e-05,0.0005052125028707235,-0.0024008583676508478,1.211878000301063e-05,-0.0005356843675573997,0.0017891392492126617,0.0016205106288283283,-0.09152089050910779,-0.0011856150790730494,0.0016773164597265636,-0.0673309220142423,-0.030039394937608533,0.0050705029282422836,0.0003527529765917772,0.10782902933048806,-0.10351784315601545,-0.19599026382287169,0.025523994842214417,0.02896962764128943,-0.003989148677482742,0.048059958413890096,0.04289453001807326,0.09629824124805579,0.016670926454609526,0.007734987850936692,-0.1705809555878197,-0.11898019859331806,0.059057313743197615,0.031000188680278627,0.17697687146079932,-2.453322561318771e-14,-0.11629140562834336,0.14455384110520794,0.08227015573946427,-0.18104660352002433,-0.0047172719246237355,0.10319666620511327,0.023181453739089756
24,0.1531614221206314,0.6311028546952857,-0.2662116792767214,-2.0667841627665813e-16,-1.3409644340385222e-18,-1.4835106621510041e-16,1.4008135212229779e-15,2.670185016082775e-14,0.08492335001259996,-1.5615809824586254e-13,6.4528243577542674e-15,-4.289679547061913e-11,8.985028426004347e-11,-4.95888679262674e-10,7.883017472156435e-05,-0.3730337223196561,1.9207858661913847e-13,5.96737888148549e-12,-5.3702200357921545e-11,0.17966905180047257,0.005463224825740667,-0.00019805688050817852,-3.580481963404343e-09,-8.375319492144951e-05,0.01713794811728659,-1.6949305939445073e-10,-5.202111156990098e-09,0.009423915055092791,-5.664652698393709e-08,-2.622898924870228e-07,-1.0230640923307737e-08,-5.433540225306306e-09,7.747854820847377e-07,-3.6342111739549166e-08,-3.417816533153066e-08,-8.401894739455767e-09,-2.699401275018596e-09,-8.883951489530569e-08,1.5821887544902156e-06,1.5581969823357942e-06,-0.008108401793149221,1.5459996790880923e-10,4.421600780668748e-05,1.3596321567251178e-08,0.00013980590752661517,0.0018055554310472685,-0.18229942776534222,0.2000348622108818,2.0263831273635134e-05,0.0009067388426053137,-0.0022347134223039346,-3.46648797793692e-05,0.00010573658655655843,-2.1679764019711454e-06,3.7222573420225376e-05,-1.4815495599008563e-08,5.2378842419905785e-05,0.0002465132440036271,0.0002772171624486997,-0.0008957412242575486,-5.366229426772076e-06,0.0022856222937441243,0.0011538246720224053,0.0017258393449783463,-0.06623106296121264,0.004240422878238178,0.04398272665145217,0.12181311624399685,0.15115902447206067,-0.01097147197715031,0.0037498441501839486,0.05333536628360438,-0.045570727578579585,-0.008442030661594723,-0.030915664621096302,0.03777854505633023,0.09639611666920166,-0.12257805022340258,-0.048841879806424474,-0.025950812563758877,0.03115480206312334,-0.003058376526625436,-0.014259701132872636,0.031013885962410708,0.12405136188014329,0.06111691629815678,-0.13212751522083743,-2.1762810202689426e-15,0.2544988984481425,0.10311303520292366,0.1266912218111719,-0.10803211812733754,0.0037026784880559993,0.016064620776899248,0.18426844948289736
25,0.5348849637435287,0.0666009422973835,0.4656553224659718,1.9566485678582466e-17,2.9820180453530247e-16,-1.4545204465144012e-17,-3.551925876352663e-15,-8.898721558740415e-14,-0.2944590912539423,6.787430232657899e-14,-1.8361262627619925e-15,-1.8068110595358137e-11,-3.151882877219457e-11,-6.429519019676568e-10,-0.00021530130392959947,0.03414134419613246,-6.424136943529701e-13,-1.9534169326142906e-11,1.5240777088072167e-10,0.19724438936931213,-0.010005137637221315,9.921497801152745e-05,-3.65476974851025e-09,-0.00016827199110534867,-0.0039792689069007665,-3.64000059319897e-10,3.7031086333433478e-09,0.011403563274358236,5.204632825674608e-09,9.476797257707717e-07,-5.699291514268595e-07,-1.7010676881020014e-08,1.502765514961009e-06,-2.790282573480745e-08,2.359206564280313e-06,3.8622173873879655e-08,1.0939207393378023e-08,4.8152093100894e-07,1.3589341479992351e-06,4.1360224683872504e-05,-0.3825981655047531,8.798302829674975e-09,-3.223722189963066e-05,9.9382353037448e-09,-3.694906364662923e-06,-0.006684379701094482,0.017811329310202812,0.007030850428168396,-4.505731168251523e-05,0.01439983024863592,0.10387673700390553,2.3259484700733033e-05,9.888176053356763e-05,-3.4692798955716198e-06,-8.606730206360407e-05,-1.0567151707494516e-08,-1.687305802544335e-05,-0.00011396471102137101,-0.0008254960950308805,0.030684596283281868,-3.7149228050334055e-05,0.0029012763575896688,-0.0030629245329444285,-0.0019000681107134057,0.12824325024191877,0.0011908481064839907,-0.019690033599536732,0.1099128975945155,-0.019908242734672135,-0.002854221802631234,-0.0021691143206586383,-0.02541867488437457,-0.035953856900492645,-0.018872063336278163,0.04783221308464365,-0.21483765406151423,-0.01274868832198043,-0.07016303319502876,0.021666664652438144,-0.0008127569803263262,0.010924388823866602,0.0007851482104464455,-0.10794836848329936,-0.0662277775204783,-0.14523087235311777,0.006135557123400576,-0.00023319154503491935,2.0534558972645413e-14,0.02672893551172244,-0.19559050350779128,0.0879548784512792,-0.18607026258876616,-0.00231473281369262,-0.04681818854950799,0.020418773555306587
26,-0.44414314320263226,0.30442107641624305,0.4661539790302643,-7.038519712383561e-18,-4.432631886631395e-17,9.733472191727167e-17,2.8437213643910685e-15,7.105309271277101e-14,0.2238719384627031,2.2425625695891528e-14,-1.6268669347095662e-15,-4.9199272999179833e-11,-8.1451783056657e-11,-9.169544040269851e-10,0.0001332245052778592,0.18501225855923153,4.718340459376243e-13,1.4032133517394635e-11,-9.6435966636387e-11,0.2794960498789623,0.017915891469504504,0.0002886742148905859,-5.052152510820734e-09,-0.00018632705936865376,-0.009551554459093944,-3.322991611429036e-10,-4.262404349650479e-09,0.01189930761981105,-7.209976288839114e-08,-5.964155419550755e-07,4.344157368878142e-08,4.508464263777278e-09,3.8920773142835653e-07,2.452681488406047e-08,1.10632433043727e-06,-2.1428498046177402e-08,-6.194151347713551e-09,-2.330156167540737e-07,-2.5886564139965623e-06,3.911459911582724e-06,-0.015621583148738844,1.6075925401176215e-09,0.00038642723697378766,-4.227381883635394e-07,-9.435789497510144e-05,0.07472869031559076,-0.19074776800584883,-0.18217270097092042,2.7727934108147387e-05,0.007803280613830961,0.01931691328016722,1.0331760999582926e-05,-0.00013249245823067143,1.4948243762779564e-06,4.369069644195943e-05,1.2434724811444577e-08,8.244021976543772e-06,1.1947373004311247e-05,0.0005035049554748653,-0.002428886259439183,1.2110535376564373e-05,-0.0005318847728897243,0.0017857601244151628,0.0016210434031887998,-0.09138771427129902,-0.0011803413205212184,0.001688385713605162,-0.06727555890462732,-0.029965698449726484,0.00506283883862841,0.0003541776076748771,0.10782443830945522,-0.1034941082039837,-0.19580876594083496,0.02552324176580061,0.028979200435428898,-0.003923875430049316,0.048019215359919085,0.04288244137288019,0.09630469005672575,0.01658292154381107,0.007756300718791438,-0.17053855780833904,-0.11890824960878234,0.059060707464157605,0.03079358013931634,0.17698240412260138,-2.449027431876499e-14,-0.11628375430040197,0.14454876682899248,0.08227617284465631,-0.18104252903852594,-0.004711002424638542,0.1031995137986153,0.02318176091843686
27,-0.15550209249610716,-0.6404432062323622,0.2699965463419422,-1.6933089363341207e-16,-6.492156279022679e-17,-1.9383035332509582e-16,1.184932074131121e-15,2.4886669606434677e-14,0.08097595406333928,-1.4479954828915587e-13,6.017438652087449e-15,-4.3152428579119564e-11,8.337443487969411e-11,-4.841159379077041e-10,7.58744846360214e-05,-0.3560062884929701,1.8444343565023955e-13,5.734811566500194e-12,-5.1693243125190906e-11,0.17161416556253692,0.005301573982344179,-0.00019181094084373167,-3.4221544238488715e-09,-8.075958082822378e-05,0.016784834580925768,-1.6335130601357786e-10,-5.105523763361421e-09,0.009243574661480283,-5.5633700134247196e-08,-2.7179958557351475e-07,-9.141918589513542e-09,-5.339587187896811e-09,7.999320182836952e-07,-3.5926840118795765e-08,-3.5038633798834283e-08,-8.368160774170798e-09,-2.6875707696828924e-09,-8.863321398611465e-08,1.6071304304170363e-06,1.5440250018213462e-06,-0.00787962491908192,1.4965921443064463e-10,4.436931858570025e-05,1.3565350871243645e-08,0.0001402124103455677,0.0018433161307404656,-0.18418685559619014,0.2019431153566793,2.0353091685753865e-05,0.0009781781933210455,-0.0018189078528054027,-3.651335024463797e-05,0.00010748019309580606,-2.212859170597259e-06,3.6524183039801006e-05,-1.5466612243197444e-08,5.179367747580339e-05,0.00024482626908556667,0.0002760580252251348,-0.0009068930005779529,-5.3272316431226895e-06,0.0022914914578780346,0.0011508780490876009,0.001727460008390448,-0.06610385261665656,0.00424532409967043,0.043910393216250475,0.12163511383639151,0.150911498705277,-0.0109536133836185,0.003746265175376146,0.053353391245343953,-0.04570189474180183,-0.00834438578576179,-0.030897497073015374,0.03776605024297493,0.09632099411778923,-0.12259057152552195,-0.04883805496569746,-0.02580999851740616,0.031156958133026793,-0.0030616883224607004,-0.014206730572050606,0.031022471883225673,0.12405538485744762,0.06109581969206786,-0.13213104854207589,-2.393519216387433e-15,0.25448818375802423,0.10310849943975897,0.12669904719411057,-0.10803266422594968,0.0036989694889657454,0.016044492551196658,0.1842406593892594
28,-0.008716757486329212,-0.0010862477533166775,-0.007602296538174572,1.238082783811632e-16,-1.860197190709218e-16,-2.1220405427528558e-16,1.522721814100881e-14,3.652186942562564e-13,0.6755738414925644,-2.0311546406048913e-13,6.321843439799863e-15,2.356480436079543e-10,6.5874850545e-11,1.453295321787364e-09,0.00033541377379364516,-0.08261899893704178,1.172114020156451e-12,3.403486514475617e-11,-2.4036472802645424e-10,-0.5034452491577223,-0.0011348128740840033,-0.000260462862789564,9.323035227926105e-09,0.00022449646526111712,0.002401290346523284,4.5657568588901996e-10,1.278830414360202e-09,-0.0057605304722366775,3.071932143252467e-08,7.562549929537099e-07,-5.127970147671285e-08,-2.2593040329530433e-09,1.3572173570196974e-06,-7.61136446299279e-09,1.6680170364157895e-06,1.8308042537001512e-08,5.337871128230901e-09,2.620153080503466e-07,5.218742638674449e-07,2.374335711658736e-05,-0.22617438987463986,5.2002344912762486e-09,-4.24738694551794e-05,2.839149117515365e-08,-2.148290448461498e-06,-0.006765813547293032,0.009864770485168923,0.006953831494938773,-4.291268886595112e-05,0.024770268454341774,0.1750323647468468,4.916739014031245e-05,0.00012390580678026776,-4.665951282279383e-06,-3.4982439389534974e-05,-2.3495900638324868e-08,-1.368132509700773e-05,-9.236335298225368e-05,-0.0006796990299778826,0.025124148634643746,-3.1317963633928314e-05,0.0030310281666673976,-0.00271570124429955,-0.001940313613343409,0.11854466600958467,0.000865981960299634,-0.0185656314007846,0.10388728848904663,-0.018881849359431754,-0.0026884158965178174,-0.002083751020840294,-0.02969097371311568,-0.0371463899757532,-0.015942456071003152,0.045999293076970746,-0.21032873450724462,-0.012007966288820053,-0.07079414317369061,0.02515117996571054,-0.00030363805769204836,0.009666749444823762,0.0010395233995930619,-0.1048524616785398,-0.06251816462895446,-0.14527768655705953,0.0033860239193390885,-0.0002619707035853172,2.139475412823955e-14,0.0267434019385193,-0.19516101854039294,0.08809645922917116,-0.18571005411664632,-0.0021285149868554188,-0.045879642482768546,0.02000173850148962
29,2.1469200134917035e-05,3.713575493019071e-06,3.476941804188238e-05,7.970304390573104e-18,2.711228575218486e-17,7.438571366369078e-19,-1.1744568154691436e-15,-2.4568422512555623e-14,-0.07243071131628148,1.969468608769593e-14,-4.607760214200058e-16,-4.031345939692857e-11,-1.1571945491714029e-11,-2.9303702323361674e-10,-4.921319652583198e-05,0.013451719680849657,-1.4926456415652984e-13,-4.497674919111879e-12,3.4871950176179395e-11,0.10759330096417458,0.00027931353624437155,5.636820268895949e-05,-1.991963928795257e-09,-7.001348102619641e-05,-0.0009219342064888323,-1.4090343438908286e-10,-5.536163414218998e-10,0.00322940992617213,-1.563845295516192e-08,-8.344486882251987e-07,3.5681984835963295e-08,1.654345479783398e-09,-1.998135792454151e-06,6.813746791338508e-09,-4.236250855196593e-06,-2.307158751237016e-08,-6.954334282632787e-09,-4.568863955485619e-07,-3.1007744953149e-06,-8.708689380815321e-05,0.769720264235541,-1.9548428313434383e-08,-0.00036923183784576025,4.552614263715875e-07,-1.3659486820578259e-05,-0.028690263363026585,0.03183793845238073,0.0218613740056591,-0.0001925194452849024,0.06014211675710057,0.4232856560628051,0.00011096123167507294,0.0003348227449808924,-1.231686158829989e-05,-6.377797723622172e-05,-5.4209549558257444e-08,-2.180548546118605e-05,-0.000131437471740651,-0.000916616709250901,-0.0022219302188223465,-4.268810139148414e-05,0.003753409115533126,-0.0034397556206406323,-0.0024512632939472675,0.13947287297018343,0.0009973819382284657,-0.020911692888092432,0.11437797020324733,-0.021174954164464053,-0.0029996750087334808,-0.002266455938884512,-0.031853759028036395,-0.039658844072371996,-0.016724851347336086,0.04767892922473398,-0.21156510890171182,-0.01225015329505223,-0.06958723261776543,0.024215369981213583,-0.0002887245704205783,0.010990413241348699,0.0012234087738348968,-0.0935161350626464,-0.06521761102586979,-0.1442760972790292,0.003463047004268551,-0.00025996876703449686,2.095512170494661e-14,0.026811548812238486,-0.19637595688677872,0.08734630633274904,-0.18552584459819152,-0.002291895304560036,-0.02795539075115685,0.019834553038896963
30,0.007219725897818058,-0.004947125106004565,-0.007572696898089763,1.7824042064490568e-16,1.2417654722033408e-16,1.7113299514961697e-16,-1.1445065323110414e-14,-2.793681773199781e-13,-0.45622410061416346,-1.570679610958933e-13,8.936129641433615e-15,-6.395475393436142e-11,1.6527298741614044e-10,1.6051529445821348e-09,-0.0001354112851277997,-0.3719554874478567,-7.278664333470235e-13,-1.998898153408081e-11,1.0278669779240432e-10,-0.555275392907944,-0.015525439299017159,-0.0004547255035672052,1.0135500521929412e-08,0.0002307679640922724,0.005214440446217973,4.505310215054424e-10,4.834524039073763e-10,-0.005318330957502623,1.58054898844296e-08,-1.018919108259624e-06,1.502306715192623e-07,4.8252066799641246e-09,5.37900912308765e-07,1.2114649389197827e-08,1.25828235938731e-06,-1.4067617768893858e-08,-4.061256599679772e-09,-1.758856207489073e-07,-3.5806536743462537e-06,-1.0048860281127098e-06,0.03398877290120807,2.3403814376825737e-11,0.0003350918505218879,-3.4724954262550717e-07,-8.525419897793659e-05,0.07470596763466246,-0.22059852934851698,-0.2070825695632229,2.8134284255279314e-05,0.01211560014249102,0.04517328835107124,1.4580883904464034e-05,-0.00017068474392260778,1.7857623468573825e-06,2.823668266071589e-05,2.2832399154186043e-08,6.47300738126066e-06,1.656262161526441e-05,0.00042991149804319517,-0.0036418295738740517,1.1738968962894344e-05,-0.00043047578922154363,0.0016283341047885658,0.0015765784738590353,-0.08482781293836515,-0.0009920227542651522,0.0020837904139472964,-0.064626261302343,-0.02676996069643099,0.004706986369574144,0.0003998126282829901,0.10523668294898136,-0.10014286939301958,-0.18626170773324655,0.02486211101331537,0.02960186133906653,-0.0018557313652049741,0.04652586503509141,0.04213340485196909,0.09579514842400809,0.013765416591966395,0.008382228345103054,-0.16798675436475685,-0.1141837232396275,0.059153521585107234,0.023862369246390347,0.17708551878473372,-2.3119971304777656e-14,-0.11591670552042073,0.14423590298399963,0.08242842726223654,-0.18067353343538425,-0.004391092371859043,0.10279823299847768,0.022805253210243827
31,0.0025277783532320613,0.010408019975898604,-0.00438627782230568,1.934274314579253e-16,-9.710634384302924e-17,1.0485846768459715e-16,-4.525875880087617e-15,-9.65064412849617e-14,-0.1650700772479717,5.527351585929032e-13,-2.3971895954671987e-14,2.1168784740162125e-11,-2.299993953750937e-10,6.808601508590237e-10,-0.0001108174738769769,0.7160437038267059,-2.9980870873712477e-13,-8.908277537005925e-12,7.517229575365e-11,-0.3410795024294398,-0.005157717014365814,0.0002099180265145633,6.658607523754897e-09,0.00011499662999553708,-0.006911215150160027,2.378800761514852e-10,1.456436085494905e-09,-0.0033123169644128352,1.4280288919809841e-08,-4.894834171188736e-07,6.738508065596295e-08,1.4242849065820598e-09,1.198905303684627e-06,-4.832892125359203e-09,-1.5903220748074035e-07,-5.507443028595167e-09,-1.685439413441255e-09,-6.844213536716072e-08,1.937712660935116e-06,-8.842357405807557e-07,0.015760353700972434,-3.8284468986385843e-10,3.7431534955437046e-05,1.3426028110162296e-08,0.00012644063301771896,0.0022518338825371536,-0.2120564027643514,0.23009722650945563,2.024786757009745e-05,0.0027605985065964444,0.009413188673336298,-8.944791047631817e-05,0.0001446916519763542,-3.2280144071881003e-06,1.1860231713154159e-05,-3.347765787646624e-08,2.9058409304510937e-05,0.00017487711251527025,0.00022654353098769338,-0.0014233852763989889,-3.578631922000053e-06,0.002346185855495917,0.0010159878943397543,0.0016979413088999535,-0.059979047694896724,0.004238285147652786,0.04031307260991486,0.11235103872157434,0.13855545114392395,-0.010057344574691394,0.0035438882897037365,0.0526143662085972,-0.048524265982647266,-0.00494110037146874,-0.029922557439930643,0.037227389114312774,0.09261525529703957,-0.12174041143790842,-0.04836342306471096,-0.02128296198670853,0.03108140585823632,-0.0031527173420419392,-0.012346845245590564,0.030965401570159073,0.1241284254175406,0.05949474252160253,-0.1321909017093916,-2.2922322801008024e-15,0.2538213982500938,0.10283187237409855,0.1268981012018845,-0.10790599775357876,0.0035061464192480446,0.015341664342715633,0.1814052695789905
32,4.256624992829619e-06,5.308379645544168e-07,3.7218129057788445e-06,1.0794775834315514e-15,-1.4623738726937934e-16,-1.965702490933417e-15,-5.617279857257545e-13,-1.2299248799999901e-11,-0.01824385851621546,3.217209637662444e-12,-1.3867052740693e-13,-1.2512663280481833e-11,-1.3177385385712558e-12,-2.73795544833787e-11,0.005735566129718622,0.0015746920076025726,1.2802845267360304e-11,4.3838698073761826e-10,-3.994391231389031e-09,0.005998215900804366,0.4978244566730108,-0.00021113126365963626,-3.0140744126203713e-10,0.006271328112922378,0.16120324815991854,1.3455858782188222e-08,-1.0306263976816876e-07,-0.48336978403053166,4.2312828958961703e-07,-3.1995057992713315e-08,1.6439280767995265e-05,4.6862194701788356e-07,1.314347933661622e-08,6.334926057717571e-07,-1.468423423582969e-08,-5.375606713316392e-07,-1.4386109241052308e-07,-4.2664311730591126e-06,-1.100984187905998e-07,-8.899840179881927e-07,0.008860335971823277,1.151367476694434e-08,0.0015268562845372684,-1.8702774223975631e-06,0.00018545233026960432,0.06268301269887368,-0.0032732435605712317,0.003924778201681673,0.0012471038430873181,-0.0026380093979707256,-0.020023800171316587,0.00030283129362148367,-0.0009547344014285868,2.9923838198727875e-05,0.0019342453220416818,-1.461661971418068e-07,0.00017097186581866875,0.00104517210748508,0.006921164551299279,-0.014190058527050025,0.000290714948018915,-0.00258642003784411,0.01716985630592548,0.002323254033224565,-0.45597807270003043,-0.01205972847660075,0.047726859543181004,-0.2570719965304599,0.038978239601802266,0.007543623822356231,0.0032328511052131365,-0.16023727016458142,-0.008119398023072157,0.1277930088670444,-0.052603986056527406,0.023317634822826238,0.014240059989591184,-0.07773221249346199,0.13868609715138586,0.010843715038509822,-0.04328413832784331,0.007732520054292959,-0.05163352147236207,0.13060858384136217,-0.15207885612079905,-0.09608739819725787,-0.001597145519146165,1.6548969894892393e-14,0.025567083666599967,-0.1654941382524813,0.09671639831311112,-0.16702921449560085,0.007342075448606996,-0.1365330521797164,-0.009118132438081655
33,-3.5344200622212502e-06,2.42046727176952e-06,3.6999447487282066e-06,-8.925891382744081e-16,-1.02596814131332e-15,-2.113342850490998e-15,4.84192644148781e-13,1.0630546238662889e-11,0.014862237448524896,9.09622642785245e-12,-4.4706980357881345e-13,8.923083152734848e-12,-6.125369960677705e-12,-5.898983259772247e-11,-0.005309730627826168,0.013098837430734237,-9.85316364018758e-12,-3.5578321879615107e-10,3.6913506899022827e-09,0.025526843161399308,-0.5243432570054968,-0.004381341531148078,-4.159739827123145e-09,0.005421880092366149,0.35105798602127636,9.280978148032305e-09,1.387424166095431e-07,-0.4462972017289179,2.4638906472441906e-06,5.253110943856552e-09,9.878039681399674e-07,-6.723215184947404e-08,3.607946303551511e-08,-5.79342351814601e-07,1.5757439582737344e-08,4.3405141875369564e-07,1.2559172342556532e-07,4.373808021351463e-06,1.8148663691522042e-07,7.02018796091178e-07,-0.007260278352941228,-1.7573929244779085e-08,-0.002911625847856623,3.7232075524747256e-06,0.0007511548334635254,-0.3101872023772716,-0.040234311549115095,-0.033064789249562014,0.00022525248067758102,5.7645292322902526e-05,-0.0009774897150945478,-6.738837345432824e-05,-0.0011952750316417157,2.4168896973407397e-05,-0.0004950627360187468,3.577889629090948e-07,-4.868268314348171e-05,0.00024440916400232096,-0.0021323570912862,0.003219788238317156,1.5251148219893297e-05,0.0007553372364534795,-0.003774270673171192,-0.0008162526855518992,0.16528646384753076,0.005649108214900628,0.020754982046126365,0.032434907164610775,0.10975673037422443,-0.010022729643077339,0.0022506249110657516,-0.05341293233676218,0.0990099012468301,0.2519913081641967,-0.020497787424762784,0.06249137920070431,0.06713845795918269,-0.011967699516740204,0.006937235353050407,0.055724321868398395,-0.08408959827693299,0.027403081739837788,-0.06583097068378423,0.1252229999550566,0.059834859166712925,-0.21810643252220163,0.17839032512837086,-2.1561948860950418e-14,-0.09989617003546705,0.13118400590053123,0.08773450997286397,-0.1609378001948526,0.010302256521106347,0.03897809565148133,-0.0018603781879593564
34,-1.2359417314399042e-06,-5.083897765773341e-06,2.138632679290234e-06,-3.2975164593569024e-16,2.033000781740185e-15,-1.2012918966862747e-15,1.6250061920170586e-13,3.5659965353940793e-12,0.004971135820116759,-2.0190788420601453e-11,9.608379695777624e-13,1.4758364215563842e-12,7.955233605200422e-12,-1.598911203001048e-11,-0.0016357590036271982,-0.021467761070120488,-3.0517234269592167e-12,-1.0983007443908209e-10,1.1400987109712116e-09,0.011425329377185692,-0.12919553971109674,0.006683565015151646,5.425572824199008e-09,0.002106015769568812,-0.6154576837186594,4.212816661905843e-09,1.7941609847369635e-07,-0.3375572542443285,1.948690719018378e-06,-1.293528391309445e-09,1.2933500338899992e-06,1.9698619702405353e-07,1.4782133996971972e-08,1.0883580659049739e-06,2.2459718406484325e-08,1.7736504773599178e-07,5.818512278982017e-08,1.7576913921788159e-06,-6.377375728145156e-08,2.5533521075798734e-07,-0.002513790602082315,1.9875295384835026e-09,-0.0002096626500790233,-3.8991973661849603e-07,-0.0011007910821872404,0.00812876567602497,0.019263250292439523,-0.018745437205515098,5.6760531629298e-05,0.0002444196582943325,0.002889742146475062,-0.0015302534999235688,0.00043646997606961883,-1.1806281741457968e-05,-0.0008056625923819952,-4.427741560571913e-07,-0.0007959258430549933,-0.002506160936160316,-0.001557644159921031,0.003262399345204086,7.74512156222542e-05,-0.000817036855379751,-0.0040379526952154365,-0.0013764320504609823,0.18771660801818355,-0.001298480008597589,-0.11694937406930105,-0.3175830390975816,-0.40778506925349195,0.030103977707200958,-0.005801750678272562,-0.011458054136881151,-0.09609619401071826,0.11766109133470917,0.013787639705991318,0.015606666004485502,-0.07282553124810291,-0.054362833751025116,-0.020436580834548856,0.13194632445308524,0.022762762094834063,-0.005935844858572361,0.045406618707714896,0.02059262871528122,0.12395788232748628,-0.023370895367698808,-0.1326933603190825,-1.482725083657174e-15,0.2210046710679272,0.09033301025455812,0.13272210022737765,-0.09913905698896393,-0.005131538232961625,-0.02659654553746755,0.024251222024236865
35,-1.8739057005839503e-09,-4.4953831241801954e-10,-5.625053983553317e-09,4.903614761381078e-18,7.440170695292954e-18,-8.040984668149891e-18,1.573861225520476e-17,3.589685588997765e-17,0.00025230774978351767,2.7870721810641445e-17,8.025344701328539e-17,2.1328374330609928e-13,6.264909233717362e-14,1.7861888287389131e-12,2.274835255380005e-07,-6.81567872234774e-05,6.0761340727640665e-16,1.894170212778425e-14,-1.5934671508997113e-13,-0.0006889861316218803,-2.0123516747208714e-06,-3.648041695427447e-07,1.2752955946981266e-11,6.105718706567087e-07,9.435882623592682e-06,1.2183860513866017e-12,6.192600415559603e-12,-4.331463907252755e-05,1.9633761500686846e-10,1.676363342261657e-08,-5.508651014681421e-10,-2.6360759692416882e-11,4.609032680571482e-08,-1.2225298735924916e-10,1.2014757458519655e-07,4.952296866138504e-10,1.516664944289866e-10,1.1321210712703747e-08,1.0749093940684079e-07,2.7370951656616934e-06,-0.02374203731912925,6.180556347150905e-10,1.78049079839857e-05,-2.045970273232099e-08,6.997557839144327e-07,0.0016634203314973442,-0.0021095967496120517,-0.0014720698783637323,1.0924601713896086e-05,-0.004975641328308169,-0.0351613141027212,-9.946101473681909e-06,-2.512906285719969e-05,9.426947690193641e-07,8.016477007703294e-06,4.736396741447639e-09,3.9888240517921096e-06,4.379734156402961e-05,0.0005108790336890573,-0.7551238557821506,-5.2914427746435225e-05,0.0010819323050862367,-0.0014165403397313101,-0.0009684789759284873,0.01750745620372515,8.038017559507223e-05,-0.0008080901174790056,-0.00045568956593073593,-0.0006477155340686683,-6.371120803402261e-05,6.46308172186612e-05,0.0018972842106040847,0.0028475945033089355,0.002077976258498482,-0.008180962651579575,0.07831468918004046,0.0031577755010209108,0.04643115847444231,-0.02593812811830217,0.00039360940608014516,0.04274005708857309,0.005762275542919795,0.29544133186287885,0.009451827852283785,-0.11367504860926207,-0.000837062310479389,-0.0002018194275408007,2.0145297099888088e-14,0.02538242206953755,-0.19917754528018422,0.06664448693477149,-0.16410558690141905,0.0001166032236228005,0.49459884896032236,-0.010604478427027563
36,5.731252469770749e-13,1.906758783310004e-13,3.1885411840511645e-12,-6.399146035782125e-19,3.538538108947842e-18,-6.365759964866634e-18,-1.7169027954308936e-17,-3.3788683884939107e-17,-3.0683648834293186e-06,-2.6549810259603467e-17,2.4903768876790302e-18,-3.931289557375763e-15,-1.18148815670983e-15,-3.789578514643316e-14,-3.6662662305361226e-09,1.203436015703561e-06,-1.2466919447013257e-16,-3.969882536381067e-16,2.2267117883992777e-15,1.535095822572962e-05,5.0396230095124054e-08,8.213908432172615e-09,-2.839521911682344e-13,-1.8474258655996468e-08,-3.3443540699557953e-07,-3.642820748627241e-14,-2.395496977418202e-13,2.003483207067181e-06,-8.510363061950622e-12,-1.1504830249521485e-09,2.9246483588563215e-11,1.4433257852231856e-12,-3.6156575807608803e-09,7.517017693552191e-12,-1.1491907425704302e-08,-3.623982196655262e-11,-1.12707575317934e-11,-9.515130178580546e-10,-1.2433440138784175e-08,-2.886400033816498e-07,0.002459574089425292,-6.55443163218113e-11,-2.79400676831619e-06,3.011078994348183e-09,-1.1596920470587032e-07,-0.00030776921363543,0.00043836994186680127,0.00031014257384489767,-1.983318600782717e-06,0.0012447397174037453,0.008825187501113838,2.653515666612392e-06,5.802142812715301e-06,-2.2123719779923563e-07,-2.7532225144675214e-06,-1.2381504727451804e-09,-1.73891779394985e-06,-2.5290515182222522e-05,-0.0003442904387803218,0.6512316586770999,5.115242963838796e-05,-0.0015192145928636532,0.0017236486448437324,0.00119549634474072,-0.04189881585926091,-0.0002834551659752083,0.00583839751853799,-0.03278080738914288,0.00592032183345148,0.0008418208172517896,0.0006722228809702568,0.010014485543702389,0.012798982120100753,0.0060996265771510825,-0.01947903721838875,0.13064980532164816,0.006077332582238348,0.06623848880776835,-0.03427023852325497,0.0005059066633984431,0.04780785263099261,0.006486610482318384,0.35831429000989085,0.025000070343885912,-0.11008344748548327,-0.0016597671190961812,-0.00019491606319244921,1.928224583025928e-14,0.025338415405164006,-0.2008385874864334,0.06415866136135721,-0.16209538539543153,0.0007079586534388253,0.5783332509276821,-0.015894632935713502
37,4.9071479637663e-09,-4.662485421513618e-09,-9.529432475400679e-09,-4.547410339848262e-17,-1.7081863147554306e-17,3.955290551968975e-17,-1.709896716185111e-14,-3.8979432664666726e-13,-0.0008560365882820758,-4.697150279950638e-13,2.2354293778724697e-14,-7.972490973370345e-13,5.608445600144398e-13,6.1304016861525765e-12,0.0004112470736861031,-0.0011178688576307643,6.677534440534795e-13,2.4981537396463108e-11,-2.829037101221656e-10,-0.0027971872079519855,0.06526608905926715,0.00048560689097844003,4.557132910946302e-10,-0.0008320150201065378,-0.06441171059517972,-1.4112167307214714e-09,-2.8152984049852566e-08,0.11168792827985888,-5.708948310016049e-07,-2.151574264361068e-09,-2.9209107722863474e-07,2.0653409349757802e-08,-1.7691315862778175e-08,2.058164746849334e-07,-1.0273147741654878e-08,-1.9361721820715514e-07,-5.71962533266378e-08,-2.361547567712082e-06,-1.5993208092912987e-07,-5.320563468119942e-07,0.00535035089196105,1.3438573347607745e-08,0.004595572453991035,-5.123493998922294e-06,-0.0013439587104465633,0.7382679565652764,0.1389703982151512,0.12024587650089388,-0.0005084995884648117,-0.000525083499171343,0.009145108321436767,0.0012283916935407673,0.00651860490317778,-0.00014392187092274932,-0.003818987687662244,-4.978741711203863e-06,-0.00018310347349265524,0.0006269659233035475,-0.004797222036691856,0.006239650604965112,2.8055568725993388e-05,0.0012288387904605194,-0.006391731145272416,-0.0013763005472960392,0.24321888452152032,0.007965571096794497,0.02800176688194287,0.041862796041443086,0.1468123630392159,-0.013274516438416194,0.0028383741870542352,-0.06565783034690388,0.12062775404938934,0.2975624868151263,-0.023714885415117386,0.06913430725135893,0.07575059922324365,-0.012919814578753859,0.0073907832033988895,0.05907386808432469,-0.08679115155507855,0.028319964153650883,-0.06903747362129478,0.14644266007247125,0.059868140257385606,-0.24702264897979437,0.1783797001480565,-2.0627059989646117e-14,-0.10063764442359226,0.13245218411025544,0.08766495338347109,-0.1617491281507473,0.012749587122977437,0.040588631914169254,-0.002024674422535773
38,-2.5269897515463274e-08,-3.1455639833701724e-09,-2.2166652085792057e-08,-2.0858100676584514e-13,3.604314278038025e-14,3.366444429436815e-13,3.23372531126698e-12,6.827910907892667e-11,0.005542291796160381,-1.5993863267948068e-11,7.333439734723365e-13,6.5120418722746795e-12,1.5193245579365275e-13,1.7691905869699465e-12,-0.012423769142315078,-8.31584048378818e-05,-3.613745344098645e-11,-1.155492610235831e-09,8.783335094721164e-09,0.002898618046732682,-0.4873358810897732,0.0011479439861388746,9.32899362059172e-10,-0.012150493100609026,-0.1585558648718964,-2.4952775554964883e-08,-1.857119712298645e-08,0.4750425098689683,-1.6054907114537335e-06,-6.217408810720907e-08,-5.8955644964901745e-06,-1.5190734775513003e-07,-1.1719217645148039e-07,-1.3888900008570612e-07,-1.447871137458889e-07,-1.1637839834561018e-07,-3.555443542814764e-08,-1.4468411754364323e-06,-8.477913546730482e-08,-2.3121771879775823e-06,0.022125470939254356,4.1381505217568564e-09,0.0006205090290361228,-7.412341100039283e-07,0.00026285425794221894,-0.01520687848301778,-0.015440179912032531,-0.006879933018268961,0.0008064189761918273,-0.00391381350462812,-0.029867993877088665,0.00017918452329232626,-0.0012649366964882093,3.4603426014508156e-05,0.001918657238032118,3.577200905543925e-07,0.00018556076092212263,0.0009497069562538677,0.006684186011873296,-0.015678034117779648,0.0002709727116991771,-0.0027804810030469538,0.016969769602754543,0.002471223722909597,-0.4700597023326628,-0.012321121012572185,0.04931906680109275,-0.26632788179184447,0.039123803764250946,0.007979763402256304,0.0034086171819254427,-0.15912110913490174,-0.008040410552402802,0.12488420051135708,-0.057910144452069295,0.040598309147532256,0.014768196496078656,-0.07603950927489397,0.14512131409363155,0.010637211660292238,-0.046718989942671416,0.008042080635550453,-0.04596404850738408,0.13662338115223285,-0.1524760367962378,-0.09556249251605932,-0.0016853212498043049,1.602901360548684e-14,0.025417130266776264,-0.16264326813176896,0.0973487895963124,-0.16486967427188517,0.007306432649524776,-0.1423403128179402,-0.011324190463933424
39,2.0982616353358025e-08,-1.4362916514873755e-08,-2.189263198706003e-08,1.7309815194592453e-13,1.647857386278339e-13,3.3764611694419016e-13,-2.677539075078254e-12,-5.654908684804329e-11,-0.004565734183570946,-4.92334302756341e-11,2.485775734472048e-12,-5.134323763618452e-12,2.1661025169009006e-12,2.222778586423504e-11,0.010463606935986304,-0.004397017009591454,2.0908605337545516e-11,7.453587603313669e-10,-7.391825477525043e-09,-0.011548957692316496,0.4484959939459161,0.00767069183317972,6.7854005821099564e-09,-0.010255270260222486,-0.27877595287695894,-1.9727220214610077e-08,-3.229763945090624e-08,0.32317924002119847,-1.0873934858448653e-06,9.584383447340452e-08,-6.510222823867491e-06,-1.973741928359511e-07,-2.832199322797476e-08,-4.2527592720290717e-07,-8.867092213918808e-08,3.5540452889264597e-07,1.0090399832311272e-07,3.826710298013598e-06,4.985814539502114e-07,8.856292857793225e-07,-0.010918380338084545,-1.8250985047270693e-08,-0.004326191755987619,5.1742225371840555e-06,0.001131645629674468,-0.5552691644828047,-0.0683732018610233,-0.056367604465085236,0.00021677831779692592,-0.0005004468703508595,-0.005884335384974766,-0.0004921646073421082,-0.0033126178665899945,7.029804284901285e-05,0.0005887070495172334,2.078675161446837e-06,1.6883464312150417e-06,4.920821129723296e-05,-0.001376912227784919,0.0028340689214450686,-3.626859571104691e-06,0.0006895407066727137,-0.0034230159171856917,-0.0007888142538394357,0.1539841874041628,0.005182293232228017,0.01737235547042993,0.04112149043235597,0.09980425052925923,-0.009588169594270831,0.00200471641811884,-0.05621602435202357,0.1025074379160605,0.25757732452870497,-0.021580464085497644,0.060699146161946986,0.06731365112649616,-0.015561579132484626,0.002962989769152215,0.0500515854656103,-0.09022761736175623,0.028338826146264064,-0.05512006130458137,0.12985691843027863,0.05991122919895357,-0.21856405117129196,0.1785247645148409,-2.0118380605479597e-14,-0.09815172417020938,0.12943329655771954,0.088190384631667,-0.15863480603409913,0.009904486037706389,0.033206282180211044,-0.0037457901785388796
40,7.340057080740197e-09,3.017562940471239e-08,-1.2654879075604319e-08,6.062549576760059e-14,-3.466016533534146e-13,1.953373753575757e-13,-9.37244157246854e-13,-1.9799333249264527e-11,-0.0015543474424776116,1.1153087526121722e-10,-5.504613546727726e-12,-1.2641724234530752e-12,-2.8238132223666634e-12,4.587716517929759e-12,0.003570054323037185,0.006876721404689353,6.605177650977811e-12,2.402904219549414e-10,-2.5253342358377114e-09,-0.004593305574384802,0.12671250458297748,-0.014719564518355897,-1.2533373787637426e-08,-0.0055709350945445015,0.6030762108860462,-1.1412723610360132e-08,-1.4895076799260215e-07,0.33079543782939597,-1.6331511428191093e-06,4.4855355336526916e-08,-3.599207776726968e-06,-1.5097167800618205e-07,-1.0032546848492058e-07,-3.040971423311184e-07,1.953200367186477e-08,6.010226251222094e-08,1.6444973731958013e-08,6.424142203036625e-07,-1.7323142832423425e-07,2.3018677597917138e-07,-0.00282919232019741,-3.4437590737133715e-10,-0.00026020157002218554,-2.36214281004542e-08,-0.0006202779469474304,-0.008064722689091034,0.028184184903967093,-0.03299854046440345,-3.779120608060626e-05,7.698428505826942e-05,0.0020727831369388625,-0.0011344421792334797,0.00023996917072875555,-7.247518261747471e-06,-0.0006509230717690929,-2.357290558143392e-07,-0.0006686945744381798,-0.00224336228188034,-0.0015165715176028087,0.00333505710944482,6.619868431544282e-05,-0.000939374935350491,-0.0041284196107922565,-0.001465931242560207,0.1918867589129915,-0.0015351418618805078,-0.12028092726353735,-0.3263013935273445,-0.41900982590859015,0.030898102514181153,-0.006204211997796936,-0.014385239521667599,-0.09463573147223876,0.11945398308725705,0.017137376807587965,0.013018963888975279,-0.0838888475818132,-0.04713677629583321,-0.018087251039946736,0.14177719315097967,0.02196317185146154,-0.006133975966922802,0.049607632540447574,0.017307947045518374,0.12382393658088613,-0.027937997431353768,-0.13261893361909582,-8.384412879786298e-16,0.21756083204076862,0.0889734439187657,0.13309906885209385,-0.09806660903095289,-0.00563154003591056,-0.029467412070871446,0.010672067645921662
41,6.1883703804804484e-12,7.690300590113592e-13,5.463409003061279e-12,8.487112617194238e-10,-1.465392854387009e-10,-1.370097003246679e-09,-4.434842375662397e-10,-9.01493207543153e-09,-0.00013509123525385353,1.9237017758748515e-09,-9.373618359428802e-11,2.7127668119841787e-13,-3.4747561915255564e-14,-4.703685923754207e-13,0.5302027041270888,8.481781528758264e-05,2.4044305272310524e-09,6.938093113326816e-08,-3.833121548340604e-07,0.0002507870779742175,-0.004322382008395763,-0.07217741419761911,-6.265429684025234e-08,0.46534890648002675,-0.0016289547707386799,9.345644517644609e-07,4.2215330056582745e-06,0.003454523149171564,3.7341070866478024e-05,1.4955442475291177e-09,-0.00026876629987726124,-7.700975963639983e-06,1.1668230988265892e-09,-1.0058403669930416e-05,2.2559375875611777e-09,1.037466131975758e-05,2.732635515770901e-06,7.3799924169794e-05,6.4438833328437345e-09,6.308155137333247e-08,-0.0006142740882828701,-1.574462005293496e-07,-0.013516231018250655,1.730482290915325e-05,-0.003923970221443652,-0.007719287371350948,-0.00015637777630724301,-0.0008604914156442636,-0.019665671245123195,0.00023485999123185427,0.0017711391275230868,-0.0019484760791696621,0.011196901053922154,-0.00033913300576594017,-0.012105357769287407,5.002537858389943e-06,-2.7025315616935364e-05,-0.004584115836505184,-0.02573209924483609,0.0031435089195839374,-0.0012102975776356224,0.0007288543977652623,-0.03780792893286319,-0.0005280796739875989,0.2035367711301854,0.006755652087762768,0.009489663999949993,0.039159225996979484,0.018596248440297718,0.0004672990803624609,0.0025073094598323923,0.1296138888382413,-0.017762813098751645,-0.2050426205319475,-0.12024073796945563,0.41525831529273965,0.007044094357040605,0.016906824944260417,0.22974684662523134,-0.014532079185934925,-0.11194363654026768,0.01138956025265255,0.1131249538080091,0.08067120433236515,-0.1592070795161515,0.0674751112852621,-0.00465243975288404,7.527175894821587e-15,0.01974381538109277,-0.08242202316080627,0.1105216677687905,-0.09871389500865406,-0.007776198598304668,-0.23827873195057073,-0.057806799100943274
42,-5.1384122649276654e-12,3.5160625124866465e-12,5.329482340461792e-12,-7.047420432934719e-10,-6.703727329358116e-10,-1.3727807059269963e-09,3.65891281411233e-10,7.4367653115588725e-09,0.00011216712518005558,6.6612075108432724e-09,-3.4634474538759053e-10,-2.2803448440313333e-13,-4.68877371006903e-14,-3.265823440737141e-13,-0.44318670054841325,5.029846116233139e-05,-7.345457913360584e-10,-2.8760246253939783e-08,3.2015649220126875e-07,0.00013810799504691552,0.0036840962165414254,-0.30254859146213636,-2.6630319312339813e-07,0.45595711199619743,-0.003453255757950632,9.460442731265753e-07,-2.061206719202582e-06,0.004170027986402987,-1.8245653829419628e-05,-1.4320188731959222e-09,0.00010757419476245518,5.182135999679196e-06,-5.521585211532968e-10,1.82375121634799e-05,4.673550420025845e-10,-1.028075689783567e-05,-2.922912134846305e-06,-9.091370394948617e-05,-1.3898141887393895e-08,-4.2381739997475046e-08,0.00045146873635803185,2.9122523274712627e-07,0.017367578472675164,-3.024460924134049e-05,-0.004676427687732313,0.025342199198895608,0.0033461855380399713,0.002893712734151403,-0.005084772442429358,-5.1002293065316986e-05,-0.00025777911120713576,-0.0065292176730923435,-0.019377393277883428,0.0004312361804062388,0.019291830572489278,2.4848556774999027e-05,0.0010974985531998678,-0.0057193300740784716,0.015504471889643162,-0.0018616684615480423,-0.0007312801631868286,-0.0006306626919190988,0.002109365526910979,0.0005490711079061876,-0.22207036447416964,-0.010655820621880143,-0.11905070829208805,0.3344463805726123,-0.33505570122649797,0.013464432420567595,-0.008529619887365837,0.029773874728008642,0.04336672569981012,0.013391141242200671,-0.006702173605347908,-0.04165674064973428,0.00669368230154434,-0.07921499813184041,-0.11514764091447008,-0.11707583946032595,-0.21092038290195958,0.04227456667095592,0.23205746816230857,0.039701449651267505,0.0608102317554995,0.012488765397377269,0.17723856246176,-1.3984835825202496e-14,-0.048495655039091694,0.07712118240128081,0.09698435406896157,-0.08874893897212101,-0.018360112209075213,-0.10536418977253773,-0.04528278090799012
43,-1.79797736172645e-12,-7.388141269861968e-12,3.0828330984480055e-12,-2.467210371013936e-10,1.409869001156501e-09,-7.947134030467904e-10,1.2819262349410985e-10,2.606275854813694e-09,3.8711437770844046e-05,-1.4643208916200386e-08,7.50575693180603e-10,-9.37912508610336e-14,1.2319298555420095e-13,4.72334580962402e-13,-0.15309611372154933,-0.0002220019307919911,-1.4870481825663342e-10,-7.37488293901991e-09,1.1069801239795305e-07,-0.0002291361056622903,-0.0003362543455224541,0.6363166028736316,5.583050621942015e-07,0.27299115916995953,0.004052438898849137,5.662975300836363e-07,-7.04673009465377e-07,0.002443044267159972,-6.6437028227620195e-06,-5.320808749046519e-10,4.370698456832751e-05,-2.37397101872385e-06,7.661203118916136e-10,-2.3526157771373766e-05,-9.067304096064409e-10,-4.424365474627959e-06,-1.4312654703451668e-06,-4.1271602823593884e-05,3.634128802624568e-09,-1.3577895194054508e-08,0.00013849572770583863,-4.510151506142378e-08,0.003525593116241864,7.302252579876836e-06,0.017965644822987358,1.1763781233795419e-05,-0.0013847991959174777,0.0014104408346433867,-0.0031976105007273685,-3.8716726641092234e-05,-0.0003791818458164629,0.018342383386656842,-0.003920539311420376,0.00010208390382975102,0.005879075389706497,5.680586770209893e-06,0.006332888530916046,0.014835588198675202,0.002891370596129843,-0.0009107981894989849,-0.000584074427989345,8.625753322477276e-05,0.0009936289567138196,0.0003686574908189127,-0.07844286310040562,-0.0004382371916962571,0.04224054749888181,0.1314838366745908,0.16672767522723272,-0.013824101266125741,-0.0061858839839382005,-0.028546200771149416,0.07715132056929057,-0.02448853571697436,0.08844029774680931,-0.06682081739674613,-0.2773823450151201,0.1647354864712051,0.039035594468962646,0.30984560875943984,-0.0008955325297108853,-0.009830840756241434,0.13502417785514073,-0.1112389581812498,0.11743447940439838,-0.09031761260331281,-0.12787316811685492,-4.258838802046373e-16,0.115464160411449,0.04819211200451626,0.13965688721004618,-0.06378726286367928,-0.010943996134645336,-0.08335176508533612,-0.32603407715478644
44,-5.955792694016292e-14,-7.38890498012076e-15,-5.322999422962047e-14,-8.748684436572425e-08,1.5114185693581145e-08,1.4132438482259863e-07,1.4282869206089015e-09,2.789749079713781e-08,8.155601616813212e-05,-5.57133745161946e-09,2.8738485216222333e-10,-3.619550536878801e-13,3.5639120172815816e-14,5.283091837918536e-13,-0.5269617337980217,-8.745062910824479e-05,-4.372382830059701e-09,-1.121075340138288e-07,3.8877368036177853e-07,-0.00033910680044929424,0.013973251994708993,0.07166181300288345,6.403321813688521e-08,-0.4624792133200329,0.005007808790716789,-9.60171671395028e-07,1.337194686620002e-07,-0.013453466860893644,5.113639469187192e-06,2.41183824136959e-09,-7.21247081160337e-05,-2.3276097190745907e-06,3.503915441016072e-09,-4.183654380475341e-06,4.852867653013336e-09,6.1693415681754675e-06,1.7021895156070234e-06,5.1273618109902266e-05,7.469158176180396e-09,1.0065386638705284e-07,-0.0009720828761965308,-1.2378526335422555e-07,-0.011205625179605518,1.4382736009227356e-05,-0.003142822808022781,-0.007346057341742006,7.968565905083926e-05,-0.0007412915140555509,-0.014004367088208083,0.00029275145784547367,0.0022123630783740813,-0.0017202365812337243,0.010271718832069454,-0.00030088236444477523,-0.01143277481659722,2.409569787554581e-06,-0.00019670554254269052,-0.004213262610117078,-0.02422968887355245,0.003380983208131373,-0.0011119428731011928,0.0007747939353382871,-0.0361705865865049,-0.000578042277854408,0.2123255676014462,0.007026211690367804,0.009422658207369686,0.040095025346826164,0.02075063246470033,0.00016016242190868894,0.002515915128587355,0.13195261962024463,-0.018200303084154275,-0.20715102311470518,-0.11884364439883281,0.4171776327932939,0.00755860740935328,0.01899030434702488,0.22938662711784827,-0.015171556239886403,-0.11246848692670873,0.011324294376266458,0.11523848155429277,0.07703242545828469,-0.1593837240531279,0.07025776941702079,-0.0047264094971271,7.118085340843338e-15,0.01953651868392663,-0.08029393795582115,0.11078614872523077,-0.09683434373266948,-0.007602833776001412,-0.2384131263035654,-0.057028305597986335
45,4.9461456245762056e-14,-3.3838129968478147e-14,-5.075012475144797e-14,7.26520239345313e-08,6.911990259594311e-08,1.4156283694510604e-07,-1.1704944372231422e-09,-2.285569333695307e-08,-6.837185538450018e-05,-2.0959645227821482e-08,1.1272919529198453e-09,3.05143032326239e-13,2.3091054477249885e-14,5.5779885187715244e-14,0.4447590790912434,-4.055416830045421e-06,-4.1295405592628256e-10,4.535587203637428e-09,-3.2746748278439076e-07,2.3704802305532932e-05,-0.012396776279772986,0.30474594865545274,2.736142925834996e-07,-0.46152045562059113,0.008549218119906556,-9.600006929451665e-07,-9.071609324515811e-07,-0.009371454476599247,-9.083612237942699e-06,-3.144606018975478e-09,7.545202486082013e-05,2.6186436567176433e-06,2.870139951821469e-10,7.121454555600256e-06,2.1914892874396884e-09,-5.313804981286216e-06,-1.488275652409933e-06,-4.9675215903852205e-05,-2.156383387543665e-08,-5.3252330274812235e-08,0.0005954221295418603,1.79627926714506e-07,0.013153843837260981,-2.1992910076285263e-05,-0.0032198595131780593,0.03318779693878546,0.004295220529013327,0.003672983448207208,-0.002064701790382089,-4.1795330473158484e-05,-0.00015988803295195384,-0.005307612458784868,-0.01567702405116464,0.000355838133369913,0.016786697420557536,1.9494143193791148e-05,0.0009135176835096701,-0.0050644107150505935,0.014907507742741579,-0.0018725206133344476,-0.0006462948600150162,-0.000629163388797811,0.0029290394149275767,0.0005466870489237318,-0.2200590761290555,-0.01051465354122033,-0.11627070870145202,0.32520893569578463,-0.3289642230009635,0.013382491772021958,-0.008440466711316515,0.02947957879108615,0.04025330566209469,0.008558241734136017,-0.0053342542655930745,-0.045612815995683814,0.005289737306400328,-0.07979236760422853,-0.11746934808616584,-0.12005896467907147,-0.2123027692615902,0.04230486838237814,0.23660164578122045,0.03569537755245529,0.060803739483330545,0.017721508680136437,0.17714768091915375,-1.3396839296828375e-14,-0.047176517494119136,0.07564190615871548,0.09713548078582708,-0.08677443590515488,-0.018228043754316983,-0.1073523961491364,-0.04497029266042673
46,1.7307049617821894e-14,7.108753078033606e-14,-2.941051254037297e-14,2.5433332032370655e-08,-1.4536835292230777e-07,8.196404208526496e-08,-4.0960321639771517e-10,-8.00137600025809e-09,-2.3493123687725474e-05,4.5021102097298075e-08,-2.4004012777809205e-09,1.1415777532103213e-13,-9.264706494960001e-14,-5.179821357651526e-13,0.15213836118112725,0.00015309570328262377,-5.448174722415639e-10,-7.636473422162419e-09,-1.1218853153080281e-07,0.0002873899130685333,-0.0022215133167690832,-0.632425936579177,-5.668782087645331e-07,-0.27144897130851825,-0.01616759647834614,-5.661616452803533e-07,-3.869966493932871e-07,-0.009103262276114351,-3.6833819946838494e-06,-1.3932128600062724e-09,3.132411306346538e-05,3.3285574093312224e-07,2.774091637959322e-09,-5.004949161240988e-06,-1.1072143302501822e-09,-2.113266605437715e-06,-6.54464212793721e-07,-2.0851501754022954e-05,6.4266278875311695e-09,-1.612023509120015e-08,0.0001738470955734247,-2.119400511721019e-08,0.002734103841257965,4.553607390891565e-06,0.012811902772801195,0.0001671020082142451,-0.001798528685663734,0.0019042958753510977,-0.0014994013961327603,-3.9012112101157186e-05,-0.00040276559385750356,0.014909530505675728,-0.003191238289238851,8.566465058555014e-05,0.005095722334257713,4.167694073542262e-06,0.005530960189742556,0.013482020607777716,0.002966186206963282,-0.0009585269698677156,-0.0005268057193446506,0.0001001622567581277,0.001445674548402674,0.00038750959223651343,-0.08112134709682774,-0.00040680498792647135,0.04431245073849039,0.13591904569082025,0.17348563718126508,-0.014285595794008446,-0.005912708301719737,-0.028511261067359656,0.07861972218307002,-0.026497827114772634,0.088191998180396,-0.06861585702687757,-0.27566018489910044,0.16756463216811582,0.039618868707894966,0.31045649230329125,-0.001253642670380694,-0.009887248178232935,0.1355381723729895,-0.11149555977454179,0.1172630076772113,-0.08990954941380168,-0.12773741462283708,-1.4061645033581977e-16,0.11265234468590815,0.04707075462003054,0.13975593788054902,-0.06276685116055249,-0.010560421407194386,-0.08363019742357404,-0.32878850828409467
47,6.168218811862313e-19,3.289216834779293e-20,-1.0593085036709167e-17,0.5308884611313824,-0.06609102546645616,-0.4621027210597116,8.935289206313503e-06,0.00016159033045245468,1.147390782565463e-08,-2.1601365648078542e-05,1.2217734030361891e-06,-2.391909757169497e-16,4.5719476559221964e-17,2.4601066071435487e-16,-0.00013305467292458112,-2.53171102846885e-08,-8.419563590920125e-06,-0.0001708508948164884,1.659512560621203e-05,-1.5097754859471326e-07,8.999976561377555e-06,2.595849188320964e-05,2.5259383492788067e-06,-0.00023686088516752509,5.079175800877611e-06,-2.5466584689451833e-05,0.001549991175545708,-2.024796036366001e-05,0.012030563689484432,1.794126242160636e-11,-0.06507896246270696,-0.0017635944305162397,2.3058015772840605e-11,-0.0018352284372527019,5.940257406108545e-11,0.0012699171431821011,0.00031596464240327127,0.006230156791765683,3.999605533773487e-10,2.3448734158033313e-09,-2.1731187891560714e-05,-7.068988777382438e-06,-0.22423142584257172,0.00033229661634795877,-0.06340591762285781,0.0017684394255943468,-9.175179283819559e-06,0.00011633049034616739,-0.36080734474527765,-3.1586256190320665e-05,-0.00023410855951638184,-0.0004781244037456865,0.01992858901136373,-0.0008348030455525172,0.028493417807920345,4.221212222747627e-05,-0.004321258356641676,0.024304668523409404,0.13230591367309627,-0.0002847020826462373,0.008765370726134569,4.961400668543417e-05,0.19772801401088344,-0.000979486418523688,-0.020793743025192362,-0.0010824006488704089,-0.04804274926629343,0.018541641373612142,-0.0034551890489823408,-0.012862549357011553,-0.006216809099601446,-0.030527985735158587,0.017237523639282618,0.1494261896023365,0.16388034572205498,0.04307133954672149,0.0646446791489412,0.21344007340072452,0.06280121613357575,-0.0004518357695266247,-0.02557917366212698,-0.013643579495484347,0.05194885531024839,-0.19515339056758924,-0.17884240995403272,0.04600577516288409,-0.014464864478311407,-9.280075223484514e-15,0.002220049686158037,0.09919954610240313,0.13408247168329848,0.06700149064756875,0.015571475668050084,-0.039262849953474004,0.1831818354575603
48,-5.121369473389313e-19,1.5028210763918958e-19,-4.89514383474711e-17,-0.44078688522960024,-0.3021679520534152,-0.46272320508812437,-7.1401496675445044e-06,-0.000128924669285964,-9.582239996542922e-09,-8.641966973822706e-05,4.993317166077349e-06,2.473897286331041e-17,-5.245867976278039e-17,-6.660328626696169e-17,0.00011152756184851684,4.365915322192139e-09,-6.212976927749096e-06,-0.00012414124487192623,-1.2551785066680425e-05,4.388474177297461e-08,-7.854460926972362e-06,0.00011056247280788935,8.05632272835839e-06,-0.00023547515141123933,7.395360062910188e-06,-8.997315696400572e-06,-0.0008840169348410238,-9.822676441432467e-06,-0.00612912650535108,-1.9584834864221406e-11,0.022324447990755992,0.0011194471973231934,-6.261901904146926e-12,0.0035330679522634304,7.275615547325921e-12,-0.0013273598463505137,-0.0003714794827606438,-0.009214032106763012,-7.025708435826488e-10,-1.7510698559898034e-09,1.7205951584732824e-05,1.8590491848880146e-05,0.3656983101301886,-0.0008143131028452987,-0.11507722089461853,-0.0033885935202529103,-0.00024395632899357875,-0.00013243163712817318,-0.1890942899200429,1.5128073187038908e-05,9.680544374999494e-05,-0.010032323833711982,-0.09077659782973085,0.0016301034029461258,-0.04901918886588181,6.194720429870489e-05,-0.006213155516059202,0.03508056696849771,-0.039261221134729934,0.00010613671744460962,0.006090317738514451,0.0001158137402112333,0.06680263191237713,-0.00041587972646378666,0.03609656324208539,0.0018337368249803938,0.07163709716306489,-0.05574876947466183,0.0363475109618846,0.012033655003951448,-0.017209042337943358,0.011853871062568038,-0.01883799370003841,-0.1322069528692633,-0.009399593564606241,-0.13046239292562414,-0.18275891432519914,0.19231384017965944,0.00430730593385026,-0.03147561520566515,-0.03211695043004882,-0.013608211351531651,0.06954382950686498,0.20595640561702305,0.06012950331892607,-0.08653903939891618,0.16618682367016335,9.777909790944678e-15,0.07342022694907753,-0.07336331633546932,0.10814211189267439,0.09360098766529065,-0.04984147011389414,-0.03669866722504094,0.24250411518278897
49,-1.7931526668823555e-19,-3.1614738358637326e-19,1.0337411815898817e-16,-0.15433482434157364,0.6356616783725455,-0.26800577147728283,-2.511675386354922e-06,-4.539366177012026e-05,-3.3085091052524744e-09,0.00018356762777308418,-1.0558753465492917e-05,-9.447319070384924e-17,-7.46926781245082e-17,-3.7042310713561903e-16,3.837219562416836e-05,3.533665571441376e-08,-3.6283338539481966e-06,-7.347155994486434e-05,-4.4481348821302575e-06,1.1622385386503782e-07,-1.7837300300289097e-06,-0.00023092997949617487,-1.7500655565122368e-05,-0.00013927067531273093,-1.62714550373131e-05,-5.827851932476998e-06,-0.0003267261432170639,-1.2586219025822635e-05,-0.0023493677737850545,-8.01161616038023e-12,0.009653461388477835,-0.0006847084039205739,1.5307569811457537e-11,-0.005198453580929231,-2.3501747281745552e-11,-0.0006095118455615814,-0.00019756975194740176,-0.004529731829195606,1.263243863615131e-10,-5.749266866743089e-10,5.460826343665889e-06,-4.099575764608459e-06,0.06994777743548525,0.00028396772777104806,0.4157718751893305,0.00030350125986281515,0.0001833950350301777,-0.00013016386244416503,-0.10686450479427982,4.738009667839636e-06,3.781980284786946e-05,0.031455701295952196,-0.01896452565365058,0.00037608909230870666,-0.016485939185604894,2.0672603079957604e-05,-0.03373745037451093,-0.09000212471283914,-0.0005208460710326398,5.348029077442023e-05,0.004969626593024797,2.0431687396888042e-05,0.031527115702972286,-0.00020316917281473052,0.013077971786918,0.00025470915966587193,0.009754576773166527,-0.019874891346872155,-0.02753308894064324,0.006193777122855908,0.028160638702331823,0.01518928670795129,-0.022102064898331334,-0.04451262100156894,-0.0965773474263241,-0.15404216073481206,0.34667190121972086,0.18604712433157447,0.03123157228299039,0.0767185117774438,-0.009576336398208336,-0.012051537554801399,0.036023519605125474,0.12512678190410206,0.10558763422038688,0.07261653495283882,-0.12013086307681888,1.37463735022694e-15,-0.12838799061848497,-0.05191737204673639,0.15187168854993735,0.025935543799652287,0.04498524199158754,-0.02181710384845797,-0.07718995404198922
50,-6.266953395916923e-22,-3.2868095074093305e-23,1.0863839199536317e-20,-0.0005435889944207161,6.772717424626177e-05,0.000474003109716475,-0.0007351420544375633,-0.012877770309222793,-5.594343750934709e-10,0.001662683050327918,-9.757084833891716e-05,8.407742061913987e-18,2.354688642203387e-18,-3.236289627119323e-17,9.301181852444822e-06,1.9220867431521122e-09,0.0006266761896695104,0.012232884454162181,-0.0006358229900643839,1.557623846822654e-08,-1.219177150417653e-06,-2.0324550349614537e-06,-8.914405586479872e-05,2.249654707954825e-05,-1.1006431497228834e-06,0.0007540133212129409,-0.02446727715352016,8.671685945161774e-06,-0.17086822956391468,8.830835437932917e-12,0.7772100294202765,0.02001150867960638,4.6890518322744355e-12,0.017139609536374976,6.5600606330570394e-12,-0.006989848486980607,-0.0015267795142562802,-0.019689401566071716,3.224663085689405e-11,2.3984048902906903e-10,-2.4283743931826674e-06,7.495358459570281e-06,0.025157629495848204,-7.092915625299696e-05,0.006595741384372771,-0.0006695793803633351,-9.792208669000831e-05,-0.0001604804437331951,0.018677008383389888,-2.8874535352016044e-06,-1.257426262361312e-05,-0.021898235093166796,0.07639326188709834,-0.0010689175413855412,-0.031158721715718124,-0.0001619380091785016,0.07431191036218912,-0.0715502418924577,-0.31231868478715885,-0.00027031230100519395,-0.008193635844778654,-0.00028901412522455835,-0.3358837002936042,0.0018626566215221346,-0.041775187812787024,-0.0014299619124281545,-0.017268112746929007,0.013091055319229382,-0.011152184941957567,-0.01697412744020231,-0.006868958095920306,-0.0262786957054333,0.012522005136383513,0.10430284243611883,0.08658488295178203,0.0026788990795287146,0.034697793297466764,0.11698038593611414,0.01919013548235394,0.0011816869820784196,-0.005395524992414442,-0.0007531090746512863,0.024106139836941494,-0.1311602739470512,-0.1770544383896983,0.022142478156054378,-0.015790133104469327,-1.0608526777777255e-14,2.703760766610963e-05,0.114027009978686,0.1331979794883524,0.08140885071425272,0.010954988943545949,-0.004072060221221032,0.10361034987018362
51,5.18979867057796e-22,-1.4961284325781137e-22,4.9987481166079594e-20,0.0004501479021581508,0.00030851830572954837,0.0004723216207001117,0.0005674395297165585,0.009911976869532735,4.109807141575148e-10,0.006790025901418999,-0.00040445296287955655,-9.455622816356595e-19,-3.776025155748508e-18,-2.9234790324957635e-18,-6.494465622347074e-06,-5.63131412853783e-10,0.0005355499509675428,0.010366670116457763,0.0004429157735774346,-5.585282914121538e-09,7.508580137811684e-07,-6.372413332654935e-06,-0.00030116950660554734,1.3190521452713197e-05,-5.59985179833845e-07,0.0004488605555438129,0.009625724947425815,2.24088217723514e-07,0.05186960353412512,4.601985329194492e-12,-0.06056851895082816,-0.008064965807636255,2.9297310307125453e-12,-0.03308459228464005,1.7093326040512784e-12,0.009443243793485614,0.002708691958628937,0.059912855537423086,3.9216850635685534e-10,9.421288945192615e-10,-8.817979670956975e-06,-8.759817406884525e-05,-0.42166144699082564,0.0014863164628331172,0.11208446349669045,0.007250274607715072,0.0011053206263793673,0.0011926905607242977,0.117330567659804,5.090363682797042e-05,0.00037101702975844323,-0.22022680091404515,-0.5100106837811589,0.0073317480360548465,0.4972324353990881,-0.0013499696234947158,0.06007333914551333,-0.14012715899293912,-0.04422369983997604,0.0004156723684133957,-0.005609774383872233,-8.1734738674789e-05,-0.25786767372259595,0.001296385021958146,0.015047184473915237,0.0009742572765100167,0.006860476561526359,-0.041175753164549016,0.03962848366382663,0.008147240010435534,-0.012160611825636151,0.004048805070919737,-0.010678327414031139,-0.06395549947990459,-0.0336827022378189,-0.07075582481405997,-0.1046618206781413,0.11426585728194638,0.010747288017960861,-0.01085992227274387,-9.857846696882903e-05,-0.004681177117183074,0.025968309949922504,0.09042218604067769,0.05924740577961855,-0.05052585221223587,0.16112075320681918,1.1584646277421772e-14,0.08291152971389255,-0.08617554994512797,0.10635607698254436,0.10877016147169428,-0.0028471657289610647,-0.016864320172658438,0.14013056622640896
52,1.8171180340168526e-22,3.1475282133335416e-22,-1.0554232987830932e-19,0.0001576125674879672,-0.0006490206889480792,0.0002735648827118957,0.0001986490560013442,0.003473812389993018,1.4253567016024063e-10,-0.01428413916493902,0.0008480329256488624,-1.298661721715351e-17,3.00813095329914e-18,4.726275279376375e-18,-2.2487437400503976e-06,-1.7112352312063354e-09,0.0003078967598615308,0.006011526344794399,0.00015522994501838101,-7.806242446720599e-09,2.011102274793003e-07,1.3440071024148499e-05,0.0006358990484105145,7.935327193465909e-06,1.6296828097718497e-06,0.00026277455973131817,0.0033807191878044824,1.0989230538811595e-06,0.018925239318832766,1.7608963051302555e-12,-0.02828788742507327,0.012016559067868816,-3.201584408689003e-12,0.06335790482520041,9.467105530282239e-12,0.004782670734643642,0.0016155161350553393,0.03249618565440575,-4.291416931199579e-11,2.904006518196509e-10,-2.6357742017483216e-06,2.2651263243722438e-05,-0.07718144023836117,-0.0006588630026678428,-0.3851898063190402,9.94450324517277e-05,-0.0002643889530960314,0.0004345328461909863,0.06117524100158177,-1.6310402806730863e-05,-0.00021439883272115676,0.7044934074503705,-0.11246654271470559,0.0014533528822126154,0.18759141558337808,0.004571186297703077,0.2070206105678533,0.3007838024559104,-0.06538964834468937,0.00019542271930716182,0.0004309500946906699,-7.85744167512337e-05,-0.12833097221871248,0.0006367892756388768,0.004074881264464549,-1.4912753623855085e-05,-0.006578411972077763,-0.01545861228552321,-0.017727521257760576,0.0038081414691716856,0.017732934179601888,0.0076751386520038205,-0.013769563319941433,-0.017668614689606173,-0.05890985222240347,-0.07748965657287744,0.19322278054098715,0.09229320879571862,0.015772105669142143,0.022570979759335124,-0.005151300275554583,0.0015203252119120726,0.011728783624636033,0.06193496215689282,0.10180559599272156,0.041813629258090006,-0.11659354944364432,1.5642086432244834e-15,-0.1481437094433025,-0.05984804346088862,0.14966144999109274,0.0342032872160449,0.0002953599707361726,-0.008063477187454473,-0.02361389881141585
53,5.440983596360231e-25,2.804615285325881e-26,-9.522313244594643e-24,4.756855990508871e-07,-5.931369341031141e-08,-4.158305021690999e-07,0.03092648689269339,0.5235274803105812,-3.4887279779918927e-12,-0.06520730399133688,0.0039787575660530546,-1.065022105518815e-16,-2.9526319208901013e-16,5.622521082449305e-16,4.814058519625286e-09,-1.3814588855667386e-11,-0.024350881818445462,-0.4559631029294063,0.010959506364701367,-3.3653460579642745e-10,4.4509463889664126e-08,1.915284269142868e-08,0.001373714204801707,-5.021913664912106e-07,9.852796232615687e-08,-0.009589954970152935,0.07791156891524903,1.8801038687143832e-06,0.3386606744129939,-8.489734850128887e-13,0.03317154200991201,0.01110003235257168,-8.841436363261391e-13,0.041701953366994636,1.0492773756663978e-12,-0.0586644030479285,-0.015061971746584128,-0.29679607818892845,2.2526397890435802e-11,7.759991792348223e-11,-7.743249396994271e-07,0.0002607906998041476,-0.03961219176064759,0.002102193902126439,-0.005237635556012953,0.0009987416947274932,0.00020555794649643346,0.0003032984757598395,0.012896949991578411,2.6246910461085453e-05,0.00017255114928515036,0.04975574334331741,-0.19669572830118728,0.003082109342731882,-0.2454163484736507,0.0003592269167852844,-0.22839785153887018,0.05720366664794108,0.12885285174049826,0.00028378526453555876,-0.007296780466023154,-9.682976577628723e-05,-0.18336354720181217,0.000951941600254051,-0.0035743521950428285,2.8725659358218747e-05,0.0405463478869222,-0.000755668730259564,-0.011557392728668722,-0.0031923851433636125,-0.00031620201781555575,0.001327433554858055,-0.0018568582798010698,-0.01827182593216837,-0.055700208874574414,-0.03991781393672486,-0.018724708271441407,-0.046205523779234314,-0.03903592878527239,0.002797923780221643,0.019501869216453718,0.01479006696306213,-0.015375659208055108,0.024123910821721904,-0.1725931423727788,-0.01622962548530058,-0.017295575480169294,-1.1429485396290889e-14,-0.002557217394272575,0.12629950508111887,0.13055432041542156,0.09502858448594967,-0.004288239329995257,0.039136820112684205,-0.03756177393634664
54,-4.511125739079167e-25,1.2754145199953604e-25,-4.375240837458197e-23,-3.9438674460508256e-07,-2.6999801434669244e-07,-4.125188988837534e-07,-0.025681226121443912,-0.43454442728785425,5.821767809003104e-12,-0.2981061413107305,0.018301496125548565,-2.305828599507009e-16,1.8105511121073338e-16,4.299545587084416e-16,1.2276006782850717e-07,3.037230731699057e-11,-0.024405303204756805,-0.4565721599844609,-0.00912370438824333,4.452002785147065e-10,-3.7965892958212403e-08,3.578097010054533e-08,0.0062490169527373626,1.8490082207806998e-07,-3.244996762652875e-08,-0.009571092168122223,-0.06507245479805628,-1.8462481158450233e-06,-0.2775239630243442,-8.309759476070548e-13,-0.0665022592547009,0.04470760184733214,-7.287696802050788e-13,0.19267003908858893,1.114637687798371e-12,-0.05622279474407477,-0.01569950194471547,-0.2996240720354811,-3.308538136256493e-12,3.587702301307062e-11,-4.2117735571272947e-07,0.0002898053580451964,0.04100217023105507,-0.0005906057812848194,-0.010539409372088946,-0.0012099335227384685,-0.0002673759037806181,-0.0003293118067126223,-0.015485652638592076,-3.040981446485683e-05,-0.0002125945661529973,0.0453334522169624,0.21216359250191566,-0.003315072870577183,0.1614512133745453,0.00022005064766521945,-0.07096110230810349,-0.09887719576939459,0.2744792929642713,0.0004922624376123997,-0.008076797028123884,-8.147158479304571e-05,-0.19291644359573776,0.0009795226091535456,-0.0029851363209549035,-0.00014721023419424583,-0.06815432394783373,-0.005433964082770223,0.024147079802795728,0.00432351078128789,0.001327484269704905,-0.0006537064129916487,0.0008678888112681214,0.019751645659005536,-0.06626259886474277,0.017206320075998555,0.009073051815042699,-0.011282313070676545,0.015110294255828575,0.014928102164813469,0.03825944191353326,0.00635159145930482,-0.030445226103348343,-0.05419011048465331,0.058375645270530525,0.0025244333597113275,0.15430232813008085,1.4159303333431236e-14,0.09256196979923795,-0.10057798932730148,0.1031777722087342,0.12396065842528609,0.05155036240244773,0.008673836924778269,-0.020078434774265685
55,-1.5797737546906565e-25,-2.684102681546888e-25,9.23878419006058e-23,-1.3811314757317093e-07,5.681514552414421e-07,-2.390433409090749e-07,-0.008986889880933038,-0.15229500951936287,2.899601695552923e-12,0.6268279259760681,-0.03837167119923978,4.765657826392851e-16,-6.583386403404048e-17,1.5207461777971463e-16,5.70472288511361e-08,2.093586791006932e-12,-0.014050580012690534,-0.2645121015994831,-0.0031938130534018196,-7.932329116958386e-11,-1.2999123433276901e-08,-1.062317617568882e-07,-0.013151303011605041,5.461076484621106e-08,-9.193805668753662e-08,-0.005555488954649854,-0.0221610834447632,-6.95554742274121e-07,-0.09828880146402522,-7.840881403452671e-13,-0.011207627351422427,-0.09452974632934837,-8.628756984006388e-13,-0.409086598702846,8.000678051599063e-13,-0.030687105564350163,-0.009802300720189274,-0.1731018832668702,4.334511402446944e-12,2.4983996516413028e-11,-2.7333292887904646e-07,-3.066464068263691e-05,0.0066400530802732515,0.0011332753923208572,0.030582634098962013,-0.00010171549634127865,1.1038783453078385e-05,-0.00010229468028313292,-0.006228904530853741,-1.5085407302435776e-06,1.3696569962185883e-05,-0.19216124161138048,0.0524595578371704,-0.0007951887592554654,0.024679408374128232,-0.0011915086964500198,0.0893467566485782,0.3752482384720387,0.06930477614775821,0.00021113963876532527,-0.002597215721211254,-4.729605521085069e-05,-0.09087058887796873,0.00045962293710662117,-0.0014821062626407637,-8.648364327420696e-05,-0.01931040394912365,-0.0028336277303365174,0.0052385309662208316,0.0012077348944876968,-0.0021952151415980336,-0.0016500180133171294,0.0007965364329551491,0.011770761994012393,-0.0018940790948435353,0.03209208546268017,-0.042986164955253744,-0.042151379238478275,-0.005806579277683459,-0.044942822993788795,0.0006309275913149021,0.017582058357458817,-0.019398948521497216,-0.024161481258267215,0.0970152562924187,-0.007480743851786533,-0.11190887859850925,1.8004803263991465e-15,-0.16842690027433055,-0.06833264825934036,0.14607473277516675,0.042812136520617064,-0.05427948998958827,0.009291092433281049,0.038111961711449295
56,-1.3404040440207698e-27,-6.791386159507447e-29,2.3685906184321617e-26,-1.1809937949952045e-09,1.4740214163489042e-10,1.0368185356835024e-09,-0.031905057366531334,-0.035058199112788686,5.014584019835835e-13,0.004322290192179632,-0.004619919470861508,5.983274466024634e-19,1.4846680270200323e-17,-5.878945547426373e-17,5.176754892251108e-09,3.351800495182007e-12,0.028236328986046402,0.03064452337554728,-0.0017718395193530663,9.112042450096007e-11,-1.3515618729834677e-08,-4.35891930088059e-09,-0.00022321223813106305,1.7678792833274272e-07,-5.3479758627602275e-08,0.0015520902620435838,-0.1547509684436957,-1.746480876761446e-06,-0.24264642163631545,2.595927836705219e-13,-0.06317823560752231,-0.027611405540066216,2.267146403010671e-13,-0.03146360869953315,-1.2683590925111041e-12,-0.004632461107942048,0.6195926280147553,0.21840690940896337,-2.0689706391403357e-12,-4.126343625415085e-11,4.466336564856801e-07,0.07570919324053245,-0.021966506024847475,-0.5244820713608128,-0.002074211025916974,0.0006128470986068422,0.0001282142749503796,0.0001892294047862346,0.005362040345471262,1.605135132859538e-05,0.00010534562373135571,0.029773627267304238,-0.12282324636864039,0.001919315233982413,-0.1460373816778608,0.00021684637714118165,-0.13605968195221285,0.03974679655164875,0.0961875636929638,0.00018100030093690033,-0.003548896324316123,-3.356392109024205e-05,-0.07811662955974023,0.00039685831195210975,-0.0005845977135554377,-9.334557504920198e-05,-0.09852585622001744,-0.014569172313375022,0.03704703547378495,0.010414511291862173,0.0007545381553332454,0.00876818307003431,-0.007214766966206417,-0.06338463480163002,0.016455291181218357,-0.04026172462049111,-0.01775985978598883,-0.081501368064051,-0.049295470217051565,0.003415061642910164,0.024307929470866407,0.0176361723516414,-0.023406161018217266,0.112122575026672,-0.17242570997432982,-0.015495818596035051,-0.017383804932106527,-1.1644359530704665e-14,-0.002899688690853291,0.12829992214060848,0.13125335162540422,0.0981386845033317,0.005489206495756975,0.046995555515596005,-0.07065864177287108
57,1.1120322583658456e-27,-3.0837301793594293e-28,1.086152333831518e-25,9.79774920246032e-10,6.701884131512661e-10,1.0202210808220447e-09,0.026638639820951226,0.0290868151191373,-5.801946060960864e-13,0.01993165916801194,-0.01806221509590131,3.951512545803432e-17,-3.3331969757892934e-18,-6.998300806201359e-17,-1.4096758243207175e-08,-4.582682094486894e-12,0.026433876835173044,0.030788364774293597,0.0014739015378781163,-1.0007456188501976e-10,1.1370922124453419e-08,-5.115509442243444e-09,-0.0010100076499949752,-1.0842115637153722e-07,3.0580651092996216e-08,0.001545597496836357,0.13562154896492548,1.5202983004140268e-06,0.1981066403615039,6.903232310048834e-13,0.06959790089718018,-0.09351828495384538,4.370858148261937e-13,-0.13633911263031606,-7.645337263059334e-13,0.23604317410151412,-0.45529565801709415,0.2199829768758854,-4.506471741984302e-11,-1.2397405349506418e-10,1.1740391165982406e-06,0.3435875966565926,0.05534142526420487,-0.5211625664756911,-0.013007057120159368,-0.0011800143294565394,-0.00021813438206227774,-0.00025638060551862033,-0.017405489097551935,-1.8303531311782016e-05,-0.00012891273458635012,0.037617522871177304,0.14263707223845065,-0.002171597212005998,0.004034491483829833,0.00020416851776897482,0.0761247106059604,-0.09313809882999942,0.23439580809046337,0.000360124248868884,-0.0057301359506373535,-5.2977952044538865e-05,-0.12659039411264764,0.0006414262506440836,-0.0017784256901743711,-3.8676128517018296e-05,0.007300023506409438,0.0027806668822832406,-0.0035141649367360236,-0.001954501494905888,-0.000415610062188395,-0.003243836641808888,0.00242631922713875,0.022862136620458797,0.05172371517082886,0.04508718081925779,0.05289415968822594,-0.04301485495958658,0.016200382495752588,0.020633910069073794,0.04608092144992508,0.008579537896789639,-0.04254011106173576,-0.02553744600437099,0.05838651565959724,0.026251270432545704,0.15421433876339025,1.4949358497627978e-14,0.09496021957033986,-0.10387701036446545,0.10375822219482862,0.1278147898604451,-0.014002358140745769,0.013908747997371301,-0.062410401520639286
58,3.894499814974617e-28,6.492254009348579e-28,-2.2939213260084896e-25,3.4313337235686587e-10,-1.4107288280488727e-09,5.91814348521584e-10,0.009197263444321467,0.010206755537695058,-2.623656676557029e-13,-0.041890449619606,0.038486808574473064,-7.527084307961795e-17,-2.1013922576774862e-17,-4.659001630558392e-17,-5.96380748668409e-09,-5.061234818544996e-13,0.01649190673662422,0.017768016088545464,0.0005163199026284036,3.2719212106104218e-12,3.9221102364667485e-09,1.763473648048433e-08,0.0021256480378215427,-3.771179204100488e-08,3.541821352997811e-08,0.0008963759710693172,0.04323294519573896,5.586518460065706e-07,0.07159114847775071,6.691527362818363e-13,0.013689984053193166,0.18750081451337836,9.061718022879161e-13,0.29852583636709223,-1.32536071066259e-12,0.114417614674014,-0.15320162395861958,0.12665614839867811,1.581205987302938e-12,-3.699548444340483e-11,4.067005326156916e-07,-0.7211959295555463,0.010547212894423619,-0.3068430766751892,0.04782814994371014,-7.208214949249899e-05,2.5601920498556347e-05,-9.125656618603911e-05,-0.008512334955468772,3.6866537304413923e-07,2.387139821829431e-05,-0.16232847938152495,0.03825817901117894,-0.0005607584367826896,-0.00034616952569527763,-0.001020822566282579,0.04030388694660432,0.19892319116274929,0.04612862796511358,0.00011108760062274768,-0.0016013809203017225,-2.2203953309275823e-05,-0.04492574203514911,0.00022823192829943137,-0.0006718977647684417,2.0319088983832946e-05,0.03419532998444788,0.006384623543853224,-0.012540657484010592,-0.0038734020769717946,0.002290013424774836,-0.0018664412822337975,0.0033644661104307904,0.0035824924502850445,0.060831226805167546,0.05608460797823752,-0.09024371675005499,-0.06956331557327596,-0.009938364596492371,-0.05699078148934288,0.001807017470353213,0.020451177007613914,-0.025274029145023507,-0.01071421605081073,0.09665292098499001,-0.015524941277197796,-0.11176529352442914,1.6876567937239594e-15,-0.17256879399777394,-0.07001245140187082,0.14664014762792588,0.04468072780247873,0.1166738388866275,0.012533935244186813,0.04715015712081034
59,-9.83865895107992e-27,-4.983112403088497e-28,1.73875323742583e-25,-8.669754761339905e-09,1.0820410984026715e-09,7.612463875122792e-09,-0.02938610301674502,-0.5320580853271791,2.5585873223211096e-11,0.06616135443813849,-0.0037273157179053685,1.4513164951646976e-16,3.3046631000652467e-16,-4.725582319345072e-16,-5.110291539047146e-07,-1.0224476812440047e-10,0.022873230297102927,0.46339210905140205,0.0012359009257553258,-9.180920961272104e-10,8.203878637846085e-08,1.0464597274068277e-07,0.00015878742985436737,-1.343565999159298e-06,1.2368023565461524e-07,-0.0010854904503359746,0.07894544731746125,1.374361840514089e-06,0.3021787164924002,-1.0309142868385265e-12,0.004610778568493157,0.01097296138599478,-9.144940767567802e-13,0.036067920602959075,7.074310032079606e-13,-0.04139864467112175,-0.09658231815835977,-0.2582596552309642,2.0393770963481917e-11,6.368223825893221e-11,-6.296951743595702e-07,-0.010268732918421808,-0.04039177860126245,0.07481201253330638,-0.0055581775427540146,0.0010338265531484796,0.0002125619656434292,0.00031437619619719635,0.012466350908257666,2.697234791497149e-05,0.00017711778278452225,0.051825143660421596,-0.20351290541164296,0.003186116156588062,-0.25111222555802554,0.0003740252584735814,-0.2371551440058156,0.060525831273379536,0.14174732633019527,0.0003012409095549565,-0.007287690855895541,-9.115010092034952e-05,-0.17964193510166465,0.0009288165360687271,-0.001995210145872236,0.00011648921221144106,0.062087971827540014,0.0005594972214483339,-0.018206869720569924,-0.0043695255875379315,-0.00014406303259195577,0.0016040180893865448,-0.0017761472659298377,-0.017728065541211896,-0.07144506300604175,-0.04161171436999127,-0.021143392940715374,-0.04870011521724007,-0.04017604086597437,0.0027984112236863743,0.019925635942382575,0.015069316995862187,-0.01601637831016922,0.01930861048907087,-0.17243763294063502,-0.0179647421360375,-0.01733314003260434,-1.1390346738282528e-14,-0.0025835177838840827,0.1265584323311955,0.1302788042043735,0.09514789897249544,-0.006422661879049422,0.03993641434762984,-0.03943416127586369
60,8.1624842862167e-27,-2.262721586390486e-27,7.973481438034616e-25,7.192673897640868e-09,4.919868501519858e-09,7.488585958630046e-09,0.024399507795740776,0.4416821459668814,-2.3132867585189825e-11,0.3029806215394361,-0.017461559543168685,2.7970381800746923e-16,-1.9717549040430584e-16,-5.511149415327923e-16,2.6139110621937987e-07,2.5358513747432115e-11,0.02317778136115841,0.4641079490929202,-0.0009986803475933875,4.087073878070483e-10,-5.550170204253109e-08,3.0841990240342323e-07,0.0006931799527168891,-4.44882603819168e-07,-8.304230783369144e-09,-0.0010522602660461178,-0.06618567938627312,-1.6369931957627995e-06,-0.24432731821271983,-8.799168502793362e-13,-0.056939223183237825,0.0455845459364072,-7.231496164764344e-13,0.16942326622624124,9.386017234340193e-13,-0.07318806765937308,0.051594496174417186,-0.2649263102399938,-1.720149484268832e-11,-5.302274317847984e-13,-6.946091195649042e-08,-0.04737084491996382,0.055566802892693126,0.07146466482577793,-0.014233731010374402,-0.0014684182561441562,-0.00030926432217746435,-0.0003760881156704189,-0.019590659368865733,-3.3050830363558956e-05,-0.0002314827582215733,0.053239260440326334,0.23482426238648185,-0.0036513173027817223,0.1575728048695595,0.00026611909936685913,-0.08709033712244257,-0.09313504251037714,0.27577473049182144,0.0004826739154291065,-0.007997755168501142,-8.063890704715575e-05,-0.18760374414141273,0.0009534638856792206,-0.003873113610774344,-0.00021137472307369596,-0.08050308475289698,-0.0047082694083751195,0.026626720050233837,0.004911764478067944,0.0021903408954678386,-0.0005122734513494064,0.0011978820457258623,0.023069250861492658,-0.08292526795865737,0.017471466956931667,0.008440674553210726,-0.012689206300918954,0.01513779217945362,0.015293988656638299,0.03885557636225007,0.006526567330898775,-0.03128166911400313,-0.06429507161356192,0.05830897823994416,0.0018131247444243478,0.15397766869971946,1.4129869489485016e-14,0.09263677488975619,-0.1007084094147822,0.10289758329758104,0.12402914710373991,0.0622119215017027,0.009081736026429161,-0.021647126648289404
61,2.858566916020126e-27,4.76378372702489e-27,-1.6839764316700673e-24,2.51894474346483e-09,-1.035621976121881e-08,4.344229448094403e-09,0.008540530198111393,0.15472889157322142,-8.985453424517288e-12,-0.6370076239528545,0.0365268017028536,-4.877492120653841e-16,3.60460430175665e-17,-3.9223327859539413e-16,7.786701997183713e-08,8.230065457526457e-11,0.013221582638552587,0.26895307218609116,-0.000352350543954142,3.962205152114121e-10,-1.6378526943073403e-08,-6.587518675927865e-07,-0.001463130387456533,-3.1098787607495107e-07,-1.3350801234129009e-07,-0.0006126322237384168,-0.02227192606063882,-6.514588766337089e-07,-0.08676440117315201,-7.485158083242625e-13,-0.008917217683914489,-0.09512559559871536,-6.516495272453258e-13,-0.360300226586116,3.9891702015381893e-13,-0.037718677326002675,0.013980147026709806,-0.1527599755006129,5.297087473786266e-12,1.1342029767710994e-11,-1.5083517735852831e-07,0.09992634266246395,0.009490813769667924,0.043642560581481374,0.043000393318328854,-0.00011086201632699075,1.8592651944875348e-05,-0.0001183659528509935,-0.008292632167292896,-1.1172879240942971e-06,1.998440689441048e-05,-0.21757507733537268,0.05744105496932104,-0.000863360312573991,0.020282716937216626,-0.0013551225366501354,0.08582716002404192,0.37734121509754287,0.07282014930178135,0.0002110118705957356,-0.0026788635978349886,-4.650055505090621e-05,-0.08972442519579314,0.00045430124250384654,-0.0017854883194724821,-0.00010180030767769179,-0.026844285174425293,-0.003424077244662581,0.00866967417645745,0.001760345726420705,-0.003723539838590153,-0.002036664925045947,0.0011286372167219208,0.014146325011315325,-0.007642203479957973,0.03374291972936636,-0.0472027263096502,-0.04439171336458202,-0.006188906153853293,-0.046240949767013616,0.0007170745878753328,0.017878880130433584,-0.01995301220952261,-0.02978071136143074,0.09689353265131856,-0.00860429605715611,-0.11172437783061971,1.5154874279156297e-15,-0.1687118398112631,-0.0684847058627774,0.14578729393633194,0.042884905640979167,-0.07947111565082948,0.009595155556505806,0.039545586912258776
62,2.543774875368121e-30,1.2663520963784332e-31,-4.5420350015735477e-29,2.259101093773768e-12,-2.8234502895834015e-13,-1.999825205294933e-12,0.5802390407524504,-0.03351097738785587,4.287457326075707e-14,0.005044137066872646,0.08301326849219894,-7.114625576827406e-19,9.06284235971785e-17,1.946374458924393e-16,-1.009723036660209e-09,-7.191036843173169e-14,-0.5122247657524354,0.02670353144611859,-2.6800177065296027e-05,-2.600343688375075e-12,5.765513901028237e-10,8.607215738158243e-11,-9.870247446761705e-07,-1.375654805544358e-08,1.130640981046552e-08,1.6038962457762452e-05,0.21267155260815646,-1.6234804438700583e-07,-0.044061739838585474,-1.7557623843084147e-13,-0.002562728327494339,0.04729102477669432,2.415892308437709e-13,-0.010982938601685687,-4.0561901724019604e-14,-0.18656850630853553,-0.08462175814573268,0.03551226811611128,-3.1231491089463323e-12,-7.068559262758065e-12,6.698163316863553e-08,-0.0035293160194619024,0.00993639066061581,0.03333354127505753,0.0010351990010604838,-0.0002955737011602918,-6.744202583327964e-05,-9.920545044497399e-05,-0.003677847174820467,-9.91637726928169e-06,-6.574040178976166e-05,-0.016565794656875382,0.06917801063000406,-0.0010979958798179854,0.11457557244002703,-0.00012131393067566048,0.06814403228601539,-0.008866984514093335,-0.04252327554812648,-0.0001021257452540959,0.003924791990831202,7.059437569604987e-05,0.11152904234183136,-0.0005918569992392906,0.003767177815785833,-0.00022550833802069154,-0.2591956733051301,-0.02999538162136895,0.09283842358118898,0.02617831978545045,0.00197077985864194,0.01723202176825472,-0.013249921921271144,-0.11467541678866072,0.106585070215289,-0.039145794182312364,-0.01452784546021262,-0.12064736199320346,-0.0602071326483102,0.004351491087844105,0.029558045829574196,0.0206540504616826,-0.0321996140498436,0.2140473751898458,-0.17332914769467161,-0.013328100364275914,-0.017278598674287188,-1.1748071066635443e-14,-0.002792974764420689,0.13100803289185078,0.1322851017942312,0.10172273145176758,0.014731043667782513,0.05544101217924948,-0.10820801781285608
63,-2.111126710161861e-30,5.7370091061116815e-31,-2.0770026711681213e-28,-1.8748634253588456e-12,-1.2814577175609226e-12,-1.936919226630668e-12,-0.48687068018743396,0.028175312063906884,-1.5249771856230263e-15,0.019906364430438743,0.33109145178876476,-4.618918169153169e-16,-3.4601808257824277e-16,8.007479755483399e-16,-1.0940528867874923e-09,-6.051962181474587e-14,-0.494095407614415,0.02570406837015392,-7.75604915523989e-07,2.6852722096582626e-12,-6.0984900324141e-10,-9.217385302759169e-11,-3.110160884431506e-06,1.3982428583467527e-08,-1.0568632320432487e-08,1.5792722077247861e-06,-0.2140516923698261,1.6737072478577103e-07,0.045432910129375434,-2.1480310309011415e-13,-0.001989098034493182,0.14695248254886048,2.244743459101123e-13,-0.03311489160355299,-9.295305589651097e-14,-0.21348596093115288,-0.014180858012119678,0.03869159941093154,4.174862630025448e-12,4.918807833714358e-12,-3.483931288189536e-08,-0.02407308769884324,-0.013496518044284405,0.04086266902567594,0.002838095506948888,0.000418973356883544,0.00010094560562429342,0.0001287731259759458,0.005456231894866676,1.4496450514233478e-05,0.00010097116606365986,-0.01585050891691599,-0.09185745324494438,0.0014652198718449819,-0.17226951833907553,-6.49107606748849e-05,0.23826571493913357,-0.037523385914842236,0.024828705426050937,-3.004600919613903e-05,0.0006900357363895224,1.0858355136147703e-05,0.027107583089490364,-0.00013806899444981748,0.0004980811317292276,0.00012480203939124117,0.11218819218295238,0.01386730086323826,-0.04176250028541903,-0.010448320782534078,-0.0027075792035858508,-0.006481743248074578,0.00436462511877898,0.02599971996666366,0.1996553219262346,0.07824008082214451,0.10587921548027487,-0.07969188366126065,0.01751676949427995,0.02718293563843297,0.054773581104172596,0.011019618770050974,-0.056122624379779364,0.011867986818862532,0.05832176571279456,0.055100642303916134,0.15458919120814155,1.5420408169873735e-14,0.09794127363843935,-0.1075627332896046,0.10456947881672539,0.13223373049360904,-0.09967923320121651,0.01970495718104633,-0.11185998566974513
64,-7.3933363370520465e-31,-1.2084377385163972e-30,4.387847760727247e-28,-6.565950874312767e-13,2.6985472341441954e-12,-1.12618253521851e-12,-0.16682202273024635,0.00960495755306155,-6.496690902545435e-15,-0.041779225765435184,-0.697302107734514,7.906948245278601e-16,4.890173821462069e-16,4.162707382569737e-16,-6.746130117809767e-10,-2.443139915629199e-16,-0.3022312123762344,0.015734902724428887,1.1018039601973614e-06,1.0564510593434505e-12,-1.7579182248639187e-10,1.352898809438373e-10,2.1831066557993747e-05,4.306547442048735e-09,-4.190752928041348e-09,8.428114508924391e-06,-0.060095153409176254,3.8291021606102934e-08,0.011752890870961881,-1.1266446037535736e-13,0.005121173425528254,-0.26139420457302054,1.3569056353347243e-13,0.0539679196653428,-8.480710963244645e-15,-0.1262341041387964,-0.016097608782315517,0.02168293043775029,-4.92933912616677e-13,-2.785699528770237e-13,3.679727089233974e-09,0.04836999848045962,-0.002199298474614502,0.020176295700582794,-0.007904631026000494,3.840565286229834e-05,3.5485006644642893e-07,3.080729855966418e-05,0.001786607921682589,9.472052174305453e-07,-1.3364777938939793e-07,0.05454957218258974,-0.0172816243958166,0.0002664781776702318,-0.015769275077861338,0.000335958971854402,-0.045209503835301555,-0.16534911835743496,-0.02592044186777144,-0.00010005810995094789,0.0008593833063047371,2.3073509771426434e-05,0.042792171078471775,-0.00021383046596021898,0.00068767768769647,0.00016032331034271927,0.09952077161629792,0.01756080787123699,-0.03413204863920469,-0.009969266570642251,0.007721707188513576,-0.002008843710074195,0.0063163874530765005,-0.0064982203059750915,0.13471095957088458,0.08280392668496546,-0.14232002337706734,-0.09943423296847242,-0.01427966763384197,-0.06987931319786228,0.003009756694053313,0.023476420458479825,-0.03155530453123903,0.00633945450205691,0.09717930232025616,-0.02418257895279119,-0.11218835586630455,1.6454067681970348e-15,-0.17761734504480245,-0.07235503269492483,0.14762740526611096,0.04653883307019062,0.3199045488379517,0.015891910502103975,0.056582608121394255
65,-1.4743698496814995e-32,-7.216066977707435e-34,2.661954122090318e-31,-1.3195878950585805e-14,1.6524117112540432e-15,1.1859676785193083e-14,-0.09675774328293692,0.005790423738796089,-9.950306409784619e-15,-0.000885454205542395,-0.014121448280052518,1.1820536752149968e-17,-1.667203751865619e-17,-4.984963559370316e-17,1.811493802592634e-10,1.8995226880904466e-14,0.08642886852746764,-0.004690728165169593,8.555662635583137e-06,1.932589047322867e-12,-5.232700062273548e-10,-5.203867671500521e-11,1.6504453090993502e-06,1.801013044411183e-08,-2.1389374971868415e-08,-1.2123516381927663e-05,-0.5280790915225081,8.588878007984497e-07,0.16896706135959,4.848623143666852e-13,0.026726334983217925,-0.11462837111288103,-5.982625627579058e-13,0.0355771048111581,4.874048490122756e-13,0.5181006512752396,-0.05846213748621202,-0.14060979598180462,1.3709546659764432e-13,1.4565094654572116e-11,-1.6350644876396302e-07,-0.02550835603076677,0.011983731039852698,0.15467521898103828,0.0015266536399618097,-0.00036908998775149693,-8.363542793052518e-05,-0.0001247490428362319,-0.0040783410240266636,-1.207917879347166e-05,-7.958460854531981e-05,-0.023486548331734334,0.08619318994521176,-0.0013644377937782907,0.13365899889190347,-0.00016812657905723778,0.11714167235419987,-0.02171179932169488,-0.05135245838132127,-0.00012697809811740228,0.0047006514791755865,8.209359575748339e-05,0.13171595792585525,-0.0006975635921204162,0.004250236834270749,-0.0002431172580809942,-0.27912144233117514,-0.03189005377131571,0.09976134274148649,0.02810022326576431,0.002138137675125854,0.018229097817216756,-0.013954079806121882,-0.12049331208574056,0.11532205273072613,-0.03931284114938549,-0.014652935838764284,-0.12464857745738599,-0.061414927052310324,0.004404888941113937,0.030057322629223643,0.020959414846154236,-0.033046828625672764,0.22516111948868298,-0.17341350755830057,-0.013350045335446446,-0.017259956601780962,-1.1869243853883713e-14,-0.0027855632971742596,0.1313252443473001,0.1323435995983888,0.10204977896280018,0.01679157916103948,0.05631176121147214,-0.11193564901856141
66,1.2238425627977652e-32,-3.258671776525986e-33,1.2125535893682374e-30,1.0953589931086262e-14,7.480935599810118e-15,1.115980911023839e-14,0.08082498376968644,-0.004842589161396294,3.2707947650722454e-15,-0.0033915863015873122,-0.054576606625530405,7.443943732805954e-17,6.350040780486316e-17,-1.323879636293736e-16,2.1900611663377489e-10,1.1476440054139848e-14,0.0803263283573508,-0.004337841683446972,-2.5738710861116914e-06,-1.7513112822399919e-12,4.81881727621853e-10,5.987245378573439e-11,1.1921178973082594e-06,-1.6141962731071233e-08,1.83391033485002e-08,4.446208412209745e-06,0.46500063570423894,-7.474113704516878e-07,-0.14812141000319998,2.871345702377467e-13,-0.014677404487058813,-0.3056040068888374,-5.74489808645806e-13,0.10259671066680587,3.0817538131558225e-13,0.370738524273985,0.2439377894048494,-0.12858188712800023,1.6069164784319307e-11,4.294838025335597e-11,-4.08543496092721e-07,-0.10965236669283562,-0.02715908854032025,0.16819243828452773,0.005769112819123307,0.000731449706476188,0.00016426240052942113,0.0002059718531202337,0.009967665673107199,2.1562308027537116e-05,0.00015043678407734067,-0.02640429959173512,-0.14044899865674818,0.002224685981334814,-0.2315698629161407,-0.000115870083271874,0.3292500593819625,-0.051660251773983645,0.02712680891183562,-4.403421718609004e-05,0.001064437435479986,1.6103420012582316e-05,0.03779126896175794,-0.0001932205054312979,0.000706948359271331,0.00013241790555908062,0.11637447259231133,0.014393055686190422,-0.04337046189542348,-0.010766024512329183,-0.002842572761825413,-0.006598351914541461,0.004426481576116701,0.02561770099171051,0.21142667657778794,0.08073267175727789,0.10978004659126984,-0.08284340310398583,0.017513197172404696,0.027680445995585324,0.055483991227119375,0.011234096491148477,-0.05723914534715333,0.015736526011502595,0.05831419937238648,0.05723618946898317,0.1546027258838899,1.560610855197486e-14,0.09815816388447875,-0.10782580413392065,0.10463279758109156,0.13259441918701978,-0.10532112617818423,0.020223044249088322,-0.11592745209724764
67,4.2858338682117754e-33,6.868505438385618e-33,-2.5628397476330317e-30,3.8359032737188876e-15,-1.576190063363867e-14,6.518621328993041e-15,0.027866011778856635,-0.001663652688639617,2.511830627737522e-15,0.007223017519372688,0.11648202799466141,-1.317329421777272e-16,-7.791516898524183e-17,-3.3320199302602684e-17,1.3653944877494231e-10,-3.602047583100587e-15,0.05047959660200523,-0.0027306572372453077,-1.4878761027152699e-06,-6.525999445048746e-13,1.4770560137738897e-10,-4.9528514202467994e-11,-9.099169777552631e-06,-5.194152244509801e-09,6.785696760414651e-09,-3.080044239248088e-06,0.14601086303939015,-2.29084106983501e-07,-0.04598361031447716,1.357592827534875e-13,-0.017880012865519372,0.6428747392837775,-6.146846138121232e-13,-0.20685869592713238,4.550281693923795e-13,0.29494190581268,0.11738007566480267,-0.08442630204831612,1.7193410299996206e-13,1.362859719191392e-11,-1.4927294678830067e-07,0.20720786157686033,-0.004677014159036375,0.08967786778739156,-0.01661983184915601,6.23990418251963e-05,-1.872997036561452e-06,5.0049496734594526e-05,0.0034995226303170595,1.1971746531044997e-06,-2.214579251598357e-06,0.08351433302057966,-0.02613461838948779,0.0003988079990362632,-0.019840577206522797,0.0005184143109451946,-0.050589555645512096,-0.21096524008614512,-0.033326173976293116,-0.0001237975836011031,0.0011399944226034044,2.8321980478584463e-05,0.05287082208007095,-0.00026466432990550223,0.0008440387622692313,0.000175589985966297,0.10643474785078108,0.01877003522639211,-0.03640666427558485,-0.010616234888027442,0.00833069116896277,-0.0020118897161375605,0.006634323804348539,-0.007643123427084674,0.1426231841138099,0.08565524174700768,-0.14805384527970436,-0.10260642411240205,-0.014744351457912265,-0.07126388933068142,0.0031264969191323482,0.02379144812014837,-0.03220816135631589,0.008213213575037941,0.09723863019848158,-0.025163366275072964,-0.11219822413498785,1.617528453656344e-15,-0.17811329437580323,-0.07260498853928694,0.14767774439566764,0.04671014668542531,0.34257102962335745,0.016238369106348426,0.05765366135519056
68,-4.583448511086607e-32,-2.2427995634331695e-33,8.276421234115e-31,-4.10265899020123e-14,5.137473114293927e-15,3.6884706289821787e-14,-0.4553376384335557,0.027786444943488163,-7.01474428196311e-14,-0.004119497444916515,-0.06478335194541503,6.482425068966034e-17,1.499578679742088e-17,-2.3149592211564405e-16,4.808569266925369e-11,-3.380094301097726e-13,0.4007876347435512,-0.022179621886480594,0.00018447145286989327,-1.2006705707972965e-11,2.0354310006215565e-09,5.115002858202582e-10,2.027751654776271e-05,-3.6515706600208354e-08,2.3318115244532245e-08,-0.00014955696914336418,0.3999866008866331,-2.7005349667026833e-07,-0.07565503800684774,-3.4357008127469033e-13,-0.004617065354811984,0.08322419560368673,4.115490135740637e-13,-0.018632164187018317,-6.604589538684419e-14,-0.34369536736136813,-0.13563570632620803,0.05871327425830404,-3.831869448202541e-12,-9.113624060260374e-12,8.776261044072611e-08,-0.0036907919402162865,0.011572948055901675,0.04332701041180057,0.0010686251636911007,-0.00034011896711001873,-7.71898926040382e-05,-0.00011293217606421488,-0.004194994386045409,-1.1241948725806601e-05,-7.465051058006644e-05,-0.017593303986751213,0.07846437083797746,-0.0012446303772732726,0.12958692379530523,-0.00013046922958030857,0.06336387998724918,-0.007049374424064279,-0.05181270255005521,-0.00011716662444860607,0.0042452943945069065,7.45515413460069e-05,0.11926979905735606,-0.0006318823027644676,0.003926587947189849,-0.000228308980349003,-0.2635329358008131,-0.03041604685820598,0.09433740126459636,0.026622704335103928,0.0019928495118995853,0.01748762029548782,-0.013435879502006318,-0.11634977615739496,0.11046807179532823,-0.03893027384861672,-0.014098423994416718,-0.12215500489435843,-0.060569961974886614,0.0044210614098475366,0.029778359090827225,0.020768061425495095,-0.03256363558458055,0.21765543319556432,-0.1733896408387361,-0.013084269506951737,-0.017281090159273853,-1.1986222490716729e-14,-0.0027734186504324346,0.13110689522255126,0.1323264938780939,0.1018662520806163,0.014395089927360615,0.05575770679448858,-0.10974312260767341
69,3.807594397341785e-32,-1.0138622283842047e-32,3.7739696686472055e-30,3.408202982733791e-14,2.328381552281603e-14,3.473668928019749e-14,0.39013924064384703,-0.02385631776334455,3.782623019142671e-14,-0.01700023839476081,-0.267910188399367,3.1745135450688794e-16,2.8046766677940132e-16,-6.907872165523682e-16,2.0157547254433755e-09,5.028588548887867e-13,0.4052073571140507,-0.022478988816216964,-0.00014187186027945275,1.2538607772474349e-11,-1.7445693027939933e-09,4.546330990571232e-10,0.00010343313924575079,2.7676299303359336e-08,-1.8650239095401008e-08,-0.00016596278197975446,-0.36472469935876134,2.53009764779788e-07,0.07199974250444989,-3.6967224550136654e-13,-0.0041323809560781365,0.2485570869403186,3.615974390596512e-13,-0.05206850422962373,-1.237345439672467e-13,-0.3526209867232389,-0.03868858093746506,0.058449093942676625,4.647888318720019e-12,5.212821598055295e-12,-3.498876879100688e-08,-0.02868246855373805,-0.014224957332772323,0.0482798678436431,0.003054691408706474,0.00042957005564656184,0.00010160692031124657,0.00012897426555597978,0.005635024877001234,1.4134775402177222e-05,9.847364565464985e-05,-0.01588450883852678,-0.09064002382524894,0.0014419814436103543,-0.157406483529819,-6.651973120804931e-05,0.2045250618787212,-0.023841895628900003,0.0014164953146455798,-6.286766522355574e-05,0.0011471378217170279,1.4476031041348904e-05,0.03695811034396168,-0.00018745481990460578,0.0006120051148218436,0.00013704113245764762,0.12040405270435105,0.014685561661495438,-0.044710239763856185,-0.011125062109271002,-0.0028610567214932252,-0.006741776553906804,0.00452497434019679,0.026549718604618494,0.2076377476747479,0.08010159736840272,0.1089243885576614,-0.08148688441980743,0.01765882361906998,0.027548368731105208,0.05521594248005617,0.011132120888358871,-0.056813564094753556,0.013352116830956037,0.05832401636282557,0.05675074521341345,0.15461782457275924,1.5308908165930162e-14,0.09811678890793968,-0.10777561272821976,0.10458546119921233,0.1324405412931935,-0.10505921572426317,0.01996980271725681,-0.11441137582267087
70,1.3323602148238424e-32,2.1347233561314637e-32,-7.967949863166677e-30,1.1926009382229641e-14,-4.900424802735692e-14,2.026252864870432e-14,0.13085186318810957,-0.007966585739716077,1.986163945699747e-14,0.03455265762670267,0.5469564808953407,-6.242128094879469e-16,-3.884037562101193e-16,-2.0557661462266685e-16,9.42148376783568e-10,7.100101488238797e-14,0.23714124206391363,-0.013097356431472924,-4.8283194439119047e-05,4.135279838447695e-13,-5.764561430561475e-10,-1.7928738353704163e-09,-0.00021247171281926037,9.079729128014295e-09,-9.54842876302505e-09,-8.954525188121101e-05,-0.10933584358360375,5.670299170558498e-08,0.01936314505974908,-2.1940937170800114e-13,0.009391688891431597,-0.4835251146349526,2.393351428178069e-13,0.09139545067370387,-1.6822482859169164e-14,-0.23049522159134955,-0.035409618596633774,0.03632702012907769,-7.586392590886652e-13,-7.235846402286939e-13,8.581276405309462e-09,0.06488992248345557,-0.002438362525285562,0.026626056353648852,-0.009547972563254344,3.893391040142636e-05,-1.0356672410321463e-06,3.383403433008254e-05,0.002050079972234659,8.823531861545494e-07,-1.4824353483586724e-06,0.06163068724938248,-0.018508801754930675,0.0002842832247033021,-0.015161829645344614,0.0003799532029657512,-0.050259657673431934,-0.17698791901288424,-0.02914696483689677,-0.00010814275886137155,0.0009535145770841703,2.4677526157881425e-05,0.04598221399136212,-0.00022988441398426608,0.0007355822684704106,0.00016546948491374158,0.10200416201088044,0.01796922061993275,-0.03495812374123801,-0.010199145531041214,0.007906954636913877,-0.0020211222642837283,0.006423824409401689,-0.006825335729588409,0.13739989511752157,0.08377081283516735,-0.14409860861255458,-0.10050094878370058,-0.014427881564492562,-0.07033325942636859,0.00305404184531328,0.023585142188713205,-0.031783648928889394,0.006930239462629894,0.0972126899296778,-0.024460333910403403,-0.11222821516576106,1.4790692463478076e-15,-0.1778222694735091,-0.07244741111181127,0.14767328820739278,0.04660199746802364,0.32686560932822734,0.016011205482866706,0.056891514833516114
71,3.6298845126709793e-29,1.8070310501415017e-30,-6.480529217996581e-28,3.2235617181683203e-11,-4.028499056822257e-12,-2.8534893220706028e-11,0.0030604630482281856,0.05736864217104464,-4.7597545277321505e-12,-0.007128690048630479,0.00038418133745409227,-6.7415661312075805e-18,-6.832635883649111e-18,5.3682691898628535e-17,7.974258900212949e-08,2.6256653703421137e-11,-0.0023618124222751424,-0.049996244832947796,-0.052265724518209114,2.162230696174097e-10,-3.7944369328934784e-08,-2.3308313923444342e-08,-0.006537627284963346,4.600567357670084e-07,-1.0147199183893779e-07,0.045631472443537095,-0.09260533946300233,-3.2163596644933154e-06,-0.4860219110324587,5.376125020467008e-13,-0.10497057895446966,-0.014304290534541528,8.274659146946209e-13,-0.06223958970842561,-2.2781174956563714e-12,0.15370802143706305,-0.3567661661558054,0.44687605818430437,-7.88702213747947e-12,-8.144084186744329e-11,8.831143851085114e-07,-0.04865064653763135,-0.024136286066987606,0.33562743861592725,-0.003964553675586744,0.0007543047856970073,0.00016029991626193832,0.00023964172684221512,0.005965670648559554,2.0342658292588656e-05,0.0001330618851633596,0.04095539374468535,-0.15636223446625896,0.002444079586423828,-0.1863037087470767,0.0002951192722869867,-0.18413800250956094,0.04993709076593453,0.138116454049462,0.00026887088197456304,-0.004903244852178021,-3.97651338324917e-05,-0.10979926442646078,0.0005519062765020153,0.006170981440351562,0.0005329448459288028,0.1610757047842882,0.007042331115953818,-0.0489976082814771,-0.009691140818867199,0.0006882045752404261,0.0028209958564037784,-0.0012655697969931236,-0.014348955848749192,-0.1405262039663321,-0.04813455648885522,-0.031303476330411195,-0.058437482536873,-0.044459993049301476,0.0027707651196934866,0.02142822955375782,0.01606724846912181,-0.01840929306222811,-0.0037099737019967755,-0.17146960218364057,-0.025181541707899553,-0.017538909169565284,-1.1301403600365856e-14,-0.0027174483257908074,0.12726044928773542,0.12877215479487597,0.09518003999585661,-0.016765764139509347,0.042836377619977294,-0.04671938159549088
72,-3.0125239932912615e-29,8.187335075164282e-30,-2.9637806055931142e-27,-2.6752973064264213e-11,-1.8285773094098423e-11,-2.764112787453524e-11,-0.0025412341653182884,-0.04762957394750374,4.107065001344929e-12,-0.03268619847299614,0.001824545936567152,-3.4588442791383465e-17,1.967164497593814e-17,5.789566432302947e-17,-4.649575088106244e-08,-1.1717448255082824e-11,-0.002422694219600545,-0.05009590630742901,0.043409187986881335,-7.71386056525213e-10,2.8969018774774153e-08,-4.8018534985810314e-08,-0.029781777358878974,-1.5685869991676277e-07,4.293842342849858e-08,0.04564279118521192,0.07724040711360769,2.9015437752942734e-06,0.4006579573446853,1.1010656273100476e-12,0.12266600095569719,-0.0525631353070859,9.447365114556094e-13,-0.2806020402413752,-1.4835068114266703e-12,-0.003876504821430899,0.32986888080568294,0.42928795675472425,-7.077401783735836e-11,-1.973011510571526e-10,1.9375330408641422e-06,-0.21986626895209016,0.0855768833355767,0.3313794122104423,-0.02033637857893836,-0.0017884497218566254,-0.00033438607136622797,-0.00039495365684925297,-0.02631626046654084,-3.0111271318505444e-05,-0.0002119199280847579,0.05840386360740605,0.2259887289093602,-0.003464619252736244,0.09529561599352046,0.0003099675958882053,-0.10638797185233051,-0.04531335645799833,0.18606059618244505,0.0002852988535672154,-0.005111408710292263,-5.410432516423594e-05,-0.10843894305627715,0.0005564545901495296,-0.007367707249680079,-0.0004912140792342834,-0.13076149106818558,-0.0006253720588553508,0.03550335930509917,0.00723160833815013,0.006123613893630483,0.0001879836083216526,0.00271184659607224,0.03745127273318458,-0.15556659336305453,0.018318398100106117,0.005341454941285974,-0.018326877961759896,0.015118424237641365,0.01660281522125326,0.04090758705704548,0.007153075283441327,-0.03433419075337368,-0.10815078651113941,0.057934399424938936,-0.001400939352028057,0.1521590328844886,1.458805143529621e-14,0.09250938943388635,-0.10083496968101555,0.10136726988227113,0.12369004617075866,0.10757638582554527,0.01058437180373048,-0.027823923079790376
73,-1.0549955916809336e-29,-1.7245542156124712e-29,6.261181683413012e-27,-9.369015733939519e-12,3.850656112583565e-11,-1.6071335789688988e-11,-0.0008895744838872719,-0.016682588458860365,1.5364136733761865e-12,0.06871102072606021,-0.003808916250074325,5.471045330665101e-17,-1.0344183547403452e-17,4.2087175081569124e-17,-1.4967664273011945e-08,-1.8343058657735516e-11,-0.0013716952266694482,-0.029034948995992068,0.015192107516432199,1.043284329331205e-09,9.398649293457562e-09,1.1342182168113777e-07,0.06265124663210737,-4.230333775363806e-08,8.050162818601359e-08,0.02648388095224903,0.026515217830789275,1.05755872184075e-06,0.14132276647411,1.132644089464505e-12,0.02792133995220429,0.11384764321486543,1.6818584299059987e-12,0.5960457054349736,-2.2625212249058095e-12,0.00950260838132712,0.12135608093336932,0.2497604624881559,1.727127532569376e-12,-7.869283593707738e-11,7.372490106027725e-07,0.46087135550763336,0.017112189306867358,0.19595698011447632,0.06756793798506795,-0.00011900964100566319,3.294446293847248e-05,-0.00012951272358005205,-0.012282820048268606,2.9180783400659436e-07,3.111233921064932e-05,-0.22033256502203463,0.05417823684659277,-0.0007940058553389304,0.0010208460707089291,-0.0013880463442786817,0.04789664803526569,0.26078107482306495,0.058676036465186224,0.00013911792900067016,-0.0020907997367004072,-2.972744688946009e-05,-0.057260110407769634,0.0002925336145297499,-0.0028613304024254953,-0.00016024444642052132,-0.05994810439979136,-0.005829647905133745,0.024162370462265777,0.004231851385811758,-0.010676548597981044,-0.003709497554494184,0.0026347920015979457,0.024500781912825745,-0.0338376268838059,0.040120775092228694,-0.0643965170273824,-0.053066409856420006,-0.0076650343889112715,-0.051029358430795285,0.0010417612401004564,0.01892330738838999,-0.0219963499301734,-0.054446082918153824,0.0961364949708248,-0.013319909793726922,-0.11064935811796713,1.6418247309352453e-15,-0.16913453987326119,-0.0688137752687892,0.14418439872280683,0.042969995762298575,-0.19272425848839245,0.010714359425742304,0.0449146217920559
74,-4.996003233972352e-32,-2.444945010093141e-33,9.019472883046932e-31,-4.471552500712072e-14,5.598846015375246e-15,4.018957995624629e-14,-0.00015518750467860193,-0.0030584860123274273,7.060211515132926e-13,0.000378831215474608,-1.8872326909164677e-05,-4.2599906475094407e-19,1.2124832186593655e-18,1.099583611502869e-16,4.1755311680572284e-07,8.362145470784247e-12,0.00011157235822154301,0.0026547089960390177,0.5500406960780272,1.3302755229735732e-09,-1.589460397182955e-09,-6.409037537355034e-08,0.0687349004463312,1.0311516002305286e-06,-8.208706438864639e-10,-0.47920707388902983,0.0016959180769149853,1.4875404470864993e-07,0.0160757134593607,3.55048611779103e-14,0.00789500965553107,0.0003556559614845996,9.551215438459356e-15,0.0022467917133791645,1.382134386650221e-13,-0.01113527974286649,0.04414164536115263,-0.016300877575213923,-3.512878316346786e-12,-2.76869843516638e-12,1.5274452208711575e-08,0.005729902347129057,0.015399667111248358,-0.03991135738067782,0.002005906127413038,-0.0004703135924381917,-0.00010735282237693464,-0.00015931008727815366,-0.005687633052081419,-1.5777412543506048e-05,-0.000104231608923345,-0.02928997975232968,0.11094958282450003,-0.0017600103156525325,0.17778826002592646,-0.00021055076429347947,0.16541453198957973,-0.03742730118332805,-0.019190692560398084,-5.552789229072897e-05,0.005542282346794056,0.00012869611069315763,0.15863338891432852,-0.0008664282464775325,0.026614102172170185,0.0015136328680473794,0.38892205548240294,0.022769499687109587,-0.12032233808761375,-0.021795892706037063,0.0026732892485777475,0.00554571830844312,0.00014979719520105648,-0.0050816303246422135,-0.29636180746291924,-0.06166610689239823,-0.05367781206783495,-0.07937225791916913,-0.05358877250673541,0.0026592641246454083,0.02495961950101099,0.018391804759686912,-0.02371745108300969,-0.058674923470556896,-0.17255149975388004,-0.0409239414476835,-0.01775494560132825,-1.1773149325333032e-14,-0.003044256874536412,0.1303183133488292,0.12971982568711707,0.0980367584326763,-0.04173279537164519,0.049325672636907694,-0.0621853913499635
75,4.14710855400393e-32,-1.1042266278970972e-32,4.108962215516619e-30,3.7117617992398477e-14,2.5350536133991255e-14,3.7817277246488445e-14,0.00012887577646165883,0.0025397571258637982,-5.916970865026894e-13,0.0017438829504220455,-9.319250527120146e-05,1.840056882980662e-18,-1.144435578343231e-18,-9.638945222307923e-17,-3.4815584633500347e-07,-8.380786925727146e-12,0.00012904740936688195,0.0026805678372804204,-0.4569488308786997,5.92395191878808e-09,1.9828834788979835e-09,-2.890635453281126e-07,0.3132831765110214,1.022252614775043e-06,-2.9575886520801796e-09,-0.47964456564946084,-0.0013927741087797513,-1.0959897161659816e-07,-0.013554704724618186,-3.1576352301486675e-14,-0.005887722960518534,0.0008944509599917752,-2.7011080402951805e-14,0.009562140270487468,2.862844334805521e-14,0.007155807548244274,-0.03726883594644181,-0.01372711947460881,9.908089583310255e-12,1.99853967109386e-11,-1.850602231952293e-07,0.025992351034129408,-0.02209773909951046,-0.038707083164494456,0.004648327008856392,0.0006111260897239339,0.00013691188015365626,0.00017265226264229737,0.008138055352730891,1.7166188521839146e-05,0.0001192738942295684,-0.017810959744159766,-0.11568608524032038,0.0018234397982048822,-0.12963223566152982,-7.501374007023908e-05,0.001481345936199262,0.10135773133346374,-0.2321673398784387,-0.0004928793341122024,0.006819394810712962,5.2649220508794143e-05,0.18475400947841786,-0.0009187085870497989,-0.014224591416476409,-0.0011049394441208034,-0.23475916784177273,0.010084988260441801,0.051469415378245,0.011900526912582457,0.015137168457774032,0.0018872585616138326,0.006216431582310516,0.06950548796560277,-0.31866432582936516,0.019817607881493664,-0.0022088300696805276,-0.030690978298394896,0.014910854403815258,0.019335924941491826,0.045715081900611104,0.008623672730998197,-0.04103863104557364,-0.2061232687555612,0.05750004931016683,-0.008831862338806574,0.1515900602936101,1.4417654249641208e-14,0.09381147129646968,-0.10237580723154019,0.10162312230750702,0.12617694840356453,0.20618702964703037,0.01399002443801401,-0.04107212252161467
76,1.4522817085855006e-32,2.32741140368776e-32,-8.684518476758536e-30,1.2998310853343714e-14,-5.3411265675056186e-14,2.209025192894943e-14,4.511246104085973e-05,0.0008893426253199927,-2.1284612609006926e-13,-0.0036631404763902216,0.00019329780625978562,-2.7911401794765043e-18,4.0292752155519023e-19,-3.3983514569589437e-17,-1.218342636384638e-07,-4.581635192190646e-13,7.067070653875182e-05,0.0015520218523263996,-0.1598885313167687,-1.2522117231173237e-08,6.439503532385138e-10,6.103775248408822e-07,-0.6588279954932421,5.922134810065092e-07,2.078756474121466e-09,-0.2781338877559968,-0.0005020838948965522,-3.6485378150484615e-08,-0.004741012996624612,-3.830669705025845e-14,-0.00168577126432058,-0.002180082551599318,-8.949530683869028e-14,-0.02026200904880111,1.5894466242304776e-13,0.0025120450476510525,-0.013202939625123838,-0.008121021455734507,-5.607002788882685e-13,6.428912774111117e-12,-5.479956116576473e-08,-0.05444950186997955,-0.004477068793391162,-0.023152310704329986,-0.015052680394407492,7.095536375860271e-05,6.800367857214731e-07,5.500109852107565e-05,0.0033663037404337696,1.690845174318617e-06,1.1111208611201995e-07,0.09386879981807415,-0.03045599681163477,0.00046897707831165423,-0.02847199080176167,0.0005795188365872769,-0.07546426972499497,-0.2820699141478521,-0.04529176169036099,-0.0001803458504760653,0.0013622829643646361,3.5289376221189456e-05,0.07338896789472592,-0.0003618712112430424,-0.004703209530602193,-0.0002722924885962519,-0.133330444274558,-0.01082517896223214,0.05928805813352543,0.009799934487586072,-0.026604843945301656,-0.007406376480516704,0.006092725085703543,0.047689743418243925,-0.09462514629485458,0.05345363749764741,-0.10145160311525957,-0.07166709272324194,-0.01088304997477459,-0.061277771034077964,0.0018269946704197605,0.021360092209912713,-0.026515094343652148,-0.11007869782176423,0.09634917037907358,-0.023691692915781198,-0.11089380165626155,1.7353659026837955e-15,-0.17338413750276874,-0.07061920995634098,0.14490937763971942,0.044529186830332385,-0.4503666941378366,0.013255708193399792,0.05602702803326019
77,4.715858400538325e-34,2.2700744408309948e-35,-8.621649284124151e-33,4.253864774503559e-16,-5.3411272819172993e-17,-3.9321310200116737e-16,4.677273025217869e-05,0.0009588736097160362,-4.1124554465977457e-13,-0.0001183414465672286,5.469097345505462e-06,2.1629923566903437e-19,-2.5044200342604043e-19,-1.0311978127040714e-16,-3.934393890420754e-07,-9.649686190022896e-12,-2.944581188986911e-05,-0.0008261728446490645,-0.508062580996786,-1.2606018272132749e-09,5.451938204970605e-09,6.14393949431447e-08,-0.06352202478970828,-1.0111139600747466e-06,1.563033012009399e-08,0.44254789933216043,0.013931154470711544,5.236226785264407e-07,0.07657425238092573,-5.231353564332449e-14,0.01895815410819789,0.0022144913604856945,-1.0388440735426009e-13,0.009889889024876683,4.035482295843041e-13,-0.029332534007081325,0.08171353229006181,-0.07147179121858716,-2.5145520403520545e-12,6.976871327203163e-12,-9.033717481724204e-08,0.010914422912599647,0.018274881889611988,-0.07574675834937533,0.002454328699048458,-0.0005644818972789273,-0.00012815787304074733,-0.00019037719786973067,-0.006507722505653981,-1.8599163459887623e-05,-0.0001227624111839337,-0.034803915778031096,0.1318475616906489,-0.0020887314954307324,0.20631711443576237,-0.0002502384962203391,0.19297769442755638,-0.04439533393976356,-0.03197334429081829,-8.14905897593879e-05,0.006354216720605745,0.00014157188858239015,0.17936546789634905,-0.0009758298433932291,0.02814009140339314,0.00158634117820406,0.4057644092989754,0.02394130030267368,-0.1255982532676537,-0.022689125820605165,0.002819255501541151,0.005746143268941439,0.00025837058195253126,-0.004365758548292529,-0.3079240115313213,-0.06263890794165648,-0.05533699860457916,-0.0809110887823579,-0.05424815557032667,0.002644426157545809,0.025219367132325646,0.01856252094578043,-0.024111122332396952,-0.06280637747173179,-0.172580445273327,-0.042084290489676775,-0.01776404745794793,-1.1816915646768596e-14,-0.003079348161173068,0.1304965945962771,0.12979776918221705,0.09824901485201877,-0.043627113867987066,0.049795369253566424,-0.06330877811218166
78,-3.914974294463528e-34,1.0205999561202105e-34,-3.905627982294088e-32,-3.531435669775307e-16,-2.4098072929422625e-16,-3.505247489056909e-16,-3.884116512764015e-05,-0.0007962384314291587,3.425906481250987e-13,-0.0005471488371169714,2.8311737745658773e-05,-2.6758393078857043e-19,4.162894606222816e-19,8.729420178978386e-17,3.2725929424189997e-07,8.853269367039118e-12,-4.2255188907627816e-05,-0.0008453281897770163,0.42200418737954054,-5.450203502536679e-09,-5.005038660462247e-09,2.718555802844451e-07,-0.2893646953386947,-9.223814846073389e-07,-5.4035292021923856e-09,0.4428270856347209,-0.011623842220808377,-4.717114778664732e-07,-0.06311293249941075,-1.7905512772427682e-13,-0.02099730293975101,0.007868934677282098,-1.499003705959866e-13,0.04428274879692716,2.0976320487097154e-13,0.005786470989215532,-0.07294105544692926,-0.06704808227606572,1.758756852952529e-11,4.1975374434339846e-11,-4.020583050307667e-07,0.04944777832968847,-0.03144457650688765,-0.0740870214106324,0.0067865117880008515,0.000812597707229122,0.0001757779002772958,0.00021927692861000068,0.011073544501165667,2.0968693487216938e-05,0.0001459264483032224,-0.024087645856604212,-0.14338894861842805,0.0022513118873985906,-0.14690789270991395,-0.00010699748311340453,0.010586917493504641,0.11246863782063402,-0.2647816018511742,-0.0005530930507497352,0.007744818802719005,6.092621948959403e-05,0.20737265298284926,-0.0010325344335459059,-0.014726501831409847,-0.0011504055430021601,-0.2424246718745654,0.010891250313962797,0.05263057535112369,0.012243991740412071,0.0158043126653543,0.0020135913273112327,0.006478407708111299,0.07189074478953142,-0.3308011121437188,0.01993016322269585,-0.002790711171883239,-0.03161812095396708,0.014889883128538563,0.019527554294955275,0.04606932374296688,0.008735696179503144,-0.04153601672481207,-0.2134130369483198,0.05747334917231911,-0.009390350779779646,0.15153525669271456,1.4441358032617787e-14,0.09388345318781911,-0.10249283352324336,0.10167252463225475,0.126373283308471,0.21342093323009037,0.014244827155901238,-0.0420439088681553
79,-1.370941333668322e-34,-2.1530238960700635e-34,8.261123599605711e-32,-1.2366370850266964e-16,5.080735603292604e-16,-2.0667587502316962e-16,-1.359597803294578e-05,-0.0002787795305730302,1.218665996787594e-13,0.0011482741200734739,-5.826923119715795e-05,8.479334165276646e-19,-9.537101346542809e-20,3.0303965836817364e-17,1.1448943890172739e-07,1.5597247109048872e-12,-2.212562800858422e-05,-0.0004883967357258868,0.1476624502247558,1.1577494453694135e-08,-1.6556555560339631e-09,-5.754355124723986e-07,0.608465528290785,-5.411423420791307e-07,-1.1875325108479422e-08,0.2567259041919191,-0.003991988618703433,-1.7159154659685516e-07,-0.022238222405736516,-1.8288647615764018e-13,-0.005101559663485926,-0.017174677858554525,-2.895269744435149e-13,-0.09410819553974069,4.1593054190562456e-13,0.0005022898310232985,-0.02644395507227159,-0.03913324512622638,-6.375584499574322e-13,1.5383139647857454e-11,-1.39482565842724e-07,-0.10363011269044387,-0.006393522274549046,-0.04407755499128332,-0.022233476004663123,8.679164416906018e-05,-2.1722855102625757e-06,7.026771320601766e-05,0.0047182006291022205,1.7825320984908315e-06,-2.592148145892939e-06,0.11950703079737891,-0.03731142027985265,0.0005709203198826917,-0.03055036171146927,0.0007403458104444706,-0.0848574012287034,-0.3243461141395306,-0.053566208536957594,-0.00020526705059522722,0.0016354419088783659,4.0331043111382625e-05,0.08354177715659002,-0.00041274506307324927,-0.004835164541729816,-0.00028047524066690137,-0.13876309881385357,-0.011189247106400364,0.06189216482442485,0.010212711831502404,-0.027786329554714,-0.007679298745124856,0.006350537704957019,0.04941662054589793,-0.09921371968668395,0.05442803152073039,-0.1041873171430286,-0.0730429418770043,-0.011122129252937167,-0.06202341765813064,0.0018927249720287458,0.021540268043541592,-0.026852719713260306,-0.11423575516603478,0.09635272551563803,-0.024462829593609257,-0.11088960322564077,1.5010983966085116e-15,-0.173675563860267,-0.0707494398626683,0.14498174574954184,0.04466641550260341,-0.46947489375491447,0.013447767206336466,0.05682816942507304
80,-6.264554159298775e-19,-3.455478526563339e-20,1.0582265774843546e-17,-0.530935673796634,0.06612536604593228,0.4625832125404724,9.715906903533271e-06,0.0001752464673720138,1.0909920786155999e-08,-2.3351913962433385e-05,1.3246615222087373e-06,-1.2723144137819526e-16,5.325115577916531e-17,2.4823288214708145e-16,-0.00012818048156701915,-2.4424534502874023e-08,-9.074846268926927e-06,-0.00018361770403467478,1.7253376190353807e-05,-1.4652833495507078e-07,8.79327515850928e-06,2.499864743034898e-05,2.616956905426664e-06,-0.0002281628640852578,4.968123766838439e-06,-2.622387815047775e-05,0.0015744658657953817,-1.9835857325087044e-05,0.01219996932391763,1.7808994173648975e-11,-0.06583158808602896,-0.0017829178985938037,2.2824097321533827e-11,-0.001851573049947776,5.8944157139838e-11,0.0012765886234114615,0.0003174411563341813,0.006249508538762217,3.9890519490931574e-10,2.333341582394275e-09,-2.1624138139702752e-05,-7.077241199947861e-06,-0.22403188461563642,0.00033217561590981174,-0.0633039365289828,0.001768712199666787,-8.731840474933126e-06,0.00011659066622592006,-0.35921954864422406,-3.153108661027824e-05,-0.00023370329701110544,-0.0004378216571412991,0.019848963192476074,-0.000825551467984148,0.02857285364137766,4.063184199464492e-05,-0.004452306008826427,0.024448162775765465,0.13295529345359514,-0.0002842720972019087,0.008810670490286634,5.017970924801082e-05,0.1984700531770375,-0.0009835319674962825,-0.020740036342293374,-0.0010811057373716812,-0.04808103723663982,0.018551290980729652,-0.0034432320026822998,-0.012875526622973706,-0.006226361483166314,-0.030518197696594813,0.01724062389203991,0.14945448743175088,0.16395959346663658,0.043157956850627864,0.06468063721331438,0.21355519325778266,0.06287430335014427,-0.0004550278436886972,-0.025610066048704798,-0.013642321678107684,0.051993239919832006,-0.19521495539865663,-0.178844821062127,0.04604033345713587,-0.014462400611393101,-9.20473414443398e-15,0.0022245182512959046,0.09916634753415011,0.13408254393388186,0.06696893002581647,0.015575930406340248,-0.039328206093156605,0.18326893503334463
81,5.201367670117665e-19,-1.5791049175070348e-19,4.8961965130036166e-17,0.44082617017138714,0.3023250388256494,0.46320451074108315,-7.741369319751416e-06,-0.00013941290572640186,-9.109251790982353e-09,-9.356906407740874e-05,5.419804656460133e-06,1.119253246937433e-16,1.7965441107207093e-16,-3.7796934729382274e-17,0.0001074107669433426,4.416477304399082e-09,-6.773656256692726e-06,-0.0001349723568262267,-1.3010002210326115e-05,4.362082125592421e-08,-7.670619811503116e-06,0.00010647922650465873,8.363515223133962e-06,-0.0002267852727359973,7.2034949253088255e-06,-9.44424015907401e-06,-0.0008938510337962288,-9.52696320851746e-06,-0.006182478517189717,-1.9424026042560653e-11,0.02239686416425797,0.0011275564607754755,-6.2871248674418774e-12,0.003564585990540566,7.063124022734063e-12,-0.0013360804060386687,-0.0003739575080706864,-0.009266111202444898,-6.997326876290862e-10,-1.7457986437069895e-09,1.7148336896955824e-05,1.865377525648338e-05,0.36527325605459177,-0.0008140528125412124,-0.11482870758784536,-0.003393707198180382,-0.0002454740513595067,-0.000134585737131076,-0.18803993088531226,1.5023973986950195e-05,9.608368950295103e-05,-0.009566099115546489,-0.08951026230485883,0.0016058509989252782,-0.04998627857374577,5.951397241022519e-05,-0.006322330734348425,0.03534589622640634,-0.03924159272429482,0.00010544019554769177,0.006128117828858423,0.00011601509110234133,0.06726525387444021,-0.00041824703509422024,0.03609939213418271,0.0018336765738052392,0.07170896542689237,-0.055731102088073414,0.036306992896623314,0.012052481370120962,-0.017236805281984718,0.01186658537893226,-0.01884366455856425,-0.1322870782852395,-0.00936666137743355,-0.1305354669740524,-0.18284694126531736,0.1923974325285104,0.004289024169438126,-0.03151070209501752,-0.03217142818412052,-0.013599514892257266,0.06961783223674747,0.2060980232236346,0.06013119472284533,-0.08657815138361714,0.16619597856199944,9.67710167878649e-15,0.07339853300800521,-0.07333480496753433,0.10814409091017307,0.09356629818313475,-0.049901605617557944,-0.03673291706300663,0.24261799029540562
82,1.8211494214648085e-19,3.3217213739145125e-19,-1.034365280473824e-16,0.1543485558389631,-0.635992002622022,0.2682844642143492,-2.7220527807633766e-06,-4.906779859583533e-05,-3.1460266514149312e-09,0.00019860431004130197,-1.1452783723676473e-05,4.562886402023644e-17,9.424006665336925e-18,1.2060255332046051e-16,3.696435097194813e-05,3.375877428139493e-08,-3.950676360950459e-06,-7.975212865275667e-05,-4.608684474006807e-06,1.1243758165835057e-07,-1.751257559465134e-06,-0.00022245868115645522,-1.8149445034158202e-05,-0.00013416070335082247,-1.5911263419858376e-05,-6.089885745044719e-06,-0.0003301909809030416,-1.230217168614729e-05,-0.0023689121361679145,-7.939936355361715e-12,0.009686614913670776,-0.0006960058582911255,1.5126751565885962e-11,-0.005257573220378429,-2.340868396679366e-11,-0.0006138809374494644,-0.00019902957877830047,-0.004557651229286404,1.254236230114089e-10,-5.733430808585024e-10,5.444142533148483e-06,-4.115571087324165e-06,0.06986686319764986,0.00028388281417125483,0.414883373858429,0.00030177794159744957,0.0001834201473357964,-0.00013069391267228007,-0.10627844887852701,4.774438108537504e-06,3.827726653862955e-05,0.029950886940470368,-0.018676364015037084,0.000370283911730646,-0.016849642333802328,1.9836477667951686e-05,-0.034126853691058744,-0.09059016271150853,-0.0004201993122763823,5.3146034673762135e-05,0.0049969433232894345,2.0583985918502593e-05,0.03175470641161649,-0.00020431444740989465,0.013080745141115523,0.0002550231222828664,0.009780820692263914,-0.019865259706996232,-0.027526563500787814,0.006198021115017533,0.028196358589006317,0.015195315199821417,-0.022103826788848965,-0.044547684353139834,-0.09661135236260665,-0.1541382629660266,0.34682392909269844,0.18617367127692303,0.03125364784123153,0.07681155308219548,-0.00957834632258571,-0.012054940988097245,0.03606572742296262,0.12519106463452642,0.10559460918051261,0.07264364516124372,-0.12013739586282232,1.106350350435076e-15,-0.12834291658912997,-0.05189914344373353,0.15187460735600125,0.02591705252648608,0.04503991110882187,-0.021842109253352473,-0.07728330009190404
83,-1.1318877848284862e-23,-8.223996516789881e-25,2.7059899384527967e-22,-9.817568855890177e-06,1.6945184252931217e-06,1.5838407189360405e-05,-4.101739554769668e-09,-7.647352437666606e-08,-8.40736020549138e-12,1.4117334302818987e-08,-7.752821627327189e-10,1.3637937404791673e-19,-1.085441725276357e-20,-2.627172118652181e-19,1.2939684933791017e-07,2.693778102236004e-11,7.194903140308001e-09,1.5101857825027885e-07,-1.5976082162979472e-08,2.0312220629334992e-10,-1.3650811059368928e-08,-3.4679239348456546e-08,-3.3528814137366213e-09,4.325516397986175e-07,-1.0809575553787372e-08,4.6209648498253144e-08,-3.6486823215901143e-06,5.690489869590017e-08,-3.1782850020746154e-05,-7.633892558058958e-14,0.00021130112861537202,5.927671860693282e-06,-1.1214347623130836e-13,7.052170955338152e-06,-3.5313643358652826e-13,-5.775858117352682e-06,-1.4619711709252265e-06,-3.295336413252841e-05,-3.032187131243537e-12,-1.5705332424671173e-11,1.4285245442668307e-07,4.929246986951819e-08,0.0024965920471113692,-3.4675620743899447e-06,0.0006740160053012015,-2.6584533797898385e-05,-3.4727100570574706e-07,-2.5651543340505575e-06,0.004359732320754823,6.735103720876633e-08,7.825611194017943e-07,-0.0001718998372952396,-0.0034663983072582265,-0.1959200660933725,-0.00037198403947164184,0.030582569193205362,0.000288874496981767,-0.00037810808758699527,-0.006392033553290286,2.1974685954347428e-05,-0.41158397740087416,6.153377844486521e-06,0.00546801068884202,-3.176347502069932e-05,0.00531108512121571,0.0004029172403782449,0.05557138702637022,0.027609172552766573,0.021980974563052706,0.7610833913223681,0.27028460557209527,-0.007936391198556197,0.005682575946659675,0.021878326336547706,0.018609076918205392,0.01581793970164283,-0.008915245301201562,-0.019497823271193853,-0.003266338597296145,-0.004593856617049601,-0.08257035333862052,-0.3509946007703709,-0.018808532003716533,-0.03188710189504161,-0.00999102311293151,0.0017621378302437771,0.0011083359774846128,1.8392635658364624e-17,-0.002650509818285973,0.00360041650937324,0.023471250894452636,0.013552982507753207,-0.00772650821455081,0.02310401388186731,-0.0025244584960640425
84,9.397987854897175e-24,-3.758049630079852e-24,1.2543118490387403e-21,8.151443883376294e-06,7.74887768267783e-06,1.585966526006457e-05,3.2788781176629203e-09,6.103746956635231e-08,7.0245043079007464e-12,5.670876471272501e-08,-3.181600721262527e-09,-1.1404232477606318e-19,-3.890243891152001e-21,3.970297961277906e-20,-1.0852671351663124e-07,-4.778911824535101e-12,5.304530156610304e-09,1.0962536598379418e-07,1.2095336701686155e-08,-5.990578763174395e-11,1.1916615944909042e-08,-1.4913944289579876e-07,-1.0746869065069607e-08,4.3001462832570574e-07,-1.565616225986039e-08,1.6196706109874935e-08,2.0920021433494924e-06,2.7478033397309185e-08,1.631327109699783e-05,8.323790566851995e-14,-7.372495822173265e-05,-3.7555464932960434e-06,3.06070006269088e-14,-1.3148138390153202e-05,-3.590038839423281e-14,6.037782053411617e-06,1.7166267549378091e-06,4.835135189147361e-05,5.136093638998304e-12,1.1825111170232138e-11,-1.1376705509664004e-07,-1.2318363980787121e-07,-0.0038510009339305057,7.762341566739952e-06,0.0011036358283464944,4.470145238382183e-05,3.6929624873723426e-06,2.623328344406198e-06,0.002024025699459258,1.2987430111686722e-07,1.0649591213806094e-06,-0.0003262395882112634,0.004008481152544302,0.16087963129294605,0.0009260397761132968,0.0932892206135575,0.0003392918749114443,-0.0006638543054812863,0.00013283335828524954,2.563242223249977e-06,-0.42966565178176447,1.1837288470026653e-06,0.016252221103289683,-7.993920427021478e-05,-0.003749207975570357,-0.00035143510498353016,-0.04496676800062312,-0.014258280243090712,-0.025360647502309094,-0.5653829848435167,0.5667517984280477,-0.0005977916670350783,-0.0001984250069986399,-0.01632119869665614,0.001094785877925115,0.001972383505893668,-0.03720832449542783,-0.021241946928111214,-0.007344810727170698,-0.007138577849548885,-0.08334786034263211,-0.35243706668552566,-0.017706176763317635,0.017129844443541233,0.0019479126236611956,-0.01247429478039442,0.010967916503655103,1.16056572014041e-15,0.0016124017999038828,-0.005497798772487035,0.022058160337491597,0.015118122659664411,-0.03447387093611735,0.023324268117844688,0.003736616811345234
85,3.2905786125795697e-24,7.906343738171438e-24,-2.651767554195858e-21,2.8541454192008595e-06,-1.6302474881080528e-05,9.187286615833098e-06,1.15373020480455e-09,2.1497113897169235e-08,2.4269717445963844e-12,-1.207348516187013e-07,6.74263225023554e-09,-3.899277544622643e-20,2.649307535290677e-20,2.3787434262995946e-19,-3.7373518097323245e-08,-3.756253368482537e-11,3.1130754207088876e-09,6.521023794946541e-08,4.287846276706587e-09,-1.560993272387573e-10,2.7208264127227977e-09,3.129658965437624e-07,2.346442746521013e-08,2.5657851370643336e-07,3.47873224320346e-08,1.0669356412834424e-08,7.708962066939134e-07,3.55572218527658e-08,6.218432812768959e-06,3.419871851209174e-14,-3.130708234655963e-05,2.262296957743495e-06,-7.349865205854622e-14,1.9376421173413635e-05,1.3744552622739045e-13,2.77637316525325e-06,9.127398290568517e-07,2.387187289585654e-05,-8.295275773662213e-13,3.904613906230167e-12,-3.6420757706419785e-08,2.518583347776325e-08,-0.0008042197241430013,-2.48277720559945e-06,-0.004436338769402009,-2.018963220508639e-06,-2.513883301685843e-06,2.154390125241927e-06,0.001274447125621888,3.288351110355277e-08,1.6792293224719657e-08,0.0003275059974291086,0.0011517529717800117,0.05487620116462771,0.0003816499951592369,-0.16929101543474315,0.0009794286642716113,0.0031908795044943436,-0.0015841808954200334,6.724133826537329e-06,-0.4883522575074795,9.443588620481078e-06,0.020551285812225796,-0.00010468725765950866,-0.00013064622597043122,-7.221332656920961e-06,-0.007301084171785476,-0.011597370139870295,0.0036889978961008652,-0.15345180108691345,-0.7489889192307865,0.007574516329624143,-0.004668243816402063,-0.004101222384644141,-0.019075966359708436,-0.0016757929282589245,0.03264558292099816,-0.024169327171187676,-0.005699108815759768,0.0018594611913926135,-0.08382447758353706,-0.36180226575877444,-0.021177365220854137,0.009886010489821634,0.005666086039406421,0.008606876299775579,-0.006368358505705656,4.598092109244763e-16,-0.011292333732983384,-0.004770469350320583,0.024733803379125206,0.01092084038555386,0.038019282845709455,0.02533503543480599,-0.030180614461163165
86,-8.907988856281162e-18,8.451285021295208e-18,1.6937968835636127e-17,-1.318611093494672e-11,-1.7397889085217067e-11,-4.761461064631189e-11,5.242482677244282e-12,1.0551544101128163e-10,4.869736185656061e-07,1.3444991464166476e-10,-7.022279467523045e-12,-3.284651882772247e-15,-2.5425309543398066e-16,-6.889166640916304e-16,-0.004190503591056484,4.1832295925409414e-08,3.4315616838306875e-12,-3.897199284217605e-11,3.0550711929495226e-09,-3.078997073515959e-07,0.0001807612651066787,-0.003999718521232574,-3.5532140778829242e-09,0.00811140550526809,-0.0001755947413526227,1.6736469608476523e-08,2.0309183735743755e-08,0.0002499743637618282,2.2735825713523699e-07,1.232153926335641e-10,-2.303081640383197e-06,-8.23816892047321e-08,-1.279888869363513e-11,-2.507931816696325e-07,-1.1825155899494283e-10,2.2156132989057572e-07,6.298439306960023e-08,2.3674223018724273e-06,1.3948421489165348e-09,3.154459359145704e-09,-3.467692879162198e-05,-1.0697646105821158e-08,-0.0011338923268448071,1.785484771748106e-06,0.00029203075031092996,-0.003332987130249507,-0.0004798323592052245,-0.00041551728625298883,0.00020375865146107783,5.522923672778278e-06,2.119039256887853e-05,0.00074287278880908,0.0019273081464458125,-4.439471296847367e-05,-0.0029325876125256885,-2.6793716117312564e-06,-0.00019539798473102604,0.0013611206357861734,-0.00451766514022788,0.0006811326329241248,0.00025477411660434666,0.00031623931260071116,-0.0013462409800177864,-0.00025358704513886405,0.147712319443614,0.00833317493521308,0.11451849072248954,-0.42978228659597284,0.3405240424096369,-0.014725570506671636,0.01367904884632658,-0.06428156526373992,-0.10000481063357602,-0.04240171275864491,0.07942283621371876,-0.19204302452649444,0.05187400596153898,-0.194647286622434,-0.23268135148894173,-0.22201274787208333,-0.2877956380927239,0.058105439773704894,0.38177790826400615,-0.2580367158749122,0.06248626780726258,0.23305966941246656,0.1811673219060279,-1.5350945997788677e-14,-0.051244034326873716,0.08370869747497932,0.09876880790651525,-0.09243785824506963,0.03641047827536882,-0.1597898376707087,-0.12755760750878314
87,8.027128169575316e-18,9.942098828190264e-19,7.326141690733631e-18,0.0006387729347555084,-0.00011037865571716314,-0.0010323599628698638,-2.9728819161152765e-07,-5.532522674972982e-06,-4.577563032032572e-07,1.0363308366292796e-06,-5.7012536866560584e-08,3.1698585949379128e-15,-2.866196713477398e-16,-4.6505487158172836e-15,0.003987869771999713,6.910155125361e-07,5.282903257578597e-07,1.1075085070691863e-05,-1.1417666235179623e-06,3.2373161655173482e-06,-0.00017023855441613306,-0.0005538009847665522,-2.470164646263977e-07,0.00373431923979849,-6.662996200660856e-05,3.4335426778079906e-06,-0.00027569232779665713,0.0001978315880374433,-0.0024398774521782528,-1.1548866044769991e-10,0.016801866984972994,0.0004729902388984098,-1.2850643580550638e-10,0.0005694257121820014,-2.570648860392126e-10,-0.0004964170652018579,-0.00012629324813559012,-0.0029682237634366076,-1.1860648835982387e-09,-8.49993740075782e-09,8.061099330522159e-05,4.851680041514122e-06,0.325567189882455,-0.0004207232636572822,0.10240644503545299,-0.0006935161587499454,0.0002831237880509156,0.000227665380680797,0.6870787438867618,3.766037212161482e-05,0.00026574587361891566,0.02993944084996825,-0.15608422073519201,0.005759948960647624,0.12131328639510396,-0.0002969742776025361,-0.01977567733628762,0.05213763197562861,0.2472241520374255,0.00011423950282612632,0.014213083647035961,0.0001888515021604,0.28662779096025076,-0.0015388311591198695,0.006153681030152061,-0.0002057058695670173,-0.04977288763637584,0.013546396871608786,0.005082422631857084,-0.014301206104904122,-0.006358084903564433,-0.019560132359789373,0.013875787826890201,0.12871773967554634,0.14995757267057094,0.07371418555926464,0.06488001060947983,0.20469906979452154,0.078502285015536,-0.0019228084812929387,-0.028150280898735575,-0.01225774230718307,0.05185292223361273,-0.18208906556443624,-0.165822453419473,0.05000573366864038,-0.013047954019779684,-6.70140127610599e-15,0.0036957331324214454,0.07602571508628155,0.12336364487136035,0.05415492338504871,0.015497692530037193,-0.052253912128274606,0.1741565893117619
88,-6.665760872400689e-18,4.5617726356268935e-18,6.628897804926439e-18,-0.0005303614737854948,-0.0005046509890576826,-0.0010337465315924288,2.3688634421319462e-07,4.401561750478231e-06,3.8229357836545986e-07,4.151997920992163e-06,-2.3324490277119963e-07,-2.648957304983565e-15,-9.447073537756013e-17,6.637549711879923e-16,-0.0033431965611640563,-1.1810064160000214e-07,3.9394993287188026e-07,8.132351963775229e-06,8.614738577242309e-07,-9.301410977324145e-07,0.0001487763121626198,-0.0023608182554231954,-7.894481923196488e-07,0.003720527881745702,-9.880014678927532e-05,1.2316522209074015e-06,0.00015707237051505924,0.00010245037461597269,0.001243086910193836,1.2128925891158038e-10,-0.005795421624363778,-0.00030082530982115116,2.9354901099382196e-11,-0.001093322206497733,-4.1348462902972415e-11,0.0005169442785877077,0.00014759800995259542,0.004334518217879128,2.073702426679598e-09,5.742499834194881e-09,-5.843653557211563e-05,-1.2347640969114875e-05,-0.5073855077570216,0.0009770150373549008,0.17386635078816684,0.0008630221836463593,-0.00037066209316624513,-0.0006184488319003183,0.3325781004643082,-4.2966388110548326e-05,-0.000297164589995129,0.14955690404869573,0.4424778714259869,-0.009064334983817268,-0.30343086842160505,-0.0006403448952333588,-0.022039522592329594,0.07968803855396973,-0.061196288489051245,-0.00021612539846090854,0.010198932475550329,6.833801885099769e-05,0.10953554798963647,-0.0005732428512178123,0.0160214367427157,0.0009368429938899165,0.07015969619203703,-0.03207805282152642,0.009067681704290986,0.01466130550181543,-0.01967812106573419,0.011463258945382632,-0.015463843137972152,-0.12566550576820812,-0.003622224869936101,-0.13569410008325908,-0.17530408270194764,0.17649486322187138,-0.00846314938645242,-0.03790688614301689,-0.042808058911913374,-0.00939536876131712,0.07951605710952273,0.20448880125180396,0.05606198295251877,-0.08325068711392965,0.15575361840068508,6.840991525972856e-15,0.05967642209731854,-0.05499852193470537,0.10030993059739697,0.07766913326851557,-0.054159488135529156,-0.03710570968382627,0.22888192307788416
89,-2.332815469795366e-18,-9.582713395237743e-18,4.0813877221327874e-18,-0.00018569797595888087,0.0010616189595020887,-0.0005987379827277821,8.329533611099896e-08,1.549180627985968e-06,1.3200071245521123e-07,-8.813127448406726e-06,4.928935064760022e-07,-9.720241496451404e-16,6.148008582781636e-16,4.2055505788384226e-15,-0.0011501989369272574,-9.665861660711518e-07,2.2979920650861685e-07,4.806062448478851e-06,3.051516674908626e-07,-2.5023318399274055e-06,3.360166302152655e-05,0.004930392431364089,1.713394713283257e-06,0.002199871088969222,0.00021550469356459238,7.954300390196962e-07,5.802956817767193e-05,0.0001273547188566803,0.00047627236402331173,5.011344860131159e-11,-0.002502663932979565,0.0001823434988857862,-8.390016300462456e-11,0.0016018619924983266,9.2790051339081e-11,0.0002368224261618989,7.825186557997084e-05,0.0021238717936110266,-4.2965275259737557e-10,1.9041861050311977e-09,-1.8689099538605565e-05,2.6703809898505785e-06,-0.09847981434872903,-0.0003298107811161452,-0.6362251682365011,-0.0007230283419006715,-0.00011098789050075925,-8.608951823123774e-05,0.18999482809872623,7.186205494147013e-06,0.00010750466527290352,-0.45508506078572825,0.09260380532797141,-0.002148409469719461,-0.10568229565415237,-0.00018582059691013184,-0.11167328233557733,-0.1984730831397998,0.0049602703775110425,-9.353631895251549e-05,0.008171908036594691,3.263730819000865e-05,0.05177015652199736,-0.0002690657138757993,0.005955626273248715,0.0001923997125674203,0.015023461869376323,-0.010674451466955996,-0.015683523907154266,0.005626378281899215,0.03013855416779461,0.01206798315339782,-0.016370811635319702,-0.0442502945047858,-0.08684015183462361,-0.15609005108670948,0.31724760350697406,0.1881867453385897,0.03035180023013173,0.09329863049967912,-0.007740931535872529,-0.011724482214274917,0.041803836324214465,0.11504039590552911,0.09932960937070773,0.06381234538439443,-0.11270473886810596,9.502057903005979e-16,-0.10394545672776292,-0.04068916345678952,0.14087573940146333,0.01960659654327707,0.0475339598132779,-0.023904986620708522,-0.09499251110665602
90,1.6293647573238351e-24,1.165170371788052e-25,-3.937795858985152e-23,1.4242850086850401e-06,-2.463334671085382e-07,-2.3063952790926603e-06,5.044510000421615e-05,0.000912631478867192,6.343657696844454e-11,-0.00016804254232266743,9.5502705161842e-06,-1.748860042953281e-18,-2.174926205918941e-19,6.06126722663062e-18,-1.4444220018413106e-06,-3.3132484149666793e-10,-8.439313486094751e-05,-0.001710702692997355,9.76310074665714e-05,-3.5276225771348554e-09,3.181832483720891e-07,4.661409292340352e-07,2.018378205570776e-05,-7.448158151048092e-06,4.4918851368478264e-07,-0.00024701465315659255,0.011269160317662731,-5.184085183972085e-06,0.09267218024330118,-1.0492212875473974e-11,-0.5780991552506975,-0.015673816074145492,-7.482606066044582e-12,-0.016460099653132835,-1.84065360142346e-11,0.009511286737365766,0.002149463729300126,0.037393805468292136,-2.2546483028650796e-10,-9.920660181166902e-10,9.274859125344497e-06,-3.182851871374521e-05,0.20134927547413747,-0.0009437377294447321,0.04000756533550765,-0.0028010110920969836,-0.00031700734506156906,-0.0005067757666106998,0.08233245487039738,-7.129677720692198e-06,-3.093000036097149e-05,-0.05041539729995269,0.2089241700308169,-0.0028588178037777063,-0.05845970795950845,-0.00038079345611335605,0.12265974719071539,-0.10645617941964282,-0.4453175769609125,-0.0003654948968882624,-0.01086218060176306,-0.00036476709049509774,-0.43095404066302206,0.00238564323334105,-0.05051254656944535,-0.001696563496113421,-0.02007982671799104,0.01491125382818349,-0.012916697614962832,-0.019569673838998172,-0.007738554191012189,-0.029243078312949606,0.013874425844864877,0.11381071739842259,0.0935233353641193,0.002828926297043913,0.03700880896123197,0.12198935626796892,0.019875230307827937,0.0012207197981559566,-0.005496115226204407,-0.0007676715911062598,0.024762145937361965,-0.14243107123826293,-0.17740162900241638,0.02366270910616758,-0.015815881750663445,-1.0685784235379173e-14,2.718984554554859e-05,0.11480527146451348,0.1333627701352743,0.0817638426439843,0.012230489431091167,-0.004167387749866177,0.10849766971445603
91,-2.9284582554842716e-35,1.0602825143308381e-35,-4.0550066527863276e-33,-2.6416303573532453e-17,-2.5033718343495125e-17,-4.9920392056128266e-17,-0.007569024436572088,0.00047728365460365525,-1.1758423985714795e-15,0.0004754384211379983,0.007271484097088123,-1.1182795187391037e-17,-6.393891742094623e-18,1.7350463067031186e-17,-8.364575284425208e-11,-2.2906167433265437e-14,-0.014774163617718845,0.0008482885360113644,5.8274425342450846e-06,-7.260529101866542e-13,1.1402701691015196e-10,-2.6613350077336005e-11,-5.9880189760471225e-06,-2.2031449151346708e-09,1.7531028939168955e-09,1.3098414035408315e-05,0.03761372826456731,-3.156791067144195e-08,-0.008379940432092309,7.092851078767408e-14,0.0005982969228342678,-0.03721722381781712,-8.063909755983772e-14,0.008849132229277384,3.457858110465155e-14,0.07270227118603383,0.008115540854527892,-0.01409381202885376,-1.629078765217586e-12,-1.636106635665617e-12,1.0752832402014585e-08,0.009062213007738568,0.007299166367566625,-0.022807477396020452,-0.0016838092182490435,-0.00027469132251597267,-7.650271741940168e-05,-9.906500350535273e-05,-0.003510927358274744,-1.4079933034094347e-05,-9.86048268883797e-05,0.017555663937240555,0.07974386244184015,-0.001300491393307351,0.2751988550666326,7.110720071217752e-05,-0.6270291407729968,0.23246585942349202,-0.36019112363756556,-0.0005025449495571964,0.006560215244423683,4.776320450419202e-05,0.1424470863837313,-0.0007097486591787436,0.001456567119066739,0.0002893661144107776,0.2266033994115358,0.024809287878806194,-0.08235724578597295,-0.01999838607319475,-0.004580197047351464,-0.010187335745372395,0.006704444058066329,0.03677546272974886,0.2755658294124348,0.09710660340336462,0.1373356689479429,-0.09417380440174386,0.019896783730556904,0.030748048520277155,0.05861092693910424,0.011844911695181653,-0.06212936685120042,0.018121271119794002,0.05848611584663959,0.0721057576345259,0.15487510891155357,1.535778075456664e-14,0.09961708762647654,-0.10986770971970647,0.10462074763700757,0.13388893121992052,-0.16115023486069463,0.021550610560422293,-0.13431143381869548
92,3.57337572880172e-27,5.419881987184157e-29,-1.6337075624948363e-26,3.1234906357310626e-09,-1.1416464080633826e-10,-7.829956331657399e-09,3.3227947384407654e-11,6.391830579100039e-10,1.1113105376066309e-13,-4.9295039088910354e-11,2.4989846210203195e-12,-2.786436800257745e-21,2.259197487062713e-22,5.76678916582286e-21,-2.307768461324491e-09,-4.815574256944987e-13,-9.193986949699696e-11,-2.0001009945102542e-09,2.7915776739909123e-10,-4.780544094359847e-12,3.957838344284957e-10,2.7869675449926146e-10,3.9017488337009145e-11,-1.1393274138761845e-08,3.290643407573262e-10,-1.3584376481017754e-09,1.6652063909548947e-07,-2.56925430727604e-09,1.6429580116575362e-06,7.973863021876353e-15,-1.35592148170441e-05,-4.071432391609198e-07,1.1060689017161975e-14,-6.230189323068633e-07,4.6207618043778656e-14,6.576778259139724e-07,1.7575832714019007e-07,5.0810509710864216e-06,7.868331187370061e-13,2.9430418292524594e-12,-2.6242850011437295e-08,-1.2437311960942418e-08,-0.0013488391678809057,1.6326049136064525e-06,-0.0004550313839458416,2.4220468148686797e-05,1.3565021976505296e-06,4.2514463193451495e-06,-0.0014543776091118115,1.5750244341187992e-06,1.0559136009926596e-05,0.001139079721489862,0.01213801292308943,0.7485012515141624,-0.0007963359070422679,-0.2171055427764322,-0.0003876875102504515,-0.0008878410358729173,4.414339941199822e-05,-3.7578996537833703e-06,0.39547422136713767,-6.5425641368266095e-06,-0.017915720116510808,9.131762452398291e-05,0.0006628488127900698,8.483801122642118e-05,0.013569751480201045,0.007695326855583999,0.005928013625474243,0.19048369063663334,0.02876685702970976,-0.0015205328429951297,0.0017003513978418512,0.005725124772905983,0.002146584603357692,0.011995211514409122,-0.007586955177814374,-0.034274732754082105,-0.0074843274277248744,-0.004566622487636768,-0.09987384502627626,-0.42913573118289855,-0.02539796280033735,-0.010507896481393273,-0.0023263494021281755,-0.0001856653325922012,0.001326243665430164,5.201903550317565e-16,-0.004434155696570822,-0.001323123497021876,0.023787669362500884,0.01369998824965066,-0.00025724816104567827,0.030155245656255582,-0.016443832460708838
93,-3.0784152281530452e-27,9.747133408852747e-28,-3.3283148303549066e-25,-2.690838915538446e-09,-2.0621413164370467e-09,-7.831674070134497e-09,-2.769827767999285e-11,-5.32144346198463e-10,-9.561499716032401e-14,-4.0680504426229274e-10,2.217862208237496e-11,2.3933455836913313e-21,-1.889736752972062e-23,-2.132434256804354e-21,1.987319748203553e-09,2.155112191390073e-13,-6.179341017956261e-11,-1.31725478499038e-09,-2.226990098147419e-10,2.2933551943957583e-12,-3.460724025678222e-10,2.3759670456572434e-09,1.642771014291314e-10,-1.1311359256161386e-08,3.7408364728714087e-10,-2.7929392814263997e-10,-1.0943362727452942e-07,-9.055366429627764e-10,-1.007618512483095e-06,-7.848179729256916e-15,6.677726069253894e-06,2.8136416914240647e-07,-5.1738087025679085e-15,9.09690719747661e-07,-8.112197118280266e-15,-6.263325465832755e-07,-1.7845886597285107e-07,-5.738471593359719e-06,-9.839411709209196e-13,-2.301881926534088e-12,2.1143726235855592e-08,1.9291504532507296e-08,0.0013961570894451961,-2.321895442543614e-06,-0.0003870894317464311,-2.6390616533367436e-05,-2.9773149164690095e-06,-3.071684790333237e-06,0.00016728276626433984,-1.330676332865312e-06,-9.562493366420117e-06,0.002680563589733516,-0.009946221835285944,-0.5810122816402173,0.00048548999438637877,-0.5340935792333132,-0.0003297313573215585,-0.0009259925153300278,0.002735333592506406,-1.07943770527893e-05,0.3789488985097035,-7.894549296291238e-06,-0.013907094756040721,7.31737699852229e-05,-0.0019752148439790623,-0.00012666044377977913,-0.01370548060990031,-0.0034389351184492887,-0.006648771152721763,-0.1649852241700216,0.08677620643766051,0.0004728940933725412,0.0001410131987255535,-0.003525345107127034,-0.0023701509198429675,0.008688608768761683,-0.01329112042601658,-0.03461875478469665,-0.00836266281153879,-0.0050085141856477345,-0.09993508185804406,-0.42906062016016117,-0.025156187122960746,0.001394151835448978,0.00026064388416098105,-0.0032725697296953375,0.0032017127847014837,5.081731088374619e-16,-0.0036851665732929905,-0.003263956192894946,0.023519542293795,0.013976974758964714,-0.0060692999950532275,0.030186307133195166,-0.015413783090634018
94,-1.1250005300476805e-27,-2.706937886035494e-27,9.322615080455452e-25,-9.833671839643005e-10,5.726749361764557e-09,-6.0209663681546555e-09,-1.004840461931015e-11,-1.9310774158353237e-10,-3.446332843033748e-14,1.121661302173257e-09,-6.074710328594106e-11,9.022910019287317e-22,-4.647669989904502e-22,-4.712850050765772e-21,7.13830098875505e-10,6.129637081112003e-13,-5.0503355787554885e-11,-1.0910126668009181e-09,-8.013882127560569e-11,3.34325477154548e-12,-9.339984474675578e-11,-6.200623057147882e-09,-4.604657293052331e-10,-8.64443393086732e-09,-1.1388640142080742e-09,-3.4980182410603865e-10,-3.847084839751038e-08,-1.6792756522586786e-09,-3.566868154478848e-07,-3.1977097305613835e-15,2.3967100009027704e-06,-9.78860194568748e-08,5.52283596155356e-15,-1.1620613543334733e-06,-1.9499949229926056e-14,-2.7640339199808897e-07,-8.916525477011031e-08,-2.710500335384899e-06,6.07523805876695e-14,-7.722408669009589e-13,6.944144054541052e-09,-2.3062372424329865e-09,0.0002981183135767387,4.747977465928267e-07,0.001356488786936347,-7.94830873500134e-07,1.5536072442444707e-06,-1.7414196792951885e-06,5.609948961801299e-05,-3.1877937947306125e-07,-1.542424580944567e-06,-0.003923658476553406,-0.0027712701950107794,-0.18599681951239716,2.0435373699535634e-05,0.7932714988765805,7.675610119900151e-05,0.0006026171827926193,0.0017617023715215214,-8.232730595920122e-06,0.32555271731231955,-5.251646284439265e-06,-0.011828115841512356,6.168134043694963e-05,-0.0009287024421019112,-3.577938170139563e-05,-0.003853127072724437,-0.0020968763583518787,0.00022992200866267314,-0.05455541292164881,-0.17074071446024314,0.0018497912597175736,-0.0005847666880532634,-0.0006101229437953748,-0.0055605348893282445,0.008193551743112506,-0.0006226018177767433,-0.03471410738800301,-0.007954229170626001,-0.003470334950888771,-0.09955633396083166,-0.42855212303562473,-0.025568013176764087,-0.0007553890332965582,0.0006280105799253714,0.0006505086867988259,0.0003777256787482421,5.577251732506412e-16,-0.0057431240103126184,-0.002991821317736378,0.023945831466967396,0.013289948791886927,0.008085514437350571,0.03033479125816663,-0.020965985270989168
