,0,1,2,3,4,5,6,7,8,9,10,11,12,13,14,15,16,17,18,19,20,21,22,23,24,25,26,27,28,29,30,31,32,33,34,35,36,37,38,39,40,41,42,43,44,45,46,47,48,49,50,51,52,53,54,55,56,57,58,59,60,61,62,63,64,65,66,67,68,69,70,71,72,73,74,75,76,77,78,79,80,81,82,83,84,85,86,87,88,89,90,91,92,93,94
0,8.35140295521695e-18,-8.60854167393821e-18,-3.0453514082155855e-16,8.436305169488267e-18,1.123079036364761e-16,-1.9061304997868377e-16,-8.26812900511849e-17,-1.546751849790635e-17,2.8723146538625624e-12,4.620071378316774e-16,7.121763177630762e-17,0.30478261373846877,-0.07940979565308512,1.5411131097079243e-11,0.0057260318804838815,2.6373514862745983e-16,-1.321481416224611e-16,2.002958531769028e-10,6.254797412712219e-14,-2.1221348154785984e-13,-1.934224055503919e-16,4.202274038338556e-11,-4.59769659695176e-13,-1.0409930521159074e-16,3.5620819332608765e-11,-4.4741760494790414e-17,2.7807286292495736e-11,0.013703774462227664,-4.6852501604065555e-17,0.22461326080205773,-5.326560848420032e-15,5.701845280735962e-15,-1.942388463053114e-15,-6.155340870469506e-15,-7.990053866163951e-15,-3.9973007868285663e-13,0.10790285840184244,-3.7234980349135156e-06,4.0871706838357095e-14,0.6982066575141062,0.11273106447999484,6.325872962226457e-14,1.622304823598845e-11,-3.816043668116464e-12,4.318522284047123e-06,-1.4967408672273558e-06,-1.3309496154723583e-12,-6.371683397503593e-08,-0.007356094846411912,0.00041598990201305417,5.0469580640695634e-05,-4.5808965459916e-08,-5.992677799710884e-05,-1.7667950192426923e-07,6.885263283066589e-08,1.2388604302091467e-08,-1.2205029065054159e-08,4.095091066527722e-08,-0.005483480034899212,-1.690763099441944e-05,-9.726044963024424e-09,-4.027080990635399e-07,-3.60866325246338e-06,-0.06799890288885088,-0.0008813837813501773,0.006122648443280477,-0.009269418892482386,-0.0012349754607862682,-0.00018785515343280442,0.004938469136970383,-6.12859962587187e-05,0.005659286628499622,-0.0042847923497706586,0.0011568853696259666,-0.00014696010494538362,-0.0005612353591728833,0.000685618374682926,0.0019284470554046945,0.0014782802909877276,0.0016120565687134806,-0.0015174944167614575,-0.004695964293006343,0.0023498407035102533,-0.0005115035821321473,-0.00035342091988648265,-0.0005511072510905388,0.0008576698533571382,0.5773502691896227,-1.4450292260836999e-05,-0.0013876200434726163,6.84335948287508e-05,-6.147506249989296e-05,1.9907932657617363e-05,-0.0003388295709149559,-0.00013769505380840856
1,1.0483240998164817e-16,-4.6094847371404175e-17,1.970200073197922e-16,1.0375069104028179e-16,-2.0554835771311593e-16,2.618538636750938e-16,5.116353549021581e-17,-3.0154749669711403e-16,-7.042780097192472e-13,8.91454353796719e-17,-3.550041214586296e-16,-0.08668846297996025,0.30963426116770293,1.609678203250396e-11,0.03537853852019718,-5.914112867823047e-16,-3.276868185607622e-16,-5.6463392126907625e-11,1.1600268955648275e-14,-1.6705027526138546e-12,-1.0394160524028791e-16,-7.417561943955265e-12,1.3236900275314442e-13,3.781659572705791e-16,7.126634279808975e-11,-1.9264362151590704e-16,-9.531511526295537e-12,0.01327993670957056,-5.484436430283644e-16,-0.07325333072327554,5.325696317112808e-15,-8.598205174155693e-15,3.53347475596564e-16,2.15057632343814e-14,3.0696011143298688e-15,1.3149160678165398e-13,-0.5033416399612106,2.32246941837775e-06,-1.3315541507723185e-14,-0.21964833773126252,-0.5021807223939792,3.225507584935394e-13,1.291476720054078e-12,-1.2800309385399685e-12,-2.877165005594638e-06,9.963671938480756e-07,6.994688109438894e-12,3.7336163733191554e-08,0.004843682391223949,-0.00029137744581884847,-2.298459141004419e-05,2.7100590927986792e-08,3.1171379002117935e-05,1.8116313586050215e-07,-6.86163116789086e-08,4.642498332028637e-09,1.1771490233238692e-08,1.0183966096490959e-07,-0.009765511756150896,2.9565779180155665e-05,1.402916047372854e-08,5.10665830894479e-07,-2.848718037220241e-07,0.021285186092335488,0.0008544211224490632,-0.030421369060917212,0.03270777174624329,0.0052810415217770185,0.0007589161110256955,-0.007550289168641626,0.00015449811296363086,-0.0006345332757500612,-0.0023496238906857503,-0.0003904173865764312,0.0001651774613700451,-0.00012833167715795956,-0.0006190405798500025,0.0002527264913351528,0.0006090612040826756,-0.0007764433492342283,-0.0008407557829940287,0.00029039033210146646,-0.003545465810037712,0.004327039259932344,0.0005589799367483893,-3.338878321846001e-05,-0.00014177070651287952,0.5773502691896236,-1.1889140538339562e-05,0.001839104726112228,-0.0001046160102684084,0.0018316252009982518,-0.0002659149491957458,0.000573999533242043,0.0003347463936806713
2,-2.7541322255457343e-16,1.748924260591854e-16,-2.066745458191428e-16,1.932552791953463e-16,-3.1876148170146017e-16,1.6773806393293662e-16,-1.9889873827832078e-16,1.384783957148607e-16,-2.1677848654148494e-12,-4.101094685725978e-16,6.016887834932915e-16,-0.21809415075850816,-0.2302244655146166,-3.150823430915479e-11,-0.0411045704006808,1.358178252510271e-16,3.2007629766935e-16,-1.4383620588429466e-10,-7.393316782943535e-14,1.8821246934564068e-12,2.8383264597593556e-16,-3.461322246199417e-11,3.271151803197082e-13,3.3436191680817114e-17,-1.0689005073231373e-10,3.078043695640513e-17,-1.8276485072640275e-11,-0.02698371117180348,3.200658474247918e-16,-0.1513599300787787,9.987165511940892e-17,3.242486751268795e-15,1.9667025045175995e-15,-1.5606964140724272e-14,4.7728440836192904e-15,2.6749663192409575e-13,0.39543878155933304,1.4010286170959743e-06,-2.705104570720577e-14,-0.478558319782839,0.3894496579139978,-3.859566753181082e-13,-1.751463031857121e-11,5.0960230697180645e-12,-1.4413572787578848e-06,5.003736740255184e-07,-5.663583572663537e-12,2.6380670441996318e-08,0.0025124124551921547,-0.0001246124561932626,-2.748498923153787e-05,1.87083743658291e-08,2.8755398997678723e-05,-4.483634608284218e-09,-2.363207876196093e-10,-1.703110236409743e-08,4.3353798890781685e-10,-1.4279057119899652e-07,0.0152489917910449,-1.2658148184367734e-05,-4.303115638518984e-09,-1.0795773217689513e-07,3.893535055481223e-06,0.04671371679669527,2.6962658891160464e-05,0.024298720617666317,-0.023438352853804238,-0.0040460660609950615,-0.0005710609575939427,0.0026118200316844935,-9.321211670503489e-05,-0.005024753352819079,0.006634416240560335,-0.000766467983097089,-1.821735642457565e-05,0.0006895670363421643,-6.657779486597641e-05,-0.00218117354684492,-0.0020873414951526857,-0.0008356132195693223,0.002358250199836527,0.0044055739611482255,0.0011956251064732585,-0.0038155356777736017,-0.0002055590169340892,0.0005844960342520577,-0.0007158991467962146,0.5773502691896311,2.6339432799536518e-05,-0.00045148468256357607,3.618241543829318e-05,-0.0017701501384953299,0.0002460070165469379,-0.00023516996231185018,-0.00019705133983986099
3,-4.938566480555575e-16,2.4703988762370324e-16,2.2737730516422294e-16,6.131812944486196e-17,6.314502408540693e-18,6.611512001225802e-17,-4.2734097945197614e-16,1.4841800099994566e-16,-7.465630367105995e-12,-3.884710399664515e-16,7.146192196249368e-16,-0.6941922584038227,-0.1351414983399365,2.3884953801733883e-10,-0.6209158957166159,2.299789643271874e-15,1.8184367266539646e-15,-1.0886425634107898e-10,1.5094332594208908e-13,1.4243272588713922e-11,-1.5783351332741694e-15,1.6460679906389824e-10,-3.6357959800654937e-12,-1.3201583050908015e-16,1.0255386993501226e-09,-5.3019196520522585e-17,3.448546607817177e-10,0.08497761619537074,1.0245166974245756e-15,0.020715355605008465,2.7109686177464564e-14,-4.9814900971079185e-14,1.4473581751082174e-15,9.254150374356715e-14,6.29681768268096e-16,-1.2826386293163586e-14,-0.0588668349077831,-1.961738685504678e-07,5.99503430493109e-15,0.3005713286877957,-0.08248555783499434,1.3887722737107657e-13,8.399243377938089e-12,-2.235532105157737e-12,9.287217239955617e-07,-3.214217364511748e-07,1.3407020004533157e-12,-1.0463496415368586e-08,-0.0014405914917998432,9.328956415576569e-05,-1.5054282621391123e-06,-1.3429721283183743e-08,-6.240295771337919e-05,-1.1800722783140256e-07,5.944724154397648e-08,3.2439229007693806e-08,-1.638197074109964e-08,-5.380169290025249e-08,0.03145584997913299,-9.08518957514841e-05,-3.6225813891073386e-08,-1.5893141085012876e-06,6.4709536478137e-07,-0.0670723071570596,-0.00030800597690550395,-0.01501084659388526,0.009435557049071286,0.0011201110338978162,0.00011932456641529486,0.0061274769537810895,-2.9789679106937618e-05,0.00809363197535252,-0.006295417949464673,0.0015095939370938416,-0.00022694493178562826,-0.0008066289471558237,0.0016459943946942257,0.003468421842390447,0.0011369414463326443,0.004029793772349273,-0.0019533854869487827,-0.0054577067694318296,-0.00011635499952990838,0.0010532469810418032,2.9965694060800157e-05,-0.0006528346129879629,0.000903586997259734,-4.426263510018627e-15,-2.2778496037371898e-05,-0.003656321766198065,-1.1920824862583092e-05,0.0009532678732326718,0.00021387630002029373,-0.0004887813727990275,0.0005179232720837481
4,-9.437945630575745e-18,-8.276026755109306e-17,1.6925164052060325e-16,1.332755113622639e-16,1.1598363253488944e-16,5.708573152788622e-16,-6.539828477471158e-16,-5.841835580687088e-16,1.378055245453578e-11,9.049730728322667e-16,3.531630294729531e-16,0.5647179210850487,-0.4526846612777603,3.238634058814208e-10,-0.6001216202062851,2.4617585345620554e-15,2.075147647116033e-15,7.538469943459331e-10,4.675777151986061e-13,1.3442868381993583e-11,-1.1262260057291878e-15,2.779653898475275e-10,-4.960977173992343e-12,9.627685872423619e-17,1.085972412228142e-09,-1.0187598542800718e-16,3.808995663324273e-10,0.089544252062519,8.373595952944345e-16,-0.027781693579830347,2.4460603424568895e-14,-4.700843862916465e-14,5.107122475172174e-16,9.115031944651477e-14,-4.850703784042631e-16,2.171449548132998e-14,-0.12800513872769734,1.6346875079587275e-06,-5.838431760827137e-15,-0.23148671901594353,-0.17816618082796884,1.0083184860842108e-13,-4.507612395128831e-12,8.290463143677111e-13,-3.577348679529922e-06,1.2431511259040646e-06,2.4528218164544842e-12,6.119291437542635e-08,0.007562134300438148,-0.00042884898204580477,-6.603158569094213e-05,4.029733531599742e-08,1.8018844151919907e-05,1.0925796879908932e-07,-3.431187706723988e-08,1.4789962056560754e-08,1.5110802778591392e-09,-1.1718407222522979e-07,0.04039512678936095,-6.372165150220023e-05,-2.0868932575867983e-08,-9.457613519969623e-07,6.609186638236504e-06,0.049259242057280626,0.001230802848399663,-0.0258057749477256,0.025800092841866712,0.003308025490276413,0.0004524071674621476,-0.0026995471190891258,7.929086494177345e-05,-0.002177393919975295,0.0015236973281950556,-0.0006166056736187553,3.754048387559699e-05,0.00021595046287488397,0.0003808705742101142,-0.00011468962166099665,-0.0016206458354355074,0.001006575600470919,0.0008998697424372536,0.0033801581194113184,-0.004567262943858604,0.0019990817151880704,0.00070526527428954,0.00039977139637399834,-0.000730448928114335,-5.490219368960565e-16,3.2341927310642766e-06,-0.0010732460145311245,-0.0001416119458705045,0.0010691214623310891,0.00017583067265553227,0.00015716279812172458,0.0007804918987713514
5,3.2760873640846067e-17,1.068697703183427e-16,4.657756860086795e-16,-1.8632280634593932e-16,-8.697929625521665e-18,-2.0618443482179198e-17,8.862757323285687e-17,-1.739875736015102e-16,8.575973046909992e-12,8.602739726405864e-16,-3.7574656750956e-16,0.20664963381929277,0.7854779839788243,4.1263137580455187e-10,-0.4716432790971225,4.977618050084004e-16,-4.2649637418431e-16,5.106529927947438e-10,5.26039244427982e-13,7.138248921987089e-12,-8.133585243099032e-16,2.5796659401754613e-10,-4.5791719584904376e-12,-1.1235384165213495e-16,1.20687986240385e-09,-8.332969817471482e-17,3.685445055170798e-10,0.09396964854423048,1.2213499875720492e-15,-0.011965306023941061,2.730729374817825e-14,-5.216407400433114e-14,1.2220724829266356e-15,9.646677541266604e-14,-3.978362933873281e-16,1.0922132409331486e-14,0.1945089053326416,4.927184471690171e-07,-1.7455581326115298e-15,-0.06410695473417762,0.24806029539098692,-9.209700109187811e-14,-5.535067220161548e-12,1.856998179636021e-12,-5.752319312442214e-07,2.016287715836231e-07,-3.3912895274817457e-12,1.9204395605056418e-08,0.0016342139427888741,-6.312040252938154e-05,-3.664542188929105e-05,8.512400414869067e-09,-2.3813180690005287e-05,-1.2377458645163237e-07,5.912543490714843e-08,8.176086135771908e-09,-1.5746386791153917e-08,-2.748079184045046e-07,0.05631505578083474,-0.00011116335464845365,-4.3020192970859905e-08,-1.7618373239071003e-06,7.079840610383177e-06,0.012844850526937875,-0.00026093184377689764,0.02783057253836541,-0.03194327895451903,-0.0060480042100156005,-0.0008932133684563337,0.010795846372366542,-0.00019569427432951014,-0.001025780981060875,0.005811415042572966,0.00010092893880145978,-0.0002597308711261974,0.0004497727418432599,0.0015231430282553208,-0.00058426289096322,-0.0027567899350899013,0.0024627016994315585,0.002480693242018154,0.00283363979873368,0.0021483165064713375,-0.006002160448001716,-0.00036280652181634493,0.0004635434367034342,-0.0004603468291177114,2.7092107788665035e-15,2.4636425084981703e-05,-0.00449676734876772,5.6649853482434594e-05,-0.00238269045596584,0.0006840150855441788,-0.0009371090259082164,0.00014216903649992836
6,1.334536575893859e-16,8.15936898261929e-18,2.0891494478486205e-16,-5.7831683475556755e-18,2.1292303101615757e-17,1.902090148186262e-17,-6.363984010304296e-17,-4.503114260153591e-16,6.602294254681185e-11,-5.665471642364343e-17,-1.875370773467939e-16,0.0642030420969798,-0.0021419771969769514,-7.889878186271008e-10,0.09335239762994366,-6.222572676958195e-17,1.223404371441666e-16,-2.7358317753102914e-10,-4.3355672122977004e-13,-4.271794405318833e-12,4.481852642711982e-16,4.133737610100769e-11,-1.9419158825001358e-12,-4.113150843873433e-16,2.6808049915927315e-09,-5.094980860990537e-16,1.1795766396545864e-09,0.3499063146028661,3.967286615514784e-15,-0.6451696933152405,1.312391331465835e-13,-2.373674906271021e-13,1.6230288132505915e-14,4.741150941855215e-13,3.221369714542869e-14,1.3371268844322791e-12,0.196152865905893,8.143022035938026e-06,-9.882045080470692e-14,0.12391914831792893,-0.1631500599999985,6.105782926077308e-14,3.0731380792436236e-12,-1.0152163658985296e-12,-2.200293877473313e-06,7.646510625690414e-07,2.7235592106416686e-12,5.918252258889551e-08,0.003707172179463805,-8.584842839672067e-05,-0.00012454385841765192,-7.304532214770042e-09,-0.000391851369035192,-6.579634044580911e-07,3.7250300927455826e-07,2.434646326391943e-07,-1.1742822321359471e-07,-5.702382537869331e-07,0.28719410682866325,-0.0007661538218892781,-2.9869092458416845e-07,-1.3183546409432466e-05,1.2160402661613586e-05,-0.4837589950488568,-0.0011585194972176904,-0.15459487387849474,0.10992598978262073,0.01378059535815786,0.001621570597804106,0.04551593141836,-0.00012351197678203623,0.06562921566048131,-0.05275645611433334,0.012078294247557738,-0.0017858058739587054,-0.006652327693846331,0.013869141101086075,0.029545701451246787,0.008933366991956338,0.034700306871947806,-0.016676566648572633,-0.04443475077384225,-0.006235122513042237,0.012666696557021505,0.0010807626431863116,-0.0054428543825386574,0.007275936552464379,-3.3602431086131394e-14,-0.0001913547631762268,-0.030824801541223853,-0.00026162611275159874,0.010039520783270119,0.001778437118235792,-0.0037446281563770618,0.005200474910898207
7,1.4881425749900347e-16,-4.450846021643958e-17,3.1010351213125476e-17,-2.999792712859192e-16,7.105167934610587e-17,-7.313700332758636e-17,2.225894937144169e-16,2.58413349516997e-16,-9.61441174903929e-11,-4.3726576990953218e-16,-6.361509080098673e-16,-0.06015328269420696,0.019231949193320295,-9.871903552025482e-10,0.09484257154367672,-6.846155814327702e-17,-4.03509608060413e-16,-7.10993897501655e-10,-1.1019693473312072e-12,-4.5450620648652054e-12,-2.867052011059513e-16,4.621833407713656e-10,-6.205216915554193e-12,3.5790264785523494e-16,2.9673289868769277e-09,-2.4051805967614806e-16,1.4879745685405245e-09,0.4409181275511158,4.1971488914260856e-15,0.4234259790546439,7.929117268219732e-14,-1.7386721590195117e-13,-3.4098961329774028e-15,3.9912417321622556e-13,-2.542101543814021e-14,-9.661581294681784e-13,0.37267835220792056,-1.0893806041059493e-06,6.83265357692082e-14,-0.0813398856272288,-0.31624385055347987,6.831923672404416e-14,-7.385816655717597e-12,1.739777932122591e-12,-1.6986357105319524e-05,5.922586616656178e-06,4.279340683011573e-12,3.3699627642466527e-07,0.04512175195568447,-0.0026059202729625196,-0.0004355250797302372,2.2076068851524824e-07,4.179752284770435e-05,5.34092857059341e-07,-1.6402630337324303e-07,1.449130489072694e-07,-3.625767783645457e-09,-8.414971661254586e-07,0.326719333485216,-0.000545864070145172,-1.8245157055546102e-07,-8.303646804831593e-06,5.024146919902469e-05,0.33736004254215823,0.010522763494484647,-0.26457922484900326,0.2629103783788479,0.035526129838127765,0.004889478780955527,-0.027725227477655802,0.0008460287257880596,-0.010310738167405794,0.0015358881268890822,-0.00415844003792166,0.00035491361040689554,0.0006773996880816255,0.0034571368333547107,0.0029577987075236414,-0.010658879512548113,0.010387551954764693,0.00361742890547224,0.022544195775406305,-0.04450859133866695,0.02535609371678178,0.006972319736324131,0.002546184796589642,-0.005359646837712823,-9.205960546609611e-15,-1.795890830728676e-05,-0.008484963738129915,-0.0013774345575647015,0.013342512900449565,0.0010448731285184034,0.0020561493877683267,0.007542963716106211
8,2.0936243956878668e-16,-2.3126993443895556e-17,8.580064144355349e-17,1.745572840558885e-16,-2.31469277200352e-16,3.5006471128623505e-16,-1.1161989605330088e-16,9.02319825157511e-17,-5.2637847266873846e-11,-9.185734445572188e-17,-1.4711824791174569e-16,-0.024897861683472727,-0.06485366646667694,-1.2034127809344151e-09,0.09970781346063676,-5.474097866320401e-16,-2.3785095522574915e-16,-3.903758805002921e-10,-1.1677379002332472e-12,-5.176807252446884e-12,1.7475298702098848e-16,3.886738774116216e-10,-4.992203185400593e-12,-2.5802841264923904e-16,3.754380280095291e-09,-7.048679591367331e-16,1.1527912552065456e-09,0.5335688642866984,3.3851392348208455e-15,0.0731491414182643,1.2030790328607767e-13,-2.4853810794652556e-13,2.406457991459138e-15,5.484797621336105e-13,-5.819821386570434e-15,-1.8310489008005024e-13,-0.43310236813520037,5.092404373463945e-06,1.535504523634511e-14,-0.020300562961392123,0.3733512541219509,7.399657239346005e-13,-7.0472029794975856e-12,2.373620436799498e-12,-4.046644666950919e-06,1.411638610335655e-06,-4.067884731616175e-12,1.1456712501595686e-07,0.009301698578474614,-0.0003287104867739626,-0.000222019360703255,4.7682629964810895e-08,-0.00017453123332711803,-8.302517439964888e-07,4.180856739380944e-07,5.244983709681393e-08,-1.1501207958604328e-07,-2.013222994356457e-06,0.4093303412965874,-0.0008082163567304225,-3.129429516618929e-07,-1.2803975852190832e-05,5.134975483713424e-05,0.08115911531251191,-0.0034367811785539697,0.2745535615669797,-0.30806786755940646,-0.05648945280290943,-0.008289115682781989,0.09441702568893602,-0.0017758509923002134,-0.010318961000345463,0.052748084797513826,0.0008977157081801533,-0.0022151265144364335,0.004113302369591663,0.012309084936503583,-0.0069385624367697156,-0.023426985401500938,0.018828139081217703,0.022446414528368347,0.02439047081620986,0.02571724334230065,-0.056826494422317755,-0.004303693857434648,0.004109739548000326,-0.003775100178021493,2.0279840989972805e-14,0.00022261472720490596,-0.037218097926188146,0.0007115158442465495,-0.023609369709672486,0.005935284425275755,-0.00853587286775232,-3.7529478532285235e-05
9,-2.0422417040820693e-16,-2.7073358747133014e-15,1.9961169312027044e-15,4.502278250545187e-17,5.4847703306921044e-17,3.8114192254740375e-16,-2.3355827680597047e-17,1.067345701429552e-16,-8.661722208082977e-10,-1.9390047727861022e-16,-5.739901475698732e-16,-0.007836546723056012,0.002089797001087535,4.525133283170837e-09,-0.018500811070074355,-4.5996193081689185e-17,1.6208048253476214e-16,1.437342046736048e-09,1.4043822125593904e-12,1.0144925372427194e-11,1.6862262146098414e-17,1.3114248134096346e-10,6.433287649296987e-12,3.064320342253091e-16,-6.420601184336132e-09,2.8813777367376615e-16,-2.6866544653699346e-09,-0.2780560085423464,-9.567609992584113e-15,0.4722707544852866,-2.2466763615828383e-13,3.3958412481486165e-13,-2.5812963676628322e-14,-4.164693156030389e-13,-4.375204640752129e-14,-1.2608771015022554e-12,-0.13647186819390855,-6.351346592222926e-07,6.082652683834145e-14,-0.2001796011068947,0.1369300489781867,1.5101489985568054e-13,-7.28601828025151e-12,2.0555085566641915e-12,-2.3105552183225416e-06,8.045471847669952e-07,-1.704983022119896e-12,5.998588563107929e-08,0.004785435327887337,-0.00015789731267111534,-0.0001286678319131829,1.1284672705227057e-08,-0.00032404219247243764,-5.80854516362809e-07,3.5499069730373375e-07,2.230895053847063e-07,-1.2468997438989302e-07,-8.113601361868058e-07,0.3731146478758207,-0.0009486761659175299,-3.6052671891749504e-07,-1.6122299547652358e-05,1.872177451616513e-05,-0.6218187777477542,-0.0016310770749261893,-0.20415776039768094,0.1419830650410353,0.01736457054178796,0.0019963697792415936,0.06698103682290867,-0.00022628112330616896,0.09485152673542453,-0.07612721477822859,0.017900822485996785,-0.0026107289668471172,-0.009619470221352552,0.02094310394490123,0.04462469757067638,0.013280486765216941,0.05357637436532399,-0.025586589048802802,-0.06842264868157252,-0.010041238908819116,0.018352476942898058,0.0017806754537325797,-0.008626534401381638,0.011458359289727878,-4.166476360536473e-14,-0.0002673065359659144,-0.047268021806656936,-0.0004189673436164267,0.015552169590918995,0.0028216780423070257,-0.005901321635258908,0.008291420641517921
10,6.374184622692557e-16,-2.5650429611478595e-15,2.593097934704562e-15,-1.2509725262084409e-17,-2.4233653664588215e-16,-1.5647332369191302e-17,3.48730041578359e-16,5.428579314328434e-16,9.86346133098402e-10,5.589076001392772e-16,1.743079313077399e-16,0.008694133730444788,0.00018188494792742825,5.691587807079858e-09,-0.019667509886927403,1.0590771136929851e-16,4.1552193294918924e-17,4.085299714589163e-09,6.256810598844716e-12,1.0955629022907488e-11,7.377243991747501e-17,-1.9268744972427686e-09,2.8605459710622965e-11,-2.0538640620236062e-16,-6.6145002958015525e-09,-1.0556355458054001e-16,-3.5821382997610156e-09,-0.34708873176873667,-5.1486522735591575e-15,-0.3054302334539523,-8.451418535975198e-14,1.7219085145047356e-13,8.525093301822778e-15,-2.330379067602418e-13,3.303466838251336e-14,8.971945893073015e-13,-0.2525559451946424,2.3269042360832475e-06,-3.745137949832138e-14,0.15060144224809205,0.2756291450212033,3.170538954082649e-13,-5.535979131961292e-14,5.2189804491976e-13,-4.848036947739501e-06,1.7094902995276214e-06,-3.4356097673367343e-12,1.5315569426970667e-07,0.02545804051222822,-0.00153732578896462,-0.0003192603746577634,1.0700772768864151e-07,-1.7220788966769145e-05,9.534789606484263e-08,-1.9251079911886816e-08,1.3318149459423655e-07,-2.5389064795629847e-08,-1.164191499720523e-06,0.4254851446245546,-0.0007139216198747021,-2.4033679632820744e-07,-1.0885385684610488e-05,6.514366927266166e-05,0.4354624952954806,0.013858382869246356,-0.3473464302007343,0.3441878008018604,0.04620392398875848,0.006347360123187762,-0.03442536767088792,0.001092424310246925,-0.014764696062784032,0.0033303303489885653,-0.006054752214003851,0.00040629482905472594,0.001058303299946573,0.0055008464530307034,0.004599289379405456,-0.016437163877158687,0.016379445956902137,0.005571608543000228,0.03472263908203317,-0.06997129225694941,0.037125169984100814,0.011173923124447087,0.0039848937849529,-0.00842868960846896,-4.6922630112959664e-15,-1.8387861460290095e-05,-0.013569982642443235,-0.002168283361279691,0.020767732937436303,0.0016283914280754176,0.0032989431552561646,0.012032355072176535
11,5.299951605261981e-16,-3.439338783353851e-15,8.358271775989185e-16,6.949389226666877e-17,-1.2723631058667265e-16,7.27782657190093e-18,-1.320234608872809e-16,6.975037331959743e-17,4.5703600680100783e-10,4.0662050088165693e-16,2.5645392784446976e-16,0.004118110928008892,0.008381830359140353,7.042512166821042e-09,-0.022703628742297092,2.163714819675151e-16,1.1658601870755668e-16,4.869473973082741e-10,6.411587081109843e-12,1.525899484079003e-11,3.456657925969698e-16,-1.374914643592549e-09,1.71364061340492e-11,1.8734950190643706e-16,-8.638806882160973e-09,2.0283366097883458e-16,-1.0896136285871467e-09,-0.41864104184150963,-5.6545412627876e-15,-0.050056891282368336,-1.4544470408926856e-13,2.7131061178959623e-13,-2.2994349306686993e-16,-3.687670235227713e-13,4.841030299515092e-15,1.1038356107753747e-13,0.27104722591879665,-7.156714538330034e-07,-8.272967539297997e-15,0.043792526599298644,-0.3497352176378525,-1.614002620024061e-13,1.6591218451356882e-12,-8.755151855580771e-13,-7.599475826549963e-06,2.6476898505649607e-06,5.0280792876133085e-12,1.6163351815278018e-07,0.018185585475129322,-0.0009045165734225508,-0.0002637064084442928,8.614172194995352e-08,-0.00016942064435805757,-4.616662441832143e-07,3.161134986420112e-07,1.033319635264387e-07,-1.1611398567711727e-07,-2.2193585160063203e-06,0.5264049182168238,-0.0010212734711078117,-3.8333478924845815e-07,-1.613422218299331e-05,6.656251104197895e-05,0.10410776488689175,-0.0039990964016121365,0.3538767700900719,-0.40266703062524023,-0.07539523591225697,-0.011115882384002027,0.13229791247094214,-0.0024286793497280794,-0.013707280149426043,0.07592650883097733,0.0014423968714651915,-0.0031774079910877034,0.005861464486715088,0.018617846649634277,-0.010124985963751255,-0.03570103648094794,0.029251648114737565,0.03464861295620479,0.03763668773701586,0.040492025249361775,-0.08452140439496224,-0.006942453232413771,0.006542611499768944,-0.005958982610264804,1.9063945028955742e-14,0.00031018265650977167,-0.056868329400080596,0.0011224524764989734,-0.036636281533312116,0.009456328965622672,-0.013570358053859836,-0.00013645155628604853
12,4.621748338121065e-12,1.4988598574342018e-11,-1.1852071438085597e-11,4.855826926134062e-16,-2.5408630816924863e-17,-5.4232848569193993e-17,-3.884590683614465e-17,-6.67154032555314e-17,2.1167532135167407e-07,-1.0246513576784158e-16,-5.4491524192904694e-17,4.450008787154624e-05,-2.4466086691027684e-05,-5.328626537305628e-07,0.00016898358046254014,6.650987486739291e-17,1.2974681324364792e-17,-1.933503648355766e-07,-1.3859136993753092e-11,-8.258286675512421e-10,-7.346735318109005e-17,-4.273317479355716e-08,-2.8107645346314656e-10,7.986915138203316e-16,2.854110046222046e-07,3.428252508154672e-16,1.3746938022316812e-07,0.006736168066562555,4.324296485012359e-13,-0.010933163658526566,7.43622339501305e-12,-8.678665776195942e-12,8.04410971021966e-13,2.888184359645315e-12,9.5526769654432e-13,1.1314527711717583e-11,0.003180391160692533,-0.00014639368363962755,4.0801892377972366e-13,0.006774307236374071,-0.003300591214637601,-4.530476348249572e-12,2.2468048976385605e-11,-5.520281334636922e-12,1.7122861429409677e-05,-5.916758118315947e-06,-8.403271865675602e-12,-5.748237489839724e-07,-0.005106329752568256,-0.0014105727622281273,0.0011734400114122596,4.2905581620810485e-07,0.005325262529627051,8.976629917627567e-06,-4.252169535487845e-06,-2.7877973210081317e-06,9.525234182059616e-07,-1.366874547869391e-06,-0.10462987550674296,0.0018585267217519563,1.0472298904269638e-06,3.8629904997915053e-05,9.269466395416376e-05,0.19061430189082026,-0.007145457304966862,-0.05056581348798799,-0.11443754874782863,-0.033967404108635246,-0.006159323516020059,0.32700318966612707,-0.0029546908546805007,0.38787138800091064,-0.3023921775137978,0.09150623291289174,-0.011940546037515506,-0.0392733641050148,0.12116676046347881,0.2579114791943397,0.06968620841014365,0.35666069658376853,-0.16403728229316847,-0.4536904064802515,-0.07213067458425704,0.06687933069975982,0.014676417511996045,-0.06710486465496186,0.08672124246506394,-8.316556858635236e-14,-0.0007177852346195183,-0.3028575429442411,-0.0030505153635263676,0.10150346055038763,0.022084012057381187,-0.04530574655405944,0.06442166822590036
13,-7.063074083637852e-12,1.2064659361456333e-11,-1.583083529475418e-11,-3.8790337138283854e-16,7.83705209109981e-17,1.3214073804478177e-16,1.9772379853262475e-17,1.0007815415498892e-17,-2.054031063101811e-07,4.2847137343944873e-17,-2.0069918709465182e-16,-6.409382429931005e-05,-1.8047035871131906e-05,-6.755500895103634e-07,0.00019827036918460393,2.9872663088885957e-16,-1.9570160479657115e-16,-6.106106964070369e-07,-7.566188505264771e-10,-8.138807370004356e-10,-6.935482447543866e-16,1.5721001542151437e-07,-2.601875595840396e-09,7.6594629746397275e-16,2.5798528052283683e-07,3.686793582349793e-15,2.0494928153228125e-07,0.010133160776633458,1.0709253029971052e-13,0.009270642807777826,5.544579982363981e-13,-8.679967610600266e-13,-3.658172031370893e-13,-3.6065870994535735e-12,-7.179363593528883e-13,-8.91882677780592e-12,0.008948908324471866,-3.6037445192625184e-05,-4.244063280387535e-13,-0.009360414492304552,-0.012978096886278965,-8.652859558667995e-12,1.5505191546363065e-10,-4.691633287807243e-11,0.0002901493887440988,-0.00010122380673085047,1.2843659354242979e-12,-5.7249617415620515e-06,-0.7430113220295345,0.04251978891401909,0.0063233751463570185,-3.7699718240517433e-06,-0.0015427305766677422,-1.1942113521036886e-05,4.288828413237322e-06,-1.569548619399981e-06,-4.987169419934398e-07,-1.3585524558397745e-06,-0.01098258443767098,1.9207812715796226e-05,-8.046425429002317e-09,-4.276237461540702e-08,-4.23933109244961e-06,-0.024533119947953447,0.005658457824586145,-0.005286848831233484,-0.03622877561498991,-0.021685142070919625,-0.003570451473037064,0.08821114373678626,-0.0008951512836434925,-0.07028549758052771,0.08192122285551316,-0.028328470291664114,-0.0026229643056206154,0.00982017218722909,0.04253042552918606,0.023347161225916287,-0.11581866766078847,0.11913044250619569,0.045781665503973834,0.2423453066364119,-0.5056829207839385,0.14955992289311093,0.08942822883990645,0.03077317346972471,-0.06457985324649994,3.694458532339286e-14,0.00031044530188115724,-0.11072893420869373,-0.015792288417845083,0.13579198860121447,0.01252242403818036,0.025543372112299376,0.09432607659834874
14,-4.011473871928742e-12,2.0294798878281898e-11,-1.189438029183559e-12,-4.177718096092885e-17,-1.5068283429426266e-17,-5.3484224270345934e-17,9.577510946025885e-18,-5.336382604234217e-17,-8.146185256282446e-08,-2.1965878819309768e-16,-4.062612933787014e-18,-3.253852241530463e-05,-5.804425089810782e-05,-8.648436412483623e-07,0.00022187415797849722,1.8111270601571707e-16,9.232098906669396e-18,1.72004585993857e-07,-7.655074658411424e-10,-1.357087857411604e-09,-4.778045311439884e-16,8.349585592752944e-08,-7.340653866481372e-10,7.935450689457332e-16,3.6653678124509366e-07,8.66130163022362e-16,-7.367442735390482e-08,0.010097745823249583,4.848423291634391e-14,0.0011172383551276773,1.6731573494652098e-12,-2.6541563025718535e-12,-1.615375593991674e-13,-2.6146310649218446e-12,-6.29380395600899e-15,1.2283825254585686e-12,-0.005470294924916133,-5.7868520592751235e-05,-4.356404947914174e-14,-0.0017958607547023753,0.009330179741605478,-6.543241144941463e-12,6.94708751253226e-11,-1.742234153565245e-11,7.529356981439395e-05,-2.6015687172754724e-05,-2.098711377998076e-11,-1.4849026055038465e-06,-0.026698321151890775,-0.0027799233746406936,0.001830595830011463,-3.87961930649218e-07,0.0017460865062014163,1.348006698610809e-05,-5.760228010605545e-06,6.317545491373284e-07,1.0052290139707762e-06,1.2644825618027142e-05,-0.14184949524962306,0.000968548819779067,7.942113965410951e-07,1.7186452322559732e-05,4.32045941619447e-06,-0.011652595041237418,0.02135474336916791,-0.24712297701497732,0.03940018931848521,-0.058729112318151075,-0.010851120436818157,0.3694281316626586,-0.004331886524767511,-0.0035576322875574516,0.28598249817580296,0.011700070686398814,-0.011898245901240074,0.019625447496412162,0.11025098191908464,-0.03975099082319158,-0.21948157261870616,0.20752115904695095,0.22790172993653482,0.24967867580899336,0.28555043301939975,-0.4239929782880681,-0.05598877479900757,0.05150978941904521,-0.045503517797375534,2.1902415915758627e-14,0.0007740299143344589,-0.3580191579369351,0.007950061975035519,-0.24444039557546485,0.0750489350175526,-0.10555919599279831,-0.0013287657683539067
15,6.3227087368094276e-15,-1.3243427678393108e-14,2.0728582117064014e-14,-8.60781529324269e-17,1.4026597821680738e-16,-7.879291739536784e-17,2.4114621746635097e-16,-8.019809114312035e-18,7.4129930688461425e-09,2.211350439725127e-16,2.567436213229188e-16,3.6350019807333327e-06,1.0476493528844346e-06,3.084396209503903e-08,-1.2319699921993819e-05,-7.703410020582244e-17,8.0366534586283e-18,3.359232770140855e-08,3.680146021619257e-11,4.922069929081882e-11,1.1254058943643532e-16,-1.1897673125462715e-08,1.8875568074716556e-10,-4.123613467227958e-17,-2.5474614333398535e-08,-3.3211290436858386e-16,-2.3046485044740144e-08,-0.001710711841838618,-1.280352998967389e-14,-0.002191627368728363,-7.462193130511816e-14,1.2457606641964757e-13,5.725788835968747e-14,6.351950455284527e-13,1.3279492464300848e-13,1.926029746915282e-12,-0.003064650951997184,1.0663179835960606e-05,1.0665775733344223e-13,0.003676457990886131,0.0056955209113161934,2.835775545265213e-12,-6.34778625546274e-11,1.9391020848420922e-11,-0.0001728773094456709,6.052161131923495e-05,-5.547750547776134e-13,4.008970780423682e-06,0.6622015121311248,-0.041464959321911125,-0.006632063910918812,2.9469512688843e-06,0.002036081203893118,1.284911679475017e-05,-6.1546616171715815e-06,3.12109173333028e-06,1.3291321779299213e-06,1.102576258427123e-05,-0.08381342524132918,0.0003687825353175588,2.97203584538724e-07,-1.3414054339391544e-06,-2.1336207328184037e-05,-0.06465197309995918,0.011601293333107703,-0.009775594794090077,-0.06611445283901703,-0.038240867443956446,-0.006246881178638059,0.14326734263947807,-0.0015109057433838214,-0.1003365757959015,0.11203754741938242,-0.036727295769701296,-0.004012720040647182,0.01359297140891896,0.05356279582322599,0.02801113121040789,-0.1352658603883432,0.1343077720080358,0.05075652059839738,0.267062099417259,-0.5352169562886764,0.1855484017189461,0.08978139985431184,0.030968294030211306,-0.06596783126109607,4.320465084324705e-14,0.0004739468131644882,-0.13115748830948734,-0.01665990326262488,0.14835612799191442,0.012559156823936211,0.025994551266284208,0.0958458604514956
16,-5.8553531742712425e-08,-1.0194537720466869e-07,8.924209828243718e-08,-1.9219613472976883e-17,1.1988460909253373e-16,2.49515432061804e-16,-1.4616293895230107e-16,-2.2394037436778284e-16,-6.343417485174723e-05,2.2296742490893375e-18,2.124764120174846e-16,-2.044257917416314e-07,2.0779842620491932e-07,8.445298609831064e-05,-1.348694096327103e-06,3.184191220799132e-16,3.0682605506802566e-17,4.355714217846764e-05,-2.605883127431273e-08,9.882110956373672e-08,-1.3241305358892441e-14,7.905738825764538e-06,2.4120936753402144e-08,-7.05467745322183e-14,-2.3522937227178274e-05,-3.134170289663541e-14,-1.47045856123954e-05,-0.00014157753536745446,-3.7901025198877784e-11,0.0002163051847815681,-5.819908357957134e-10,6.287229382070048e-10,-5.920159476909988e-11,-2.146118178803095e-10,-5.818719061830681e-11,-5.881726560110382e-10,-7.228349360035471e-05,0.005577006926289155,-1.9543197165818547e-11,-0.00018994691058403667,7.237514343398254e-05,1.2512953312698755e-10,-2.983327568201815e-10,7.19411495605927e-11,-7.317938035662101e-05,2.525388940087243e-05,1.3064604004267466e-10,6.2630429041946175e-06,0.003494772205067635,0.014784260361246504,-0.013341408996265985,-1.0229259535541128e-05,-0.07536076584898838,-0.00010355967174603995,4.414524007585073e-05,3.682060874191874e-05,-8.348519212861975e-06,3.854785229029537e-05,0.02287930474212644,-0.010721933731649255,-6.518453917143472e-06,-0.00023838527046200186,-0.0005518972995293397,-0.051000647676547516,0.04252237818669788,0.14845421038776543,0.14248378279017224,0.008443438012046401,0.0024727853155582877,-0.3717641871179773,0.0027133434097908276,-0.434969664079814,0.3918688795962278,-0.027445747208069422,0.011167324528835945,0.04545293748952824,0.026309450549562307,0.055990633869362,-0.023551130292450848,0.3366364534433435,-0.11629181176671316,-0.42599217465034606,-0.0641225075620139,-0.17087010302616448,0.02749657007748886,-0.12695049891589003,0.1504644775919443,-1.1831021271036057e-15,0.0017142709559189921,-0.22225644206004863,-0.0033919859434865724,0.0689211006209333,0.04389546624899877,-0.08571410491179401,0.11636031943580549
17,7.108865674181374e-08,-6.49183524504464e-08,1.284740452512538e-07,3.668601059883325e-17,5.5506942645159463e-17,4.234304253800793e-17,-8.55819890258399e-17,2.2664920166013854e-17,5.323468917875357e-05,-8.302929359293554e-17,-6.358508527352234e-17,3.893465640422239e-07,1.9728553020357772e-07,0.0001002210867485778,-1.594567412489008e-06,-2.333764555547329e-16,4.7417055557433714e-17,0.0001280589788669899,1.1670512138714841e-07,7.371259814286017e-08,9.480569610160308e-14,-1.8331895306269908e-05,3.47015099178365e-07,-5.5730622133492785e-14,-1.555739157782265e-05,-4.846601494868144e-13,-2.1243331621834054e-05,-0.0002002492363913395,-8.24913067871711e-12,-0.0001832203257429541,-7.113474136377873e-12,6.310235929438106e-12,1.965778466591367e-11,1.5248904586473812e-10,3.803038673795841e-11,4.177804110553226e-10,-0.0002049834120601951,0.0004323280638867394,1.5306401898612324e-11,0.000291610052183126,0.00034390911520714964,1.5814939172590347e-10,-2.3599979871633583e-09,7.372947788553079e-10,-0.0021573766661180265,0.0007464239227812693,-2.2301486936588835e-10,2.1775721030990858e-05,0.043472895392010574,0.054346747437732774,0.030924940046691295,9.204472339933703e-06,-0.004527834062787873,3.059456800898836e-05,1.5143678402448828e-05,-2.541524694228814e-05,-9.383450876533074e-06,-7.61828572874475e-05,0.011299068168211536,-0.000543175992179159,-6.239092951430396e-07,7.259636905065254e-05,0.00013835478030514722,0.002529831111282151,-0.0660732117972194,0.130275635397921,0.07833912214491426,0.10431754005309644,0.01657291085269178,-0.3153930972084727,0.0021976794293127647,0.4001927269837862,-0.14823608538182548,0.11190115606383598,0.006687311450284634,-0.032449121747537564,-0.06156457202446722,-0.07172082086644806,0.06000656488798079,-0.0020289391557999905,0.061595763046254554,0.05233757643420854,-0.3428102026818565,-0.6705775892471879,0.1714643146028995,0.05948014673084899,-0.10399662999955062,1.0572007885792946e-15,-0.0013950704707596563,0.01725910386919544,-0.012083378567244518,-0.05520103862173218,0.026049516972146407,0.03504467276812761,0.157368074009418
18,3.542685913917062e-08,-1.4516479441769946e-07,-4.262030825118497e-08,2.8348848254174487e-17,-1.2582497722486507e-16,2.088696310392278e-17,5.0963191968200334e-17,5.1821856682460465e-17,1.9948939648847276e-05,-9.676487975276355e-17,-5.784538259735862e-17,2.3200813251148402e-07,3.8248486464159165e-07,0.00014935663396357137,-1.861592218736945e-06,-7.207013353098784e-17,3.587458984885563e-17,-7.551653951239673e-05,1.3313322376255207e-07,1.9192676850264846e-07,1.0840554379834357e-13,-7.866553923587167e-06,4.262432632350399e-09,-1.435039593115001e-13,-3.045969921860172e-05,2.4850084316241565e-15,1.570339170736495e-05,-0.0002171682690581681,5.179664814667368e-12,-3.368318515175635e-05,-2.3083859035562473e-11,8.076912767823629e-11,1.7070453050882783e-11,1.6372845094296874e-10,6.785200158189507e-13,-7.19038069802583e-11,6.26986161088427e-05,0.0011431774341786535,1.3861285903588661e-12,9.867807788767953e-05,-0.00016421853846863797,1.736630943786393e-10,-1.4047031351757154e-09,3.047619782030337e-10,-0.0010316056303836898,0.00035407365882682875,6.703733501838753e-10,2.1341906318166486e-05,0.016685790184240917,0.05804021774701309,-0.03262786958135972,5.053378000142874e-06,-0.00985501521381869,-0.00021927345783272534,7.202469257464618e-05,-1.0098982463121976e-05,-7.105337817286723e-06,-9.739131904888576e-05,0.028168056008719206,-0.0024775577952421833,-3.952337862582326e-06,-6.196067126806492e-05,-2.854253840026215e-05,-0.009336787072927137,-0.051024545171874915,0.2483423512053384,0.12227738609119282,0.13847315582063546,0.02366069352125105,-0.4332342902020061,0.007899129148238199,0.08743382862743822,-0.32708030109410563,-0.010829690205151857,0.009235995523181953,-0.02646354224946524,0.06785413063633979,0.1075771993407115,-0.16352428051883713,0.3095626803383123,0.1928698129305545,0.28808858235129386,0.20526330709902785,0.3225562444783614,-0.10552483600463004,0.09749919052837334,-0.0827506613395399,-6.180458312720216e-15,-0.001321530229406011,-0.2796523982821365,0.0056243981609413705,-0.15858846783951835,0.1457357085042229,-0.1863906937292339,0.00894883526220983
19,0.000564535759436651,0.0005388808163359482,-0.0005912865169903098,8.55155775007337e-17,6.950386020828796e-18,8.111302243436312e-17,3.4958280631579484e-16,2.992382869418799e-15,0.014892180985973173,6.25161560053685e-16,5.918575025267812e-15,1.1435824513980922e-09,-2.2499613243726025e-09,-0.010187799881104647,1.4834520042770288e-08,-1.061003073179548e-13,-1.5767118232743904e-15,-0.008809675022943041,8.373736971832653e-06,-8.58060645660607e-06,5.55390720843857e-12,-0.0010105425874556138,-3.087643153657171e-06,6.041902785925565e-12,0.0015280290750311284,4.263991712733462e-12,0.0013612835486287295,4.781892161899879e-06,2.761236547436844e-09,-7.934316162424751e-06,3.739922224575909e-08,-3.735559716136504e-08,3.507869896845539e-09,1.2391274892630166e-08,2.8087264858954685e-09,2.4155127466873782e-08,3.080418009597213e-06,-0.174514635626608,7.324246190314953e-10,9.602317815409754e-06,-3.924830303684101e-06,-2.771838850998047e-09,1.072181231504376e-09,-4.745090532471166e-10,-0.0021933250448870965,0.0007473598595869141,1.7039756491424072e-10,-3.592770592165496e-05,-0.0034944541823115904,-0.04379989672796626,0.08119009846109217,0.00017984169457272545,0.877785070853201,0.0007503889617840587,-0.00032879417832137685,-0.0003864712973420595,6.131731643118268e-05,-0.00042522614562423165,0.0025138119410570807,0.056003537838704646,3.430444752464519e-05,0.0012668103455192932,0.002383519462523508,-0.0011365430756175704,-0.12645395952206354,-0.06961884196325593,-0.08514311092337935,0.0983507282353152,0.015380290730279448,-0.02903471360150095,0.0031438405536996345,-0.02068211002041595,-0.02621924117371634,-0.07740233738575168,0.003312811807570449,0.0018061888988068079,-0.07027896819750923,-0.15117028450580078,-0.10644991293671942,0.06380047608758177,0.043686024194812774,-0.03882581942487788,-0.008012647327418226,0.011893339931072486,0.034397346581226694,-0.16209715621732718,0.16790928437634278,3.3054909505736954e-14,-0.0016972829716740434,0.05505358299073177,-0.0016311424185328012,-0.025554283709801028,0.06019956484698515,-0.1090864042358113,0.13891779059796538
20,-0.000579712688552445,0.0002021928161354166,-0.0009210977485578253,-2.4718188849641476e-16,-6.678329242280472e-17,5.36383560372159e-18,-1.5272566033590803e-16,-2.5256894674795826e-15,-0.011465428527446874,-1.5814285634262849e-16,-1.0976308908156673e-15,-3.2797814896152752e-09,-2.3673788350783994e-09,-0.011557002860041276,1.7644076828725753e-08,7.241616056427511e-14,1.3779529373372037e-15,-0.02422280676730941,-1.449981125807204e-05,-3.150470453055231e-06,-1.1897997108452394e-11,0.0019215134997427703,-4.309474218009011e-05,2.490529453313971e-12,0.0006767552697571136,6.094004728964937e-11,0.002134738080237081,6.411804861726316e-06,7.790548272256605e-10,6.505572473786407e-06,4.511880394274533e-10,6.810134385329429e-10,-8.7511911099291e-10,-5.741399552798411e-09,-1.9732933100573306e-09,-2.0034233473611174e-08,1.092444727609585e-05,-0.005643347843067654,-5.993300292942055e-10,-2.20645996128004e-05,-2.5029728184667188e-05,-3.5770014478455845e-09,5.385316141387592e-08,-1.7775612558917174e-08,0.0388613424319296,-0.013430435500486233,1.1127699981412424e-08,-0.0002882650997992753,-0.039998557096677545,-0.6044979703324587,-0.6146409308655376,-0.0001310417444223031,0.03148161150094692,-0.0014202344198952289,8.51744082798338e-05,0.00024259826045725172,7.210031967456804e-05,0.0003369000887463333,0.0007741499087919451,-0.0012650368853176362,-4.6310282208317725e-06,-0.0005952935026236613,-0.00071815744317211,-0.0005865223950613928,0.10500276205106404,-0.013584915505203961,-0.010657426995433835,-0.04367970168579661,-0.0047871953435152355,0.028610808731090166,0.00446426219760875,-0.19280420773524384,-0.20338050623924137,-0.005253397858992054,0.0013100167942760475,-0.006358674306579677,-0.00030491981816322517,0.00011066175021552396,0.06672360067047332,-0.0138843279116442,0.06760446272736947,-0.07260602598162635,-0.009699343803776059,-0.030619971770774593,0.2219714145635309,0.07932661311765776,-0.11781067964753696,2.5226993024336528e-14,0.0002837654120395276,-0.0072102423143839715,-0.0025353293872352606,-0.19828155612805104,0.03764010148092721,0.026594239425152988,0.1801609299289353
21,-0.00025416359013724025,0.0008757432950076505,0.0006146856324614154,6.081626813519121e-18,6.36300272763437e-17,1.2398040784560415e-16,-1.8447858686188916e-16,-1.0732064829752595e-15,-0.0040402635203543435,2.0930248635615932e-16,3.950754639181027e-15,-2.272297962225319e-09,-3.6521947846494343e-09,-0.021289737653802644,2.1055413870281403e-08,3.0929786436111144e-14,8.458530949823883e-16,0.01947394638692598,-1.9676986384567998e-05,-2.3385427024092916e-05,-1.593564191849761e-11,0.0005130118829141529,1.2033640735531968e-05,1.7748047691478354e-11,0.0021061601775742194,-1.797680861516744e-11,-0.002032809332857491,7.274101792410064e-06,-1.1032804468210676e-09,1.5926744134546992e-06,-5.735463922701971e-09,2.0306786794359834e-09,-1.3731014421297417e-09,-8.94880808195716e-09,-1.2518772544722605e-11,4.055076280868032e-09,6.135973728992557e-07,-0.001157495380379847,-2.1691911308406678e-11,-1.0503848233814972e-05,4.088304740913504e-06,-3.56492057549611e-09,1.8978807192725713e-08,-2.236933827512707e-09,0.00831270425690505,-0.0028073914455295098,-1.9288046164394757e-08,-0.0002658690485817833,-0.029912512861145393,-0.6165598983590558,0.6001403484155474,-7.61118418755961e-05,-0.08176581733145023,0.0031334656985521707,-0.0007624938131482915,0.000105587780597672,2.4502890088159065e-05,0.0006339655056265139,0.0012504676553419581,-0.0008865642670213322,1.6393731770608248e-05,0.00022506633132225734,-0.0002462482747246133,0.00017415057724197352,0.07334062828475729,-0.1186325359533239,-0.11856096473781749,-0.12011299046036308,-0.019765699014046595,-0.10311907671071824,-0.006979211521431117,0.019387653119631115,0.027735692131234453,0.045172067728531703,0.009040413598154134,-0.0006419948356802318,-0.11243261162084098,0.04942093911203422,0.1077897886710022,0.1312048248141869,-0.009842321845811514,0.026106854548715946,-0.01883803930346477,-0.0055187854799345374,-0.13325553919529137,0.12424614348558284,-0.09443573516205087,6.393824120799042e-15,0.0007751238257450119,0.1269585489637618,-0.0008810893898987399,0.030173608723123625,0.19324034794799674,-0.21588972035008663,0.026533037748667547
22,-0.4820123583085528,-0.37510312825413383,0.3454541506823339,-1.2103366813121768e-16,-7.057684821763457e-17,4.78059358892423e-17,-3.3470564709483325e-15,-9.188496893374956e-14,-0.3097842644551726,-6.7354531119669786e-15,-1.5838806273394185e-13,-1.4067372840443804e-10,-3.7269061121556794e-11,0.16611560870128828,1.1909565887292835e-10,2.306895439800077e-12,4.047715737065029e-14,0.11915619038526827,-0.00012870729513901182,0.00010457701059608728,-8.627068684736245e-11,0.009815494113686535,3.133145112475994e-05,-7.45438643391585e-11,-0.011162650883343384,-4.364949344155679e-11,-0.008724230111653927,-4.979338055676654e-07,-1.63004295609666e-08,1.9346333381103693e-06,-1.9845808719478268e-07,1.8420489944927483e-07,-1.574808030968102e-08,-4.8846378439598685e-08,-1.0453763400928913e-08,-7.546836634582769e-08,1.440004500426146e-06,0.37773045717112635,-1.9241426743186137e-09,1.2477179365713836e-06,-5.309326371304639e-07,5.217715964249774e-09,-9.31100340681765e-10,5.525805520788338e-10,0.002239307637659581,-0.0007601158598420572,-5.6046255108326e-10,1.713755006945653e-05,5.513912936483418e-06,-0.00033096805041109094,-0.014991634002024924,-0.00010172044705152569,-0.13464203021742915,-0.0001538778558450852,1.8236644078551855e-05,-1.3823140116614754e-05,9.840595785325974e-06,-0.00012719654551855285,-0.0015325669127002762,0.026826690791647064,1.4685183075339755e-05,0.0005887500697383489,0.001410450714656976,0.00450048263160195,-0.10160328979525758,-0.08022786813708176,-0.0905247576802762,0.07781357124665603,0.012058217111272617,0.019016202626335982,0.0022100701611268707,0.020530707057324054,-0.05901663102737336,-0.07485091372686395,0.0018949487051611869,-0.0022589132483113433,-0.07787124067042085,-0.1662764350880908,-0.10710225091709462,0.032825840860068484,0.05657670675500542,-0.005506591229843204,-0.005411150602768448,0.02619010017040092,0.03758016779275423,-0.17791860188401046,0.18080662790270574,3.992250639630855e-14,-0.001691243161773802,0.08837129919870704,-0.0016050885617556658,-0.03273283437511089,0.06767547352224221,-0.11972983563095954,0.15159020766546139
23,0.4665153105072361,-0.13263584649636778,0.50722160139271,2.4662706388849928e-17,-3.980494838385376e-17,5.733817984474583e-17,3.1555998633818584e-15,8.120889417774846e-14,0.22470425071063563,1.2793200985040845e-15,3.0102129816205804e-14,-2.8241432580704827e-10,-8.214608972904153e-11,0.17753862811927915,4.6090459750851374e-10,-1.4920886266417996e-12,-2.3343354703388196e-14,0.30868472959870735,0.00020895637146242755,3.572200977622246e-05,1.7316375320489193e-10,-0.017557999098024538,0.00041203990103218425,-2.8619373934604123e-11,-0.004619295624183827,-5.875933451669756e-10,-0.012907623828776209,-3.6957942299927587e-07,-4.350830537581465e-09,-5.202544718026305e-07,-2.2583311722892687e-09,-3.2626859789034765e-09,3.6773627072076757e-09,2.108366171852318e-08,6.935069232135722e-09,5.927133281812848e-08,-1.2939397912483465e-06,0.010776234312006576,1.4864016187835303e-09,3.2417816170403994e-06,3.8937213656149645e-06,6.355793236344954e-09,-7.309966293502324e-08,2.394099662636438e-08,-0.031424644314334414,0.010805410685353263,-1.4752154545903711e-08,0.00017477847771290374,0.011547817186456462,0.18839028229400415,0.19576439482588523,6.748689543263881e-05,-0.0026964573127834634,0.00048162998742997244,-3.336798390859827e-05,1.0597340949141926e-05,1.0625888391308908e-05,0.00012564748848563806,-0.001413554202436748,-0.0002013209470417781,-9.973433747725122e-07,-0.00024046202233493296,-0.00039121186497437937,-0.0001929500449549302,0.08661108379178123,-0.03262496071752159,-0.02249241858574832,-0.050705706907954555,-0.006412304997656763,0.0623737242163424,0.003081050192317126,-0.2096741332485244,-0.16599607291576773,-0.013979896546906014,0.0004850943337911249,-0.002350794074149469,0.0004104905293619028,0.004412908010095432,0.06841055768636412,-0.0196748205429447,0.06031979046400869,-0.08591507254227809,0.015465111289478533,0.02388077539599043,0.230104093199987,0.08304650216220924,-0.12007329377345738,3.382350171287865e-14,0.0004128502149885514,0.0025317240573482186,-0.0017803621600132988,-0.19913213818556907,0.04069991595878043,0.025232768065365976,0.18462580639819676
24,0.20577814168390862,-0.5780689804635613,-0.3405772955202018,-9.396749303957627e-17,2.136927638565845e-17,-2.0694016446854086e-17,1.1179988327682841e-15,3.376189074431611e-14,0.07964103254169681,-4.3159682011410835e-15,-9.321075799771152e-14,1.291677297959868e-10,-7.458865508429748e-11,0.32962824240072836,1.0236105293514802e-10,-6.433813185264031e-13,-1.1615972513021793e-14,-0.25005862536812723,0.00028568543660762526,0.00027124457060031946,2.336400892379759e-10,-0.004686049807056534,-0.00011682952140098759,-2.0846335754035296e-10,-0.0146058695048982,1.7589001429682176e-10,0.012398082697440464,-4.122400806200281e-07,6.241630511732927e-09,-1.5183967274107137e-07,2.9535704021371974e-08,-1.0145016495199384e-08,5.8775125161442386e-09,3.341167460177286e-08,4.2238340039098526e-11,-1.2121227689531015e-08,-1.1164791708675168e-07,-0.0009720254737091366,5.122671447339688e-11,1.5261404374228773e-06,-5.483432229819488e-07,6.32800486870054e-09,-2.4573203886889814e-08,2.5368464226038138e-09,-0.005741760946416534,0.001918578459038277,2.5086417849754498e-08,0.00016000136921163064,0.00875156223895711,0.1922456353401877,-0.19006948165691548,3.984605257146226e-05,0.030881100124957605,-0.0008781251900387171,7.316601807373238e-05,3.652139845564706e-06,6.936796822577578e-06,0.0002053684762334482,-0.00262780329001293,0.000974842121414292,7.122157806319905e-06,0.00010877086857250254,-0.00010150900427046977,0.001763655647897316,0.06114581482729972,-0.12398222879395511,-0.11156966412052235,-0.11201955214812592,-0.01853592184534899,-0.03185201405694631,-0.006429915191794859,0.0014122655750404306,0.047557394235159846,0.0403128940441593,0.006730097752609558,0.0017879241147133898,-0.11565422714882106,0.037680401939882154,0.12356618174701028,0.10250947714237169,-0.025394500101951465,0.004157653805639762,-0.03004451849229473,-0.016033790338351863,-0.1377793940386788,0.1295428202643284,-0.09677289436435133,1.2633180952325555e-14,0.000782010082838338,0.15816014877782286,-0.0012051752873870685,0.04147925242466059,0.2032307011487666,-0.2225678295985031,0.029574085499736325
25,0.4894462316376348,0.3807946409633687,-0.3506065464470194,-1.286090357062636e-16,-2.2530555396526482e-17,-2.2581449593949715e-17,-3.0133809473422928e-15,-8.465821570551683e-14,-0.2937416973585854,-6.2521298099762325e-15,-1.4709273524308914e-13,-1.3547094089961963e-10,-2.8217569004726697e-11,0.1573284610608533,6.376822486889315e-11,2.1803286360221884e-12,3.812011512538021e-14,0.11269765223472644,-0.0001244709819839225,0.00010085810515213779,-8.361398310471798e-11,0.009620986757908179,2.8557537602894525e-05,-7.184714227995507e-11,-0.010919021365857894,-3.96876778516818e-11,-0.008528597188315862,-5.073055943306058e-07,-1.601688447678419e-08,1.9377435037038446e-06,-1.9548205049988425e-07,1.8165510837950476e-07,-1.5556566446901745e-08,-4.8343762015308555e-08,-1.0356697711850505e-08,-7.490132465379608e-08,1.4191433426903265e-06,0.3756511916595193,-1.912252302196588e-09,1.2225386870930222e-06,-5.084335441072763e-07,5.189858203315307e-09,-9.036156971972757e-10,5.429009671890016e-10,0.0022343531878684106,-0.0007583811288593041,-5.533537897656769e-10,1.7259920935827294e-05,3.024648430409585e-05,1.7337641271413707e-05,-0.014932104498169677,-0.0001019467979047795,-0.1369343001862961,-0.000155080072995948,1.9074754885299788e-05,-1.2852617908924534e-05,9.633469849068293e-06,-0.0001261684077363879,-0.0015411468570759963,0.02668594115179453,1.4597690001063238e-05,0.0005857721042229966,0.001405277470141531,0.004509354516769568,-0.10142376142748648,-0.0801648038123375,-0.09043468376203344,0.07767039622793641,0.01203525905009583,0.019134411042536766,0.002203869209639078,0.02064375010944354,-0.05902574670547798,-0.07479250115410316,0.0018888375808836892,-0.0022662656526182467,-0.07784025105289741,-0.16621862558895684,-0.10704976604191982,0.03272367684628458,0.05658167408915139,-0.005413584250934505,-0.005390518749581906,0.02623670734733146,0.037580440453259714,-0.177918204030974,0.1807935034512998,4.0011250383369077e-14,-0.0016895798633042643,0.08841812563712934,-0.0016040509974163154,-0.032731563528564094,0.06768083033761851,-0.11972827213450458,0.15158362329213648
26,-0.47364533656610813,0.13462549563560736,-0.51468269781407,-8.786312503959959e-18,2.1474612027494494e-17,-5.97452036135193e-18,2.8643771290766595e-15,7.5232639735513e-14,0.21423493218195808,1.1000632050755928e-15,2.8912315905443446e-14,-2.6102627513865504e-10,-7.184563272173909e-11,0.16934511753726275,3.891738253377161e-10,-1.4225150786435546e-12,-2.2215491854684443e-14,0.29461067229032617,0.00020166695537579692,3.485055260610106e-05,1.6690774345373772e-10,-0.017110619024344412,0.0003991855256921599,-2.793077809420348e-11,-0.004514755332340993,-5.690831621285646e-10,-0.012616829233757355,-3.8436202210031444e-07,-4.221625533727643e-09,-5.348083659380971e-07,-1.7058325174553035e-09,-3.6365562926887468e-09,3.6690143280277355e-09,2.0970898960765838e-08,6.879249598051483e-09,5.885276031103946e-08,-1.3231417137627334e-06,0.010390253563132527,1.478269830251966e-09,3.2869364599699553e-06,3.958162120904871e-06,6.327206769576731e-09,-7.292814321489823e-08,2.388495504716272e-08,-0.03145109659372233,0.010814853715052877,-1.471566092595998e-08,0.00017521886117438765,0.011646411954513634,0.18984816730723264,0.19754834038267216,6.769732317096407e-05,-0.0031765644129659824,0.00048601114976008823,-3.369984678206001e-05,1.0040239618185254e-05,1.0379937505844344e-05,0.0001250316241034228,-0.0014181078630344636,-0.00022034851301373976,-9.932053898660563e-07,-0.00023925781217654256,-0.0003903762365493571,-0.0001902880846520892,0.08648989762753165,-0.03264977373348795,-0.022504644220228902,-0.05071186563214337,-0.006416683382448333,0.062412280470230085,0.003071989206795822,-0.2095459573203548,-0.1657738806375922,-0.013985028705676576,0.0004825073573520578,-0.0023387159472057655,0.00041180045361534156,0.004438681150646966,0.06839699606342173,-0.019689574921980577,0.06028422842415411,-0.08590921415794024,0.015544806844100274,0.024044714583171506,0.23010737983960763,0.08304964507094267,-0.12006732220299222,3.3895474331287874e-14,0.00041322662599552505,0.002565330883934097,-0.0017774644239975498,-0.1990828548284257,0.04070555972333394,0.025224646049667208,0.1846158194968413
27,-0.2089262029805728,0.5867517471815074,0.3455947276128904,-2.6713635278889357e-17,4.678046038809953e-17,3.551027015353336e-17,8.343519484526257e-16,3.114575637095254e-14,0.07592196033062314,-4.06866811462238e-15,-8.586363929704077e-14,1.290380390226923e-10,-6.137684342912328e-11,0.3144193237607386,4.0190919629260506e-11,-6.098769486943288e-13,-1.0827619491121335e-14,-0.23865480585526042,0.0002734804275702304,0.0002614586065427469,2.2357752629615359e-10,-0.004598600151365745,-0.00011202482236513843,-2.00849882032564e-10,-0.014298378603140557,1.68696336770137e-10,0.01213651273787026,-4.282079509160221e-07,6.1223445513888445e-09,-1.5394296488127184e-07,2.904258246728367e-08,-9.979438876011814e-09,5.8034993336041944e-09,3.30514465941813e-08,4.8220732607271866e-11,-1.196917550363155e-08,-1.1006947520388916e-07,-0.0009375976548993856,5.1792281906246867e-11,1.5463606545488815e-06,-5.650698305737382e-07,6.302954437873367e-09,-2.4532444635535352e-08,2.537505686793654e-09,-0.005747475294456241,0.0019205443801665611,2.5030118427072964e-08,0.00016038764921829906,0.008819029837845596,0.19371460110471705,-0.19185035281615365,3.9974205348347905e-05,0.031137768347319995,-0.0008871381221790165,7.5516270268674e-05,3.3866249922647015e-06,6.88356424797122e-06,0.00020356452514789825,-0.002634029466354247,0.0009793492734121753,7.075010185679508e-06,0.00010801509856469642,-0.0001009885158517768,0.001765736022564352,0.06104454344726117,-0.12385441205744005,-0.11142053022322089,-0.11187365655966056,-0.018511959454576413,-0.031602570855022404,-0.0064207401310621606,0.001343000752738278,0.0475623968162203,0.04027372555091808,0.006717170900785225,0.0017928816538017734,-0.11559830128501286,0.037623595316908606,0.12356399965122301,0.10238416861873408,-0.025430904551077927,0.004088200664411261,-0.030080479175917635,-0.016074214888814137,-0.13777817710407161,0.12954359451871758,-0.09676616391491288,1.2501898615375621e-14,0.0007813146751195996,0.15818193653084303,-0.0012062040929562109,0.04149710614128265,0.20323865162363042,-0.22255578071683765,0.029580365272062488
28,-0.007981138179943028,-0.006213200436107404,0.005724331094201956,8.956242068816703e-17,4.3969372892006147e-16,1.132663217229702e-16,1.3169118491113012e-14,3.4712408357966935e-13,0.6961480710084125,2.3670398997823567e-14,5.332837294685755e-13,2.4445420326010565e-10,2.993087395341936e-10,-0.3888794088151741,-1.7924285770078247e-09,-5.614853852770746e-12,-1.0583934710244218e-13,-0.29173292916750543,0.0001416305966975832,-0.0001346909216871114,8.345852925532248e-11,-0.002913581100349054,-0.00014799110829415212,9.883201292118718e-11,0.005073997983501893,2.1227253072967068e-10,0.004473776256275318,-5.401607525867186e-07,2.9828659822403024e-09,1.3947297237004127e-06,6.30578802182769e-09,7.19913052605788e-09,-2.286890610152022e-09,-1.2813188020552569e-08,-3.4336493528181736e-09,-3.30214596442148e-08,4.5959741694858707e-07,0.20221454715895248,-9.929050755581049e-10,3.7113528808800195e-08,1.619634769245833e-07,2.685923792543646e-09,2.7344481791693688e-09,-7.302120715247275e-10,0.002559664360724644,-0.0008707604677280572,3.4857487758603834e-10,1.4055719551987608e-05,0.0005445471674976822,0.00701003825151414,-0.015426857068528307,-9.518898957243852e-05,-0.1920062459642434,-0.00018342609189169457,4.359305541339435e-05,1.8354605822552586e-05,2.1925867953085123e-06,-8.62632807048085e-05,-0.0017068198155411984,0.020650931100305445,1.0908272533048722e-05,0.0004584150806423012,0.0011735442791579434,0.004600573755818967,-0.0928544191626514,-0.07563588875595247,-0.08484438995259735,0.07119694069123254,0.011004635038167183,0.022047632259764412,0.001937018233095096,0.024401396577732194,-0.05776368424677926,-0.07179292238435532,0.0016553352867882238,-0.0024448741146154028,-0.07581514940606586,-0.16255766103137645,-0.10447219286891539,0.0293344253049034,0.056287164143465795,-0.0024082392155883353,-0.0047404844704227725,0.027286625590013543,0.0375468274401775,-0.17778739394428505,0.18011264344645006,4.0245840766648864e-14,-0.0016004637560584445,0.08894651291290416,-0.0015648901875154656,-0.03231173173152163,0.06781131063400606,-0.11951570653343359,0.15113676463003847
29,2.4333489229923353e-05,2.3244084513192827e-05,-2.5526827333677064e-05,-4.219751441859157e-17,-6.228454906669909e-17,-7.319891606610094e-17,-1.1095089098330845e-15,-2.9404803739848207e-14,-0.09380708247025833,-2.452937168541282e-15,-5.6105625287508207e-14,-5.490505051877184e-11,-6.908235471899384e-11,0.06810102967244859,4.482233217702333e-10,7.209016099839169e-13,1.3127038070311963e-14,0.06324437333586365,-2.664888666900924e-05,3.262018800640317e-05,-1.55323682305454e-11,0.0009248544645975421,4.459577734262069e-05,-2.3596046712838383e-11,-0.002264263402801644,-6.33393230783559e-11,-0.0023832184526669303,5.39032559059987e-07,-1.7666471171183791e-09,-2.773125010609485e-06,-4.318765688768344e-09,-5.469179736291204e-09,1.999915442531084e-09,1.3776265251554729e-08,4.0385932479213894e-09,5.3149295360671254e-08,-3.941098757430023e-06,-0.801865244421629,2.3171220150666533e-09,-5.932371664465329e-06,2.2285338379783385e-06,-1.7287466581850034e-08,1.1263865067535124e-07,-2.3476296237728763e-08,0.01023708126463511,-0.0034586532214757474,5.750157146220592e-09,4.3367872338473836e-05,0.0013127525420187278,0.015805988237072598,-0.033182180047782873,-0.00025854502832148556,-0.3669156402773603,-0.00038855633614792164,8.050181603074484e-05,3.059250713254571e-05,3.4310422161861784e-06,-0.00011948067806813592,-0.002268508591706658,-0.00820344896179276,1.4206817244002829e-05,0.0005205410939782888,0.0014916137262984462,0.005411658737120297,-0.10494622486475304,-0.08388499005558389,-0.09386066034489875,0.07823535530574606,0.012073483639233225,0.02381789267405111,0.0021096410258826487,0.025583286681852568,-0.05988566348647157,-0.07328224078421208,0.0017646155006745931,-0.0025429108981059527,-0.07664297438131229,-0.16098201178918733,-0.10163128258302441,0.02677553164514176,0.039023850400349676,0.006414988995844908,-0.004881590445443449,0.02743108398256052,0.037062303709137275,-0.17570981919184786,0.1795299643067646,3.945552813297147e-14,-0.001705306204262039,0.08743090774678226,-0.001604189773017294,-0.03982025699324986,0.06690164284350547,-0.11885712328440262,0.15016918203963497
30,0.007699272673914696,-0.0021879037634940563,0.008363669857340173,6.116777534082701e-17,-1.3147395326853087e-16,4.156565269204022e-17,-1.2114095685076338e-14,-2.9651959504454624e-13,-0.4368843026124027,-1.5783143803815247e-15,-4.613294046141843e-14,7.856995388954642e-10,3.3653019309568223e-10,-0.3426968557931746,-2.3064360694961897e-09,2.903287255944758e-12,4.3821778816345183e-14,-0.5919645248910534,-0.0002586418683422665,-2.0965476230239312e-05,-2.2760939953836055e-10,0.011879929217587893,-0.00042835648758164706,1.618891568186139e-11,0.0023861462189362303,6.217996106494477e-10,0.006865342573120284,-6.406040545174454e-07,4.46944426468206e-09,-9.020021445721514e-07,3.5525056547778364e-08,-2.895129765667559e-08,3.0192345558437902e-09,1.2616180166112379e-08,2.7604168707810386e-09,2.6616370060423417e-08,-1.9265307784316088e-06,-0.022021303818908548,8.125625758599367e-10,3.8639105244139865e-06,5.05121658350453e-06,3.6068144281020332e-09,-5.0593766370378346e-08,1.6469590990476008e-08,-0.02654117092791266,0.009140220631739688,-9.554865043104819e-09,0.00016138105072272373,0.013102650102188895,0.2108705138357316,0.22344350835699345,6.648897552960715e-05,-0.014755198244949783,0.0005470790712423706,-3.940736675441975e-05,-8.049644515202209e-06,1.681907182054099e-06,9.919120172241452e-05,-0.001474833029277177,-0.0010548504362265434,-8.991566238105662e-07,-0.00019086774169819616,-0.00035489301942311893,-0.0001211258538608852,0.08037853613012388,-0.032377629943492706,-0.02209307809130718,-0.050053034359529146,-0.006469347936417357,0.061745328235987114,0.0026743258931755396,-0.20117911848402242,-0.15545569240434798,-0.013667009059832197,0.0004002192639749869,-0.0019078805506790124,0.0004455297608400622,0.005527560086993191,0.06756291294324496,-0.019940137815577175,0.058670211861466294,-0.0851358945238924,0.01794108745426907,0.028715927484026436,0.2300612777786533,0.08311422275516393,-0.11973328751641618,3.491120532944486e-14,0.00042290506037194963,0.0036095802052554015,-0.0016801288898261769,-0.19625582145001516,0.04086471540171348,0.024927163110702383,0.18401476486256965
31,0.003396136201997414,-0.009536466125216426,-0.005616185150980526,7.172912791438698e-17,-1.2597497466513054e-16,6.804742319946325e-17,-4.349122919282133e-15,-1.2380190748632258e-13,-0.15484935955148937,1.821623062002321e-14,3.642012000341258e-13,-8.08815248256593e-11,4.1770569938881e-10,-0.6366114287862487,-1.887922106229169e-09,1.453415892149235e-12,2.886390051667005e-14,0.4797240340966465,-0.0004925291544603327,-0.0003607184617226364,-4.0765249020998405e-10,0.0010919589900644545,0.00019606688120752126,2.828030290592487e-10,0.006058181844155032,-2.923611513964629e-10,-0.005396463061090822,-7.344118480594033e-07,-1.9448899832393913e-09,-1.7607457510089913e-07,-4.728280460211319e-09,1.4351517480522631e-09,5.952557262206655e-10,7.072577742098198e-09,4.852886187929513e-10,-3.856673845276289e-10,-6.410682279898927e-08,0.0017046703507374865,9.765370940910228e-11,1.870222724071546e-06,-8.614367060879415e-07,3.9132468100046256e-09,-1.9072388810775955e-08,2.52376746214529e-09,-0.005428413826529463,0.0018218064116686326,1.7056194687769723e-08,0.0001478246416445289,0.009760172296066658,0.2141834122638263,-0.21778296228854338,3.845196943854027e-05,0.035035095774275285,-0.001038782371524341,0.00013890501701754472,-5.1093863272812545e-06,4.671124941921603e-06,0.00013232908592576784,-0.0026739538518504953,0.0010664948928399028,5.099046923445594e-06,7.584505512200855e-05,-8.066602913793293e-05,0.0017530121828508093,0.055960869775497,-0.1159610972713082,-0.10329823270806726,-0.10402848373110975,-0.01721915659301778,-0.022825082542904367,-0.00593979065819685,-0.0012803959784682916,0.04646827473006107,0.03836227310629965,0.006151418452711657,0.0019057702834587565,-0.11215337719908902,0.035396456192723635,0.12226346402476847,0.09763475543718188,-0.026327930509089277,0.0018477445661184294,-0.031061887592106107,-0.017065003893245695,-0.13764392802728467,0.12947356655658257,-0.09640158087057094,1.1790391619261229e-14,0.0007411306227863263,0.15707617528221662,-0.0012340349357536967,0.04166137665054229,0.20338030902926196,-0.2218353956984169,0.02976084976191592
32,3.897828072863565e-06,3.036128514301279e-06,-2.799793466384792e-06,-1.1390631997093638e-15,-1.0721133653121495e-15,1.173016092636228e-15,-4.835693333237078e-13,-1.1238084016403378e-11,-0.0181499741728146,-6.625260929200988e-13,-1.3203271576527647e-11,2.0008108194002396e-12,-7.946277155607235e-12,0.009229259037899522,3.9005866083733e-11,2.685649033034795e-11,9.453568403986942e-13,0.0056034021762218205,0.0052358726812123816,-0.003993624416282083,3.910372449469129e-09,-0.4120326521592509,-0.00039351128817074625,2.8147396719107183e-09,0.455443379561534,4.0122539591673385e-10,0.3626958652645918,-1.8899352411936477e-08,5.892128567599833e-07,-2.694293101653107e-08,6.509881542383953e-06,-5.6902016035852084e-06,4.323215140535277e-07,1.1192538518777684e-06,2.1128634605433715e-07,1.0637847361387804e-06,-4.71846932839542e-08,-0.005471914503900286,1.4256910502129713e-08,7.280965373175767e-08,1.0018256499842025e-07,3.894229728491329e-08,-6.484826039742665e-07,1.1101926442443404e-07,-0.0339154432359696,0.011208432771538828,-2.106886451805917e-10,-0.0005098979532965694,0.00011128358834944447,0.002518892404039071,0.005696285143699371,0.0017515300355685777,0.026652695399720868,0.0007604681845026595,0.00044597950638162705,0.0009000484773833573,-0.00025923781301470737,0.0016480755294570812,0.0006075624319297559,-0.007923882678131901,-0.0001588948492135628,-0.0050958320813701335,-0.010755941897729047,-0.004561426698396686,0.3688033899291807,0.2145361517256203,0.2523129064773101,-0.254749170333516,-0.04032639970949917,0.07792783283617633,-0.010280489157139198,0.14439450618152075,0.04854340769834292,0.0755603489287122,-0.008108133623856685,-0.005913768854687963,0.03114248844285845,0.006530523794076676,-0.009994521986203053,-0.0699203314596239,0.15909073852989944,0.03493783659008679,0.01792576981935459,0.04702833628560799,0.03868696957323478,-0.1848891004521358,0.1529860649231171,2.5682690171119205e-14,0.003274531434728748,0.08683272836017922,0.0002379299347320093,0.049134601792157166,0.07760574378630525,-0.11192535292352213,0.1356010774857418
33,-3.7696693221711913e-06,1.069089243062148e-06,-4.0927511841557575e-06,1.1133078260396105e-15,-3.606129305731492e-16,1.7106612016461808e-15,4.858215267932254e-13,1.1308997875229106e-11,0.01457009239792361,-9.22774862454586e-14,-1.5856791651469203e-12,-4.2004724628753855e-11,-2.0723602911445333e-11,0.012160728817257455,1.7200811321655813e-10,5.698231230374513e-12,3.0362018349760954e-13,0.022613845024208403,-0.005902560456442902,-0.0018684374720927337,-4.388780693034142e-09,0.5910130259612333,-0.011886470414299717,1.5160556746598932e-09,0.17331990211915324,1.671896945179723e-08,0.47231585377665336,-1.529346497978761e-08,1.872574824878761e-07,2.4179431102466568e-08,5.523062328844496e-07,-3.3193523119517e-07,-6.804845849896474e-08,-4.473566681324535e-07,-1.7409644473675555e-07,-1.4177982690083608e-06,8.23832407099114e-08,0.0034745697699519393,-3.249097623113905e-08,-2.4981193017657635e-07,-4.0447545868264537e-07,-9.638352847866918e-08,9.396023725299033e-07,-3.281680002946912e-07,0.2844369977415767,-0.0974058367484481,2.4005172626793086e-07,-0.001160922958860336,0.0004226422258643927,0.0033296150794774027,0.0007690858438963203,-3.663081387502954e-05,-0.000701803848797525,1.6797611978519894e-05,-8.677927041336586e-05,-0.000601542810566596,-0.00029112973668630706,-0.0009024398823914983,0.00025218367975879516,0.0009791854268014367,-2.181337884968526e-06,0.0016211176832081906,0.0007592003919205604,0.0006448096212086571,-0.1791427902727943,0.02047050064814485,0.027694862621568644,-0.00742214269279636,-0.006368452923976186,-0.022519293634201413,-0.013998811155071539,0.21102224221708213,0.29290795156113186,0.013684584914378817,-0.0024651472090241404,0.01399477970066297,0.002439480156932738,0.048326231622900534,0.023187169809511576,-0.018454464971786422,0.009325850043462574,-0.050926518567134704,0.09428457017659012,0.16666385327767297,0.2246795101948583,0.08167109840332443,-0.10318517614628596,3.173992453402389e-14,0.0007765565716269631,0.03921447520249232,0.001804469149261863,-0.05244984454322479,0.04645161336962101,0.013168163040195783,0.15596898134793344
34,-1.6592735353426248e-06,4.658356183115937e-06,2.743196503096303e-06,4.779430349153085e-16,-1.668108347566584e-15,-1.1559005853803181e-15,2.0042505807248683e-13,4.645265319586333e-12,0.0047371109102507325,-7.77049097260099e-13,-1.5117471146663348e-11,-4.366616548661036e-12,-2.1192556715331562e-11,0.019335646430719396,1.2513354303287657e-10,-1.450377549875674e-11,-5.164316972408557e-13,-0.013919226330482468,-0.002247315816900636,-0.0062429925427535966,-1.6698479730700546e-09,0.1911875362846064,0.002086817401456241,4.623997341401763e-09,0.5263106006310814,-3.1336772362395637e-09,-0.442273999201537,-1.0243173688629293e-08,-2.1586944674060108e-07,9.204260331361381e-09,-9.53081180576584e-07,2.970295724333598e-07,-1.7604130497135753e-07,-9.388658035429662e-07,1.1823685047912373e-08,4.231700652952465e-07,2.232623318335371e-08,0.00034191985456472003,1.5393376693854939e-09,-1.142242897131666e-07,-3.3422388152281765e-08,-1.0942870347718704e-07,2.8055746530005733e-07,-6.450283436674858e-09,0.023044777258115896,-0.007302822629985192,-3.8456114653552364e-07,-0.001009055583343308,-0.0010007333183600106,-0.02326711157178932,0.020600741323091955,-0.000195616544018327,-0.004276813601501292,-0.0011315922296619724,0.001664853560486782,-0.0002684921983354904,-8.251790224016211e-05,-0.0025392064285156045,0.0010818361071376526,-0.00016559615701580778,-7.200399578405879e-05,-0.0011857655889873561,0.000712625612553035,-0.001124249697173741,-0.1708613551959435,0.26438618689112287,0.27023141136878004,0.2561975976928271,0.042213032274243875,0.29270330323089705,0.0158721438804129,-0.10057446098748,-0.029242849286120545,-0.046521296582758956,-0.01744894620922575,0.0042316655736499295,0.05579735583564885,-0.052226240834232496,0.03950341919648268,-0.08601263986179616,-0.049302521807614824,-0.07361017886280874,-0.058890567489090107,-0.04042393079273072,-0.13052468685593788,0.12426421751734894,-0.07928767184139843,1.1232154604996778e-14,-0.0011681925813834448,0.06253423202110052,-0.002013896784394453,0.03407773575264307,0.20472998223823943,-0.1869799744067156,0.034975586293081604
35,-2.6278522771406744e-09,-3.0782756217248752e-09,4.0271545701063725e-09,-7.259162071852763e-18,7.63066163941198e-18,5.242908619710313e-19,6.124419828115856e-18,1.1347442004210344e-16,0.0004021754187642533,2.677309471270532e-17,3.341946649682433e-16,3.669420771419503e-13,4.723345674131184e-13,-0.0003679820458872411,-3.2751329442029843e-12,-3.0860866109224334e-15,-5.320718022101997e-17,-0.00041027903289964627,1.5322326135214705e-07,-2.321356649013739e-07,8.82122002280928e-14,-8.188664263877865e-06,-3.789483487695188e-07,1.6588396048155234e-13,2.5934289098229117e-05,5.341548281069166e-13,3.093083541866417e-05,-1.029810928594347e-08,2.4631138166354914e-11,7.256870594069098e-08,6.615762495135603e-11,8.933632930205462e-11,-3.549836062538449e-11,-2.7384263557304675e-10,-8.4053397821868e-11,-1.2786034997205573e-09,1.4473968569670533e-07,0.02579044987117215,-6.418214983520111e-11,2.464178362926144e-07,-1.0217583757057307e-07,6.101266979417964e-10,-4.8551801221466126e-09,1.0205346401549406e-09,-0.0006134014018650586,0.00020786531956529548,-2.595184310883198e-10,-2.985154062898876e-06,-0.00011076840598193243,-0.0014375229981965368,0.0032051517152003836,1.9538654244777496e-05,0.04276383841023498,3.83298969253432e-05,-1.0038364443511373e-05,-4.9428462655136416e-06,-6.954308288266217e-07,5.346933389673988e-05,-0.001827105448255602,-0.7565185068191896,-1.3361749703128308e-05,-0.001888806076233047,0.0005952595813701654,0.0006204107757191471,-0.0038856505637700537,-0.0001700639050110556,0.0002634432539286163,-0.0012532183086026677,-0.00023184790222175608,-0.0012590530611970277,-7.285738169453629e-05,-0.003619158946025308,0.011371770247778221,0.020702481277944065,-0.00015362606651435936,0.00044411715805190967,0.027761663115156023,0.09893028619822808,0.09527320025466499,-0.06924440789209947,-0.47715222819127395,0.25020494217622313,-0.0068269920110676985,-0.011477339922779961,0.023780297534408246,-0.1154716127967826,0.13939424778234127,1.3842715353503956e-14,0.00015077278021638125,-0.06451412624461465,-0.0020856933167294877,-0.22495510514312952,0.042499204661573475,-0.08823542908946301,0.10953389932017908
36,9.94389094059467e-13,1.428400228683074e-12,-2.226051410176989e-12,-2.770195672449643e-18,-9.64237534732285e-19,1.3513279486896156e-18,2.003076282511403e-17,2.3405389653851815e-17,-6.013143131651192e-06,-1.925928449256787e-17,-1.715204517653469e-17,-8.527742253837836e-15,-1.1227977818616107e-14,6.9251330383303985e-06,8.315321771076749e-14,1.1138859482338886e-16,-8.608165168945051e-17,9.257481934490289e-06,-3.067024435409781e-09,5.741374442766697e-09,-1.6854511596174088e-15,2.5143129639454865e-07,1.1171991933256196e-08,-3.822347945901404e-15,-1.0266223287395709e-06,-1.5816330014920717e-14,-1.3845621766931415e-06,6.726399931146256e-10,-1.182729837944097e-12,-6.4212675717482824e-09,-3.483950668413951e-12,-5.009213823000599e-12,2.158606949108074e-12,1.858895727620284e-11,5.965455659981515e-12,1.0436208999887637e-10,-1.7650892535546996e-08,-0.002776720298305295,5.996129668868015e-12,-3.368779445406429e-08,1.529178743962222e-08,-7.168620162701876e-11,6.867424521725435e-10,-1.454767289957913e-10,0.00011660189210346932,-3.961721708483724e-05,3.828581034624523e-11,6.394843397109711e-07,2.8087809968540966e-05,0.00038695317772312923,-0.0009042429569931506,-4.527131147567447e-06,-0.013879215995128239,-1.0990180789178722e-05,3.417802820679487e-06,1.994757349950645e-06,3.1963629963603195e-07,-3.3860266932977056e-05,0.0018697019094900094,0.6498615986680901,9.886488460779482e-06,0.0015584775804077374,-0.0007285439525396206,-0.0015944554643913783,0.029265616488110848,0.023886071425571406,0.026867690803324146,-0.02278029090740611,-0.003531943143663552,-0.007398922722284838,-0.000632845998685538,-0.009758127084030739,0.02563768282596136,0.03844144685212828,-0.0005908400312171517,0.0010503100523102094,0.04687032245631958,0.14426823710051284,0.12882460226986697,-0.08523532534061004,-0.562760960312686,0.2906619112903648,-0.0071917845966684,-0.01848954229422115,0.022212184599347234,-0.10842470692004928,0.13532107314564978,9.828637013262844e-15,0.0005727794138794002,-0.09071379342206475,-0.00218026612262975,-0.2557987788206695,0.0396083732018661,-0.08493811045475584,0.10508143286834035
37,6.476994626383673e-09,-2.2532039252499637e-09,1.0278514614820482e-08,-3.5528836064734486e-18,-1.359962147673876e-17,2.2603275065167333e-17,-2.1433895440997937e-14,-5.178429183539738e-13,-0.001041923700939019,4.9563956302072565e-15,9.000851485320213e-14,4.815089597978814e-12,2.434773897599688e-12,-0.0011103037112063449,-2.1717348470044386e-11,-3.894150756556621e-13,-2.0217962707617707e-14,-0.0025104415707740474,0.0005757702167632939,0.00022923270408931713,4.2382169402309007e-10,-0.09210602072915092,0.0017702283007571952,-1.836280342817893e-10,-0.03606762063720233,-2.468529710401811e-09,-0.11350877204096649,5.857747151221079e-09,-4.893534163702297e-08,-1.400245456251853e-08,-1.6139344596733272e-07,1.047972325037829e-07,2.378254947664713e-08,1.8014770361396025e-07,7.434332500966661e-08,7.321914278412831e-07,-7.899311631766158e-08,-0.0027085005929029108,2.0370544168160665e-08,2.947047393647651e-07,5.712319982349994e-07,8.671546259293392e-08,-1.183876571907252e-06,4.198721665884805e-07,-0.7206606799383474,0.2487094521867011,-3.29110805244149e-07,0.00439726061011568,-0.00405376991097589,-0.061851597144740623,-0.04732013610891772,0.00019656972687137007,-0.008165831879488328,-0.004539115522444328,-0.0007372114482355545,-0.002747156491112643,-0.0010193011722231713,-0.0021632087301350646,0.00045859092381773405,0.0019249050639553373,-4.667281004392412e-06,0.0032543125725530446,0.0012972687828002596,0.0009488036721040802,-0.24335740517157947,0.026799471086290026,0.03608112228732726,-0.00954565400147679,-0.008165879805585996,-0.028046196646209564,-0.017702133116054137,0.24908219522709008,0.33931829499959826,0.015477286445223967,-0.002996232709596948,0.016298451038789394,0.0027225492273297547,0.052721540924817255,0.024972719193121124,-0.01953759960180235,0.009792079194743524,-0.053312839101747014,0.09672711597373816,0.18471010907314314,0.2243425126562921,0.0816493416172991,-0.10395741144172599,3.305147769913846e-14,0.0009430429031369623,0.042520771843141875,0.0018481440854727317,-0.05467264221756417,0.046357560640154456,0.013241060024399022,0.15670899567407903
38,-2.3139038004607335e-08,-1.8028270832110064e-08,1.6637532207252924e-08,1.8845276508081603e-13,1.7978315104833982e-13,-1.971309902670668e-13,2.794484084529855e-12,6.25454988805722e-11,0.005322953600861037,3.665801356516049e-12,7.043184899188852e-11,-5.094793035161703e-12,1.4714754624645521e-12,-0.0022297787326344023,1.206548605696409e-12,-1.193094052240176e-10,-4.4757702200623705e-12,-0.0004693038584430158,-0.01132254070256522,0.008834897239335969,-8.57898127920022e-09,0.40347771741009086,0.004911980049078292,-6.416505168014177e-09,-0.4465599888526002,-6.739277540983813e-09,-0.3561394964691391,4.909751142741407e-08,-3.756400025500543e-07,-1.2016073526554767e-07,-2.918759787464227e-06,2.0165390339769815e-06,-9.640062842020795e-08,-8.240637024537038e-08,5.301450293778628e-09,1.9680008174808922e-07,-5.605770792860681e-08,-0.018368746018915975,4.551324397476578e-09,2.4448897846664044e-08,2.0735574486897813e-08,1.4135435577858695e-08,-2.776690949217783e-07,4.344167670107842e-08,0.012467762124086583,-0.004621051582523146,6.218645085690265e-09,-0.0005576140279148103,0.0002477930582085118,0.00451137820606804,0.00807565939376855,0.0011783576828757803,0.036685942180032904,0.0008186274205268061,0.000387564747112216,0.0008717711451041623,-0.0001662386882770719,0.0015514919727727281,0.0006873407822999238,-0.00900522275793985,-0.00014352119256299674,-0.004802627295251099,-0.010235499454653059,-0.004835024921049724,0.37867506342959584,0.22023351375342085,0.25887313998549083,-0.2612923830755221,-0.04123060996817545,0.07783231086714948,-0.010159340066734147,0.14256766834186463,0.05021682284648544,0.08433790593606717,-0.008360399733945081,-0.006131852574612926,0.03876039691689035,0.019772296013952723,-0.002135040031960503,-0.07651956987808006,0.16457952100445228,0.03764734743077952,0.019334239789583114,0.045112126137352285,0.038762404378850285,-0.18511187925749795,0.15013582429779637,2.3996857632318097e-14,0.0034541916638274744,0.08384433845132261,0.0003790371050120347,0.05529274685585521,0.07831815595902406,-0.11087455243670219,0.1337517659955493
39,2.2379169799560482e-08,-6.333258972263706e-09,2.4279801273219142e-08,-1.8237150677187591e-13,6.368250292374962e-14,-2.89622440342472e-13,-2.6547645355885618e-12,-5.937679556939368e-11,-0.004492077371025301,6.504122040065995e-13,1.141027736129344e-11,1.8555599118268e-11,9.732713156046943e-12,-0.004093715492447778,-8.865090826293319e-11,-5.5349400201445476e-11,-2.479953567718394e-12,-0.008027967679411007,0.0112608172424071,0.003311227998405658,8.503987984346246e-09,-0.4863921519151515,0.016258814459478597,-2.680515982042821e-09,-0.13328798979067755,-2.3231852881127375e-08,-0.3472984979229427,5.087163146845296e-08,-2.329898774772921e-07,9.522785693889315e-08,-1.7530300926564638e-06,1.3218436019770329e-06,-1.276342422149848e-07,-4.796695628210896e-07,-1.0460354308707481e-07,-9.301905734198809e-07,2.5208290836523127e-07,0.005646462774151922,-2.5682575436150658e-08,-6.334889518085782e-07,-9.681976831267054e-07,-1.1018629740553067e-07,1.2621143212102149e-06,-4.27066670246471e-07,0.5346820606252125,-0.18384705486322264,2.920727953555871e-07,-0.0027667130505988637,0.0007877270275362044,0.007596211398642349,7.85572675814129e-05,-0.0002359533257761213,0.0019213099864542054,0.0015374729249426542,0.00020585807017228094,0.0002528700102916928,3.257289747795376e-05,-0.0004436016155148219,0.0002811040687969853,0.0008396067162440552,2.268288798851553e-06,0.001000633524194304,0.000797938469509908,0.0005900168347161322,-0.16711549207048723,0.02026704087343243,0.02548036429144174,0.0027331367857118634,-0.004358863427776609,-0.02454803209200325,-0.012720682481705091,0.2176139410427951,0.29790619757477776,0.014007890787202097,-0.0023843711624938575,0.013819774942662117,0.0024416219242999688,0.04859718629409802,0.01843811334636547,-0.01751995931280673,0.004383070262519098,-0.04664757918437883,0.09873309862823675,0.1651532070629692,0.22448912397153165,0.0816439105416031,-0.10141560467392711,3.339542537305868e-14,0.000655381008230758,0.03963049163200759,0.0020576716897089367,-0.039112783265871726,0.04697237327038333,0.012162786917886354,0.15307205085868292
40,9.854724036420097e-09,-2.7650635315532108e-08,-1.627641942500884e-08,-8.0434375578274e-14,2.770254104022046e-13,1.9437419677188311e-13,-1.1470684693447055e-12,-2.5627093571853534e-11,-0.0015635309602246418,4.514368967924878e-12,8.515833040159164e-11,4.291863033787376e-12,1.007662056721771e-11,-0.006342841397008446,-6.873100847235146e-11,7.173797445467543e-11,2.7225923609780525e-12,0.004163625784874145,0.004867116334833189,0.013583389105133147,3.6673477550773424e-09,-0.18716438179653752,-0.006543699127375043,-1.0198875761242336e-08,-0.5156303220041576,9.652692809620155e-09,0.43376514950627343,6.14676152954698e-08,1.8235730286123735e-07,1.601588187412613e-08,6.678705387669128e-07,-2.4011008311101667e-07,5.794788215954026e-08,1.626281890660522e-07,-1.184848263875909e-08,-6.301143833951622e-08,1.261435115499024e-08,-3.12795596120374e-05,-8.504566280720484e-10,-1.9636146239320765e-07,6.673410060254714e-08,-3.426543857272182e-08,1.0032329277633737e-07,3.676952234234557e-09,-0.008973475192055824,0.0034823292056385016,-1.7856241936921962e-07,-0.0004859418503947488,-0.001625737560309606,-0.036021380348697125,0.030773013327370664,-0.00011605760474267052,-0.006292242000051819,-0.0008848520736111596,0.0012228709612119924,-0.0003066101326329435,-0.00010284162304762792,-0.002273919095546361,0.0012227405386106814,-0.00019642591906313955,-6.45357283680707e-05,-0.0009871327676646937,0.0006856652462027426,-0.0012125384691374838,-0.1764399953936441,0.2728444599296796,0.2781401342641967,0.2641332397468972,0.04347059444257766,0.29663976540633247,0.016169929724051235,-0.10028692167869942,-0.030781153768632337,-0.05129081661539418,-0.018263256166355015,0.004348991132362225,0.06741275976293087,-0.057434237906978276,0.03170674825389822,-0.09930102672127301,-0.05018153256457198,-0.07863367186974288,-0.06035564131920513,-0.03956219750797424,-0.129815271829494,0.12360409572819751,-0.07755636616726586,1.211091351649875e-14,-0.0012345522714459361,0.05310749636503138,-0.0020538443838468545,0.03273436759397375,0.20460261210907374,-0.18338730502335152,0.03532209849831249
41,5.666343951929694e-12,4.41647892417224e-12,-4.080270509314827e-12,-7.66392099149641e-10,-7.311372562133096e-10,8.01883949742637e-10,-3.8504480250533845e-10,-8.28270219198026e-09,-0.00012136397080285009,-4.8520569126141e-10,-8.974840402399841e-09,-8.245942021381566e-13,-1.2104720594956002e-12,-0.00011791099437865144,-7.769553804855754e-12,1.3077489218141011e-08,5.228142709418698e-10,0.0001675075452843577,0.4827832219032657,-0.3829622962621876,3.738483459504192e-07,-0.0002068078991742393,-0.3510995001316374,2.892441073700309e-07,-0.003268715492082821,4.999942684397692e-07,-0.0026490507697653023,-1.63261310660572e-10,-7.199381699767236e-06,2.1190889657153994e-09,-0.00011435755391516664,0.00011217596892791491,-9.192039735154973e-06,-2.4677540345823896e-05,-4.694812078064767e-06,-2.2113301803491222e-05,2.6372808761586345e-09,0.00038742626207431284,-2.419711572663263e-07,-4.3855199407930095e-09,-6.690933669425806e-09,-5.354710759809774e-07,9.9128556776089e-06,-1.2374562844187488e-06,0.005410013949477289,0.0037778193346352336,-6.196765155035298e-07,0.008766102454234316,-6.0496835507006586e-06,-0.00019958758389482825,-0.0004294686162013544,-0.024087215998336898,-0.002447099480850819,-0.006753370384190631,-0.004056399731261442,-0.005797967868254543,0.0030551964207639337,-0.008139386283736973,-0.00010180789195303333,0.0013034047486159316,0.0008683058497883585,0.02187393253660124,0.03774737953184212,0.0013104363206648336,-0.1718572941915319,-0.08447606995529779,-0.09582418201140183,0.07738824607170691,0.015983354692697533,-0.04426691331142875,0.014758462847370656,-0.1357600064871665,-0.024754729745433433,0.21050039830989126,-0.0014972803918512497,-0.006619981122750193,0.1892096663648151,0.32135877622928316,0.18876264755265662,-0.19771623741716604,0.22573898605981557,0.09086020569867571,0.04455444407800354,-0.06293965839018253,0.03815722654114394,-0.18398056999456303,0.06711186190701322,5.353426768179156e-15,0.0024367892306197945,-0.05058673004468821,0.003637941449071607,0.18670606861568081,0.09359902372170431,-0.07604795979532242,0.07593002915717179
42,-5.480485571830396e-12,1.5472807315619148e-12,-5.940188725294129e-12,7.416169690200739e-10,-2.588171170159357e-10,1.1781572164387104e-09,3.6266623179824413e-10,7.793183829549455e-09,0.00010925203565289905,-1.0677835327017905e-10,-1.865437865405169e-09,1.8363805771113706e-13,-2.1586657723022424e-13,0.0002638876429380729,-3.652054849500249e-12,9.575828803143841e-09,4.1964794616268196e-10,-1.7637101992107448e-06,-0.47355296089177146,-0.13419073322097838,-3.652252758039789e-07,-0.009348529693861386,-0.5030344307249801,1.08597571995784e-07,-0.001611035655114579,7.374325535896949e-07,-0.00435508680022868,-3.0449361361618755e-10,2.6733982934502964e-06,-1.9076052540073215e-09,3.0441309727927725e-05,-1.9181759937346474e-05,3.4755409032901916e-06,1.440602719723275e-05,4.620954486626997e-06,3.418170955355539e-05,-6.259384043630732e-09,-0.00020197639744777966,7.12462642327207e-07,1.820849739087787e-08,2.9567613057403108e-08,1.5105971224898943e-06,-1.0133066512148985e-05,3.8133850441765866e-06,-0.02584304190354616,-0.004608137197101634,-3.210618227170109e-06,-0.010419231416588197,-2.988833472158349e-05,-0.00011847147742470693,-0.00022454110726500062,-0.004579519241544771,0.0004156406851332019,0.022938728526073874,0.006227538774861702,0.018164743498635408,0.007793901933669342,0.010627986520189286,-6.294508858019685e-05,-0.00042740980075551264,0.00017065373431097942,-0.015817990249958166,0.004708709041344543,-0.0007189408087180912,0.34689283522029346,-0.03926779167493288,-0.10411431623226226,0.37662013932129773,0.07426562308305817,0.0030119510903628324,0.04853052140365083,0.02899437838796074,0.030677254966839058,-0.012200479496913568,0.002470426481950012,-0.006662403805135914,0.0011355024464209035,0.009995598571884041,-0.1073399038536774,0.015421539004339726,-0.1317572622859706,0.07236867677599225,0.17736681020058065,-0.03255065507529237,0.21046491599828313,0.07859048740447823,-0.04971990145190771,1.7476626146362043e-14,-0.004378494193796194,0.015245504089091219,0.0076141814780627225,0.2995357810345562,0.05833572342677165,-0.013784144387094964,0.06680026968423364
43,-2.414164285294901e-12,6.769950433842654e-12,3.98395860725798e-12,3.270473705922751e-10,-1.1267310040619562e-09,-7.908142180665703e-10,1.5643081892342397e-10,3.3576934690253974e-09,4.1925610377422944e-05,-6.222830843076854e-10,-1.1350389571741867e-08,-5.522324785931926e-14,-1.3592776698005348e-12,0.0002393213015143294,-1.5773522099165745e-11,-8.758790149616737e-09,-3.5324148410941936e-10,-0.00025727327944018245,-0.20723171228984114,-0.5812819664008767,-1.5923936989154546e-07,0.0015301946939577792,0.34948517435067805,4.458310196722016e-07,-0.003605972158198527,-5.149573674089026e-07,0.0031890931700731405,-4.4172510691666004e-10,8.652304161484828e-07,-4.5762759918868943e-10,5.818309004579016e-06,1.1871763745327785e-06,3.2824956474764216e-06,2.0382897235420657e-05,-5.455719988758759e-07,-1.2642722769755687e-05,-1.1004115261692214e-09,-1.9617885664584154e-05,-9.810556778494486e-08,7.002132096368713e-09,2.0040099492131663e-09,2.2359041102769327e-06,-3.9029264844305175e-06,-4.85326115391864e-07,-0.005105065145065377,-0.007700336844846722,8.053493316817596e-06,0.014556707441498994,7.310347502083333e-05,0.001798052870351956,-0.0016914148499890724,0.002906689054127057,0.00038128117067069673,0.014539124810705423,-0.019033981745953957,0.0011468984891980338,7.558657495793204e-05,0.01595558263432291,-0.00018256019267928487,-3.207277628623057e-05,0.00042255276878835554,0.008590869742050793,-0.002558833566900397,0.00022139238525388142,0.07907223485838423,-0.10129823520453426,-0.10986519613307132,-0.08376116922514332,-0.014990853660512518,-0.14689454164806867,-0.010162221313291227,0.0808358196723234,0.009371773992393714,-0.10959089829920063,-0.008809963826508754,0.0032622493340628916,0.28481912618819966,-0.13467017947471777,-0.17849767373884576,-0.3700758635701975,-0.047002621923979276,-0.16767998370650855,-0.07672960917936403,0.033441348707297265,-0.10721464357873123,0.10229940777310696,-0.027665742944372507,9.560047500593416e-15,-0.000691529555118543,-0.21219688707936732,-0.002439603006819378,-0.014838008739262722,0.19564671433907513,-0.07818003608808126,0.04213483494304832
44,-5.4531625033738666e-14,-4.252630667692221e-14,3.9351357035045044e-14,7.900034296073611e-08,7.537995060149392e-08,-8.269018845459128e-08,1.2459817798345692e-09,2.5712053931956883e-08,7.120332782043364e-05,1.5156835254767205e-09,2.6955410829547488e-08,9.205216623327612e-13,1.2044887485796276e-12,0.00013330156626666556,7.516817956851098e-12,-3.5162809765543326e-08,-1.4939959125802582e-09,-0.00017530961553528313,-0.4796662990513949,0.3806899624449529,-3.7893470314238045e-07,-0.007797418720027527,0.3488260616244972,-2.9639568817561736e-07,0.01230445771054351,-5.101331332200864e-07,0.010025065248365179,-1.2573129685203324e-09,-4.4220193267423213e-07,4.179476652969966e-09,-1.4596880078715815e-05,1.8685602054307346e-05,-2.3374788278737124e-06,-8.668926330002365e-06,-2.0155403414516716e-06,-1.237685607368032e-05,3.4175321537652548e-09,0.0006927377180815746,-1.7806300468030088e-07,-4.519148175496961e-09,-6.6697641715243194e-09,-4.1005483195124674e-07,7.008507616214911e-06,-1.0339936774704535e-06,0.004841391082568862,0.0030786421395816717,-1.9910557821479942e-07,0.007127633096692896,-9.860630526688924e-06,-0.00026804728982133413,-0.0005478542863497833,-0.01848394084099345,-0.002980829445634726,-0.006271361440790018,-0.0036183420764363565,-0.005489221045497897,0.0024843607338323817,-0.00758227478612245,-0.00011123004971394182,0.0014368666834379577,0.0007929350087118686,0.020497205367144986,0.035573589732474466,0.001385468433809005,-0.17940668188614903,-0.08764085165674226,-0.09923980974639442,0.0794013574805482,0.01611619522211895,-0.04550602818799406,0.014377765188254718,-0.13858513863601252,-0.026091413863843862,0.20856788340710375,-0.0012796263111150355,-0.0063991651583947965,0.18870415519839123,0.3232761198652402,0.19106924890323704,-0.198281907692941,0.22522283882963673,0.09126826736316085,0.04477113639896706,-0.06426048937196328,0.03814005690287216,-0.18398421118570196,0.06491630593312896,5.418795639041639e-15,0.0023466664036608333,-0.05311601838903479,0.0036940548569989002,0.18787673131665084,0.09387232382516213,-0.07499861040968253,0.07430186100582759
45,5.275737044645791e-14,-1.485581744907707e-14,5.71125509228911e-14,-7.645223064822402e-08,2.668368442050765e-08,-1.214722099333835e-07,-1.1606846286178125e-09,-2.3914224985611945e-08,-6.624598493216542e-05,3.915864134521204e-10,6.71137638319591e-09,-4.2768630782467184e-13,8.626197891456929e-14,-0.00022193586468260303,4.970312175804323e-12,-3.3824633784937715e-08,-1.510759656991952e-09,9.150381466145689e-05,0.47628514363926017,0.13545122322938252,3.737481984867538e-07,0.018687404161679896,0.5087153090846048,-1.1088893855384105e-07,0.004005602238746711,-7.537217576236138e-07,0.010258506456853455,-1.3753809315991586e-09,1.1095240061222016e-06,-3.4310208146173318e-09,1.858876141069446e-05,-1.7348457212674266e-05,2.030728536280141e-06,7.99923259096112e-06,1.7536875535598637e-06,1.3833804029914692e-05,-1.0184820770240775e-08,-0.00027778859773336666,3.3049492758397376e-07,2.7776521009029392e-08,4.403748416297178e-08,9.785973535443602e-07,-7.087302804423068e-06,2.4458383479206035e-06,-0.032395066272964755,0.0009777452269439124,-1.6980823328945737e-06,-0.007604273672450978,-4.120087067638607e-05,-0.00023680825082928204,-0.00020467774856184617,-0.0024214383955669045,0.0003751300680484412,0.018845931955832868,0.004884294243498879,0.015589282037792923,0.006660241044308635,0.009876774718396724,-6.553546006523609e-05,-0.00043422305959906214,0.0001436373408140958,-0.014725401389608,0.0038071637491282487,-0.0007126639826343876,0.3411025519312294,-0.03849316505482323,-0.10166350713964054,0.36596640328778807,0.07233237853096608,0.0032579124261501832,0.04761072261496947,0.024161243408134032,0.023054256042173746,-0.013664644906576562,0.0024692257266839576,-0.006923317195199848,0.0009755382536636923,0.0076262894550087005,-0.10945825279064035,0.016089884786832823,-0.1341411459978464,0.07431845672089984,0.1781290581729273,-0.036550216012860015,0.21001423140737102,0.07845837921000415,-0.04830592104183581,1.679824885596173e-14,-0.004346491404397479,0.014165677630625111,0.007703890676434666,0.3048400332747483,0.058527593471555485,-0.014374796894301581,0.06444033160585338
46,2.324042898288285e-14,-6.513755784009527e-14,-3.832625846505883e-14,-3.371183323040666e-08,1.161625503235887e-07,8.154540863344627e-08,-4.99653595453745e-10,-1.028090890058905e-08,-2.6066505702611637e-05,2.0044264437436968e-09,3.527471269679774e-08,-1.784035009013291e-14,1.2193858886359437e-12,-0.00017393740222010646,1.667381793250165e-11,2.5906535956408948e-08,1.1063418089257876e-09,0.00021785494263637127,0.20588697769530348,0.5777599468573763,1.6088482021511244e-07,0.0021736353877147897,-0.3471132042774709,-4.5237349999914694e-07,0.013930399206301161,5.183950016323187e-07,-0.012039813708980268,-1.6802005231313905e-09,1.6540093544896393e-07,-7.014008745769698e-10,2.2724769389655628e-06,-8.993959507770829e-07,7.271050511713912e-07,5.75180798291883e-06,1.7893236823480414e-07,-2.3557621010820424e-06,-1.2194560168761922e-09,-1.814755680235785e-05,-1.7960002723817532e-09,9.983466950800802e-09,7.056389223076115e-10,1.2906823733866552e-06,-2.796671365620284e-06,-1.5057460945710334e-07,-0.004191884087955338,-0.005684195559766797,4.967715239103108e-06,0.010470434293122981,9.71926034939644e-05,0.002325748494148692,-0.0021317554819841114,0.0020351779604893786,0.00047740115841764594,0.012120831859316979,-0.015605311681186038,0.0012947038357000629,0.00019587917016959666,0.01443366993130485,-0.00020021881158908383,-2.851385926052289e-05,0.0003860467833354331,0.007681114959890373,-0.002346069164732404,0.00023658288913896535,0.0828346942195222,-0.10552688402180933,-0.11440470561972678,-0.0864886347489343,-0.015360736418480944,-0.15150468616301643,-0.010121506184742507,0.08272618060064652,0.01019547279088371,-0.10823062261996058,-0.00820016571878126,0.0031094075450708272,0.2834102443635477,-0.13411830412996428,-0.18108814218682676,-0.3720046434761433,-0.04661486085348184,-0.16812860577766206,-0.07660878137250952,0.034492996298437086,-0.1066749665944796,0.10179730909505107,-0.026372073164941782,9.315807027937306e-15,-0.0006671216393900866,-0.2150411171754436,-0.0024337367882664726,-0.015752231694157594,0.19534387842685527,-0.0753239926499088,0.04219871899104748
47,7.838754774111954e-20,2.4379824223049457e-17,2.099534765016163e-16,-0.4858305319495302,-0.3779032262582615,0.34788421756242527,7.950871320657991e-06,0.0001514306246669052,9.613587911175915e-09,7.51277676487517e-06,0.0001240608175320187,2.8490625489541796e-16,2.7889578272926795e-16,3.187438226342792e-08,2.4341322641831274e-15,-0.00012233963276229713,-5.77565415109255e-06,-5.2767777422499146e-08,-0.00011921371713838878,0.00011911490630407515,-1.6231093885547578e-05,-5.6936552306166915e-06,0.00013247155360494463,-1.4679411536072274e-05,1.0681893723972815e-05,-1.6678200889558608e-05,1.0380819890899524e-05,-2.7972107899529924e-12,-0.0028717271524295192,2.8453212230944286e-11,-0.0406927891191661,0.03677779991745278,-0.0026439159741852734,-0.005854986731466454,-0.0010066776920531998,-0.0034616351349246377,8.162353854173612e-11,7.608173591741277e-06,-2.377737453479113e-05,-2.3774706270429756e-10,-5.414305953831251e-10,-3.17640857514208e-05,0.0005127180793644492,-4.2402705872213604e-05,0.03234786030363213,0.09272719668513327,-5.9119367607146743e-05,0.14406055948890184,3.6284457523336507e-06,3.91596159676214e-05,0.00014551186959387547,-0.4017030315130194,0.0003482137365008736,-0.016498250356001918,-0.0050023933580733305,0.007343610760395094,-0.007452316835648173,0.031152901871405743,1.6238439129331838e-05,8.664283197535805e-05,-0.004363106027482038,-0.1007824760755808,-0.19678666673941128,-6.626646343552085e-05,0.02311587715129741,0.0074835341395870425,0.006653608034807515,0.00834387283234375,-0.01403082653956356,0.0065579168498594125,-0.04168597365746486,0.038918056600385054,0.01300416012735938,-0.2732800663212418,0.01731425875557541,0.009435561610702494,-0.1769509026881839,-0.009006961478874823,0.1904487204247007,-0.051925132759116595,0.03440085925802532,0.02063791287744259,0.007920084911225428,-0.00019389230643693004,0.032799297813452026,-0.18126235517974754,-0.1250961724562816,-1.2416998223506644e-14,-0.012111447219017716,-0.18129173682156338,0.005130263668083193,0.04500325290236708,0.11619681884189449,0.022833445179926595,-0.06988533561526454
48,-7.585528974933358e-20,-2.3517575819056917e-17,-2.0269482338580628e-16,0.47005327357231913,-0.13373613074955693,0.510871812289405,-7.1947599247617715e-06,-0.00013655830226083266,-9.00350590256062e-09,2.211025119281005e-06,3.579819398043747e-05,-2.981514791783096e-16,8.259609576171206e-17,-4.6959812902442955e-08,1.7242741664092108e-15,-0.00014390414619620636,-6.9050476331997315e-06,3.717133526707542e-08,0.00011744071840065514,4.206156946568219e-05,1.3227407741806783e-05,1.0160870029831132e-05,0.00019208199134788373,-2.8805475187786422e-06,2.9483649127685556e-06,-1.276777289483147e-05,8.312904395654943e-06,-3.691445301136276e-12,0.0010744218729654002,-2.5242146903713498e-11,0.009964310930601053,-0.004979403120845351,0.0008536709898654719,0.0029516845654574144,0.0010016089591269994,0.006070495561466235,-1.7044789104228074e-10,-4.292336739163852e-06,0.0001001280583610522,7.146461310804386e-10,1.6053118068887474e-09,0.0001148818101881656,-0.0005091211485665175,0.00022003250238244798,-0.10455296091815261,-0.3009139573364561,-0.00022417816585193763,-0.22250200914111634,8.00429634330067e-06,0.000193106309707071,-0.0005416086297772652,-0.15130238358211126,-0.0001032548844012061,0.1410686209677892,0.022778241803140798,-0.010336175399453829,-0.016176184794957277,-0.031570953110063776,1.1268062221452858e-05,-0.00013168436605523126,-0.001164012185033764,0.05668320239842651,-0.056571490152514635,0.0001015524589249281,-0.04910842788768937,0.004653771454112556,0.01421095264826333,-0.058633640860557425,0.00589328582967901,0.0017893089038660782,0.04697930930765159,-0.030190653595870958,-0.006905556736648996,0.2302765113875968,0.010097791647104552,-0.12562391477080406,-0.022839096051127494,-0.30012095299167163,0.16360517508600628,0.01041149175940177,-0.019238044022142527,0.030247624216410928,0.01226731365004998,0.05543933063919223,0.15716267943736553,0.0615410837205183,0.08882258689788002,-2.943041640788939e-14,-0.01941755853421271,-0.15814958394265716,0.005571044312494888,0.07262982423327566,0.07146553810777105,-0.056332294441300966,-0.1496790431181889
49,-3.34695886628126e-20,-1.030475800586912e-17,-8.887102483194047e-17,0.20731851024997167,-0.5823588910308173,-0.34306783458031564,-3.135752459853206e-06,-5.9469617865962484e-05,-3.6245431104684162e-09,1.0195616653744814e-05,0.0001672232094426843,8.657241873266628e-17,4.0411462575679196e-16,-3.443295630184205e-08,5.599354059759903e-15,9.915891862706825e-05,4.673146928572118e-06,5.7984197380317295e-08,5.116776787833616e-05,0.0001807467468427479,5.6270856142421654e-06,2.0469711342748628e-06,-0.0001317595251116756,-1.58467901746513e-05,1.1959382366268974e-05,9.521116871373049e-06,-1.2122839030035102e-05,-4.8012140666238676e-12,0.00031179173811991936,-6.721722182324046e-12,0.0014989925586609803,0.000935431119207798,0.0009435718674799755,0.005078610124981124,-0.00018522758131210668,-0.002779479796209495,-4.159293430323672e-11,-6.773598987619935e-07,-2.1470567969514264e-05,3.291186275894915e-10,3.347775190689093e-10,0.0002024688450880446,-0.00019770347828128193,-5.019220892968621e-05,-0.07657118933145467,-0.22746500982022627,0.00048389152280820224,0.34603585121680835,-9.596844111799728e-06,-9.039526849920507e-05,-0.0002244598758609424,0.06167511298897697,-0.00010226048207112408,0.09373058722122775,-0.05723093800047454,-0.0030776394344446093,0.00016139733309362758,-0.07204968428357132,9.990106325053246e-06,0.0001466504880107525,-0.002139229524241188,-0.053370501670550845,0.017187357239846105,-1.068760828422597e-05,-0.01620644040009373,0.014549894075223493,0.017646241957482222,0.0014682533210846162,0.005394848052770522,0.02666792004839491,0.017730668813636854,-0.026677158580971676,-0.007112828322933001,0.17262532937982256,0.05333644893698525,-0.005491731897164468,-0.343136104523393,0.12013291665369816,-0.17569475295490625,-0.1159562203154392,-0.0035747805299684156,-0.03593790236487238,-0.004732498943619912,0.013117521501730749,-0.05865363990690585,0.05818143146949278,0.08316337325411034,-1.3119799889814298e-15,0.0044151138045552965,-0.10823256607962614,0.00017520436208645038,-0.011504938862597326,0.17162063335787833,0.1686020552755762,0.04278692698637198
50,-7.589708221241804e-23,-2.4974738169786982e-20,-2.1511785338364306e-19,0.0004977694874993781,0.0003874278900641478,-0.0003568824272623841,-0.0006535645249196427,-0.012040231453151052,-4.784134432391009e-10,-0.0006004421504512462,-0.009615875595274118,-2.998369194649176e-17,-2.1059684496174922e-17,-2.3293757390512695e-09,-1.7364398176496196e-16,0.009144387737895039,0.00044927525340443514,4.525726692227904e-09,8.85982204530214e-06,-9.714213716289798e-06,0.0006192659282572534,9.70837346486742e-07,-1.2130723300486227e-05,0.000528290245458474,-2.4893925681717003e-06,0.000549154340801222,-3.7567103598579274e-06,-9.391837118658745e-13,0.04555052723687941,4.37216798296251e-12,0.5948821267240065,-0.5099564424699663,0.03240784187640406,0.06125475447225161,0.008939806943026755,0.021376017649507993,3.3480884378833405e-12,5.112080442816291e-07,4.163271464089319e-05,1.2209011354912287e-12,2.7655314053026824e-11,6.655631208278051e-05,-7.502287516752819e-06,-1.0529174844916364e-05,-0.008842108994605502,-0.025869121602303192,2.355623001306147e-07,-0.02985411724297477,-1.9767538798003213e-07,-3.433643065246833e-05,0.00013170844191169966,0.0499683516445742,-7.559891460812139e-05,-0.04446172820950308,-0.051456691557177144,-0.014706696712097123,0.13939958153989146,-0.10511895284065045,-1.3145197547454271e-05,-0.0005575466238458506,0.005674097340422059,0.24235084458803663,0.38351618633982276,-0.00023094919223501964,0.0302064036953569,0.010634187925813079,0.010717271347599549,0.0002649032981565271,-0.014907033227651252,0.006136874247280254,-0.004116258237519761,0.03100349311855551,0.008130184832600461,-0.16585822055444355,-0.0031703624387563367,0.020904116369653992,-0.110838002106112,-0.021403470383471443,0.09283973066130634,-0.01684991996416214,0.0018735720543018458,0.004556059873737908,0.001919700983112368,0.0030868492692688403,0.030382658979077687,-0.17450623223495593,-0.13773649532920454,-1.3098617672441623e-14,-0.00459145187401782,-0.09803504746500769,-0.004827864890478155,0.012557057727805028,0.11499730946197488,0.032821959903089414,-0.08041365204036974
51,7.322155332943505e-23,2.4018666026063795e-20,2.0699439597211777e-19,-0.0004800395481024598,0.0001365586746045827,-0.0005215923151234581,0.0005762703569147217,0.010566214511769723,3.831491128354298e-10,-0.00018949670165883394,-0.002989904117980443,1.786829740380661e-17,1.147814090378028e-17,2.492038141819506e-09,-9.998925968486712e-17,0.011477434876604553,0.0005700078121733673,-2.8528815040173385e-09,-6.8177312146068634e-06,-2.377297839411517e-06,-0.00047269005394234067,-8.708233136999188e-07,-1.0977056341710606e-05,0.00013106786216057867,-1.875447198963274e-07,0.0005071563016047426,-4.5318300630344117e-07,7.311720069764331e-13,-0.010530292123107843,7.610646840598117e-12,-0.05359055937114972,-0.012445162056853852,-0.0044693041533961,-0.01745347785255892,-0.009863093578424478,-0.05628455602149759,8.224131034823104e-11,1.9260531947140758e-06,-0.0008025087370308072,-4.3346999472172153e-10,-1.1219145494083437e-09,-0.0005000381286558234,0.0003577961337965995,-0.0009204473204402791,0.15615804800103994,0.4561741547350457,7.024070018061269e-05,0.2262273662974949,-5.631317976704766e-06,0.0002746599304585884,-0.001487794060480874,0.12369121584680164,-0.00011486607168734238,0.4142908450034699,0.24421754981463925,0.44898074843434377,0.23047771434324327,0.06221910305103913,-1.633216301695277e-05,0.0005215740687843429,-0.0029108572138489123,-0.12873598569487266,0.22272566606237612,3.7951365201543035e-05,-0.03458382676535883,0.004757575116318363,0.011732385065467503,-0.04117434561168853,0.00048368331359737165,0.001243725921517866,-0.008548187553798691,-0.015623067486112776,-0.007149679530179472,0.13111121513329974,-0.002798547794364113,-0.02642578666493393,-0.01672257382794826,-0.16657540404494042,0.09733836403338922,0.003986220250765012,-0.0011252769126178252,0.013174515885461402,-0.009710525106346927,0.03268905123311534,0.14566072162359806,0.05837364236891581,0.09870615697513893,-3.2688051575734166e-14,-0.01058704667776257,-0.09040516869296514,-0.004637931925875006,0.021700988495602615,0.07054920831160817,-0.05637553037203577,-0.16290934787380323
52,3.230962014685815e-23,1.0530117019409041e-20,9.076367383748982e-20,-0.0002117229983191069,0.0005946565051068458,0.00035026920924669083,0.00025431276739974626,0.004661918095696406,1.5685954545434666e-10,-0.0008217074027825831,-0.013084567800354083,7.81951173191906e-18,-3.296800684779215e-17,1.701725873264304e-09,-3.50275783233965e-16,-0.007709674147466896,-0.00037804088892888716,-3.2422492967459648e-09,-2.976265111315542e-06,-1.0512269431510914e-05,-0.00020758106252687498,-2.391432931369599e-07,7.667319133380212e-06,0.0005839813955067706,-1.1668690854534328e-06,-0.0003443498064791805,1.2557879363942688e-06,9.377769582104634e-13,-0.004065143140857997,2.852167813860328e-12,-0.01309604487582621,-0.017465729065713198,-0.012211963325453268,-0.05900760303559708,0.003322479503491369,0.03353648331879892,3.066319185342096e-11,5.174798757814758e-07,0.0002681670646601853,-2.392839237302591e-10,-4.2073715072874504e-10,-0.0011253923307156177,0.000168722689671566,0.00033011185847154435,0.1164681268565236,0.34577056123989613,-0.0002481748867183281,-0.36134644406555455,2.076975260973651e-05,0.0006714480858889878,-0.0014542799405462346,-0.03765747813743255,-0.0003082981869176227,0.27213883602165745,-0.6046598687517298,-0.059620646615650266,-0.042743386846937605,0.32515317909433106,3.255835796913425e-05,-0.000504121055474082,-0.0027289494375849852,0.19411427433984108,-0.06086240993768301,-1.179145139589099e-05,-0.011394800963347416,0.011178320841714648,0.01296901191090309,0.004520174154928818,0.0038168870073445526,0.01861367648637983,0.0030065198833774285,-0.017529144465741556,-0.0034956472741889608,0.09298948843124637,0.00676966012328275,-0.013741838157873302,-0.1905819041863818,0.06836904485546803,-0.08139374875541991,-0.04022826530082625,0.002186571786460145,-0.007539945151523274,0.005388685345637443,0.005428810145870889,-0.050972138335432696,0.051144959727131706,0.08908816923760768,-2.931284551547178e-15,0.014885467634121567,-0.04756913600511648,-0.007240664039940087,-0.004987696191563019,0.16382249823664802,0.18365311956170866,0.03932031523440716
53,6.252540281852312e-26,2.185390057556724e-23,1.882731882609057e-22,-4.3564251191992633e-07,-3.3926099110539655e-07,3.1281281852964447e-07,0.026985208425426677,0.47932459922632437,-9.77557633929072e-12,0.024049674866115565,0.3723255657510238,1.494550601671818e-16,-4.0316255047987016e-16,1.320062485769472e-11,-3.3878141773188024e-16,-0.34333156565802353,-0.017621589553984286,-5.453869040979991e-11,-4.686026294023176e-08,8.6776915949865e-08,-0.010054527222639024,-3.803461978875866e-08,1.6468088367733105e-07,-0.007842873993888102,1.3983101799149334e-07,-0.007247140714250839,3.5612212114690427e-07,-2.32020754154546e-13,-0.07044918335772124,1.2088805341801838e-12,-0.23832968448665004,-0.19561876404271195,0.06095022773892263,0.23891773643619613,0.05238441014204577,0.226666724599594,2.5283148862026053e-12,7.518660996825702e-08,0.0013216818201277957,-1.3894868240936126e-11,-4.0046332161623016e-11,0.002735190727138652,1.1997180841163342e-05,0.0017086093569738659,0.009212741264485824,0.027107549462031005,1.9305818309623757e-06,0.015891671411402113,-1.454680321892765e-07,6.761153955893692e-05,-0.0003632232384107788,-5.1371080139628874e-05,-5.597668726180371e-05,0.10760900970134624,0.11603659786918596,-0.10021402025139739,-0.3741564126539263,0.08307994533100199,-1.2066556328120191e-05,0.00012537296156146132,0.0007714009444603812,-0.014830225331799382,0.16301852987619952,-3.71295698567487e-05,0.00030831418089756523,0.000903468122741084,0.0015749842099268437,-0.0060931589741304885,0.0010487183979017544,-0.0006602504759693797,0.04574421211811271,-0.0018122722355990008,-0.0029875222063151866,0.0544773162304258,-0.02444336104495341,0.02085302018556585,0.027577404525543373,-0.021324687513740385,-0.060589274628490675,0.029732206275272295,-0.03728130963928083,-0.01591705036137324,-0.005389650669300833,0.004163568784288,0.02683191546995719,-0.16271517157683213,-0.14522934819385547,-1.2710921513435414e-14,0.009286161189977072,0.04332238552708045,-0.01595265176517076,-0.029184649523231646,0.11152363804540516,0.04300989646826531,-0.08859860578318825
54,-6.037169594217325e-26,-2.1040308729370027e-23,-1.8130971590193933e-22,4.204874211016682e-07,-1.193239412065754e-07,4.5626933431412187e-07,-0.026129508651722044,-0.4633659516738352,-2.0385522461765415e-12,0.008579986206065844,0.13159272662178664,-1.9230451628738995e-16,-4.0102105099323136e-16,-1.4651079545381625e-11,-1.0709524047065354e-15,-0.5043076279795312,-0.025936709149746894,7.238571194315758e-11,6.900322602554862e-08,-1.0305057188526494e-08,0.009749247944092966,3.47863639532919e-08,1.8111847366066095e-08,-0.0027675766426635807,-3.508558950927228e-08,-0.010595367658327191,-1.6869060730848002e-07,1.0325649940936023e-13,0.06828661365313991,1.5630913398302374e-12,0.18718101078143953,0.24148100085334162,0.017741015834539048,0.07185081362594412,0.06621105479422248,0.32938592114771914,-9.56302534355686e-13,5.5004905405504505e-08,0.003621392652710707,1.7061313455586982e-11,6.141147786077925e-11,0.0011793988114859606,-1.6161863489710846e-05,0.0021819656134737385,-0.01977413084903972,-0.05832880991848787,2.1381227280772792e-06,-0.020475457501327423,-4.68997205329218e-09,-0.00013587560998949707,0.0006763080333317779,-0.016056547874193913,0.00014347572874129477,-0.19038797979002284,-0.12362359851780212,0.10650987930804161,-0.0007882711182281424,0.1869926424361605,-2.150464252336223e-05,0.0008307202411797129,-0.00418182393594448,-0.27029093356416395,0.17406250025408534,-7.049446146580975e-06,-0.0012917764026063084,0.0005728974567146107,0.00046245500419521017,0.0033831505108436566,-0.0033073532092701067,-0.00011577785651288782,-0.06913768397201184,0.0033794612333894317,-0.005915049471891249,-0.008394357981944255,-0.016099108536287092,0.09843980788192519,-0.0002882147627951119,0.03219310628886522,-0.0071337648262061034,-0.004004680425858631,0.020522174657711053,-0.009038925572035436,-0.035138966682717244,-0.002942614408258707,0.1307295948058212,0.054562781564538955,0.10883593874072875,-3.564120250823451e-14,0.0060769174400866705,0.014413000401763637,-0.01638118903569865,-0.0418707320616939,0.06840653998692092,-0.0551596215265168,-0.17409660085400414
55,-2.663188640388495e-26,-9.226044918973643e-24,-7.947823957603241e-23,1.8538805768493492e-07,-5.205761048095255e-07,-3.0662476192493117e-07,-0.011540089279355157,-0.20465181677591238,4.297908661624161e-12,0.037118157448377515,0.5742468053641567,-2.300957874691336e-16,6.047202634281468e-16,1.4806749336002594e-12,6.300150747570957e-16,0.3383801667245171,0.017234452645944153,2.1850109798119036e-11,1.9719311042242422e-08,7.883504652767844e-08,0.004292763405650691,1.2498000105757674e-08,-5.874039403224398e-08,-0.012087896784583598,4.470567659051644e-08,0.007119544249577342,-1.1061760878986416e-07,-1.8724298631193047e-13,0.029414080417329312,-6.054739264370263e-13,0.07068458795566344,0.12537110198032905,0.08805760355905486,0.37247997112540965,-0.029393603185795397,-0.21750612766095256,-1.793336365346188e-12,-4.094144925760018e-08,-0.0016962979332772322,1.4112165213046583e-11,3.974966678905347e-11,0.003069196544622934,-1.206125711927626e-05,-0.0011454172070274088,-0.014575891670262443,-0.043333482053968496,7.4335011114025935e-06,0.03347993570096798,-3.3222083468250983e-06,-0.0001599476700648396,0.00048564049657290646,0.00028933227038245514,0.0001365107161779097,-0.11118906667817563,0.16101105768429136,0.08081166083167601,0.031580698005634324,0.3178943251927978,1.9612166473244272e-05,-0.0005902084520807269,5.159356604766161e-05,0.22779643394410642,-0.05822872816899157,-3.41442909527415e-06,0.0001253352623902333,0.0007084435228745193,0.00037631492812641935,0.0032354345845885977,-0.0003410300712975217,-0.00040013197647328284,-0.016629392236734014,-7.05737838161411e-05,0.001855506290967889,-0.02699659264135973,-0.051908106232449874,-0.01930037288898817,0.042626715529447114,-0.011942985425822797,0.04836039523262422,0.05601560377394095,0.008741380588567445,0.02733177919920335,0.01697016995114298,-0.004324920197687828,-0.041678294011564115,0.04246495104173031,0.09377645172097412,-4.715505239200691e-15,0.01999353721524046,0.032602256707866775,-0.015574681028491862,0.00355162548493889,0.1534028843678363,0.19695575497831688,0.034306790147441375
56,-1.4579546381505334e-28,-5.424804831785628e-26,-4.674399645069376e-25,1.0815776537865443e-09,8.427567764569774e-10,-7.78120055990311e-10,-0.0288778329614294,-0.03220277154806728,9.173794951694435e-13,-0.02342176497902199,-0.024771013874100294,-6.4234298474147266e-18,5.340565987195629e-17,-2.031561471500976e-12,5.42621004585439e-18,0.023132795467261436,0.021233333628686683,1.1027101000820067e-11,8.277074655161323e-09,-1.583377542102562e-08,0.0016270640521878898,1.110222340216835e-08,-3.71770803351459e-08,0.0012670030874893643,-5.3258127152926905e-08,0.0011749260676348849,-1.9237377052752978e-07,2.214471472001229e-13,0.13665941205253163,-1.183171667210036e-12,0.15229789372032815,0.16578366171438946,-0.12295512328710857,-0.17316672480997589,-0.10308534821986484,-0.1744023869964221,-4.4960142859765354e-13,-5.748705276824724e-08,0.5517051685745322,-4.819766910840823e-12,-1.3432902845743053e-11,-0.4286837807052979,1.0528512785671787e-05,-0.39669714175692794,0.005489791142141553,0.016173511882252634,-5.981802269476326e-07,0.010911696906083648,-6.302899182272773e-08,4.284403201168892e-05,-0.00022702299154422355,-0.003830676885895891,-2.919405684530781e-05,0.06768842443381946,0.07361132256099215,-0.06172040192731043,-0.22856585171126034,0.056824827239227514,-6.028239932583731e-06,0.00011283747589583973,4.472097457480739e-05,-0.025908304246340295,0.0656205551531526,-4.358738035807138e-06,-0.0003265403224849678,-0.00027314468749166344,-0.0007831344052553189,0.006704185646436396,-0.002372887453700186,0.0011458221172445436,-0.10033619670540232,-0.013235031165345442,-0.00025139224936264535,0.0888511216340069,0.05164074084851049,-0.06587273307887874,0.058200820080574804,-0.015056304194508352,-0.09174960068031897,0.038289670388644635,-0.044013481468217965,-0.019809527857890454,-0.006945723534528771,0.0025409393605911436,0.02688939267875242,-0.16208973957391876,-0.14712673130413978,-1.2934595428438758e-14,-0.020194762656251766,0.07350336007540571,-0.01810469748576295,-0.03741780821405025,0.11240842088695613,0.04507615204802795,-0.09135422280667431
57,1.408571848501824e-28,5.227197774506311e-26,4.504001779569296e-25,-1.0445843675132043e-09,2.957002408652742e-10,-1.1317602928508913e-09,0.028347125872127354,0.031094777924415354,-3.013551473985965e-14,-0.00805504461382889,-0.008765619552964022,2.0922612960971302e-17,5.068390187519061e-17,2.0582327097976383e-12,6.10632300383345e-17,0.0340673972455587,0.029185391854738497,-1.3027062409343475e-11,-1.0498444142797006e-08,3.1264133359884323e-09,-0.0015759877845097031,-1.0284922767952481e-08,5.6804572091103724e-09,0.00044706568900814846,2.2091097969237306e-08,0.0017124616222374206,1.3325715847022108e-07,-1.389759719456253e-13,-0.14640946856349107,-1.6169281775732044e-12,-0.1234427856114547,-0.18443879874160216,-0.04028260952824279,-0.044679792057783205,-0.1441672321027669,-0.23463273208640026,-8.806251417154471e-12,-2.1701229018169974e-07,-0.5315070392021126,4.550035600858552e-11,1.3199830533708402e-10,-0.14682345722000928,-3.0415570655647085e-05,-0.5785417753298178,-0.022110577418671354,-0.06483372103729192,-7.933125415320458e-06,-0.02807364852318143,4.339885277316751e-07,-8.294436748651696e-05,0.0004129213477483241,-0.017391203206691127,6.15768070932107e-05,-0.11481525238801284,-0.05906901320401058,-0.08315887760866991,0.055757517910406354,0.1620113591472151,-1.4924594364319035e-05,0.0006072109935268093,-0.0032336177100293568,-0.2017048683928551,0.1134273290572911,-5.731915526198011e-06,-0.00039550242464026284,0.00023306994015254002,0.0003852872074319087,-0.0015165635011243448,-9.853556055488044e-05,-0.00026634409811168274,0.017272363408572793,0.004342818335270307,0.004520102930306845,-0.06726687653077519,0.004912648290971574,-0.027084868810249324,0.0052786557578465045,0.08768215217448994,-0.033872675641322555,-0.005820897392179136,0.025454630128613712,-0.013928506997549352,-0.040661770588284116,-0.014528671721936344,0.13014782619644058,0.05423547336958602,0.11195715541317729,-3.693057061309334e-14,-0.0020735519402677502,0.04243894862176152,-0.018937569006073376,-0.05582831567379886,0.06917925494876319,-0.05583352667043486,-0.17900318701646672
58,6.21305569368355e-29,2.292941165336407e-26,1.974176728367931e-25,-4.604657396689254e-10,1.2925802040963433e-09,7.614660112634852e-10,0.012427780665621212,0.013744590875086157,-3.6342806306843715e-13,-0.03521308432258815,-0.038282025194511834,1.9395572833029317e-17,-6.547874335731632e-17,6.204773441084574e-14,-7.18324459923032e-17,-0.022794438869873625,-0.021203217155581103,-4.618212939619483e-12,-3.6138141989415844e-09,-1.2220812772409062e-08,-0.0006952501386790084,-3.936620222449657e-09,1.2068174557161582e-08,0.0019539736580896495,-1.0432113419659329e-08,-0.001153572531512117,6.391593982945615e-08,8.181586849418916e-14,-0.05998425917091056,2.259846263290108e-13,-0.047650314424940665,-0.09678833103476969,-0.16998650768880547,-0.27072719394819156,0.09270839813919061,0.1615419607412137,-3.9665287672938705e-12,-3.3646216082749956e-08,-0.23743951991837023,2.9144099639978425e-11,5.0945597784478344e-11,-0.6638600354096863,-2.6401305874076952e-05,0.38598756946181534,-0.017139297740735294,-0.05092660552230958,2.7668976576565735e-05,0.04688871518813405,-3.4489659035456523e-06,-0.0001423836811596341,0.00039188537520290446,0.0030379605765234433,0.00010320731421242376,-0.0856337856492246,0.13594077546986158,0.05479275749758584,0.01974039340318136,0.1642480457038689,9.10788143176698e-06,-0.0003103594778101646,0.00022753716310384408,0.11996487730980873,-0.02945377660853238,-6.081961777702629e-07,0.00015006615387980305,-0.00021974973004244947,-8.364800367653435e-05,-0.002631524457693458,0.0009775194983949326,0.0002487131961023019,0.03727213073604945,0.008018344664154412,-0.0009073354628492017,-0.045262146911291566,0.10351604588234117,0.04831963663333822,0.094108854852604,-0.03213581599902409,0.074825788115034,0.07425074827850535,0.009725968050296232,0.03388493132481747,0.01922946902742094,-0.005256403598046065,-0.040756546898104706,0.041355442000002324,0.09531052612216494,-4.928314106987179e-15,-0.04112755176817161,0.04709638420630999,-0.017113717728521632,0.0054213962364340566,0.15363157616032877,0.20150051591964438,0.033974648805175534
59,-1.0690643030754842e-27,-3.9822895648306244e-25,-3.4314367794381105e-24,7.939765358195974e-09,6.186858134160107e-09,-5.712302940280613e-09,-0.02556343160377099,-0.486996437568983,2.855960138041494e-11,-0.022949660620307757,-0.3785513332818955,-1.9178237331977193e-16,3.0998261867175627e-16,1.1302623459892898e-10,2.9541668903216606e-16,0.3486948637070325,0.0165005884982678,-2.343178553460441e-10,-4.3603155885862984e-07,4.835954230464587e-07,-0.0011333454896899232,-6.57416031934485e-08,6.354387644584757e-07,-0.0008741408487658675,2.0428089721709248e-07,-0.0008257164175966519,4.355160018044008e-07,-1.724331786852009e-13,-0.07183435190254706,9.34522206498148e-13,-0.22714215679543345,-0.15553886218210988,0.06003125051148662,0.20623864865312647,0.05197931372816292,0.19823044899491737,2.3461890793040776e-12,5.073384759801473e-08,-0.0754723423580772,-1.3511371144267335e-11,-4.1064030345210275e-11,0.061965082239182546,1.120024618307593e-05,0.056596997411579954,0.009625037536216572,0.028320481197926548,1.9224806049151206e-06,0.016981707264456018,-1.3729798791176272e-07,7.03880960307915e-05,-0.0003762503402891149,-0.0015752218867124605,-5.5292379861713785e-05,0.11160690543501316,0.1203279272145863,-0.10226542404943759,-0.3885691290489988,0.08820079552476981,-1.2060585027914767e-05,0.00014550996669229164,0.0006309391212820432,-0.02234842815241641,0.15692302384624204,-3.0968350559579106e-05,-0.0010425209214771297,0.0005721170240636988,0.001419022359884273,-0.008034440133850419,0.0022770343852217692,-0.0012216496328342238,0.06758428689294078,-0.0017835043010254073,-0.003839963943889821,0.05961740262882301,-0.03543765466446451,0.0322812037574488,0.029630880154156245,-0.022036021270227368,-0.0631733145586491,0.030566057162190526,-0.038057780229444685,-0.016291176268724106,-0.005500007654701675,0.004402735220970445,0.026672934569195103,-0.16229943318108084,-0.1453206808761815,-1.2594492979203469e-14,0.01382197626038068,0.0455052373426629,-0.016126847502447774,-0.02988089625997319,0.1111524239962712,0.04306387911444108,-0.08855290722025487
60,1.032875334258154e-27,3.8373292954028226e-25,3.306419931142037e-24,-7.668372662353804e-09,2.170716817828939e-09,-8.308032749936795e-09,0.02474351024511512,0.47094259860535437,-1.3680487099026628e-11,-0.008219296019218916,-0.13383416721965186,4.254591967027961e-16,3.726792928061786e-16,-1.1879967494685948e-10,1.1409858200357654e-15,0.5125260054145452,0.024527060871780557,1.4957755170230082e-10,3.2905181864579494e-07,1.0736091165931779e-07,0.0010721101909287557,5.953192994537706e-08,5.024579929570435e-07,-0.0003032345299272722,-2.2561641066006583e-08,-0.0011693184711755273,-1.3169415485014287e-07,6.860957603338694e-14,0.06980634251437602,1.1172533427867504e-12,0.16445126242922264,0.21195940274972488,0.01842651291363238,0.06267074706175065,0.06786200061390336,0.2891186879475661,-3.764915429888881e-12,-1.6607165974738547e-08,0.07675602906309617,3.171549938304017e-11,9.779935553919278e-11,0.021447204327155838,-2.928276810012132e-05,0.08227632421441593,-0.0250316663489633,-0.07369932294301687,-9.052398971935534e-08,-0.027988105076612473,1.6448240686418523e-07,-0.00014885063487405322,0.0007458905038551676,-0.020266764964562402,0.00015371926518416244,-0.2099933237838667,-0.13716301303487627,0.10840954886322944,-0.01455183853157694,0.18446943195635107,-2.128558140268297e-05,0.0008223720707998594,-0.004110288103722992,-0.2686201578259378,0.16982276940958269,-8.913288001204866e-06,0.0002235473711691846,0.00040035209024269323,-8.702252900308573e-05,0.006142317965563053,-0.0038498505360377417,-0.00015585258532991585,-0.0824596294630049,0.004099728327728065,-0.007192085329753324,-0.006957637360728977,-0.019314802517167724,0.1200339163249778,-0.0002797034744884528,0.03373531147343791,-0.00827472230674721,-0.00411999529605287,0.020787146868990757,-0.009356651413657156,-0.03547173849347299,-0.0030231618712376666,0.1300816251921022,0.05439441824131197,0.1087495971158441,-3.549140877960935e-14,0.007881333295376042,0.015379045717580584,-0.016529646109337333,-0.04274432449974783,0.06813204198370894,-0.05500924021982524,-0.17378721765957592
61,4.555767615007246e-28,1.6832285113262372e-25,1.4492123212869485e-24,-3.3802047199821018e-09,9.488844804595508e-09,5.589732226172813e-09,0.010923347306039081,0.2078508274863859,-1.0772552856422443e-11,-0.03547764938274446,-0.5836324924255932,1.7585652547389367e-16,-5.986833134247575e-16,-8.413733989287193e-11,-5.972825592130251e-16,-0.34355486610413744,-0.016110446083962865,1.6389570815936992e-10,1.4871115427056513e-07,5.114981518684618e-07,0.0004859546661213778,1.842506046212947e-08,-3.8134001392177756e-07,-0.0013430544247888438,7.7037100100384e-08,0.0008001838550908504,-1.3967897225955466e-07,-1.9211972964967546e-13,0.029791119488541223,-6.306032054902513e-13,0.06211597580440916,0.11076205910443532,0.08810961133714615,0.3274965584928665,-0.03304713694301512,-0.1917536228877662,-2.6237469751937843e-12,-5.5705343689049777e-08,0.031541520997791415,2.1380672740558626e-11,5.325438987689528e-11,0.09495862985560993,-1.645268464102711e-05,-0.05457993968285262,-0.018359929360127352,-0.05457033534615322,1.5381362973895136e-05,0.04511196190426985,-4.0140159916301825e-06,-0.00018344634301957399,0.0005397655542136481,0.001458348365511274,0.0001488355186772493,-0.1217987671005685,0.1826308179034541,0.08445926525321487,0.0340373993442992,0.3175563271392053,1.9260372808637407e-05,-0.0005929946259277032,0.00013068706439636098,0.22882630537253668,-0.05834860544956528,-3.279471744058959e-06,0.0006670802769732877,0.0003150961504800525,-0.00017486886085510577,0.003911506847307237,-0.0007232849261907059,-0.001393622539114704,-0.024811874190258463,-0.0003452259294514911,0.002457791468902993,-0.029895826173675123,-0.0751769413394863,-0.028470441911235527,0.04614229545010151,-0.012841280728500682,0.05054815087821723,0.0577227621005986,0.00890500494289302,0.02796313579339191,0.01716412435943825,-0.004619336848954981,-0.04142249546747656,0.042323773044622474,0.0938243392915333,-4.489615595528367e-15,0.02829150437507234,0.0341248843685257,-0.015711240091410693,0.0036922954396551738,0.1528529471809847,0.19685709626688225,0.034185159612134974
62,2.6055902210436875e-31,1.0374564921020807e-28,8.941192091603159e-28,-2.0687928066566707e-12,-1.6130380519619176e-12,1.4923550135558616e-12,0.5263112494434989,-0.028889726139045918,1.4568831498324052e-13,0.42308541388078624,-0.02687149783898138,-1.0964589871765332e-16,-5.794143690923743e-16,-2.945765401194014e-14,3.2672391658343543e-16,0.019373358663662903,-0.3869221514688373,-6.617059118109266e-14,3.4091070920021826e-11,1.0269710443033628e-12,1.8514761979772145e-05,-4.3887622613736427e-10,7.255914891662555e-10,1.2396392941554105e-05,4.573959962858691e-09,1.1243675500609693e-05,4.4362763630591524e-08,4.227932758326585e-14,-0.1863569161350551,-7.809446285647044e-14,0.03054519605931471,0.02366358112097603,0.17186610649712342,-0.04337767680371042,0.1513567985495805,-0.026601646909464923,-3.140501264061762e-13,-5.157015134444965e-09,-0.03832088894607006,2.509772272610988e-12,7.871814393471986e-12,0.028116988314411385,-2.6394867502420734e-06,0.024678653232030587,-0.0024480228763482056,-0.00722252401480407,-2.1248506254858033e-07,-0.004257709302617372,3.0392197463364283e-08,-2.3773396541752787e-05,0.00013009216841535225,-0.00031108309667526906,2.5319152865432422e-05,-0.0386228353979519,-0.043634029521890674,0.05265557025660631,0.1333399443645806,-0.030684011443491303,6.033820723390222e-06,-1.4729842694859229e-05,-0.0006413958380039307,-0.009224120741542184,-0.10084132469957113,4.092990980348252e-05,-0.0010602859945098128,-0.0017752269830908082,-0.0037369173479390155,0.022202937887943707,-0.006369428326311247,0.003315409294271897,-0.2731811228018755,-0.02649968288025056,0.0033048469090965617,0.12595288591815212,0.1422653434612085,-0.1710904055983798,0.09201585149224929,-0.0067034616020358265,-0.12698647151290102,0.047195318195062216,-0.05144802830863977,-0.024351982359955972,-0.008798096758733892,0.00045575453728425577,0.027432842367250382,-0.16342907301835988,-0.15112414585110528,-1.310954936358182e-14,-0.05527906540334839,0.107053391599062,-0.02042591887920734,-0.04661689227262355,0.1135761343702954,0.04645840140216244,-0.09529888787570195
63,-2.5184867469316755e-31,-1.0003560307416618e-28,-8.618759415063233e-28,1.998953728494687e-12,-5.643487055515468e-13,2.161544055758122e-12,-0.5210297776974844,0.028761965569025372,1.388179487519194e-13,0.14727405675002286,-0.009436385352226422,-4.685915661866114e-17,-4.455805181054969e-16,3.4470510849669705e-14,2.237327146215449e-16,0.027185286061368958,-0.5443141703221089,8.560436122016266e-14,-8.892185015029283e-11,-1.3205557041687695e-10,-3.9833477172465635e-06,5.531986018829403e-10,-9.882942164913142e-10,1.0781167311652548e-06,-3.988324389283902e-09,2.750354111391022e-06,-5.173777879425483e-08,1.6149336284969264e-14,0.2386579254586777,-1.0568615503361842e-13,-0.04500065505799399,-0.02660767301703278,0.06874355621146391,-0.024129467067126,0.2297781580461172,-0.04220796193814518,8.046743451725314e-13,8.88208064205187e-09,0.0345292612699066,-6.218852271846572e-12,-2.098475371891498e-11,0.010531647463088167,5.021580375222005e-06,0.04397892388120834,0.006357181595906291,0.01877298540515219,2.3908792066680777e-07,0.007198088865136006,4.234025083365679e-08,6.334816148300425e-05,-0.00033579280514001197,0.00586168071118841,-9.675668468692644e-05,0.09695391132734725,0.08894853371368983,-0.24676179966331857,0.11474866187273959,0.02497698220444285,2.438620723603036e-06,-5.8599481862873414e-05,1.5186518224414922e-05,0.014533717984856668,-0.027077819049492025,-1.6584242180383092e-06,0.000931848921832827,-0.00027458404483465175,0.0002104086388454323,-0.00794936227465137,0.004295312675585275,-0.0004408623855222622,0.132206400408626,0.005332356952794559,0.017662331288103985,-0.13884542324350374,0.031942050053867056,-0.1870782064995732,0.011762682539525981,0.15322906619243978,-0.06521665259272912,-0.008070138882034268,0.03107980109685837,-0.019555814388209913,-0.04695694757084491,-0.028397744216822746,0.13031429394914645,0.05387335054451125,0.11548778412802144,-3.8111206590505704e-14,-0.01253649182996922,0.07521675639757647,-0.021791081478546654,-0.0716765541818828,0.07002206347495658,-0.0573355537996834,-0.18530679201621517
64,-1.1108586113809409e-31,-4.3901356762297646e-29,-3.7777101929214204e-28,8.810837397811448e-13,-2.4723501367409157e-12,-1.4570961098125077e-12,-0.2266542579194972,0.012488551689656381,-1.0502174436022901e-13,0.635421798752771,-0.04020194902461204,-2.4190546213221677e-16,5.193741459398384e-16,-2.5777898131209377e-14,4.953455577818015e-16,-0.019360781494563637,0.3877007086512401,3.648286130191226e-14,-6.588206111888933e-12,-1.6932645813773512e-10,-8.667188497105107e-06,1.7522643019446214e-10,-1.7138107237795118e-10,1.987614830781283e-05,-3.4907023456336773e-10,-1.1194043989857934e-05,-1.7598501148451548e-08,4.11087470431263e-14,0.082356108724221,7.577441227132042e-14,-0.017021194664688873,-0.0048589335039277304,0.23248661109291277,-0.04560233632512274,-0.1655712335106903,0.027195833934753038,4.97907642013059e-13,7.202694457255878e-09,0.017065363689305918,-3.921435965719429e-12,-9.476530372519013e-12,0.043941829021195186,3.4853918459033552e-06,-0.024226369526089198,0.0037169052590284948,0.011055450062215921,-2.7962437252717745e-06,-0.008256102397872367,8.591868288666098e-07,4.503476103787009e-05,-0.00014645987375991792,0.0001062471387243746,-4.3840403699516186e-05,0.034776680533803166,-0.0422480758218188,-0.036603627354404894,-0.0073255969990655935,-0.13934199622511084,-1.0259046175140125e-05,0.00026931619782676313,0.0001264405754068415,-0.10362110144335678,0.027676342831862162,3.1575741836712614e-06,0.0001287317278516568,-0.00138514459667085,-0.0006573806594437158,-0.009838013506728926,0.002498565444548443,0.0010415885537254437,0.10110544783594747,0.01756496755829395,-0.004372767631732415,-0.06527936812699252,0.2890908711060522,0.13064429932079866,0.15157885859957518,-0.0553492170943772,0.10499486798596912,0.09408812099748538,0.011040855457348554,0.04128655294312846,0.02189017338994961,-0.00610218495329326,-0.04057752878941209,0.04161884554518593,0.09865428925105468,-5.217419924467882e-15,-0.11406022412357572,0.06226297148727921,-0.018725933611584616,0.007863758362923938,0.15481414054002637,0.2080935666580941,0.03477926346745927
65,-1.4179054060302482e-33,-6.058517021899772e-31,-5.222444785399649e-30,1.2083286606559679e-14,9.428485897300534e-15,-8.748760507575134e-15,-0.08776406780422065,0.005002670748033502,-2.964900434006401e-14,-0.07075735718017437,0.004639620675137496,2.055296425059603e-17,7.06395609328042e-17,1.1664004569019422e-14,-1.5999786019759817e-17,-0.0033943974930139113,0.06505326940797132,3.512792848947931e-14,-1.8415929014943236e-11,-1.552363333289902e-11,-6.815402864773262e-06,3.836416799922552e-10,-5.993702139669086e-10,-5.535049661999555e-06,-6.083823414013374e-09,-6.694930639408904e-06,-8.658079535268713e-08,-1.6896998188142416e-13,0.46118384163294046,5.023841282121919e-13,-0.11101292521341474,-0.10149623248244793,-0.4214226427627817,0.15200976401698757,-0.3713474456646847,0.10894933778307991,8.155483365224555e-14,1.9190614271474945e-08,-0.15376480484999858,2.2504003308146633e-12,7.344810679708716e-12,0.12473839241779622,-3.933323427326456e-06,0.11699565075499928,-0.003013784047692578,-0.008894579418727061,1.2049109767061875e-07,-0.005710901768472286,3.8784463099383915e-08,-2.8999891560916384e-05,0.00015785400328377852,0.0006788903533735166,2.6860202157730897e-05,-0.04703848573309354,-0.05349897538395328,0.051969695516423,0.18701761166622646,-0.03674025343849878,7.292486901523989e-06,-2.1073412423319247e-05,-0.0007901232430867542,-0.01026561655835173,-0.11912927915199042,4.6123132402687005e-05,-0.00115263914330263,-0.0019406232186471649,-0.004068747212311506,0.023994593087487723,-0.00684725101340234,0.003558423459958635,-0.2933220205009463,-0.027982222768594085,0.003632842474370727,0.13039466727460883,0.15202540295518407,-0.18195501941059614,0.09561372089179576,-0.006080391397910191,-0.130687002830107,0.048132050056523226,-0.05227126090921672,-0.024823934445690927,-0.008970515978848001,0.00029650611136192504,0.027478885721413784,-0.16353625595051263,-0.15155729060360942,-1.3014864624727021e-14,-0.05905587160092968,0.11051356384088472,-0.020651931782602835,-0.04752854327750781,0.11362372111627315,0.04655747536589857,-0.09565944893383564
66,1.3709686751297764e-33,5.845107644192363e-31,5.0355264968606846e-30,-1.1679256762527072e-14,3.2878091469928143e-15,-1.2597132557980172e-14,0.08625820056671459,-0.004935995790461058,-2.255651820804835e-14,-0.024247375422991366,0.0016020374753619572,1.3910193639353328e-17,1.1154675371201216e-16,-1.1505339271426792e-14,-1.6605932400284394e-17,-0.0046231400640866244,0.08895988851693007,-4.1098892487278334e-14,3.237230723463923e-11,6.960060047954709e-11,2.966752573089035e-06,-4.30380264106641e-10,6.962133615579828e-10,-4.347644312403727e-07,5.365787613744487e-09,9.884089493820433e-07,9.099772722588045e-08,6.132111051699655e-15,-0.5031582276368908,6.506011424643343e-13,0.12653428495598484,0.10104446527880713,-0.1397469648984308,0.060825514738573186,-0.44945685420663795,0.1374292268136479,3.0233251547327242e-12,7.10336915894938e-08,0.17212551669956874,-1.714768600161184e-11,-5.26073978980799e-11,0.04708472227663165,1.2237905047022459e-05,0.1872730412592549,0.012016613192371036,0.0353958729359127,2.2294334080135765e-06,0.014341014578669316,-2.7031261408097386e-08,9.697359451817084e-05,-0.0005129883187879547,0.010627372161860896,-0.00014148520156335556,0.14771716111546473,0.13190406946074965,-0.34316510283957435,0.16717638620653716,0.03531316852983674,3.401828133820472e-06,-7.983947236184729e-05,-1.4642436218703284e-05,0.020446456109044917,-0.03595475978218555,-9.7353647155076e-07,0.0010129670898545873,-0.0003158563588813679,0.00017741670898482222,-0.008240876574949723,0.0045624166755622595,-0.00044071294710985826,0.13868871012448683,0.005283206719679751,0.018672747938764812,-0.14393908457346974,0.03378815808720097,-0.19988639955184603,0.012273606070251032,0.15834426676235136,-0.06789019676530411,-0.008243004650630662,0.031473137405630326,-0.020029384283722695,-0.04745623517831043,-0.02945925334287218,0.13030040401053275,0.053834939759795725,0.11573543134126267,-3.8049416980304715e-14,-0.013247418792637577,0.07786772991682174,-0.0220212543354692,-0.07295386908689554,0.07010490171794782,-0.057421439364059794,-0.18578816321348718
67,6.047421745176049e-34,2.5664923675688496e-31,2.2072715035576455e-30,-5.1478029249992545e-15,1.443866395051013e-14,8.516457739223355e-15,0.03776547806640536,-0.0021597192558933235,1.9634220394674635e-14,-0.10610976653820724,0.006936565069568493,3.514914427832721e-17,-1.0179206165188584e-16,5.947356987356762e-15,-6.898716683757834e-17,0.003380917766673972,-0.06502142529928162,-1.8371864641846727e-14,6.08377108279686e-12,7.908309889535805e-11,2.9675945992093245e-06,-1.602324527551539e-10,1.889689306797869e-10,-8.14726020849676e-06,1.1925789872901314e-09,5.894618135778259e-06,3.6022426311972644e-08,-1.1791386992955447e-13,-0.2047101327229373,-1.970142008026114e-13,0.05513894606535921,0.034166996038018344,-0.5713494150296605,0.17851058062987693,0.4114580369287661,-0.10663496219553496,1.1508704918216867e-12,6.997110719828438e-09,0.06422056796518341,-9.007960468605375e-12,-1.720999857490332e-11,0.19118190030584015,8.253449472529888e-06,-0.1132206743901424,0.006530147972905765,0.019421987959497598,-8.412931078522111e-06,-0.016990876528451368,1.4718261595687373e-06,6.848495382115421e-05,-0.00020654474559454007,-0.0006624911201714976,-5.962095743036436e-05,0.04725333585802888,-0.06952662700851711,-0.037929724501884386,-0.01666598125081056,-0.1794658959504321,-1.2438603732568945e-05,0.0003324007629719957,0.00016025541124566148,-0.12826282599732688,0.03365201961387978,3.551394845815783e-06,0.00013335128872073377,-0.0015166762340761905,-0.0007191117769758591,-0.010691271077027518,0.002692059467960184,0.0011266541583430274,0.10890934800192478,0.018635022257717387,-0.004709500638183727,-0.06775659499746119,0.3096458664770496,0.13922333497481024,0.15778583425889056,-0.05763736606220619,0.108177286491473,0.09616975022702902,0.011214888999570077,0.042057503697292595,0.022146719466101663,-0.006238335162858324,-0.040533386889642975,0.04167342224294473,0.09902637812615796,-5.3130091229506996e-15,-0.12213692712893628,0.0639494897302499,-0.018894298137220898,0.008087051341605443,0.15484319133611757,0.20867638959055484,0.03484024507726454
68,-4.4043822628697316e-33,-1.8836065475701248e-30,-1.623673572338236e-29,3.756728487795682e-14,2.931367806419082e-14,-2.7201701783561688e-14,-0.4129325527955044,0.024029197037283283,-1.660822520709493e-13,-0.33180490085858144,0.0221318119249298,1.0000378029144683e-16,3.369024730978625e-16,1.9892126379156906e-13,-2.4840820507887244e-16,-0.016140514972871847,0.3029675302031017,-1.1970277603630489e-12,-8.35685084424956e-10,1.6801198672724063e-09,-0.0001645405368265045,-1.6145216665208381e-09,4.615782241367101e-09,-0.00012592538187840808,1.1476831046557384e-08,-0.00011493139582441623,9.03845579072008e-08,7.402394219442114e-14,-0.34891181915021513,-1.2194569596817247e-13,0.05205512450628977,0.04031551724269256,0.3161744113865106,-0.07482031367570577,0.27595279758300506,-0.044053640698095614,-3.8442355008104014e-13,-6.628880288466399e-09,-0.05262837027289789,3.0341712918929964e-12,9.37640942155811e-12,0.03728783720210294,-3.2129752876807085e-06,0.03216061944792747,-0.002861633256329215,-0.008441293473332391,-2.503794962502156e-07,-0.004930379241042977,3.3462481322392615e-08,-2.7362727856325748e-05,0.00014943478722780784,-0.00035111419266634867,2.9470980506109628e-05,-0.04432813841239827,-0.049748680611466624,0.06367446646187933,0.14126681659102752,-0.03612667684451271,6.550836431928608e-06,-2.4562456078244876e-05,-0.0006256984896129812,-0.006774119908355996,-0.10727414276429935,4.2477712206571035e-05,-0.0010794991636387072,-0.001828861808833952,-0.0038386290322568037,0.022706034072149203,-0.006488787857153407,0.003389435888082949,-0.2786566375456697,-0.026954027907661722,0.0034688268799071766,0.12703658903589027,0.14551542107750426,-0.17523373908883993,0.09321797695839798,-0.006236538125367427,-0.12831727564656067,0.047503763970283434,-0.05170535015517003,-0.024530731754071868,-0.008877754851902854,0.0003444428630757132,0.027448166485304844,-0.16353185733660008,-0.15131694021731715,-1.3103735571181005e-14,-0.05653748293745908,0.1083205499838117,-0.020515118987764175,-0.04698253705621074,0.11362536494785416,0.04650133846854213,-0.0954590578972813
69,4.2626018772249665e-33,1.8191117093468207e-30,1.5671524005884277e-29,-3.6348106361704335e-14,1.0234439647169846e-14,-3.922171362910659e-14,0.4202127860320361,-0.0245755932115318,-1.0134095171598044e-13,-0.11978400203490659,0.008072577854699165,6.733152163460207e-17,3.72829898697667e-16,-2.0896556395881286e-13,-1.0738819127521933e-16,-0.023812896035593688,0.44594717324632016,1.4093625501616432e-12,1.0723863140214003e-09,-4.109935097786049e-10,0.0001584531018147175,1.5840611423503139e-09,-1.4282740865982064e-09,-4.6064348015202944e-05,-7.462362698652394e-09,-0.00018053887257895944,-9.047749665182347e-08,2.7332270035467082e-14,0.4021401561728094,-1.5277860020415526e-13,-0.07193319768830889,-0.04029260407639428,0.11476102755879151,-0.0386534773804892,0.38106905320997964,-0.06318711869150394,9.118565362079489e-13,1.0206085730629444e-08,0.04036653562702163,-6.844273686474256e-12,-2.277124208925921e-11,0.012421679683278381,5.445517382820033e-06,0.0515446519141465,0.006539474957569294,0.01929973913717101,3.428334465737908e-07,0.007427177808811056,2.9169667020666345e-08,6.0622008383048606e-05,-0.00031916571963118683,0.005904702444116064,-8.891659549430159e-05,0.09188339825078067,0.08116881721046754,-0.21018268134108548,0.09206704522010262,0.004892476929728072,3.7002321668275556e-06,-0.00011604539691073325,0.00037051112548888563,0.03378465497458933,-0.03657986325672527,-1.6285137390329235e-06,0.001019877180512863,-0.0003018931070597209,0.00021196657959088262,-0.008431085851985399,0.004585315981263946,-0.00045899310263110846,0.14007427320184632,0.005462024498262755,0.018393868327277622,-0.14306265826938327,0.03354345587260257,-0.19568786720586814,0.012085550911624167,0.15679237101039692,-0.06676770592779822,-0.008208571955005926,0.03141559972108535,-0.01983739887776399,-0.04728733448618859,-0.029164953338570603,0.1303273907544867,0.053873442299682585,0.11569492650243363,-3.81650510474842e-14,-0.01315816684949805,0.07691592375655981,-0.02193326081097216,-0.0724949121969667,0.07001843441544356,-0.057457037180251,-0.18562342486204664
70,1.878505078467433e-33,7.979434915119247e-31,6.862543031463863e-30,-1.600482516311145e-14,4.489002679924864e-14,2.6477955544785782e-14,0.17788635888594914,-0.010383707167796314,1.0145112360645138e-13,-0.49847811764536626,0.0331711805164603,1.764718697945819e-16,-4.058337656937494e-16,-2.67509096560705e-15,-4.372188921844812e-16,0.016123304063543786,-0.3036789900345948,5.060460060835142e-13,3.633697623259386e-10,1.183683060621648e-09,7.097113220895087e-05,6.020202310412361e-10,-1.4934368332521163e-09,-0.0001953400470841503,1.9329287274368742e-10,0.0001135865323850901,-3.5500368065001505e-08,7.10107680720483e-14,0.15525544725500193,1.1987211668796685e-13,-0.030405219986608348,-0.006741962272218155,0.4302736924490141,-0.07677861581693098,-0.3028705482044447,0.04537508059068968,6.466668022622681e-13,9.760740860016631e-09,0.02388184503796772,-4.968443306851528e-12,-1.1713060094456933e-11,0.05891831713035191,4.395298361478556e-06,-0.031833578443345154,0.004449644633107895,0.013231022414267421,-3.553649229007498e-06,-0.009789458831438327,9.941662590905015e-07,5.195204969330064e-05,-0.00016892036831307942,0.00011867915359425108,-5.020288568560734e-05,0.040161929544828376,-0.04649671396190956,-0.044504406812051714,-0.005419053686432215,-0.14786587704067577,-1.0991043554119696e-05,0.0002927417657093828,9.649415571471078e-05,-0.11248709786648489,0.030135744645381213,3.2961472030468527e-06,0.00012362121768255173,-0.0014244923300392506,-0.0006778494693352597,-0.010063233651775305,0.0025374470829152224,0.0010702901667742478,0.10294088712609313,0.01789213907744098,-0.004524561154834346,-0.06580987050335324,0.2955036690223277,0.13388135842121565,0.15359812645059176,-0.05631911596766282,0.10613855027112276,0.09480884802749012,0.01107638842683171,0.041569106291686454,0.022006445471490204,-0.00610104816163156,-0.04060049950154176,0.041646611349903315,0.09879138370160825,-5.075291247272621e-15,-0.11658102360516207,0.06273399692607129,-0.018779240488477858,0.007989840683942056,0.15488795106484665,0.208394700145397,0.03485540613064598
71,3.719064785517091e-30,1.480390872983939e-27,1.2758558433806042e-26,-2.95204639936077e-11,-2.3018335281514772e-11,2.129506910189359e-11,0.0026608920547840837,0.05256124253211257,-4.747366043985344e-12,0.002398747901629051,0.04088833171616977,2.5381958806504234e-17,-3.5539117323768294e-17,-2.9306717263049094e-11,-1.442610175893296e-16,-0.037655638095367656,-0.0017054745097972528,6.549452469471574e-11,6.975006473545567e-08,-9.935314867927451e-08,0.0479187566256251,3.089549819179973e-08,-1.4341562567421634e-07,0.03735842347477002,-1.236162115708975e-07,0.03448817395757336,-3.621843498406839e-07,4.3094572376148535e-13,0.08347132649845758,-2.0671691682335474e-12,0.31716456742052773,0.319369182179034,-0.07649727551976147,-0.3601574509815643,-0.06593303016465592,-0.33625544396225715,-5.234866811861386e-13,-1.2824421662674515e-07,-0.35493024274518054,-2.8468324953227813e-12,-2.1505811005943888e-11,0.2724934321048477,7.440866366217252e-07,0.2523695301020109,0.007145875054852333,0.02105547116154509,1.9518526319013111e-07,0.013779170899895237,-5.1890014454697035e-08,5.5652448062915216e-05,-0.00029182959649904147,-0.005774000977455292,-3.575366611704463e-05,0.0869433382521463,0.0937940165813357,-0.07512496316670059,-0.3034919870387396,0.07584958192774842,-8.128174263495367e-06,0.00016581851876911496,-3.902579413597528e-05,-0.03990608854719557,0.08501340867615274,4.517218246549967e-06,-0.007406051439537999,-0.001109252469087482,0.0004838306507383388,-0.01650973162702624,0.007993230637178895,-0.0037916245762045185,0.16646607668908273,-0.0015475920783134798,-0.007560335883121691,0.08051070147905112,-0.08466268660412507,0.0832291280290289,0.03779105714191768,-0.02466891713930029,-0.07291526854387767,0.03361730353218036,-0.04080436333721054,-0.017604822119457804,-0.005842742382201014,0.005333358031646897,0.025809972194007803,-0.1599346567271968,-0.14492150749530405,-1.23066626820486e-14,0.03421480927673053,0.05387184513499459,-0.01667618011686779,-0.032320097767116855,0.10918565225733601,0.043150976320157824,-0.08771589346640876
72,-3.594790475016421e-30,-1.4274712751235766e-27,-1.2298657017386611e-26,2.8524342584545877e-11,-8.053719471163864e-12,3.08460891623035e-11,-0.0025756097078343688,-0.0508432089056159,2.9401899045290842e-12,0.0008615682923834128,0.014460332937937465,-2.1781921354340317e-17,-4.759798444131312e-17,3.057780743235902e-11,-7.637968986604102e-18,-0.05539508225536061,-0.0025572358974139146,-5.0491013588057485e-11,-5.1207252168385826e-08,-8.751377167091613e-09,-0.046421100832381094,-2.831786230898232e-08,-2.7604718032385548e-08,0.01318906096359118,3.7169205466453185e-08,0.05051270508488547,2.047325505146666e-07,-2.305464014169802e-13,-0.08089893616038751,-3.1375252747767795e-12,-0.26600735600568204,-0.36255335631924385,-0.019978887733238984,-0.10447967291259419,-0.07844139211403818,-0.48554850145895156,-1.3542304940335563e-11,-3.5735969070721847e-07,0.33485913155072733,7.259388933414264e-11,1.869654291318252e-10,0.09309971695383495,-6.530436356992888e-05,0.3680536077167771,-0.03261881069312424,-0.09566631654193404,-9.4589756104487e-06,-0.041969543112745894,6.237433376789307e-07,-0.00013735382223829245,0.0007026375243845576,-0.026201398165708493,0.00013311533634658158,-0.19790183419804877,-0.13109596833162507,0.07872915076344632,-0.04896601210962736,0.11545559221276673,-1.3568874297058934e-05,0.0005198346768027111,-0.0024992696442170696,-0.17313301794257105,0.10050443037365463,-1.5387443906594175e-05,0.007529437691712417,-0.0004956280422319593,-0.002756002839554399,0.018838940032653316,-0.006012042572213663,-0.0003258149834280976,-0.1379166627303147,0.007214036339493603,-0.012682327776569548,-0.0003778507255663797,-0.033005493566254665,0.213175820196047,-0.00020206060441591028,0.039514835094510994,-0.012751313349547882,-0.004479459915238683,0.02161691648881325,-0.01045796924625221,-0.036384985542602374,-0.0032963054748366806,0.1266036957098776,0.05347849493804121,0.10771243019757398,-3.521890227962445e-14,0.015828458222576006,0.01912744406472095,-0.01694805110784932,-0.045666388995850266,0.06666393045194936,-0.05382236578620814,-0.17112233783273761
73,-1.5855645533345105e-30,-6.264413519890138e-28,-5.390537131523078e-27,1.2572475800572919e-11,-3.528047030837288e-11,-2.0791681141753048e-11,-0.0011367842829795593,-0.022433472817660637,1.761129265565594e-12,0.003712687169096707,0.0630403995813704,-4.054081968370759e-17,6.718499639982787e-17,1.9051991001040888e-11,1.0734147570492894e-16,0.03710341034772765,0.0016648382861761727,-4.20006888934245e-11,-2.1709949665311853e-08,-8.460708828891508e-08,-0.020467336192273717,-9.9261055176588e-09,5.229826635866384e-08,0.057592216951080466,-3.3023580998224725e-08,-0.03390687126524716,1.1655559768715976e-07,2.0581934656676928e-13,-0.03505455101978735,4.570969014707929e-13,-0.10328519162831284,-0.18317293718695463,-0.10722140464644402,-0.5467791946530282,0.028835729877261976,0.31816781506278885,-3.889696239940451e-12,-5.338749526093771e-08,0.15425333070337988,3.640480731776665e-11,7.40995583204966e-11,0.4227556750099945,-2.3180378424857536e-05,-0.24550485337473463,-0.02344570440585588,-0.06966617573346406,3.796934004427044e-05,0.06541977441068286,-4.71176234747824e-06,-0.00019105954136146904,0.0005185359770477965,0.00463343535357435,0.00013562158847757626,-0.11241193142372617,0.18454287229409408,0.0674996979316655,0.029444999509056016,0.21234816075705298,1.1785314669166403e-05,-0.00040806486615900935,0.0003414690191834841,0.15716722862783541,-0.039912814390597226,-2.2185346969955543e-06,0.0031751379945775164,-0.0016199857744561394,-0.0028073705368073837,0.006718323873885958,-0.002518786584761061,-0.006019923897673591,-0.06209274255530073,-0.0016000728490473915,0.005091606080843017,-0.041742976933969056,-0.17948621006374083,-0.06914415513631823,0.06011611710168281,-0.016327774836039546,0.05872721062929639,0.06385904850849573,0.009468812197114596,0.03013948669665659,0.017717602080898266,-0.005772886442782467,-0.04004673758013979,0.04151659985672189,0.09339362864918077,-4.589339174556836e-15,0.06535266706995108,0.039876485633846784,-0.016126882631967966,0.004144942838074066,0.1498672550442801,0.19501943351624348,0.03327078507526913
74,-4.8043669352129764e-33,-2.0530081493240927e-30,-1.7696945070951008e-29,4.0945810678573034e-14,3.1951404740323043e-14,-2.9646641280367556e-14,-0.00013460926106799253,-0.002801672626605836,6.089664411854651e-13,-0.00012191065027041002,-0.002179983479636871,-6.082301464494383e-19,1.682796669094257e-18,2.169347516534901e-11,1.1121771823176767e-15,0.0020031939315599675,8.439619622775533e-05,1.900561824819679e-11,4.0616020149651946e-07,-3.205240826110456e-07,-0.5030120941204373,1.7440184814501303e-09,-5.563367979688513e-07,-0.391631228229529,-3.7419767036894924e-09,-0.3611096187955735,-1.1064044053409534e-09,-2.1564993043841556e-14,-0.0014424849574217447,8.66442157081337e-14,-0.008401989545889398,-0.013218890047204713,0.0016591834732715687,0.012751806764465327,0.0014267669042342273,0.011447327916160833,-4.1684569684021487e-13,3.520012895075284e-09,0.04147515929782702,3.498897978020615e-12,1.2666909186863772e-11,-0.03210512508772598,-2.9366737221241254e-06,-0.029495219668058226,-0.00393475802818847,-0.011609777938504248,-3.4211805258227895e-07,-0.006777302807561884,3.795802059924918e-08,-3.778224702522476e-05,0.00020486328715845083,-9.39608468363587e-05,3.759535513716034e-05,-0.0607596267679794,-0.06736395422823761,0.06795920639078244,0.23936852792565394,-0.032284170071667284,8.852008407423301e-06,5.058966675050467e-05,-0.0015233400647458014,-0.03978270821307414,-0.16580114394729176,9.930387949836977e-05,-0.02244662118196708,-0.005293598871120549,-0.0020599577938173593,-0.03558506573661527,0.021468457501836596,-0.009812419209999396,0.3956030870654954,-0.0008399064000366662,-0.016151777073821275,0.12719744814019598,-0.19882179527646568,0.20221981111224552,0.0560018218063433,-0.030444733265014116,-0.09513885154422468,0.04087364574259404,-0.04751262343407667,-0.020878369609725427,-0.006962269734255847,0.007391130592158745,0.026075457718635505,-0.16152170278203376,-0.14909280267304928,-1.253586554404663e-14,0.08163972003688984,0.07287929868485653,-0.018497783512581537,-0.03860591008456054,0.11046158963241096,0.04480111633687019,-0.09076800764054696
75,4.64542858683043e-33,1.980737690488573e-30,1.7063938799482524e-29,-3.957761762087874e-14,1.114234638293898e-14,-4.2690406813260457e-14,0.00013032936150347545,0.00271147351478099,-4.860532823870138e-13,-4.40826085338919e-05,-0.000771682467400657,1.684209126774029e-18,3.1753658301482316e-18,-2.1475935737357366e-11,-9.99470318996557e-16,0.0029584376822849967,0.00013050952401086094,-1.8373728996773473e-11,-3.960036615498028e-07,-1.0600767927826456e-07,0.4874891122463552,-1.7923357764797016e-09,-8.003253680074231e-07,-0.13822902661243602,-1.5146505911994132e-09,-0.52936774016825,-6.3267477569361386e-09,1.3387859164256705e-14,0.0013853826860696927,1.6807576577486414e-13,0.008591614223001419,0.012800221834057855,0.0002333737772438033,0.0033760040329778025,0.001289915542171233,0.016335061847362883,1.820391807355635e-12,3.481967603563765e-08,-0.039775081874168325,-1.2183749162808423e-11,-3.575308256870941e-11,-0.010939717667139763,1.1182700040170858e-05,-0.043069932989654953,0.00920585402309679,0.027132160991998944,6.0863041573648e-07,0.010100002954182764,2.77769757814086e-08,6.894925764189573e-05,-0.0003474826985640792,0.007557661378827373,-7.963647872513724e-05,0.09834761245086363,0.06560179822965231,-0.07218834289135204,-0.03794851227815194,-0.16096445033525714,1.7610625274972257e-05,-0.0007142164551666774,0.0038222226103378294,0.2267819516075688,-0.15602006043876493,-2.6402191099986342e-05,0.025061722192328446,-0.0027556222718147475,-0.009217671132905943,0.04852107829292836,-0.010537282741883366,-0.0007115173383658806,-0.2587389217837441,0.014317434712936684,-0.025246129360968494,0.015358670654666791,-0.06385263233222967,0.42630759190873474,5.9384775784639246e-05,0.05241374615180761,-0.023196840378497653,-0.005294264493615878,0.02364970742470518,-0.013233121055917335,-0.03960283388028583,-0.003855568400543998,0.1254893303840203,0.0526148734685244,0.10864728144560215,-3.5431100302084493e-14,0.034112988273013664,0.027747719720746435,-0.018461179678942712,-0.05328465681070087,0.06689476196060944,-0.054015072979830034,-0.1735983375174817
76,2.049097189301047e-33,8.696974168253507e-31,7.479690968573978e-30,-1.744415337721708e-14,4.892959748055192e-14,2.8858584708810625e-14,5.750029111243947e-05,0.0011959035598688576,-2.317300008934563e-13,-0.00018917190005073085,-0.003361753020598289,1.54792793829285e-18,-2.9304069737990946e-18,-1.0237899537719865e-11,-4.592411194268472e-16,-0.0019756147484924244,-8.274168419770283e-05,-2.889396330744221e-12,-1.752677052920547e-07,-4.904972295658004e-07,0.2148288450830205,-1.7749743190719902e-10,5.349053824540925e-07,-0.6037870177794077,-2.1456261433245724e-09,0.35526206820295847,4.81937405476415e-10,-2.043154436394414e-15,0.0006225397548657158,1.8130950747114995e-14,0.0034471423217365335,0.006166403493793871,0.002050766629605811,0.018319917183100175,4.451663464356435e-05,-0.010560639770793589,7.658171884794562e-13,1.1970786715603247e-08,-0.01784425829502987,-7.040921423948905e-12,-1.7327948688108424e-11,-0.04965896124431884,5.184346628496509e-06,0.02869587476288211,0.006535478068206703,0.019439100198771302,-5.84269358384268e-06,-0.015430866183400387,1.508031288543703e-06,7.584807749753988e-05,-0.0002403989670388117,-0.0001526076211282898,-7.09846370829918e-05,0.056357322425724,-0.07493166768785646,-0.0495059331852872,-0.022637819766750493,-0.24507131679003596,-1.704733242224465e-05,0.00042392010819635427,0.00044343929889140854,-0.16527357561181844,0.0402334571521327,9.662633296130863e-07,0.009040735730780772,-0.006342889061167214,-0.009116821791050736,0.01281793957277456,-0.006781500962377885,-0.016977091951924716,-0.14898897044909737,-0.004558756441031074,0.011174303595800227,-0.06836701809993029,-0.42157232207991013,-0.16369397706092956,0.09141406639217656,-0.024249725001010837,0.07744539331095666,0.07851732579721635,0.010855296872861932,0.035616376755184524,0.01961029937111777,-0.008352210100153416,-0.039583132151550314,0.04154478315719162,0.09614198459306522,-5.005475228694496e-15,0.15118370523222335,0.052945814448163535,-0.017547194495274514,0.00531634618295608,0.15061592683515931,0.2000543256990884,0.03343890105386355
77,4.236450794980776e-35,1.952602936304981e-32,1.683464826649011e-31,-3.894970966292146e-16,-3.0421135832491916e-16,2.8350439177602992e-16,4.050314031936303e-05,0.0008784383550558097,-3.377099170499758e-13,3.678925612008622e-05,0.0006833446542378284,1.2350282037105428e-19,-7.900021357974799e-19,-1.8291847643193203e-11,-9.686653917928724e-16,-0.0006263084891447089,-2.4710930180906183e-05,-2.258060147734816e-11,-3.824830777787985e-07,3.051481783364759e-07,0.4647825505584957,-4.84064861718696e-09,5.296755376077312e-07,0.3616529253291968,1.868140036562658e-08,0.3335897695599077,5.382486291526845e-08,-7.19245246089285e-14,-0.012525615181613148,3.3350247782478823e-13,-0.0490511810727243,-0.05152075008014525,0.011639034048140946,0.057168717549554014,0.010056756201562175,0.053105232117824544,-3.4174293540138285e-13,1.829743989107117e-08,0.07936559487207234,3.769769543895925e-12,1.4992677445604922e-11,-0.06119887614724591,-3.001381264592561e-06,-0.056435325918010495,-0.004781184013393641,-0.014106046993625096,-3.476638100267022e-07,-0.008387891278884856,4.409252152849834e-08,-4.508144336022478e-05,0.00024362027515171188,0.00044999712973943295,4.317937075792888e-05,-0.07230019052688409,-0.0800273141481942,0.0791087987840853,0.28210745280125954,-0.04099475440377205,1.0167824865924415e-05,4.077950189019633e-05,-0.0016316021288503308,-0.039456309675264735,-0.18502845861129968,0.00010640304129134265,-0.02355093755762,-0.005607082746054386,-0.0022554814290166245,-0.036971402789897086,0.02245965840515358,-0.010261048640888445,0.4123882340935511,-0.0007838356117420164,-0.01678516670426987,0.13057803099172463,-0.2073463030232812,0.21102763666167484,0.05734401867133017,-0.030850769083717217,-0.09671848751147627,0.04140765925870888,-0.04797711136383039,-0.02110368019461916,-0.007044733310520223,0.007536642582247525,0.026100685223140404,-0.16155270722173862,-0.1492918926871707,-1.2416419249774757e-14,0.08517793734459568,0.07426640545837013,-0.01863174819177843,-0.03906064515469828,0.11056213288476084,0.04494211588949431,-0.09098236654036199
78,-4.097334191662149e-35,-1.8847378642843964e-32,-1.6235530338607445e-31,3.765723801259458e-16,-1.0566545692778431e-16,4.0476106663930103e-16,-3.921066688740156e-05,-0.0008501596656499247,2.8987484509316807e-13,1.3383432022019627e-05,0.0002418857158584083,-7.246527015997683e-19,-9.66398838217466e-19,1.8010322630475763e-11,1.0175074701522023e-15,-0.0009293295083374513,-3.9769642331141216e-05,2.1225547753716026e-11,3.718961389029584e-07,9.848047282927605e-08,-0.450224722716328,4.640226893283022e-09,7.44073557637803e-07,0.12744435346251215,-4.677262815941809e-09,0.48884390657428706,-2.932670899923861e-08,4.026326426445747e-14,0.012143620102541804,5.37038331658938e-13,0.041502543353265454,0.05772443104570886,0.002933880554829467,0.016343614732088563,0.011751905769134555,0.0765553382722068,3.271280714691802e-12,7.40831941111697e-08,-0.07546268017998488,-1.9898669456823545e-11,-5.563425579345397e-11,-0.020905144631907898,1.8125154146578704e-05,-0.08237312765065376,0.012757856602466545,0.03755511824164244,1.619288326908601e-06,0.014601720599033917,-2.8752926268043876e-08,8.559321965345338e-05,-0.00043244734784531074,0.010421078068277556,-9.665625234968617e-05,0.12231605608508576,0.08151433870376425,-0.08399989421159465,-0.03642917644580746,-0.1824442098696937,2.0022341612298568e-05,-0.0008097224735380113,0.004310992354082437,0.2577616238948194,-0.17581115435017577,-2.7178621882756838e-05,0.02636998754293868,-0.0029276260476663687,-0.009703211553293414,0.050729161548277314,-0.010869113893793202,-0.0007462304005892962,-0.26765189379582716,0.014842613548672811,-0.026176230084729964,0.0165277607504166,-0.06628239903879335,0.4420865960972736,0.00011179571627930424,0.053349873290818715,-0.023958075160342707,-0.005326749194514796,0.023794094582269443,-0.013429456993702241,-0.039832819230990274,-0.003897500340670563,0.12539913732272884,0.05254059273115456,0.10871951660859402,-3.5521895971855604e-14,0.03552382880211981,0.028406326129130043,-0.01857868059311907,-0.05384520505833645,0.06696620282393963,-0.0539679887255975,-0.17377928709577115
79,-1.807526874446876e-35,-8.28012594849525e-33,-7.117368407655581e-32,1.6598267783410756e-16,-4.653356207831003e-16,-2.7484487260825125e-16,-1.7295649089263715e-05,-0.0003748926997498446,1.3070870850272446e-13,5.7228608607647516e-05,0.0010539565662215722,-8.85546857522114e-19,7.452370911426134e-19,8.378803007780758e-12,3.8815498714467e-16,0.0006186192626472249,2.4422460850098396e-05,5.603159050777266e-12,1.6448192533126315e-07,4.6170613458041067e-07,-0.19840118611354035,1.2634676278726939e-09,-5.018158719329432e-07,0.5575063253602726,4.989999604062399e-09,-0.3283181188446301,-1.7762746331361585e-08,-2.9566311158858e-14,0.005262896592153216,-4.597101683676952e-14,0.0162659604087401,0.028912548988704583,0.016159896161243328,0.08617327371655695,-0.004073049718930024,-0.05006304278900632,1.1657949449101881e-12,1.7009943279061082e-08,-0.03435581241580359,-1.0859717989563665e-11,-2.5149652756650335e-11,-0.09480221573526788,7.612693589156782e-06,0.054887384429734704,0.009073139178145045,0.0269808614103894,-9.855535997953037e-06,-0.022397968230463066,2.0279136602053344e-06,9.776101202351046e-05,-0.00030195807877520355,-0.0006000324092410136,-8.761733055465347e-05,0.069965598167506,-0.09613078378223038,-0.058760218536997935,-0.02675956051494306,-0.2806465231136063,-1.9266561631715393e-05,0.0004884878764510297,0.00044882480889554566,-0.19031422095366274,0.046383046988662496,1.2242673646049559e-06,0.009477357993343797,-0.006696902041955792,-0.00958905309758145,0.013270504278504456,-0.0070961521424820016,-0.017793395084708574,-0.15540852504884117,-0.004775100860155215,0.011614723467375953,-0.07029302572063117,-0.4395634874394483,-0.170550233261299,0.09372006012529256,-0.024823883358483557,0.07878388180600884,0.07958817888785055,0.010950656761515744,0.03600493176100518,0.019735274758971768,-0.0085402915783001,-0.03950982122889394,0.04151939694807849,0.09632271283701148,-5.119299391531694e-15,0.1575657222324334,0.053920272546803934,-0.01765660401143302,0.005381028363501559,0.15068808391135102,0.2003906630089136,0.033387795333570544
80,-8.70469986189723e-20,-2.4389922368950016e-17,-2.099599144972146e-16,0.4858664230957543,0.37802499311103616,-0.3480859298939011,8.644765228041481e-06,0.00016419615370862804,9.132915727996991e-09,8.147530549478184e-06,0.0001342127486195979,2.7898593237543755e-16,3.3644031487403315e-16,3.07409091178436e-08,2.2044477016635966e-15,-0.00013195171395817093,-6.24874066297711e-06,-5.095373887227358e-08,-0.00011484664199186321,0.00011474954238788945,-1.687231727206433e-05,-5.583462887914312e-06,0.00012760912022873313,-1.5222214596267455e-05,1.0447598900250875e-05,-1.7238106930196255e-05,1.0161394525315186e-05,-2.7520888468486365e-12,-0.0029173798650697293,2.8230106359019093e-11,-0.04128498696086204,0.03728265727730966,-0.0026758522887360024,-0.005914847789227149,-0.0010154553093967129,-0.003482726946263611,8.132564207787601e-11,7.5581274685784166e-06,-2.3829572873011095e-05,-2.3727650832796983e-10,-5.405749081680207e-10,-3.183288396466031e-05,0.0005139286179602565,-4.241675307703462e-05,0.032338444009304364,0.09270254103257114,-5.936535303745307e-05,0.14387027061811816,3.6137703345689327e-06,3.900552799362966e-05,0.00014528478633858604,-0.4005596871819795,0.0003478356757610238,-0.016461997282583976,-0.004904432968795942,0.007370311043468939,-0.007722723861496483,0.03136697297709741,1.6265230327514186e-05,8.782748320600465e-05,-0.004393492213859648,-0.10129462276219837,-0.19762020457344764,-6.586463511962393e-05,0.023084904947290732,0.007469195767342597,0.006636735762133568,0.008366248995175558,-0.014046359904153385,0.006553239355941364,-0.04173097845479171,0.038911958023711196,0.013007177307814794,-0.27338187514167833,0.017336904024537695,0.009418296339986585,-0.17700859247702827,-0.008961186294683482,0.19058068175322862,-0.05198524136159606,0.03446063677371624,0.02066560993598442,0.007931864964989106,-0.00020400848030049584,0.032803195653656074,-0.18127315040358116,-0.1250652246746575,-1.2298180142220662e-14,-0.012130430774408577,-0.1813937646130907,0.00513134118911726,0.04505958240976338,0.11619724580656057,0.022812118402139987,-0.06985974067515849
81,8.423282995302476e-20,2.351643468604009e-17,2.0272308952037497e-16,-0.47008820167534027,0.13377929393184496,-0.5111683525308898,-7.80588359806265e-06,-0.00014774812684508493,-8.556367520522004e-09,2.411668975791505e-06,3.8959789718415706e-05,6.853176301004329e-17,4.877613868764912e-17,-4.5060545955446586e-08,1.912080219078783e-15,-0.00015597933557899536,-7.505807862607655e-06,3.624006399816679e-08,0.00011310074597410136,4.050683504079124e-05,1.3716851570677442e-05,9.891470538320934e-06,0.000184982878829323,-3.0149353738725964e-06,2.8710096393090324e-06,-1.3283474582562769e-05,8.083179040408688e-06,-3.643894633462345e-12,0.0010853004616180808,-2.5069711222012693e-11,0.010022742325546315,-0.00497186619653221,0.0008584750012278801,0.0029697864626752877,0.0010112047101984447,0.006123612487940586,-1.696008966003317e-10,-4.2745288165317375e-06,0.00010086102362973042,7.118213701954782e-10,1.5998491055551075e-09,0.00011531716991292701,-0.000510344688370502,0.00022067172443129273,-0.10452910728621889,-0.300866520964512,-0.0002249147308310053,-0.22212464861279113,7.98653764129821e-06,0.00019198850367531658,-0.0005374857748115593,-0.15074410502687957,-0.0001030691817624782,0.13994875861116193,0.022219765361404114,-0.011243276918660117,-0.01662584398850938,-0.031712738088583714,1.1299456827321434e-05,-0.0001327320951050645,-0.0011763730376868763,0.056959206654293895,-0.05698256039907289,0.0001015525716174646,-0.04908738160588953,0.0046490484556964634,0.014202377611765031,-0.0586167084256584,0.0059213800986363,0.0017900783106953677,0.04705546893031131,-0.030205712700151162,-0.006902476885535922,0.2303894370598559,0.010107274215145587,-0.12574784599812378,-0.022846211561065373,-0.30027399220245754,0.16367138160650865,0.010420314177893004,-0.019271857307886296,0.030274595627307912,0.01231107455044661,0.055461871401856336,0.15718358366354232,0.06154715668849833,0.08879901836704465,-2.947057775017922e-14,-0.019448176760847678,-0.15822658798105765,0.005573132743672843,0.07271847640499096,0.07146583173614086,-0.056329575061680355,-0.14964482059333215
82,3.7161052067813426e-20,1.0292825852485793e-17,8.886856385017643e-17,-0.2073338446699236,0.5825466015532643,0.34326679990428816,-3.4056539809138696e-06,-6.441048403822606e-05,-3.4488053373700948e-09,1.1064314371998788e-05,0.00018103792265152581,-1.2865320476355642e-16,2.7654757471719097e-16,-3.294029774761453e-08,5.5343402050184206e-15,0.00010726833742329317,5.0715158827247556e-06,5.571720602007362e-08,4.9292490249365316e-05,0.0001741174287189336,5.842081816822828e-06,2.0167456914890158e-06,-0.00012691660625950996,-1.6446557549267593e-05,1.1692443591901207e-05,9.87178103789982e-06,-1.185594043646033e-05,-4.74350468865124e-12,0.0003159152942486201,-6.6886601156671404e-12,0.0015125901150812124,0.0009523931372879316,0.0009555646688504445,0.005135810177900919,-0.00018833514823172893,-0.002810458716041299,-4.151525749363061e-11,-6.766985579908106e-07,-2.170635088073833e-05,3.2818016526535314e-10,3.349847889753328e-10,0.00020341196325214335,-0.00019815476476319984,-5.040783076463907e-05,-0.0765597593510565,-0.2274275048060356,0.00048521719372723746,0.34544652035749035,-9.608346529987267e-06,-9.144163776921912e-05,-0.00022118639834401942,0.06146118395076076,-0.00010145997851067795,0.09301563240558698,-0.05588359269075275,-0.002955038819174801,0.00024317006656832723,-0.07268332271659442,9.92670355535196e-06,0.0001476343740374342,-0.002153317051999791,-0.05374674099245175,0.017302207459955622,-1.0656665250254388e-05,-0.01620285152264271,0.014542114869291968,0.017639151857094366,0.0014542600473527556,0.005398203121096321,0.0266615025262633,0.01774794403468891,-0.026679153273187484,-0.0071161396598226,0.17270787096227144,0.05340364251718736,-0.005480087844281447,-0.3432868093662773,0.12018001285567828,-0.17582213139082842,-0.11608060169119153,-0.0035860617629837857,-0.035987345299825765,-0.004751732803983735,0.01313000186452119,-0.058668569374754835,0.058194943915490745,0.08314721680283645,-1.59788803526649e-15,0.0044242417927294626,-0.10832466489821907,0.00017447021783181265,-0.011513943883708126,0.17163414524017806,0.1685633307090341,0.04279210438454275
83,-1.3522072213285372e-24,-4.450553936821251e-22,-3.833083755799834e-21,8.866283695705214e-06,8.45866585768661e-06,-9.274334335432011e-06,-3.594767142342867e-09,-7.068227148496497e-08,-6.878096896034743e-12,-4.208045129359314e-09,-7.147133917154503e-08,-3.2051870602210385e-19,-4.186371428612897e-19,-2.8632029633610233e-11,-2.889691821314726e-18,8.383382571911965e-08,3.821749799225488e-09,5.683767480242613e-11,1.1416803867989826e-07,-1.4224556262346777e-07,1.540524075468125e-08,8.360921988044098e-09,-1.8685207354378037e-07,1.729073318426863e-08,-2.0486309994373837e-08,2.337387674346669e-08,-2.2189580583521666e-08,9.019780131805628e-15,6.629574728441114e-06,-1.222702857381988e-13,0.00010318857317971151,-9.94488314253817e-05,7.728235313206743e-06,1.9014996788234267e-05,3.4606600642658787e-06,1.3852761515014691e-05,-5.2393063823241e-13,-4.0560646698711994e-08,1.1026209187090212e-07,2.792783210103886e-12,1.7280313406106107e-12,1.8124214470512253e-07,-0.0888718119839495,-1.2264512169633607e-06,-0.00018929971814402892,-0.000538644386274265,0.012172586734756989,-0.00161386842783667,-4.101127836091466e-08,-5.914689386033144e-07,-1.0990970873159375e-06,0.004559075717466898,-5.328623374729705e-06,-7.325799907995239e-05,0.0001857993813559335,-0.00011199287952558174,0.0002760328130684878,0.0015934696829794357,4.827366549828739e-07,2.4776523754663015e-06,0.39834661400802923,-0.002778522235933528,0.0040225430230463,8.184268975957237e-06,-0.009062599399431557,-0.000133346069262019,0.004076051914428265,-0.13221607814371453,0.7718532679521913,0.0022627388917568396,-0.04890662122161828,0.008259753123498217,0.0019033005753377988,-0.035072771567392344,0.09496123939245445,0.004301986367532021,0.010918736587431623,0.004894397902706555,0.007312618162677446,0.007477007939609537,0.0012106979946403791,0.0003314330941878971,-0.014394539584058145,-0.0026840316209590016,0.008378728956990324,-0.011923658198539815,-0.0023668364671544954,-3.588819193900937e-15,0.2534902158251928,0.00726353768173775,0.3758006580011336,-0.007964088518963942,0.022468316000304148,0.010425666521816363,-0.015851351941369198
84,1.3086646918102446e-24,4.2915125638115e-22,3.6988074299504415e-21,-8.578789598011114e-06,2.994592447028525e-06,-1.361898201691834e-05,3.2567555289991317e-09,6.38178411893157e-08,6.452998538834474e-12,-1.2522288080133152e-09,-2.086420965679793e-08,1.8225496322665184e-19,-8.693287788170699e-21,4.2459735741227354e-11,-2.267393475450324e-18,9.849746770267096e-08,4.5640883898000644e-09,-4.048993190352646e-11,-1.1278482126321931e-07,-5.128272983873451e-08,-1.2581696179372899e-08,-1.4975553101630306e-08,-2.703987944897876e-07,3.500877395340778e-09,-5.856434902347517e-09,1.7839167714465957e-08,-1.7616842194860516e-08,1.1897581329084603e-14,-2.477608993500705e-06,1.0910370329655391e-13,-2.5109286636136806e-05,1.3222542700023685e-05,-2.5295535201165562e-06,-9.92634536384104e-06,-3.4144354693777433e-06,-2.374525040868377e-05,1.0621414719690612e-12,2.3036055662164138e-08,-4.529074009525708e-07,-5.939036410714199e-12,-9.301696268727545e-12,-7.117406040097967e-07,0.07421331553266318,-3.588625307144093e-07,0.0009751583139941945,0.002820201311233273,0.03983078980229984,0.001906606126850819,-9.009119034352226e-08,-2.4626582483408553e-06,7.775562348297561e-06,0.0019178517867716926,1.3778573712906308e-06,-0.0021504111430691083,-0.00022739688317966586,0.0002140979206528523,0.00046027670933351616,0.003556884176610916,7.735492004701853e-07,1.0882466288882658e-05,0.4193167793666941,-0.008846225178036541,-0.004030892885218204,-8.688055381651148e-06,0.00757869628416147,0.0009508790121043507,-0.002581312286148719,0.10448927759628066,-0.574467259438558,0.005113050101409553,0.03586529788651111,-0.0012129096395740598,-0.0003725945657458113,0.013501721027306623,0.20226603017012962,-0.016792268533008727,0.028593488167351525,-0.02017703707282622,0.007891934727297259,0.012106952246627575,-0.002032838846905272,0.001207746746214159,-0.014161814850720253,0.0023264643825176195,0.014752159953996003,-0.0006466859575464612,0.00793759890179161,-4.311907636390788e-15,0.5366715828671925,0.00866831401339986,0.37730627586096904,-0.006067010977533215,0.020127782002150586,0.005967496969800695,-0.020253584091821087
85,5.775418639726222e-25,1.8790670128408023e-22,1.6196979785315318e-21,-3.7838525477873864e-06,1.303427775287876e-05,9.143755805938535e-06,1.4205658006942997e-09,2.781486511673461e-08,2.6024380831162987e-12,-5.705315599049003e-09,-9.624491481880563e-08,1.9333026267674274e-20,-3.953942727059144e-19,3.1155551753621485e-11,-6.7881571998097575e-18,-6.7480102436051e-08,-3.071302845086477e-09,-6.272503897457063e-11,-4.925549583947415e-08,-2.1520915928012102e-07,-5.357842465918174e-09,-3.08579312165892e-09,1.834547851521771e-07,1.8660904216217137e-08,-2.292824282083977e-08,-1.3118620852365067e-08,2.571336528085759e-08,1.5427133593409454e-14,-6.964521494714167e-07,2.9696872986740665e-14,-3.2186817567052385e-06,-3.277000224185059e-06,-2.725013919296212e-06,-1.6595112985267134e-05,6.129071121870104e-07,1.0663347201513846e-05,2.8248257335128495e-13,3.633779232626805e-09,8.788065875371982e-08,-2.7307264815834845e-12,-3.4600098084678566e-12,-1.1980172943863708e-06,0.025975298948773057,8.976085538153728e-07,0.0007449849048597438,0.002215841160163208,-0.07549763316444062,-0.0035238519975644214,1.0651382174799761e-07,8.81715475019868e-07,3.882955528001155e-06,-0.00017901219742804197,1.2222223263067373e-06,-0.001579641404938027,0.0009722306337988303,8.677975187665634e-05,0.00016197475010059582,0.004907909200466639,9.67822880860827e-07,2.2209304498898835e-06,0.4779849516020046,-0.006030593863891187,-0.007522653938074225,1.0137082616039389e-06,0.000945174625467087,-0.0007831248806812653,-0.0013219285051101852,0.021782360821749374,-0.1584913788005991,-0.006956541475783688,0.010448332995520821,-0.005929972851016089,-0.001336730613976077,0.014638666876695515,-0.27051510198645606,0.014315147831052562,-0.013791390907689499,0.02544315283485643,-0.027570644405555008,0.0019567369380877613,-0.0011438458104241463,-0.004145068279774235,-0.01572669275316613,-0.0028587614589510543,0.002361995827293354,9.195462150896684e-05,0.008537942370238262,-2.973608295933921e-15,-0.7161872205356858,0.015888061750291525,0.3862498877483531,-0.012933662143837515,0.025978975430145948,0.019731938351170514,-0.008767777691310622
86,-1.1755159802669321e-17,4.0589191554318195e-18,-1.8587486331637107e-17,1.7166999318075163e-11,-7.347241594895631e-12,3.9841626362166035e-11,6.428443925399207e-12,1.3671733001959618e-10,5.790142004469267e-07,-2.6737720132953885e-12,-4.7121299901969755e-11,5.78663869896997e-15,-1.1933682512865702e-15,2.4369206865535667e-06,-7.339062003751843e-14,2.832225444089522e-10,1.2218028544334889e-11,-1.2024357878524286e-06,-0.00555923392145637,-0.001948953590726472,-4.32214859868519e-09,-0.00033283054823934194,-0.00870471428913391,1.5771400887046926e-09,-9.15757745007516e-05,1.2798936456118833e-08,-0.00026453453006049243,5.1237759100117626e-11,-3.0645998996131916e-08,1.7123834200152724e-10,-5.617660961746925e-07,5.573137777532096e-07,-7.058094851954264e-08,-3.093146366274711e-07,-7.079386098513088e-08,-6.389689675583551e-07,6.895215663481592e-10,1.6715953129004855e-05,-1.737463064122432e-08,-2.0935753343941565e-09,-3.6117952249184987e-09,-6.396538801363234e-08,5.514680324618757e-07,-1.9169928744761425e-07,0.0033124759075265522,-0.00010021706251461529,1.3742047189433909e-07,0.0008667290128091498,5.461773024686287e-06,3.309583486200976e-05,2.9810860989432315e-05,0.00029617967886288814,-6.170920399496908e-05,-0.0027840581342984025,-0.0008371563862594724,-0.003084088055658757,-0.0014665029166481545,-0.0027990509199322003,2.614503041037231e-05,0.00015376333513528848,-4.5712965513922806e-05,0.005068654564710433,-0.0017036877445952361,0.00047258260932870857,-0.31796258455277643,0.04478952981910799,0.12238510737276319,-0.48541570519388355,-0.0982944422353586,-0.005834402881246503,-0.07303897971380256,-0.11104396742938731,-0.24475973006741772,-0.20365718861441584,-0.006084204808008397,0.05351924039213752,0.006159390153872263,0.024055882399477743,-0.2680130103722612,0.030239883593163975,-0.226463775834874,0.12098265361494955,0.23300030390873058,-0.17685143340119816,0.2163981970080154,0.0816437440125981,-0.05356986791100636,1.9827338282762918e-14,0.010855931448499532,0.03932419745732765,0.00991522390603786,0.47196798816001123,0.0600557487577054,-0.015683707017584616,0.0698484644719429
87,7.348688088624355e-18,5.765244965758367e-18,-5.072100342441324e-18,-0.0005768057329008679,-0.0005504418203162186,0.0006039023701830243,-2.604913357911492e-07,-5.112117197092186e-06,-3.9262048015044785e-07,-3.0460165504030933e-07,-5.164901348980938e-06,-7.570910066716188e-15,-9.311448378344635e-15,-1.0319038087972283e-06,-5.616614097154057e-14,6.0970316066210224e-06,2.7844157093041966e-07,1.4194331882004711e-06,0.0036252107463844506,-0.002925403879142438,1.1004106340572858e-06,0.00011062439530562812,-0.0027232211432293616,1.237039639784991e-06,-0.0001599000384454608,1.6985241261560999e-06,-0.0001356646093978608,2.5845665859323153e-11,0.000497881092573998,-1.778810713381326e-10,0.007831517965371688,-0.0076057856310397425,0.0006010060170803637,0.001517463456606612,0.000275580604199578,0.0011298719785300068,-3.239033655009418e-10,-3.757886813337175e-05,9.352699516457614e-06,7.526036414992638e-10,1.4656037923788125e-09,1.7243832242771877e-05,-0.00036046774736048616,3.146123212603809e-05,-0.040932162075471665,-0.11492555056480051,4.236100139591134e-05,-0.2224997494835485,-6.8843237035959804e-06,-1.6496682449859105e-05,-0.00040095848054042167,0.7151445077064569,-0.00029583891544771973,0.08583641017114013,0.06519706342275826,0.05786569539187093,-0.07365763234544684,0.09002328396228308,1.24849267837409e-05,0.0005075336079827158,-0.011045734644002736,-0.22087955389071695,-0.3450033715773876,0.00011777570953794335,-0.0002644570485336244,-0.000709699014238461,-0.0018686861924946726,0.01226288599156394,-0.015618132530538249,0.0023785208939605534,-0.046260177111739034,0.025579916694601038,0.010268819232126204,-0.24809264060432815,0.019022352900709295,0.007157547394654576,-0.15574293341022405,0.017995248994928333,0.19982903050205664,-0.06565880178625923,0.0530064649337854,0.026383731545107966,0.008932519753360967,-0.005143493383882001,0.030441346011733962,-0.1704849028432014,-0.10053715746920011,-1.0788551731821564e-14,-0.013291370411282364,-0.1785899655547707,0.0048066312300147655,0.05441544058969944,0.10691217595057909,0.01283910167180967,-0.05603423758818604
88,-7.109419347253121e-18,1.9685638311103236e-18,-7.928045955954862e-18,0.000558074311812213,-0.0001947958982022841,0.0008868378557342292,2.3522812828088124e-07,4.600332551680907e-06,3.677661532303809e-07,-9.013786821534695e-08,-1.4988408933190703e-06,4.2090934041796155e-15,-1.1946069313781144e-16,1.5210859588710506e-06,-4.3667913204646014e-14,7.204947978932115e-06,3.343617562660725e-07,-9.989863687751353e-07,-0.003572515872279072,-0.0010341842484266489,-8.953845522007665e-07,-0.0001990744070448929,-0.003954513278763766,2.448950226824372e-07,-4.497008245532076e-05,1.3090522810470115e-06,-0.00011231466271619568,3.195620789316435e-11,-0.00018625787429541864,1.504222998775739e-10,-0.0019212024333660905,0.0010360276606981185,-0.00019488760038113463,-0.0007684409749800685,-0.0002739553350283852,-0.001969641609789541,6.645874585724574e-10,1.9310873440101458e-05,-3.858808751125123e-05,-2.310015697477976e-09,-4.465732875279551e-09,-6.104929881301375e-05,0.0003576523658500801,-0.00015456080287872722,0.12603740755757056,0.35405374047283367,0.00016323344927211825,0.32776796514639517,-1.1329283352412185e-05,-0.0005369524021453686,0.001868801382077287,0.24712349443202528,0.00015623137367867603,-0.49421683586709614,-0.16211044299455346,-0.311421464740934,-0.13716644482545706,-0.08527183590488034,1.0232699922667862e-05,-0.00042367329167859215,-0.0032902465141790953,0.12212051890326273,-0.1113359326016455,2.455353461090494e-05,-0.016909426139150235,0.0015319587143918078,0.0058912336895983065,-0.03049764709098217,0.014305162163428036,0.0014308230596863356,0.05842533238962098,-0.025935122051659376,-0.004152986447250517,0.2200619564938574,0.011028630746524319,-0.13120914376396078,-0.021971829617434675,-0.2929418039744582,0.1443374753185682,0.010807456369698916,-0.03180914741589036,0.03194513474830419,0.02479069031034,0.05177185266135594,0.15092607759136673,0.05959592956733159,0.0699052025871504,-2.4238022851092522e-14,-0.022140119648112,-0.15146588819086668,0.005558510450032278,0.0898481398367557,0.0662346358569636,-0.05036870454519433,-0.1253614069544418
89,-3.132684331375994e-18,8.765398354612406e-18,5.0609947322031864e-18,0.0002461403886871162,-0.0008482455330335165,-0.0005955415495643567,1.0262625792338742e-07,2.0054594103010466e-06,1.4808171716843546e-07,-4.1362956118240434e-07,-6.966521239690675e-06,4.860406248819681e-16,-8.814246709119513e-15,1.115659886134522e-06,-1.3291705502768241e-13,-4.955633907562157e-06,-2.2594741403442964e-07,-1.5631980646203014e-06,-0.0015565828364049483,-0.0044422047454929685,-3.8133027585796415e-07,-3.9724978139509e-05,0.0027117998286774058,1.3371946117309625e-06,-0.0001803731295373333,-9.736616935374114e-07,0.0001609885522294089,4.1680396798771935e-11,-5.414588997304464e-05,3.820252028272436e-11,-0.00029076195278152523,-0.00019080692728759525,-0.000214489604523274,-0.0013141784631902334,5.0034258766026316e-05,0.0008954299119167406,1.4182729737647593e-10,2.5945164557072564e-06,8.144741080671064e-06,-9.98648264665058e-10,-6.480314617297797e-10,-0.00010661696587514318,0.0001392543865849544,3.413178511823402e-05,0.09024578997002446,0.2674548323787932,-0.00035667382730813444,-0.5054252473677434,2.211625074930288e-06,-0.0003343517292016967,0.0013719121315776976,-0.1057353712441587,0.0003195855960307048,-0.33075613369999485,0.4555741949219437,0.010639832384634094,0.012705640025703657,-0.22394942748989796,-1.778589204866931e-05,0.00032222390758001793,-0.0054025287791672144,-0.12600456638062965,0.03201377014975315,4.653843395563032e-06,-0.006597689249255204,0.005565412085156021,0.0075383194520047495,-0.0033300468104675417,0.0053529481899023046,0.014640709842122637,0.019413237344617362,-0.019676963772046627,-0.006118748548913002,0.1610568426557243,0.05805935584987506,-0.00419773946120882,-0.3134099509865191,0.10599075589830745,-0.18376387593870805,-0.13846561202426952,-0.008156816024223896,-0.04643658823505629,-0.009184734369615538,0.015171460676646622,-0.05820493923285313,0.05813521541396552,0.06894100832531427,-1.256464603710867e-17,0.004983949350137856,-0.12043089709811293,-2.437521821873482e-05,-0.009985009408412448,0.16232744432969953,0.140173963429129,0.041775320451897115
90,2.319755862251827e-25,8.102602109276383e-23,6.980110200293391e-22,-1.614510383026632e-06,-1.5419643953250143e-06,1.6931593400370124e-06,5.630788207755455e-05,0.0010735266316183375,6.820669789549497e-11,6.498890513676224e-05,0.001073253697751415,6.634909553335958e-18,5.974749896496966e-18,4.318843813619056e-10,4.6373657718316464e-17,-0.0012420254911476658,-5.868535482593771e-05,-1.0394944533275878e-09,-1.7653577734056732e-06,2.493679230101314e-06,-0.0001220436160918414,-3.270626243785431e-07,3.8785095653289834e-06,-0.00013368253947941637,1.1815453096272878e-06,-0.0001738496759708652,2.131606960231494e-06,1.0060428824001992e-12,-0.028764183847309523,-9.48507782862775e-12,-0.4350758003739577,0.4142190824334389,-0.03035991111136085,-0.07078559308161843,-0.011320372730591523,-0.03730844052601654,-3.5136477678852365e-11,-2.2868979223459854e-06,-0.00010663168788403797,1.3369306782445637e-10,3.301677035467117e-10,-0.000504495424336421,-0.00019742711487951838,-0.00023684206798627372,-0.03518343932216661,-0.10227291225417293,3.255287072470284e-06,-0.0929506797779375,-4.861738864408728e-07,-7.919743468071846e-05,0.00029033254392938154,0.1377663229831479,-0.00014873282001663364,-0.09658078392837571,-0.09796198066951343,-0.02538223102285459,0.226650291352686,-0.15337294211856256,-1.737983423076584e-05,-0.0007592787369530118,0.007966816425376834,0.3325929061452561,0.4947117376169675,-0.00027970500275612307,0.035291517741965754,0.01221301257279331,0.012280287250887808,0.00030169439902566253,-0.016953198390608777,0.006882767722261426,-0.004650406992457752,0.03387269788498133,0.008800210152906194,-0.17737668073218613,-0.0035139492659324004,0.022686838309121424,-0.11773730067394925,-0.022472799321403336,0.09683290520017535,-0.017418646313978024,0.0019284687278393823,0.004682205667318509,0.0019519294700815488,0.0032673574815720065,0.03044985969020806,-0.1750080847434105,-0.13870488749994658,-1.3138132712542854e-14,-0.005086910087808486,-0.10260971975668359,-0.0049045967015105855,0.012875695076217731,0.1152191442551246,0.03301853676362019,-0.08086120379449599
91,-3.93488431568549e-36,-1.810248130226872e-33,-1.559310691515954e-32,3.6173698287449193e-17,-1.2491822143745863e-17,5.703599264525156e-17,-0.010508139655883698,0.0006347574133844222,4.049509025152622e-15,0.003709696055507882,-0.0002572503276907417,-4.7658447325894845e-18,-1.9095723540622694e-17,1.0561244266378077e-14,1.0674985833828504e-17,0.0009093472837611821,-0.016431250706721107,-8.592124299071869e-14,-5.776316487012579e-11,2.7559723333050998e-11,-8.45287929731072e-06,-1.331392538482861e-10,1.1503614804321903e-10,3.051451329660478e-06,8.203599639750787e-10,1.4423444642817282e-05,1.1343503489779652e-08,-5.180045083542461e-15,-0.05438204239249893,4.079314866774481e-14,0.010750064026511085,0.006448275930484502,-0.020075932296228553,0.0076403042449578315,-0.07917227322378492,0.015380330674022396,-3.568788029691235e-13,-3.434011517146629e-09,-0.011484788868741876,3.089391744178619e-12,1.154277351072376e-11,-0.004645088432185644,-2.5667300059294757e-06,-0.024538258701083972,-0.004579744054737937,-0.013566332692088187,-1.7057785722993076e-07,-0.006185637854231032,-3.1604210866284944e-08,-7.257554261745378e-05,0.00041452291932825037,-0.005540719560080232,0.00015012626393532002,-0.12281647166313304,-0.1511397023924463,0.5822242750689038,-0.3755921718620156,-0.29842673714953505,1.726036278224817e-05,-0.0008131152180835425,0.005228093613019179,0.27163004788719486,-0.13263902295300128,-3.7023210437858656e-06,0.0018951805891146653,-0.0005148963886969633,0.00035756404811734897,-0.013818273509160506,0.007465316574487563,-0.000701512262870481,0.2212206401722068,0.007469456775652272,0.024230832326064218,-0.17983329002723392,0.048702758313482294,-0.26051125512550455,0.014808147035374206,0.1840364218341247,-0.07651597062136456,-0.009115338002799697,0.03436671444253445,-0.021583797552179554,-0.04961915169701892,-0.035264005590654096,0.13038989509219812,0.05401538117830155,0.1175768730082636,-3.882007007352306e-14,-0.01907058683827572,0.08925866116407494,-0.022947001984852736,-0.07826937977182463,0.06998789467048357,-0.05819393136246902,-0.18774515778077544
92,3.79046607583861e-28,1.3260794801804374e-25,1.1422806911399382e-24,-2.637806150970203e-09,-4.485667779588845e-09,4.005730388354884e-09,2.8867786762068982e-11,5.877357316635094e-10,9.19997272317999e-14,5.444394825201533e-11,9.500954912658887e-10,7.421179113226924e-21,1.0731217331044448e-20,4.584601372709315e-13,8.823406640004054e-20,-9.939971088689174e-10,-4.369203415388312e-11,-1.119824610396483e-12,-2.1300097928287987e-09,3.985253871889378e-09,-2.8618591250047657e-10,-2.798536469948357e-10,4.649194779472756e-09,-4.6164145589670503e-10,9.065060185701186e-10,-6.280341276762061e-10,9.597623825253885e-10,-5.249057219829174e-16,-3.7764437190409365e-07,2.4112599805587312e-14,-6.614480856235845e-06,6.881459649456956e-06,-6.288070375982836e-07,-1.9899103556512457e-06,-4.08901341018642e-07,-2.4265087529357118e-06,5.357514664182664e-13,1.3305835547526685e-08,-4.226386040269593e-08,-1.1747625737156649e-11,1.4734576994409373e-11,-3.269624751695124e-07,0.7727491626204909,1.3374282501034763e-05,-0.0004832115551267228,-0.001402565240963629,-0.22648471514499324,6.873950817775841e-05,-5.41265454768896e-09,2.9716104697856825e-07,-2.4132361159820384e-06,0.00012730716567348855,-6.108607908844489e-07,0.0007512385757042143,-0.00015551264273792233,-6.525511630565201e-05,-0.00017170985082275996,-0.0028997117432965672,-9.826139166324136e-07,-5.82067430042471e-06,-0.39632178936334467,0.0064372171670286985,0.0050382661501441675,6.427964670013228e-07,-0.0004033098371412476,-0.00042650696198454237,-0.00013901189252283464,-0.0133986658574353,0.08105980047171545,-0.0005282812123120641,-0.005444868056760613,0.0010299422415667094,0.00018696648366519952,-0.006209597214788646,-0.0001275757264704929,0.0031393209078070168,0.01383630867977173,0.006860105530381079,-0.006324641187347883,0.009242070606243085,-0.0006815346234703934,-0.0011538924142396663,-0.016878648060553572,-0.0021089120206940217,0.008355990449734528,-0.00480210518355703,0.0044733685673278714,-3.702444480569727e-15,0.0037402448417612395,0.015949444735254746,0.43067045728306286,-0.011160428071756639,0.023327365586168377,0.012828195741176095,-0.015417216875310691
93,-4.294575885020148e-28,-1.4923481111476446e-25,-1.2861377224330973e-24,2.986871754313544e-09,-2.737552276836884e-09,5.40511046346522e-09,-2.956147646551955e-11,-5.991074929570056e-10,-9.533447146651207e-14,2.777785368224965e-11,4.782211755238767e-10,-4.211007360440624e-21,1.747932712738042e-21,-8.607736838737875e-13,8.593268113230834e-20,-1.0542895417636356e-09,-4.725807147671507e-11,1.1707817829866746e-12,2.3214363470912627e-09,2.1363714552920064e-09,2.5659917465091915e-10,4.78255410166437e-10,6.386176500235985e-09,-1.5781507564190248e-10,3.1911410234416835e-10,-3.9617527946327206e-10,5.361189256476165e-10,-9.153839517259852e-16,1.746300841417052e-07,-2.0596505923912198e-14,2.3381466102834164e-06,-1.8003195756353189e-06,2.9817518955625946e-07,1.2848538529683125e-06,3.8117757375714265e-07,3.241314137237046e-06,-5.359041674219003e-13,-9.59422605481174e-09,7.824152960142007e-08,9.624977933403402e-12,-2.184082058686172e-11,2.1922741092524563e-07,-0.593958942028392,-8.48765479677711e-06,0.00010390046117321816,0.00027945921780243496,-0.550063939463422,0.001246630625131451,-1.620933129356566e-08,-1.536296252444031e-07,-2.0485419182058177e-07,-0.0007214005603207133,8.488928554933291e-07,0.00023125237542220384,-0.00022327644891361058,-3.879623666905719e-06,-0.00013845013774755203,-0.0025310898216129325,-9.282402765843217e-07,-4.593389231120434e-06,-0.386830080422469,0.005482096818261541,0.0038438161455064024,-1.465228619739621e-06,0.0016202001367490425,-0.000304963219167856,-0.0009414303855487968,0.014753872889960903,-0.07926882231033468,-0.0002776658180945108,0.004587711486462556,-0.00011016000769180938,-8.283218063705826e-05,-0.0006609608143614425,0.008956341200532552,0.0009254094128278051,0.015490513751155134,0.004380366987618272,-0.006506187792488991,0.009666308042792397,-0.0010290965690519821,-0.0010952052188007658,-0.016854030207088543,-0.0015783786615295903,0.008946727887000691,-0.00359590562218146,0.005578028515869181,-3.636736084516873e-15,0.027646351611863528,0.01613042746966395,0.4306410528845137,-0.010992171061111595,0.02311751415908631,0.01244562602806225,-0.015803437102431407
94,-2.1102076923386977e-28,-7.275268529731367e-26,-6.267947980808309e-25,1.4665978099875107e-09,-6.167671262801764e-09,-1.7848670651900215e-09,-1.3911638070312894e-11,-2.813332858357084e-10,-4.2478766367329156e-14,6.961384026111911e-11,1.2087073325660923e-09,-4.24485388923258e-22,1.0042153890132446e-20,-6.424135364918637e-13,1.8400608898710021e-19,3.9843513713562696e-10,1.7100468726418107e-11,1.3611099502133684e-12,1.1058728493042684e-09,5.7118826507970315e-09,1.1286296237645897e-10,1.574178237292033e-10,-3.0190498823015127e-09,-4.98663044867954e-10,1.0379363069079333e-09,1.9044823027742058e-10,-9.962632036723298e-10,-1.3250011730054155e-15,3.682688916551722e-08,-6.105823695326163e-15,1.482779827828689e-07,2.8914176576787486e-07,2.079505585156659e-07,1.4960614186642064e-06,-1.906343005668282e-08,-9.571253968471466e-07,-1.234547524996174e-13,-2.370363810514711e-09,-1.008484518673126e-08,3.2101945586421765e-12,9.121299251281127e-12,3.612624487576029e-07,-0.1897086402606711,-4.975627100131909e-06,3.8540102417964226e-05,0.00011877480608704839,0.7991864471899254,-0.0004687862492310194,2.5457893465102153e-08,4.865648315931546e-07,-8.817407515079196e-07,-0.0010210496519686134,6.661851520205806e-07,0.00030095500819218694,-1.685718650381327e-05,-2.318249082400872e-05,-0.00016551746247085765,-0.0022492440578470332,-8.729483736879806e-07,-5.3441564879634905e-06,-0.3603745498761987,0.005565441550916058,0.0034427123322193273,-3.843164599867573e-07,0.000846404514464032,-0.0004573743648873779,-0.0007517176402973028,0.005201080398135273,-0.02968800482582693,-0.0013032981556233205,0.001559250701416855,-0.0003986991514994512,-0.00013723461748590618,-0.0010293860520575928,-0.030981379436727706,0.0036130264858406404,0.011874398841275051,0.008123978704257687,-0.00920354880530464,0.008807202570597143,-0.0009272399299512206,-0.0015049323043373679,-0.016936880278409835,-0.002019297990989589,0.007970779394131407,-0.0036450225179226036,0.005521265413850318,-3.67472297293334e-15,-0.078183263087402,0.016577769182705104,0.43041226762089263,-0.011492898147855405,0.02356459452916863,0.013496711783801936,-0.014900659186147972
