,0,1,2,3,4,5,6,7,8,9,10,11,12,13,14,15,16,17,18,19,20,21,22,23,24,25,26,27,28,29,30,31,32,33,34,35,36,37,38,39,40,41,42,43,44,45,46,47,48,49,50,51,52,53,54,55,56,57,58,59,60,61,62,63,64,65,66,67,68,69,70,71,72,73,74,75,76,77,78,79,80,81,82,83,84,85,86,87,88,89,90,91,92,93,94
0,-1.576442353915362e-16,-1.296838003403249e-16,8.042888046971808e-17,3.217428409198173e-17,-3.4419687130938046e-17,1.8437021307463735e-17,-1.644449231764871e-16,-2.874472327488305e-16,2.336725427451411e-16,7.091428439610689e-17,-1.5437033711817e-12,3.9350912154831544e-12,-4.257034177961308e-17,5.741343006829809e-17,0.28886750084593354,-0.12482666857484301,-0.013164493373791185,-2.4363862149597602e-14,-1.0614220909107496e-10,3.852492605620156e-14,-8.412360029643591e-17,-3.582213591205107e-11,-1.3351475817136047e-16,-8.782649850316565e-12,-4.0242801437597207e-13,2.237819829722768e-16,0.005873348731447138,-9.735974722105767e-12,-6.5678591591829156e-15,-3.9772085102219805e-16,5.4448995902078434e-15,1.0136353031506327e-15,-6.0046428399146594e-15,0.22376611042608424,5.766896250040558e-06,3.261297158716913e-15,0.10755996194299423,0.6983506770855106,0.11430662751208923,-1.508085587812955e-13,-6.615002172229163e-15,-1.9252716145286843e-15,8.556276630016466e-14,-2.7407748531520574e-14,7.920509766402839e-06,6.458017307930001e-12,-0.009940928867776724,6.856815632331062e-08,-3.215141551583246e-07,2.559571326370378e-08,1.8868736637290783e-06,0.00012585492890259276,0.00012586233494276953,-7.094401719892276e-05,1.023681487929729e-07,7.663929361944636e-08,-1.819570461030951e-08,-9.349079721682477e-09,-9.995881363839323e-08,0.0048217589695275075,5.707228569829199e-05,-1.6647469742353596e-06,4.014414876357129e-06,-0.06661277041550433,0.01368424459687432,-0.005399496495006002,0.003330501075262767,-0.005984510313050067,-0.010582351227705776,-6.31547152746018e-05,0.003989863015831576,-0.00010257027642502132,2.869188796834159e-05,-0.006095286098286747,-0.0005796504445565769,-0.0017976569855579663,0.004115924730214697,0.0009028486662321814,0.0031349530356006828,0.00018774700466476328,0.5773502691896165,-0.0008199985098178398,-0.0010591337300362345,0.002322338956092405,-0.001464276525052159,0.0003609604640323024,-0.0007068035522862156,3.5760163873728355e-06,0.00022733092182590704,0.0015714277630537402,-0.0007648366830209896,0.0006088549987757609,-0.00042880837613239344,-0.0002668059990686295,1.0431282384840247e-05
1,-1.8059495265129353e-16,-1.4592650188870173e-16,-1.6033776432032587e-16,-3.0987201298345437e-16,2.1678350791362016e-16,-1.9535035519369313e-16,1.0987978870999648e-16,1.448933801517767e-16,1.885374652543306e-17,-2.9168470381709916e-16,-3.836558117542491e-12,2.0844534841846545e-12,3.1816113273238434e-16,1.7180478416180452e-16,-0.058651663989456926,0.25054670261933454,0.19596212898354984,4.2325790152779204e-14,5.732142140255695e-11,4.692426746314985e-14,-2.8353986896407535e-16,2.7187611592862416e-12,3.6714409577469453e-16,4.7160917367545596e-11,-2.4557057324896745e-13,7.65186346075737e-17,0.009543043905439105,2.453642226496971e-11,-1.3822011018978464e-14,-2.869385136501396e-16,1.0172727828684646e-14,1.3366718465213695e-15,-5.762238674968358e-15,-0.0709638646894021,-2.262508827958278e-06,-1.0709972893711492e-15,-0.4978438181917269,-0.21918455174033327,-0.5081826214171971,2.0668610736372426e-14,3.534980308043024e-15,1.9390055706593275e-15,-3.221693004576946e-14,6.208054326219598e-15,-9.711825520919783e-06,-9.266691894411145e-13,0.0070016568417972345,-6.374119542351737e-08,2.3207712321168911e-07,-1.750279814274614e-08,1.2859764558209115e-05,-0.00011083460805573691,-0.00011081018926078636,5.588337906337933e-05,-1.493723921993422e-07,-6.194243881826335e-08,5.429793785538726e-08,3.3761125915276477e-08,4.4519008454314555e-07,0.011129346903992261,0.00019580545130290766,-7.700221872837478e-07,-1.9271064774334765e-07,0.021154751341786866,-0.0035688602761747125,0.00040360552465528376,0.0055021515505910504,0.03090202032867763,0.033402478627214995,4.150087635551822e-05,-0.0015887437388564898,0.0003701586390504258,-0.0002883535002875091,-0.0015089077385719773,0.0006990658874874347,0.0011369942651134244,-0.0012439308566704556,-0.00464683229603303,0.0013880649179317237,-0.0006542013300008074,0.5773502691896312,0.00012204452808273752,-0.00019263517908981766,-0.0037320307381658144,-0.0009796719158495632,-0.00030472218189406876,2.17146278086312e-05,5.9643688089257256e-05,-1.6625359000922242e-05,-0.0005683409040093692,5.6244087601369185e-05,0.0016175242289231955,0.0004096291359512845,0.0004852246375969452,9.688213858484603e-07
2,-9.427482572131472e-17,-2.531035253345234e-16,-1.875398329965579e-16,-5.750690050991584e-17,4.4394305808490205e-17,-9.347666495175845e-17,2.617178526667235e-16,3.4800688549044945e-16,4.2246873218231656e-16,-1.427199675857406e-16,5.380241678636682e-12,-6.019681361431004e-12,-8.53700402822397e-16,5.248011496811408e-16,-0.23021583685647673,-0.12572003404449109,-0.182797635609759,-1.77641246187308e-14,4.8818082488147246e-11,-8.47626870922214e-14,5.757929395112165e-16,3.3104453478827365e-11,-3.373970242387042e-16,-3.837744125980595e-11,6.481608019408013e-13,9.126748104505667e-17,-0.015416392636887138,-1.4800513465843333e-11,1.982019318024482e-14,9.400596283992553e-16,-1.5544087115348925e-14,-2.203799732215669e-15,1.2428107304561035e-14,-0.15280224573668114,-3.5043874213801296e-06,-3.148006651808539e-15,0.3902838562487173,-0.47916612534517494,0.39387599390511874,1.2991323743611527e-13,3.165907232799227e-15,-5.141423498349484e-18,-5.371420771996372e-14,2.0681264688776572e-14,1.7913157550250694e-06,-5.5312053330469095e-12,0.002939272025979905,-4.826961520377096e-09,8.943703204007127e-08,-8.092915304184265e-09,-1.474663822222441e-05,-1.5020320840482097e-05,-1.5052145675568169e-05,1.5060638132934144e-05,4.700424308861825e-08,-1.4696854777535206e-08,-3.6102233235052244e-08,-2.441204656840415e-08,-3.452312709855103e-07,-0.01595110587352701,-0.000252877737000313,2.4347691612814646e-06,-3.82170422870514e-06,0.045458019073856874,-0.010115384320688805,0.004995890970326159,-0.008832652625836062,-0.024917510015647047,-0.022820127399538058,2.165383891970718e-05,-0.0024011192770379366,-0.00026758836262568325,0.0002596616123185038,0.007604193836984953,-0.00011941544291685928,0.0006606627204939705,-0.002871993873558054,0.003743983629772183,-0.004523017953538583,0.000466454325368264,0.5773502691896298,0.0006979539817579856,0.0012517689091631117,0.001409691782208297,0.0024439484409546396,-5.6238282106944134e-05,0.0006850889244448228,-6.321970447656338e-05,-0.00021070556282917825,-0.0010030868590967417,0.0007085925953321695,-0.0022263792277199667,1.917924013313398e-05,-0.00021841863855523506,-1.14001037699644e-05
3,-2.9163656684733126e-16,-4.0580078020624504e-16,1.6568744092523404e-17,1.5957757409156696e-17,7.373876263718978e-17,3.475056211747484e-16,1.4267771601735374e-17,1.4705822280704255e-16,-7.979157543635604e-17,-1.051367829747941e-15,-1.4079698363200028e-10,8.986729273331917e-11,-1.0513291389279686e-15,1.9642302934383373e-15,-0.5881760545097495,0.3453487012379998,-0.639202213356448,6.149979752889776e-13,2.053473134702011e-11,1.0919210018020487e-12,9.110749586120848e-16,-1.822383833193099e-09,3.357877215187559e-17,1.3626306733936058e-09,-2.22451975520484e-11,-9.71171565651729e-17,0.13218217099496135,-1.547277590561048e-10,-2.1974476475990421e-13,-6.9881270597313905e-15,1.3354768626587326e-13,1.314831720481668e-14,-7.490742112262885e-14,0.0232005680125115,-2.8252995511218827e-07,8.124867266780347e-15,-0.05931761587989481,0.3009948648406694,-0.08319679332511007,-1.1660439105200855e-13,8.910707859742097e-16,1.5184705456085716e-15,-9.902840059821347e-15,-7.430562525108379e-15,3.3522895523213307e-07,3.2251396187606816e-12,-0.0005572846902458318,5.577561119627166e-09,-3.0926530261067134e-08,1.3887005112277075e-08,-2.997117967500928e-05,5.236492129212869e-05,5.227540955469482e-05,-0.00011522941089000651,1.3761262761130725e-07,1.7230956467300965e-07,-1.0197602102596569e-07,-8.399440927791807e-08,-1.1187704613739997e-06,-0.046119777164037146,-0.0007814634162643415,4.7773194686360615e-06,-3.5978669241803072e-06,-0.06345316643810162,0.017205657691537257,-0.009347538413523943,0.012991363894509389,0.014024947178324339,0.006246191194310895,-0.00010075842928564112,0.005983131287025512,6.026806347056169e-05,-0.00013980865105198554,-0.008777623240758883,-0.0015724390306039936,-0.0031666871696452346,0.004243936696657966,0.002241781239019324,0.004602798851617924,0.00013831642782484842,-8.251266168277747e-15,-0.0007569914483814431,0.0002871455254473557,-0.00010317339563323387,-0.002207153986667539,-0.00021369727562426622,-0.0008565055945860611,2.2520983580792017e-05,0.000307214412387182,0.004479487428529585,-0.0007589081880625704,0.0038927163298358982,-0.0009959979921403484,0.0003848505529572513,-3.4729497842467894e-06
4,2.4756865683780555e-16,3.595349075312304e-16,-1.0915324915361028e-17,1.0569497362972037e-16,5.433671127504979e-16,-3.639817344894781e-16,-5.111655448091507e-16,-4.812226937582033e-16,4.579478089052259e-16,7.888130328660074e-16,-1.5293313597627182e-10,1.194350216511099e-10,-1.3202869925746514e-15,1.2308785153011187e-15,0.6070865266807328,-0.15944000924317184,-0.6909030922534092,4.963303962275758e-13,-4.443925572753745e-10,1.3104674254359693e-12,1.0100323600958966e-15,-1.9352585182988516e-09,-2.186038920066769e-17,1.3409743157490866e-09,-2.344818295503899e-11,-1.1294954404188526e-17,0.13841136498181245,-1.6791732702137498e-10,-2.285869256246674e-13,-7.177005020956283e-15,1.39741522361438e-13,1.4554308054541785e-14,-7.921612483914706e-14,-0.02388604788096195,-1.730911138998785e-06,8.446520804014772e-15,-0.12783421991610422,-0.2309356871736857,-0.1799673231703598,-1.1200235735365989e-13,8.301771495014353e-16,3.326016270485355e-15,-2.3035866433798157e-14,1.3566805605069728e-15,-6.7148965379048585e-06,-1.7364405166450791e-12,0.010269327010778363,-5.828004182454252e-08,3.276753858267186e-07,-1.5848146677191867e-08,-3.238257137283652e-05,-0.00010303773924891993,-0.00010311288738387337,-2.090168073070828e-05,2.412523260736789e-09,6.821925567423984e-08,-7.601640210044535e-08,-7.027787582721538e-08,-9.716248150521748e-07,-0.053557952543148206,-0.0008691413616267728,7.410445202158436e-06,-1.01305790106985e-05,0.05037774403336344,-0.006310696996204249,1.316645007624441e-05,0.007167218747667584,0.024570608207159936,0.02491277257751829,1.2730555187658765e-05,-0.0012356320001864517,0.0002415074802314341,-0.00019049778573264177,0.0023223499470988746,-0.0005132312062169198,0.00013264196103254344,-0.003497998980419726,0.0005770283532610077,-0.001295185481395035,-0.00022028707996243094,7.422022880850406e-15,0.0007763622426075982,0.002258233626927804,-0.00449887109923577,0.0005092845844705229,-0.0009029386342653639,0.0004922647517599681,1.616971663320377e-05,-0.00010532927705214566,0.0015462658253385109,0.0006962038979818986,0.0027663487579455076,-0.0001796710480208561,0.0008928457192513487,-2.3238132927130244e-05
5,-3.0251168684602026e-16,5.929514846877282e-17,-3.987235231702542e-16,3.350498793376891e-16,4.230700842126481e-16,3.667765012671559e-16,-3.8588787942631504e-16,-6.768453372565643e-16,3.1273278964373725e-16,-8.638602566295768e-17,-1.8312816090255025e-10,1.3508531097749168e-10,2.5631393272409926e-16,4.746420995492256e-16,0.36440038481341125,0.8537501076963997,0.07869844206309416,7.050528770707674e-13,-1.9330563492844166e-10,1.5750637121993145e-12,-2.0719541422486035e-16,-1.9266924073394516e-09,-1.4523098386809947e-16,1.4572620072807888e-09,-2.4179627925771264e-11,-4.041067322177246e-18,0.14853258788720605,-1.3467762502977652e-10,-2.458348200714923e-13,-7.911959272491024e-15,1.499097341470363e-13,1.523797699489107e-14,-8.449895342046497e-14,-0.008953276190991018,-1.1626721620198285e-06,9.369497552509582e-15,0.18929649626056957,-0.06398380551040177,0.2502535888016176,-1.114766989316327e-13,-2.378922534664047e-16,2.035592869395871e-15,-1.8549118216929518e-14,2.7572554822896833e-16,1.9296971451931443e-06,-1.024416517547147e-12,0.0026438605279038904,1.0822064667782454e-09,6.882737022913985e-08,4.48527210458288e-09,-4.881712663111032e-05,3.381818782968417e-05,3.369219096616317e-05,-9.520466650683887e-05,1.9969227489183154e-07,1.5234852267489184e-07,-1.5348269432932024e-07,-1.1981062490371591e-07,-1.6269725559777764e-06,-0.07072638312003755,-0.0011699497040828818,8.628387188597401e-06,-9.8169783450059e-06,0.0142275495435472,-0.0001776157368425086,-0.0006865343833616352,-0.002454555431779038,-0.029883677013504646,-0.03400703383224199,-6.184649407665045e-05,0.001638843872578104,-0.00041255467294604533,0.0003189280641011325,0.005070184121141471,-0.0017906494584270147,-0.0019541400726664324,-0.0011582009252369071,0.00914527213950064,-0.003906639320158585,0.0010292609070924042,1.978820176674894e-15,0.0005481454527636811,0.002616735012242035,0.002565075747544441,0.002326713556224449,-0.0003210823048374891,0.0004508274301852679,-8.9761840653106e-05,-7.515877985444777e-05,0.002607128982236218,0.000589198764074813,-0.00022603340505756176,-0.000959486274147953,-3.101570567722695e-05,-2.5073854692946702e-05
6,-6.313952775185946e-17,-2.4772032826665467e-16,-2.433311250233496e-16,6.890298613922264e-17,9.780776381074047e-17,2.1754796469858702e-16,-3.7352984870707896e-17,2.5938036500529904e-16,5.853089929056118e-16,-2.8086984836130303e-16,6.773552918211312e-10,-3.518155457382136e-10,8.0927463203303e-17,-4.81938771970799e-16,0.03526631556722621,-0.09266748101508572,0.1134302394747333,-9.799609336012669e-13,4.7403117662889756e-11,-2.4438277648088473e-12,1.054805370711875e-16,-1.0531683460738572e-09,-3.3960755984830163e-17,1.9962266407573084e-09,-1.695809992971875e-11,-3.745849123345367e-16,0.376679999928631,-5.053853206561874e-10,-5.934716494727181e-13,-1.7100595201545676e-14,3.92033548836767e-13,3.544235887928042e-14,-2.311613023190505e-13,-0.6273332734367669,-1.9182775314884092e-05,2.0101354738448415e-14,0.18321497577994492,0.12253783965521553,-0.15485173187695486,5.54876149652727e-14,2.8044050652013133e-14,7.862535717961254e-15,-3.2790556333355095e-13,5.002829111745705e-14,-6.035170070844564e-06,2.250652148757596e-12,0.009780684540097406,-5.672329563150649e-08,2.2039041494706068e-07,5.580742688809264e-08,-0.00019658271814019257,0.00019812745310777635,0.0001975048488742345,-0.0006812608360440052,7.907316284487449e-07,1.0568228267424928e-06,-6.480255436270019e-07,-5.426173491071694e-07,-7.242489180777224e-06,-0.3063265505479547,-0.00518059179599884,3.206709668566233e-05,-2.429551551198242e-05,-0.4531097457808649,0.12395732748806695,-0.06868283749300758,0.10170765877093076,0.1391535153454258,0.08436482661641616,-0.0007099193214134193,0.043956428248910176,0.0008851283174669934,-0.0013864496156055634,-0.07131548233847167,-0.01070596405473446,-0.02270535323569277,0.03353279146146568,0.009156522463778863,0.039767787149658874,-7.228118646919936e-06,-6.544153131993369e-14,-0.006225880785261424,0.0005129652232633748,-0.004777197762607492,-0.019269365066401638,-0.0016559630281899542,-0.0071478235667682315,0.00025088729341612607,0.002388281399784273,0.03318410572374175,-0.006425674123916809,0.03150283940297234,-0.007028533581321965,0.003373851069544422,-9.87552737740001e-06
7,2.403837617216396e-16,-1.3591247262849826e-16,3.1868021133178845e-16,2.1008897112161594e-16,-1.5674789190770912e-16,-1.9027435542838627e-16,3.3287083513327426e-17,1.7963840402904208e-16,-2.4043097888732487e-16,-2.4418520430647e-16,7.122495277740007e-10,-5.397731413844019e-10,5.334596381925741e-16,5.453045422719563e-17,-0.0852183334247987,-0.05416218780658143,0.11735317649849036,-6.335596098915597e-13,3.866983787313512e-10,-2.9427605864139783e-12,-1.2532471452733454e-16,-1.3507339806150877e-09,-2.33545452733927e-16,1.8323746911880253e-09,-2.036962040770216e-11,4.109101637408502e-16,0.4201922803898045,-6.364344246265402e-10,-6.392259264397739e-13,-1.9337626835193913e-14,4.3501480625964756e-13,4.667386393499918e-14,-2.8005241928474913e-13,0.4439540442624684,6.873875201024887e-06,4.1683365860595756e-14,0.36417017890224984,-0.08081380036912454,-0.30630582781481,-8.431528244281043e-13,-1.62412773103666e-14,1.112928766723246e-14,1.253091483037117e-13,-5.505486357335499e-14,-1.9476038794472234e-05,-1.4265338079597461e-13,0.04906470716491964,-2.0355106416571812e-07,1.5982284071370982e-06,-7.028514780598879e-08,-0.00019417180178890768,-0.0005477127061941665,-0.0005480394243968016,-0.0001593235332149193,1.0965322013994191e-08,4.5292787349562146e-07,-4.43982360458e-07,-4.198909368761356e-07,-5.8044038166509e-06,-0.3305483945854879,-0.0053544982609057025,4.647989193750461e-05,-6.522848125706371e-05,0.348247000150671,-0.04253262001124003,-0.0024904167661982854,0.06574234613730615,0.2480825279443803,0.25455178920159083,0.00016767330242875567,-0.01076703627017237,0.0025996109492533205,-0.0020737881635980054,0.007944574903437468,-0.0018043230028718348,0.003334591136558855,-0.026342737650292304,-0.00984837062290595,-0.0027846429772400852,-0.003699602476277918,4.631573488311098e-14,0.005367811387548678,0.014568934484615041,-0.04284773056633005,-0.00037710030932837894,-0.007220487906689251,0.0031677533074428313,0.0002783281924109889,-0.0006412813908416962,0.009885562084186726,0.004682693125766883,0.024714903864980972,-0.0001031735263379058,0.007797741133749897,-0.00015451619827289934
8,-1.6989567651401042e-16,7.38284715333089e-17,8.035629643083156e-17,2.326391554972112e-16,-2.2534133480421827e-16,-2.177806909484118e-16,1.392388845778672e-16,1.9072971603210507e-17,1.0657059321262269e-16,6.82423088167731e-17,8.470080960753736e-10,-5.770789482756361e-10,-7.769475371044483e-17,6.9007980724684025e-18,-0.06166913399155578,-0.1358757942244266,0.08103671344641118,-8.65061962313783e-13,1.360531482496014e-11,-3.3617476768577016e-12,-5.893780899677644e-17,-1.5234988713053132e-09,-3.444087290598879e-16,2.318986226060905e-09,-2.4267946947293578e-11,-3.0970613664189985e-16,0.4939304795767386,-1.519920896045846e-10,-7.47264495625038e-13,-2.3877965291732673e-14,5.116442318465428e-13,5.306167707826342e-14,-3.233201499165649e-13,0.10257609705943257,-3.0755792342587644e-06,4.2200576161232645e-14,-0.45426340381877195,-0.020813055451234644,0.37466411159070534,-6.554464683221343e-13,-2.9387407961806616e-15,1.08213115648598e-14,-4.1453462372025097e-14,-1.8217775739820073e-14,1.1096251108475687e-06,1.8449804362281215e-13,0.010867358109019598,-2.3196537164274606e-08,2.5937390624353204e-07,2.7880918186386275e-08,-0.0002494307599695482,0.00023327850168347413,0.00023257518428589,-0.0005134145259091439,1.1395802135253347e-06,8.066250621793815e-07,-8.639040780922658e-07,-6.720942993711434e-07,-9.138764619903654e-06,-0.395764953022349,-0.006540523924510107,4.838991848874989e-05,-5.494212977486405e-05,0.08972431250977443,-0.007822129357186399,0.0039119447714956145,-0.04495811728899107,-0.2959502461241112,-0.3217715252471772,-0.00041667088680781426,0.009070019311676293,-0.0037888679426367673,0.0030323995141829374,0.04725125675302267,-0.012067520056742522,-0.012848066773113336,-0.008083623380084557,0.07242416405256309,-0.03602986980359903,0.009087900014115819,2.1168805024940737e-14,0.004017636486726447,0.01731205678863805,0.030728666837394017,0.021046740158419234,-0.0007006142584117974,0.00393414479008305,-0.0007747977922394116,-0.0007647169333318857,0.013709906407921378,0.004584605156711329,-0.011572928593421471,-0.006632933240452926,-0.002494518014289583,-0.0001637792460922917
9,1.8222357914364346e-15,1.9390502310072553e-15,-1.2079725495808109e-15,-2.904984583726347e-16,-6.2851193116556874e-18,-8.390794146332396e-19,-2.5239364294218762e-17,1.6624785689472431e-16,-1.2121973899318678e-16,-2.063097279569844e-16,-3.9786334927228035e-09,1.3725766510435535e-09,2.6179981941673776e-16,1.186644443140449e-16,0.0006695518337970007,0.025699749242113695,-0.02886211011716132,4.321607640214616e-12,-1.023897151752662e-10,8.744526598495778e-12,1.0378958197868284e-16,3.1860345109735383e-09,4.114960983450837e-16,-4.815479153813985e-09,4.55589268971918e-11,3.8584455284767367e-16,-0.31021915440494696,1.0847080358452559e-09,6.274571040577795e-13,1.8217580102413236e-14,-3.038455609473485e-13,-1.8268236833517992e-14,9.968180753154877e-14,0.45882026046417984,9.055471686713025e-06,1.025796652951532e-14,-0.12851368379014175,-0.19799639528464538,0.12876739312300597,-5.261152807026781e-13,-2.6619253781496182e-14,1.2589494526640477e-15,2.0744293557837598e-13,-3.349815852699767e-14,-3.383401885912332e-06,-1.7209124382523797e-12,0.012486769199931977,-4.9270108577349686e-08,3.317964189923926e-07,3.211155836742343e-08,-0.00020993150249482435,0.00014591217643718108,0.00014525973201490004,-0.0006518594932921491,8.519128428137426e-07,1.0574972734446277e-06,-7.65047544715102e-07,-6.524406095875407e-07,-8.771697176242924e-06,-0.3927968760143524,-0.0065895164034486964,4.323109260933536e-05,-3.5997323740007114e-05,-0.5808875663782492,0.1626680939277685,-0.09205860179977837,0.13749533321912705,0.1829005303608841,0.10655698720164902,-0.0010249966750489022,0.06364624248535528,0.0011063969581851377,-0.001825580271645633,-0.10307052879527448,-0.015982375219633395,-0.033796419889469874,0.051600615123543726,0.014586405249073566,0.0613050561404459,-0.00010620237020292238,-7.58098013244527e-14,-0.009464434310139647,0.0009807504932268802,-0.007653958371858986,-0.028831795919034977,-0.0026137360272235942,-0.011315178674192126,0.0003251633501733936,0.0034438755518535445,0.050629970165038424,-0.010118965929828192,0.04726246738633473,-0.010996515367084347,0.005333865690045971,-1.4945890348531059e-05
10,2.2629427591169238e-15,5.235904004228677e-16,-2.0121742956537276e-15,-3.946964424353315e-16,-1.8213300482070514e-16,-1.2478707321755733e-16,3.268192676134264e-16,-2.1913026813732346e-16,5.4967711158456083e-17,2.753610174492683e-16,-3.953543202983396e-09,3.281588987442706e-09,7.756009249367959e-17,-4.276126241031915e-17,0.017191581117016304,0.022407919613872073,-0.030279919329319175,1.284864221230712e-12,-2.482423532078679e-09,1.1799979796380736e-11,-3.909814073936675e-17,4.496354641557794e-09,4.494528793952317e-16,-3.474825107253779e-09,5.759310120327646e-11,3.531064514350654e-17,-0.3446881967060421,1.648534361742481e-09,6.37820887602953e-13,1.8197561216020302e-14,-3.2660874533140413e-13,-3.9832181288206593e-14,1.5095669511848157e-13,-0.32125395726253164,-8.86304326750163e-06,-1.4370860909929726e-14,-0.24803760122710874,0.15201217625226987,0.26672445188105354,3.181264060955896e-13,1.8259115747482993e-14,-2.741525539114886e-16,-1.7418708896467405e-13,2.3284989356430645e-14,5.53713083435585e-07,1.4718880983497278e-12,0.022505166887943233,-3.1172083697966484e-08,7.479229848071668e-07,-1.7381244953484968e-08,-0.00021714057082013302,-0.00022452508698281775,-0.00022480804813884746,-0.0003033240505080076,3.8751068435558374e-07,6.265441790315287e-07,-6.214840337277457e-07,-5.591402030606557e-07,-7.70091407853463e-06,-0.42567659869528485,-0.006900069065423606,5.9795260007596534e-05,-8.428375406133837e-05,0.44985034367732624,-0.05404538913891851,-0.004172652382324352,0.08755323382131873,0.3251403548989235,0.33268373894209535,0.0002141561586592261,-0.014792754606117894,0.003386123140537362,-0.0027085026741555567,0.012325713645041288,-0.003039112917647398,0.004502859424439057,-0.04064455655102716,-0.013444995011256577,-0.004090089635828284,-0.0060426262236815765,7.64879210099405e-14,0.008207692401029629,0.022257826662069796,-0.06733182168578648,-0.0004475128399362139,-0.011465659616899609,0.004959459645115791,0.00035102672047736597,-0.0009324127779511231,0.015304233715099836,0.0073251842943788965,0.03715620424366359,-7.615669334418772e-05,0.01237109557801791,-0.00024071139364124423
11,2.81011065449403e-15,9.808755847559628e-16,-2.4229161056062954e-16,5.776964929497965e-17,-1.836568628976751e-16,3.714821295675588e-17,-9.433607071241834e-17,1.9066436793464954e-16,3.8352242067782525e-17,1.1779170413792716e-16,-4.77309409109905e-09,3.1914094409300573e-09,2.3026717185098196e-16,-3.533745965296174e-16,0.014779485186025699,0.033422557039870876,-0.030579600413992075,2.229805843324157e-12,1.3744403909724496e-09,1.3007809339888708e-11,6.493529832703893e-16,4.7370807017160695e-09,7.765791070504614e-16,-4.877353784344989e-09,7.049807383013514e-11,6.266607988241496e-16,-0.404005583746097,-1.077583617470831e-09,7.091578514574275e-13,2.7453517400582943e-14,-3.8549781389260766e-13,-4.3845491166696686e-14,1.7262750075105275e-13,-0.07233621949150591,-2.295383605415588e-06,-6.421937365095695e-15,0.2860193446419105,0.04592792290707736,-0.35386855217233537,2.1461085051796943e-14,5.3186576181102284e-15,1.7501362519449793e-15,-4.114515810073636e-14,-3.723579863989845e-15,-1.3430365889833124e-05,1.513354024519826e-12,0.026635087833604063,-1.2738602908911573e-07,7.935213015542759e-07,8.392014873432448e-10,-0.0002584402658937457,-6.119707797923876e-06,-6.875680679252339e-06,-0.0005426751604087964,9.495134917742018e-07,9.245967541224276e-07,-9.461576999276531e-07,-7.844404564239364e-07,-1.0706841012088401e-05,-0.5016334739173569,-0.008252338119527997,6.319158858991417e-05,-7.417680364121208e-05,0.11654820258934062,-0.006325285725099797,0.0013867877849313957,-0.051498870885723365,-0.38404344143404595,-0.42238111353348967,-0.0006051882372905486,0.013787366710109432,-0.005022561237428449,0.003990817793500665,0.06739862887666842,-0.017898223463224807,-0.01925171056043298,-0.0123738766493886,0.10775074755569056,-0.05566252940958061,0.014501760762264579,6.676328699927021e-15,0.00612005345902006,0.02629342262000607,0.048475279429008804,0.03150461305041163,-0.0009544882048200605,0.006250156630473726,-0.001050666673340072,-0.0010675423499609863,0.021051557852912278,0.0072062723717168115,-0.01671669392684685,-0.010405603403414591,-0.004096240401259086,-0.0002544029981726123
12,-9.180392671322281e-12,-1.1676958597988634e-11,7.185295432253389e-12,1.5452012413769442e-16,2.3095740301439035e-16,7.817148223641951e-17,1.2007988660488354e-16,1.8814094723221683e-17,-8.313448358680696e-17,7.252924364144386e-18,4.951571139314759e-07,-3.862057855958851e-08,-9.751080653479529e-17,9.632965909783506e-17,-5.9808687761319705e-05,-0.0003021714141148422,0.0003365163508080655,-5.073233926158476e-10,4.672658563690709e-08,-6.229792011832809e-10,-1.9401352767799093e-16,-1.203414465449719e-07,-2.734525174820987e-16,2.2028498759818255e-07,-1.549700991668283e-09,-2.7937382896853737e-15,0.007676811339074969,-7.110947090347964e-08,-7.508044038818113e-12,-9.195034402383124e-14,-5.228219238835565e-13,-7.213243609212649e-13,3.44777795238897e-12,-0.010603784442277876,0.00012060742759702903,-8.340524198630597e-13,0.00316749275768797,0.006531163264996361,-0.003067766791046949,1.3946519419881913e-11,2.737700446916725e-13,-1.6877641773631257e-13,3.323237896694965e-13,-2.504151648005688e-13,4.121078988761631e-05,-1.3710385241843209e-11,-0.01727536472638361,4.0545547574870913e-07,9.688176473709724e-07,-1.0141235452090237e-06,0.0015223555727964938,-0.0034971156752502757,-0.003491883286510487,0.006860109075508344,-6.323317107211781e-06,-9.406096696759567e-06,2.699482972318735e-06,1.7638249516877767e-06,2.1494645035521542e-05,0.1118649401545727,0.0037913893824442924,6.621124514296061e-05,-0.0001753299048427514,0.23018753010926143,0.08568126660007137,-0.12243991527808155,0.21683504357668482,0.01918694345037326,-0.2033099488425485,-0.004390105162442658,0.2752929040174856,-0.0027393383093596286,-0.0002701891277672123,-0.4209972830455149,-0.0906759552657946,-0.18478550392175916,0.34315815420207635,0.13620843129081542,0.40387591023558383,-0.0019827330289054093,4.870014928791672e-16,-0.057655363265885856,0.018397732101203136,-0.05361829594033832,-0.1546025132146765,-0.020182731671425227,-0.08744188424356053,-0.00023779656612291872,0.014000701852322498,0.3244837555070242,-0.07580128106040428,0.26414717890493383,-0.08267367301808201,0.04054090389794457,-0.0001320917512571851
13,-1.354858466483199e-11,-6.578037391850547e-13,1.1411723228393368e-11,-2.314177300259692e-16,1.4617472387746494e-16,-2.776475156571e-16,4.509655025675579e-16,-6.013608152031288e-17,-2.326338296924941e-16,-9.828424380047406e-17,4.4178890797791017e-07,-4.47523493514333e-07,-1.4643093993476667e-16,-4.172707830595425e-16,-0.0001824391151178353,-0.0003200665623332563,0.00038705861431603567,-9.38749941717497e-12,4.4326206095602e-07,-1.0742862856562701e-09,-5.925009143544745e-16,-2.433833844804115e-07,-1.7821454589704555e-16,7.013635996128474e-08,-2.417629083898633e-09,-4.008994006327057e-15,0.010055663213967028,-1.2801395406677694e-07,-5.345344731757575e-12,4.944275378837232e-14,-1.1418879297466337e-12,1.56986494146086e-13,2.3604217835506673e-12,0.010649377410992172,7.717634701611591e-05,-3.0619415002418095e-13,0.01075027465154961,-0.012428977372622822,-0.01712736264331624,4.941912941550913e-12,-2.527883584676418e-13,-1.7997855193713436e-13,2.2801369996382946e-12,3.542470924281419e-13,0.00022315649876119233,1.531951285602051e-13,-0.7427062626076049,2.737820351278775e-06,-2.4582692867459447e-05,1.357384437048198e-06,0.001269144922239827,0.009953257424061602,0.00995453404727231,-0.0018440095557482057,7.373878884762449e-06,3.514245579410102e-07,-8.111159749275744e-07,-2.802774637543077e-07,-3.360150819556646e-06,0.0048175903918309575,8.01739219486781e-05,3.0095070429283994e-06,-1.9126016118270424e-05,-0.016264904607808443,0.041964468010405966,-0.03814589374794815,0.07385390227579555,-0.011720217326982427,-0.06193187305608174,-0.0003845512619960245,-0.027478630060807856,-0.0013742934732476056,0.000787982537682902,0.1076749846041808,-0.035464049569848805,-6.0503059919696476e-05,-0.27784783522293877,0.011630502429341152,-0.037399055821360584,-0.04999606079828623,5.020061756548283e-14,0.05430481972493594,0.14933763841544714,-0.4874242124875091,0.012685592658999658,-0.0908191744263228,0.03827136917389215,-0.0008083702910747397,-0.00447172754626101,0.11113711127823163,0.05566377767219987,0.2055644861239036,-0.00029329106832146713,0.09589041144884279,-0.0017932380582300613
14,-1.4967608079534524e-11,-5.590878215723409e-12,-4.7645806299346795e-12,4.463955387481226e-17,-3.238795766342105e-17,-9.8305978732724e-18,5.271648459633389e-17,-1.470883258115793e-16,-1.4001965438362032e-16,-1.488095464222264e-17,5.482526629228555e-07,-3.7307216239777144e-07,-3.415755436232424e-17,1.076399604011666e-17,-0.00016394905014567487,-0.00038420832280499295,0.00040047290145055523,-8.083086303664844e-11,-3.6365804383863833e-07,-1.1062394856905632e-09,-6.096065186902508e-16,-2.143032844897944e-07,-3.729350444242868e-16,1.6365164243576392e-07,-3.489051969123952e-09,-5.271463363079664e-15,0.009974049971408506,1.5289679582596938e-07,-1.55272591738888e-12,-5.366684816282911e-13,-1.1978532902605667e-12,1.994261780220243e-13,2.518594812485842e-12,0.001666032942556055,7.617178654764119e-05,-7.192435100330483e-13,-0.005601643179043854,-0.002123861358072933,0.00940647892726568,1.0653361157816295e-11,-7.859423497992076e-14,-2.361175510021697e-13,1.4636776937867006e-12,4.063452934418425e-13,7.43675790992431e-05,-1.8191443436637335e-11,-0.03650064151772505,7.459759837734393e-07,8.259640740658518e-07,-4.846806814559905e-07,0.001874470700548507,-0.005140397023459425,-0.0051330404165133925,0.003376933785777661,-1.2452709495269885e-05,-3.72763629854853e-06,4.76491107565326e-06,2.385674064455946e-06,3.1217750567493366e-05,0.13830505815568703,0.0036253521702384666,5.0562211946013747e-05,-0.0001511533843968734,0.04592283980445899,0.16600960879825705,-0.1684675299532257,0.33672160752893593,0.16500830991064713,-0.04447561792889768,-0.0028068896729182276,0.09346047802439102,-0.0027081381489265587,0.0007611340662814663,0.22652716009737384,-0.09756457029077714,-0.1136228370192712,-0.08224587408841263,0.570152962295668,-0.36649697750706944,0.11566516227520195,-3.1847899563494374e-17,0.038947558633137945,0.1690589696074766,0.34566583005375395,0.16798448769215538,-0.005665474034093339,0.04881563569783137,-0.0016018401050137336,-0.0025213453068853495,0.1548234947646521,0.05436310507600407,-0.04466618486969407,-0.07976063175926604,-0.03243412695006789,-0.0018737786653872704
15,1.3376002222073716e-14,7.264493083000954e-16,-1.7498549793140407e-14,4.638417907804406e-16,3.3618517940750183e-17,2.706844912506195e-16,-2.4309415864948735e-16,1.2941781641650839e-16,4.548841437308009e-16,-1.1685732427176385e-16,-1.8239232126217054e-08,1.9205772457794498e-08,1.636972807030015e-16,2.0017565263994775e-16,1.2495249971950984e-05,2.2290844337189434e-05,-2.7533229936865455e-05,5.624973375349277e-13,-2.9111794217366885e-08,5.7733229501675684e-11,-6.116914451706394e-17,2.0188499747503474e-08,6.811619475903866e-17,-6.8169889167787165e-09,2.079619877781203e-10,2.7771227267246927e-16,-0.0015089305922458447,1.7246266539123097e-08,7.438518028797355e-13,-6.340563876039852e-15,1.766822874476002e-13,-2.4353428360296952e-14,-4.130080212644807e-13,-0.003145194077486161,-2.3523067460945353e-05,6.871408446712954e-14,-0.004703293025636117,0.00632807664143574,0.009814269706077504,-1.2862338199192814e-12,6.63037075854465e-14,4.801276962806019e-14,-6.455012751514168e-13,-1.1322477708587919e-13,-0.0001366630566567338,-7.943741314735585e-14,0.6633212586697023,-1.7933443789305708e-06,2.3368652514146337e-05,-1.4558684886321883e-06,-0.0020065492458859707,-0.013379136989026912,-0.013372193875517718,0.003692819985138461,-1.4119104571581847e-05,-8.256272046264152e-07,3.2580281843752357e-06,1.938359062503351e-06,2.5468620955652455e-05,0.09622661712187557,0.0023828014140650625,1.9952375634473052e-05,-7.123614696724951e-05,-0.033972112341019524,0.08331736328321217,-0.07029100184094401,0.12697506138838735,-0.019017700830970034,-0.0997518424326849,-0.0005445836176049568,-0.03724392309175078,-0.002185903273828414,0.0012549162757079218,0.14015917369605863,-0.04521486629859327,-7.515436449650045e-05,-0.30111932777489697,0.014062201458508825,-0.04048712633307173,-0.0501123280133343,4.2231006430764883e-14,0.060724409514566556,0.17139528249049374,-0.511357165469511,0.014817981251509633,-0.09116492031337971,0.03853652534182118,-0.0012395166618179344,-0.005947534830069497,0.12548763680219252,0.05689973797735898,0.24391343844101335,-0.0002988602478062448,0.09764022959649221,-0.0018711114837778409
16,4.835092837982531e-08,1.0240181471995003e-07,-5.5993870813337146e-08,-3.266374303675915e-16,1.1302085358557794e-17,2.3212987564227065e-17,-6.80811201526168e-17,-7.967981043497608e-17,-3.9887171563298204e-16,-7.869961145081842e-17,-8.83270729569716e-05,-2.3647852726109422e-05,-1.0019294462033476e-16,-1.6487257215567983e-15,9.020316138845167e-07,3.1001958876012638e-06,-3.5015877317219767e-06,9.345571508729979e-08,-2.1322931565718916e-05,5.547949785723923e-08,3.481761397864903e-14,6.790538618709863e-06,6.980753809213843e-14,-2.096287525848258e-05,6.265623058524793e-08,1.2348686223671134e-13,-0.00016687230611250138,9.659095202477256e-06,5.978316682472876e-10,-4.888132007366788e-12,1.0854796155220933e-11,6.327890328548468e-11,-1.8883314263240638e-10,0.0001982512978726175,-0.004323591737815964,3.59555061130349e-11,-0.00010898562714874997,-0.00013090043568950358,0.00012746490829732162,-5.488978877821792e-10,-1.5712198786890234e-11,4.699994776849273e-12,8.544246128318778e-12,1.648427074618321e-11,-0.0003700070017735109,2.589778216541122e-10,0.009838936249724116,-3.173121284044729e-06,-1.6874825684312532e-05,1.6516438333831176e-05,-0.0156287107735751,0.0289856219323362,0.028954704444697804,-0.08127870551195025,2.8406879897084168e-05,0.00011055725857085604,-1.0793831504738285e-05,-8.36958575753227e-06,-9.060750297123697e-05,-0.022787215484750583,-0.012707634587836981,-0.00038983987497093203,0.0007129818247105876,-0.1106778902285392,-0.1890752490015382,0.2027880048725137,-0.22493078763518948,-0.07017210100272109,0.20870828725677723,0.0035454042458290813,-0.23086418473190048,0.0002712483500517824,0.004031840582704357,0.5144662936969101,-0.03149314506025437,-0.01794261183301996,0.31428586592070074,0.31556547245271355,0.3386351359976691,-0.0010095523187940653,-6.796485574828753e-14,-0.02114779614729497,0.10682092410223368,-0.05164242648839136,0.03356616682961469,-0.038921137872854956,-0.1605686739072967,-0.0021276346419590647,-0.016673020893407543,0.28393781539489027,-0.12222382288076984,0.0646488047983401,-0.14898263236298798,0.07042727097587091,-0.0005691489438186259
17,9.443258421298576e-08,-2.1907168117137407e-08,-1.0007740991448984e-07,4.144185600822448e-17,9.885314006332056e-18,-4.1786122538111096e-17,5.455171227094826e-17,1.3127901869807279e-17,2.5932255555679033e-16,-1.1176387209662397e-16,-6.028423479245365e-05,8.513015513902841e-05,-6.440138211338604e-17,-1.2123203368568584e-15,1.6229680214075917e-06,3.349594297379147e-06,-3.936887182836547e-06,-1.0269841906661186e-08,-0.00010502374503100695,1.369830426266343e-07,8.520419629063905e-14,2.15800956752372e-05,-1.043710642731213e-14,1.1246135975673597e-06,1.2919375354243896e-07,2.4813285274218744e-13,-0.00020100877732193652,1.612101447764737e-05,3.4677873908217977e-10,-2.4289757168485817e-11,4.3941669958346694e-11,-8.828978533781496e-12,-6.471995771821188e-11,-0.00022175256257801092,-0.0008482078338707625,-4.9324014353219445e-12,-0.00028963784252631253,0.00043572121291861804,0.0005393316115897692,6.356068323571806e-11,9.560178971503827e-12,1.80990754692262e-12,-5.480026240510205e-11,-4.679229099883569e-12,-0.0013517935198087598,-2.6181090386031365e-10,0.04082550674207037,-1.4051779427627547e-05,-1.5343017900831606e-05,-9.392030533616889e-08,0.03239515582305156,0.0511976599422906,0.05109723365912001,-0.00836864966578345,5.1255140717524245e-05,-2.3728257445893245e-05,-9.972722869423788e-06,-9.718924361951615e-06,-0.0001314712608887112,-0.013572887176716553,-0.0029229316579006182,-7.481020833278909e-05,0.0002891767246225511,-0.05720803126705426,-0.20967535018449024,0.14741101712423582,-0.28028276636803456,0.020451688210976166,0.09302097392526863,-0.002288755649778705,0.3200123914824324,0.003959569206230262,-0.003151681881290234,-0.3098901016135063,0.03024290196808783,-0.1283385850511449,-0.024024712226650497,0.4434157382831107,-0.11270961853261027,-0.09384603809261388,5.553624261318229e-14,-0.024404782022591626,-0.10118807035269946,-0.3342307469614863,0.07331547019416247,-0.1752125839377659,0.07270913931967832,0.003947826547063304,0.022248130248558217,0.002653967157404426,0.0875886869075609,-0.4543000659145646,-0.010502632075621384,0.14842242767159333,-0.0021516324492253753
18,1.0160926222041428e-07,2.9130134103927683e-08,8.448521719744797e-08,-4.9103237393112646e-17,-4.3792431698986555e-17,-5.65156384303675e-17,1.0732580910448669e-16,5.832556111791339e-17,1.7428253858483425e-16,4.065658756922801e-17,-8.721915832938388e-05,6.409302623211266e-05,5.262536293578633e-17,-1.7118613541345055e-15,1.6456990985470976e-06,3.969346770324833e-06,-4.40278557257405e-06,-9.809180643893132e-09,0.00010349241163497213,1.4458675546939078e-07,8.972120197583046e-14,1.7037291689374992e-05,-5.971068543657452e-15,-1.2083163749382539e-05,3.606091612091986e-07,5.241758470322425e-13,-0.00021991533078464932,-2.1430665353758186e-05,-1.911631072561107e-10,5.4289295753977824e-11,6.630151531500836e-11,-2.9918009915789963e-11,-7.948374557214675e-11,-6.257485071602082e-05,-0.0013565221580521592,2.813057589151207e-11,1.107975611216514e-05,0.00018989614185901978,-6.164751076472446e-05,-3.400567904776157e-10,4.605361011076695e-12,8.32298446901126e-12,-4.282815215404902e-11,-1.8684470325168113e-11,-0.000955016128351951,5.053964721175133e-10,0.020115574710899104,-8.358018767411917e-06,-2.4980237419704286e-05,3.935091864777901e-06,-0.031477798398568665,0.05656063411520565,0.05652518006508078,-0.012475791846122075,0.00013509489227022577,1.4076641587062614e-05,-3.954401786923555e-05,-1.3780309311803674e-05,-0.000180325167093631,-0.02659899255896816,-0.005087757710009662,-0.00024827534585385657,0.0004736076419653738,-0.08789509530428227,-0.27334560661564783,0.2209373977923563,-0.35075821406075414,-0.023071096512493186,0.11141741564349102,-7.233498025815473e-06,0.021868982090467455,0.0039172870062890225,-0.003609966376615073,-0.3097629691201866,-0.05601564633815026,-0.050317743270511674,-0.18434793070996858,-0.06955951445432151,-0.27694972887642716,0.21933859945778036,1.9961937092881798e-14,0.05581149507191705,0.2360807771774146,0.2527913496542006,-0.03909371440480212,-0.01400337869520435,0.08883374282444159,0.0014862748610618623,0.0032570217126046646,0.3111390587033484,0.0941454727228397,0.44584181555879254,-0.14166000688290478,-0.037627220146685014,-0.0033089610043297905
19,-0.0001349221519111759,-0.000768415396929819,0.00041492992855669244,-2.3113820241245024e-17,-7.653404420690249e-17,-1.0251799970652347e-16,5.794451579982476e-17,3.2334500066979136e-16,4.4317354073921976e-15,3.1450057492080643e-16,0.013317348763428985,0.009746440857835575,-2.7002165245323685e-15,2.83294442218025e-13,-1.4600188886749121e-08,-4.330057978148147e-08,4.999500993714094e-08,-1.478318103167702e-05,0.006043358981072232,-1.3006477827033008e-06,-8.288619574694133e-13,-8.894090353233539e-05,-1.1127397925468906e-11,0.0017157927193788421,4.79933545309561e-06,3.9410468258010645e-12,5.346917701425274e-06,-0.0010478180261729267,-4.3894842598174945e-08,1.325865178620678e-09,6.53572381332996e-10,-4.602600553176267e-09,9.251231051619242e-09,-8.883365050728564e-06,0.13846777644647798,-1.3069821947591258e-09,9.618620231586e-06,-7.377089733804041e-07,-1.833061034003413e-05,1.8528891379262574e-08,7.131380401791685e-10,-8.865432494328601e-11,-9.137624223201765e-10,-7.544178079952187e-10,6.7557439026203e-06,-3.0981513955679743e-09,-0.0046900863163204885,-4.5245908034779236e-06,0.0001345448049644803,-0.00023148417505528546,0.10105770528580202,-0.10775812760014007,-0.107628815354549,0.8672906013065462,0.0002048241918751035,-0.0011482318262680063,-2.6748183865354357e-05,2.4462935428300216e-05,0.0001586645948157369,-0.005942417685182825,0.0690647290813473,0.0016287668049213397,-0.0022439892487556247,0.004206439729188842,0.044125626129580486,-0.08361935975089696,-0.15432914400084985,0.08133558501172584,-0.047877989449518384,0.0001572542637390464,-0.030357569162901322,0.006044513942223272,-0.009755270127884332,-0.029051651921510976,0.050808321988736804,0.10833028943508456,0.023140614160717724,-0.024832229437723924,-0.017786235689537543,0.004073448872800879,-3.1831638716957304e-14,0.0419114502911545,0.11865019070594218,-0.0034900443337749186,0.13053568718804778,-0.0515208291094444,-0.19607040648950758,0.004947180037531347,0.0010891479364546505,0.040397799105237955,-0.12101009475883577,-0.053224167820935565,-0.17714531554102494,0.07870100856977913,-0.0011073924034089079
20,-0.0005405046497048075,0.0003331484324792815,0.000794156879920096,2.6429042746371035e-16,-3.404740919116131e-17,-4.8267217623215416e-17,-1.141490047655031e-16,1.867409173237688e-15,-1.6268159951148802e-15,3.7204819470708347e-17,0.00577897892365564,-0.014655071659228783,-1.0254901535430445e-15,1.0466736594993595e-13,-2.0692477022423636e-08,-4.7220168692700966e-08,5.559624364982806e-08,2.0049096051087748e-06,0.02166771531600736,-1.524103973383215e-05,-9.615317136998906e-12,-0.00185475503871249,2.091546303684632e-12,-0.0007096059496038582,5.403343079763703e-07,-6.251226905451751e-12,6.1463155380612195e-06,-0.0018438012955583581,-2.93084637277445e-08,3.463948482626373e-09,-1.335467276409464e-09,1.05161110535941e-10,1.5545764313254259e-09,8.701769661584442e-06,0.003619642502344935,8.79156228331922e-10,2.0580794728946558e-05,-4.100784088312004e-05,-5.362294912916094e-05,-9.860508287750678e-09,-3.900163108795656e-10,6.744891754737755e-11,1.6399920656466431e-09,-5.0263796356229276e-11,0.022455951790577293,1.2420837186509967e-08,-0.012275205240925286,0.0002370519480309901,0.00010085908673981686,4.342354747469115e-05,-0.6404946689495252,-0.41008299896245415,-0.4089566097244226,-0.02163160936975694,6.215656005964697e-05,0.0004349589208041573,-7.360447328937897e-05,3.079109104123218e-05,0.00044625587720362864,-0.0020332302867405888,-0.0014765030528743723,-0.0004236446222258592,-4.099501876729272e-05,0.010533870699126124,0.08199081595864842,0.03858764633625383,0.021199006186842926,-0.07564950883658068,0.06126695182022477,0.0033437166152577497,-0.24113304681368541,-0.0010435558270307837,0.0013053314659984604,-0.12008411856859846,-0.02816627962889623,-0.018736337370435233,0.1577617607002557,0.010610512750218985,-0.14626221262420477,-0.11371869621000405,1.7633094599781367e-14,-0.040424785578284717,-0.052112290411008025,0.0031253632105054914,-0.001712958691819428,-0.2251822317646796,0.09349675974947014,-0.004285399931243015,-0.010269445923226365,0.0600466383925545,0.09632179132316142,-0.009930978037028066,-0.030282204907009648,0.15280004698372565,-0.0019992088980801417
21,-0.0005714865259375243,-0.00010957825307311312,-0.0008509274095571697,8.063687207199684e-19,-1.674393533422211e-16,-1.0229078770266151e-16,-1.5131544108845918e-16,1.822175806207397e-15,8.196945284704133e-16,1.212167166398728e-16,0.011033737208536905,-0.009502531583512571,-1.8273255558175337e-15,2.0704112356054028e-13,-2.2461608214024285e-08,-5.564556886071454e-08,6.40338978547849e-08,4.96673891468601e-06,-0.02294225524238148,-1.5892919984388495e-05,-9.948602048675422e-12,-0.000987165598275222,3.3541371493571305e-12,0.0008044312146343244,-3.6688194206700734e-05,-5.020965999583723e-11,6.994085205679192e-06,0.002391104317199227,3.6262134822278205e-08,-5.210161651300543e-09,-3.4437848484387158e-09,3.048536782204011e-09,6.317341513441666e-10,3.8254761061982874e-06,-0.0014189177919853523,-1.0911968816732518e-09,9.726035635729676e-06,-2.8229731026992358e-05,-2.084385893428981e-05,1.0357791273570184e-08,-2.3244512592134128e-10,-2.911769820669189e-10,1.0769498469669066e-09,8.161744137651517e-10,0.008547649812572576,-1.457822705303614e-08,-0.010399751769331942,5.232452391046136e-05,0.0002704452131975616,7.329602677252836e-06,0.5695208117113745,-0.4426975613939113,-0.44303414590003687,-0.17186012132252682,-0.0014083674964983511,8.76017963129725e-05,0.0003386535184350356,6.84870375585609e-05,0.0009166407399769493,-0.0028928391009879107,-0.0021790747320195526,0.0005983500137468355,-0.000499115239563047,0.021422507554349143,0.14616886136837845,-0.023041453465361243,-0.06173778857774892,-0.12105629224809322,0.1245980513235502,0.002403128784081034,0.054011435735418625,-4.2596232356356415e-05,0.005896662186819358,0.028552876308871298,0.10572162544724165,0.0029268177725254767,-0.057739025618867075,-0.04905546703817348,0.05433039094229098,0.27910104926468887,1.3292112765680451e-14,-0.007436708216558085,-0.037504016889430294,-0.021265151421708792,-0.09587719622696857,-0.02641116165131632,0.10689340969320674,0.0017443179109439737,0.008972306358485192,0.14699114416792192,0.09964948069723531,-0.1121881648303223,-0.16523677003497744,-0.016075715349281764,-0.003293726042436248
22,0.12521096333398835,0.6444717650882927,-0.24757889716761877,1.384751885396429e-16,3.308505890062594e-17,-1.6956364266813332e-16,2.5759070477843035e-16,-2.113188549734674e-14,-1.4153420482795953e-13,-5.554616894207278e-15,-0.2909810463356035,-0.20570488751334437,6.680708709711243e-14,-6.289558296628198e-12,1.86721143116335e-10,6.847398568153337e-10,-8.244049963694179e-10,0.00022181254547177858,-0.08289542492497272,2.094900745283817e-05,1.3492299727858624e-11,0.0008867791813973897,1.6890161597428183e-10,-0.015656637715154683,-5.097280711211807e-05,-4.305776350207984e-11,-3.7423538204606877e-07,0.006870155221747222,2.7693721515211515e-07,-8.781221473440073e-09,-3.8355966960749156e-09,2.6201911815123714e-08,-4.5671828382379655e-08,8.730026823665233e-06,-0.37626596964128456,4.956606462969845e-09,7.995956948854822e-07,-3.072077046325525e-08,-9.438497509758447e-08,-5.968467513593756e-08,-2.315634654781736e-09,2.689226391191727e-10,2.7662953838822874e-09,1.960263626360336e-09,0.0007966131823374203,4.3412344005984545e-09,0.00033850578126388064,1.2110031278881262e-05,-7.75765168689506e-05,0.00013145628973302206,-0.020272408954684767,0.014254144130493002,0.014265867564748754,-0.14881226605304596,-9.584147984958184e-05,0.00012268852956228628,1.1496831487622763e-05,8.147707712361194e-06,8.382430826977924e-05,0.001697242772366167,0.02313363995633051,0.0007500059314968073,-0.001303538112857855,0.02072511465810857,0.07414141046338851,-0.09867483710661187,-0.0842820589803152,0.07171472752809271,-0.06481715676484706,-7.621276111214737e-05,-0.01173361148527113,0.004919472548594221,-0.008407565824587902,-0.07278314064005742,0.05880169518377367,0.11617290990480882,-0.0024531358808442165,-0.06937307001343496,-0.04835646250803099,0.006645667834467817,-2.7243170878972234e-14,0.046074911067178176,0.10729278702395853,-0.00117589449687701,0.13180300180006824,-0.05832578145042761,-0.21387048373217415,0.0044455079780478714,0.0025682887845824556,0.006915286332624308,-0.12795908954022264,-0.07422571337444386,-0.19293896428199536,0.08557666155502242,-0.001213878541808293
23,0.47286044420290313,-0.263371975706942,-0.4466256383825964,-1.117235330753543e-16,9.153753089865935e-17,5.788245716584301e-17,2.6912215466237417e-15,-6.885379219914372e-14,4.642807225339535e-14,1.953301894653822e-15,-0.11853921196651471,0.29049919581894906,2.3287844814875065e-14,-2.1842547584274005e-12,-7.176689071579555e-11,1.685866564778731e-10,-1.8939791859023745e-10,-2.8389098831327852e-05,-0.2797334967692926,0.0002399499227267749,1.5285836581146592e-10,0.018757030750609714,-2.995653431429089e-11,0.006175069705647841,-6.718080152790875e-06,5.958538500717687e-11,-2.580063316307769e-07,0.011400608646512354,1.7465033149209613e-07,-2.1541272720282882e-08,6.973092647944515e-09,-5.171644160230994e-10,-7.050106981665215e-09,-6.193165623498409e-07,-0.006725182061648001,-3.2298740291050192e-09,-2.5982918179494867e-06,6.101608165454431e-06,8.855399922097943e-06,3.084843920824462e-08,1.1897424981901264e-09,-2.1387214588484386e-10,-4.533219936692835e-09,1.4274676320971432e-10,-0.025207183282917014,-1.8251085299593174e-08,0.0028317669857492195,-0.0002461013052970901,-4.878972143484398e-05,-2.770466324852761e-05,0.20465370689988596,0.12753091633319216,0.12727441749235505,0.01452965240815293,-7.695334489059859e-05,-6.206643976538609e-05,1.270005048083777e-05,9.180968188090511e-06,0.00012911826695508722,0.0020711340679336492,0.0014191399429232426,-8.867663121198762e-05,-0.00014183123732376478,0.019604304756946026,0.10040446450385565,-0.002306264883091587,0.05879000409453144,-0.06356541215572935,0.03512826778105339,0.003194236437907881,-0.2456669648032055,-0.0013185308925162996,0.0015296417677163742,-0.07400607909029128,-0.021610959756932627,-8.436894465656267e-06,0.16956072110882972,-0.041544422988792684,-0.13568497946523006,-0.11524749770033513,1.653010973141825e-14,-0.04068645316532978,-0.053090059152898,0.028343111403408054,-0.010082066065535928,-0.23476710451542757,0.09704934289267053,-0.0038174803740987787,-0.011159550361581961,0.05041006834784293,0.09753282704438944,0.01334685816530947,-0.03391530450443061,0.1548545724302672,-0.0019584482781323945
24,0.5030119485618033,0.08713833515869764,0.4814836947166769,2.4367241892331347e-18,3.516396343037268e-17,9.324023489841447e-17,3.16538642592792e-15,-7.281043278690387e-14,-2.3140877469946908e-14,-7.948819179321562e-16,-0.2283103835044259,0.1893262369681859,4.173904285442902e-14,-4.355473185374894e-12,2.0663727347608834e-10,2.470966437869858e-10,-4.458908603040873e-10,-7.099594568027582e-05,0.29810159296816857,0.00025170968385193344,1.5909710957311524e-10,0.009982152825248268,-4.8505268735799894e-11,-0.006939244102059,0.0003604643466363673,4.974778327375148e-10,-2.8420678110356497e-07,-0.014871082268453264,-2.1904668118046844e-07,3.247109054830478e-08,1.8388318750312513e-08,-1.653359360923768e-08,-2.5821871436071082e-09,-5.444942326772137e-07,0.008595561028886096,3.933287695485268e-09,-1.367934027532296e-06,4.27006692305134e-06,3.7731811658314957e-06,-3.1510054821169934e-08,7.178548658065829e-10,8.656128271940323e-10,-2.9695587804162002e-09,-2.008443087932258e-09,-0.008730632800738517,2.1086638414788318e-08,0.0024572420297529116,-4.4140958824092484e-05,-0.0001620822635084588,-1.0611354305590414e-05,-0.1804705607160111,0.13771504448747135,0.13808682549713197,0.05986292221036876,0.00025243613795627496,-3.2220464733715595e-05,1.87557566361245e-05,1.3984838713536807e-05,0.00019212241614529365,0.0030486451426559123,0.002608876676950804,0.0003167010090472878,-0.0004110326809973277,0.03081052327147348,0.15265304007826871,-0.055077768216611964,0.0056154902139585496,-0.09367859370579266,0.07864585479817768,0.0022388108884513597,0.03009181392743417,-0.00048563800556283745,0.0049289022660674656,0.05110262140686648,0.10671224844591173,0.016941034288772347,-0.04330350858968329,-0.0693967671136383,0.07577847301385857,0.29156835071552284,1.532152467857573e-14,-0.012541638618152254,-0.06204111858786854,-0.03577583519301672,-0.09255063889669082,-0.03081834270082787,0.11067009745633093,0.0011809768371476984,0.007137463781204593,0.11254043627020732,0.10130662467260838,-0.14684027063141455,-0.17108077878198072,-0.0134115502372084,-0.0032678542298307193
25,-0.12715313693398633,-0.6543986184379388,0.2512799352803324,1.2615059966967202e-16,8.325978042221104e-17,-1.230279039538256e-16,2.5511910944418705e-16,-1.9730732995956677e-14,-1.3058155641779289e-13,-5.163608886627519e-15,-0.275619640660453,-0.19480028702188967,6.298502086405888e-14,-5.950538687498519e-12,2.1598852757667083e-10,7.654662184849278e-10,-9.178880503854792e-10,0.0002131230175407851,-0.07818376684913174,2.0409346923992294e-05,1.3133178097983974e-11,0.0008523682326585217,1.622553541550766e-10,-0.015317692787318026,-4.860958187940835e-05,-4.0634984853755555e-11,-3.813886483988015e-07,0.006715464023272565,2.718891042284718e-07,-8.550656540594772e-09,-3.760045411465595e-09,2.5796718986342532e-08,-4.509113095770529e-08,8.683501580770219e-06,-0.3737608444018201,4.914957016716188e-09,7.699978934487275e-07,-2.836275929133331e-08,-4.387528433794264e-08,-5.9246764060032096e-08,-2.29708112279633e-09,2.6763135910273676e-10,2.7462743022992445e-09,1.9468207075554453e-09,0.0007948552942203192,4.33816074385426e-09,0.0003491162921199139,1.209052266912101e-05,-7.770066058619446e-05,0.00013175092422389948,-0.020249207168040417,0.014467305852225552,0.014478436311132301,-0.15086153807980887,-9.661700099368929e-05,0.00012539393753515724,1.1667441919075642e-05,8.09641708546255e-06,8.356616493399449e-05,0.001711927935425412,0.022961197733603285,0.0007463937259491238,-0.0012987953705527122,0.020738799775498,0.07412857181344337,-0.09859308843591422,-0.08402151892778516,0.0716012875543886,-0.06477600429058222,-7.671726159834306e-05,-0.01165637935017183,0.004911476981377167,-0.008394436932758006,-0.0728286107435,0.05878845035846993,0.11611601529544426,-0.002522780877873828,-0.06944935985194085,-0.04841339925495104,0.006650722127283332,-2.7535030100000202e-14,0.04606605396902972,0.10721464968922342,-0.0011617020279167556,0.13172731322739148,-0.05832913824466397,-0.2138650116888526,0.004440335246548618,0.002571369605397049,0.006838350293508213,-0.12794191092694965,-0.07422863919655164,-0.19292965873397744,0.08556982459596388,-0.001213804421338712
26,-0.4801344255252445,0.2673913543388231,0.4532123713995278,-5.619995371644997e-17,1.09275425270509e-16,5.883609043261538e-17,2.5890724034671033e-15,-6.372482411617143e-14,4.288263585347011e-14,1.7685090557486045e-15,-0.11299052027459841,0.2769429977704913,2.1955967273588702e-14,-2.078093480137027e-12,-1.9057500512615084e-11,2.742806041116548e-10,-3.159665398033295e-10,-2.8455231286959634e-05,-0.26696945711537173,0.0002312797856306793,1.4726961006121746e-10,0.01826725222395403,-2.9619393130601933e-11,0.006016037128850209,-4.40819808514978e-06,6.079896198324196e-11,-2.689406536983099e-07,0.011140143905189116,1.7061650509324245e-07,-2.103715769265943e-08,6.927583983917065e-09,-5.884182472239598e-10,-6.920521208015494e-09,-6.413668741557855e-07,-0.006481483501182591,-3.1935991036248034e-09,-2.6413358118388493e-06,6.1791123052688e-06,8.967918286528358e-06,3.057876564044551e-08,1.1825797416642303e-09,-2.1094100028770162e-10,-4.505753257572483e-09,1.3842343250877922e-10,-0.02517955425044214,-1.819471847604893e-08,0.002856034240854592,-0.0002459315363202478,-4.889947991323794e-05,-2.7750944029488282e-05,0.20648555615353684,0.12831816522569894,0.12805862091600714,0.014339783538127463,-7.783194505317017e-05,-6.300799717787463e-05,1.310392291311483e-05,9.1267179941355e-06,0.00012833028738199536,0.002077098208061699,0.0014094482690737492,-8.75200212900172e-05,-0.00014169013914337478,0.01960747351214798,0.10036039277567448,-0.0024089726791615253,0.058815732067223,-0.06350824330348491,0.03506219770438495,0.00319164477218904,-0.2454777473643249,-0.0013184587334500518,0.0015312400436443216,-0.07383596607508898,-0.021567627575332957,3.4705164007939615e-05,0.1695320032456655,-0.041673127148011586,-0.1356297221389605,-0.11524164715688823,1.66431445199582e-14,-0.0406719321417349,-0.05306909207299484,0.028416539467087228,-0.010117087316384289,-0.23477052443987745,0.09705036950355178,-0.0038124382734407956,-0.011152125437573763,0.05038549795823648,0.09752614570813564,0.013411535672079101,-0.03392215365116122,0.1548379785513131,-0.001958102012811917
27,-0.5107567063344193,-0.08846959863485057,-0.4885948689165731,-1.5085582339910795e-17,2.976109899412993e-17,1.2973706313422795e-16,2.8819689317737596e-15,-6.726795615133093e-14,-2.147732227274357e-14,-5.941546826435188e-16,-0.21763798612060928,0.1804763054661447,3.998288923859795e-14,-4.152106331981052e-12,2.4855443228346307e-10,3.6432077441237185e-10,-5.745935446454628e-10,-6.739278132882889e-05,0.2844941633431638,0.00024233860073615213,1.5312852879629508e-10,0.009797313151690834,-4.603067424894278e-11,-0.006772581870082801,0.0003499760534752676,4.833349537636347e-10,-2.9626916207639223e-07,-0.014553230393181193,-2.1420258227926178e-07,3.179712603898119e-08,1.8119761782855216e-08,-1.6238599268600423e-08,-2.6270697962236906e-09,-5.422922070862435e-07,0.008259825600798108,3.892031683469713e-09,-1.3766285386895213e-06,4.313769070471956e-06,3.7895744574238397e-06,-3.1245101165547e-08,7.117995674331805e-10,8.584538175218094e-10,-2.951698089479567e-09,-1.9942310317266836e-09,-0.008727573569021457,2.1023582160591123e-08,0.0024743279185687637,-4.416665878304175e-05,-0.0001624302532957075,-1.0628510554137645e-05,-0.18217075725998894,0.1385552973682746,0.13892792544027385,0.060503640335310166,0.00025630947509546023,-3.2501481436845054e-05,1.7722656547094076e-05,1.3810056851227422e-05,0.0001897615884501763,0.0030553059522226097,0.0026333083172070384,0.0003153544596255295,-0.0004104874683527657,0.030793059690469613,0.15248413204061945,-0.055087924643989865,0.005766340286282999,-0.09350854667755618,0.07844904913321532,0.0022371072049452902,0.0299604737526374,-0.0004856675401757125,0.004919856223324819,0.05110264137007943,0.1066421336149155,0.016966910559864774,-0.043239533270454315,-0.06938544280586928,0.07581071646140164,0.29157045772612933,1.5120072305318263e-14,-0.012553287316511764,-0.0620804238200045,-0.035823724328307466,-0.09248675707848185,-0.030826175243100228,0.11066696408516492,0.001177820020378691,0.007125745560961412,0.11241520636913555,0.10129556480972134,-0.14687814554003112,-0.17107173743150494,-0.013398471775340077,-0.003267205554035539
28,0.002074157935721582,0.010678173337573078,-0.00410597501682349,-2.3952108085671443e-16,1.3016054383892465e-16,9.28234848490493e-17,-2.2371612924287856e-15,8.178077329252248e-14,5.29682827984212e-13,2.267591995895709e-14,0.6710463755493534,0.4778455906069943,-1.6858594555934533e-13,1.492191154377262e-11,9.134468187853448e-10,2.447726274738845e-09,-2.868212864056825e-09,-0.00033168153367583514,0.21666559529005655,-1.3670714079948109e-05,-9.516737522749543e-12,-0.001337034059166337,-2.5424802463727124e-10,0.006596657417505523,0.00010204784332214434,1.1354464682530288e-10,-4.0024661388153905e-07,-0.00355179399469894,-6.43582066050099e-08,6.7441179875018405e-09,1.3299849261496013e-09,-1.4882114864786491e-09,-5.350472456028453e-09,4.515766443109563e-06,-0.18129242501699738,1.9565857295092085e-09,-3.155570883925585e-07,4.787095351922511e-08,1.475505296416543e-06,-2.7110651658025107e-08,-9.331797089521694e-10,1.7301055310508997e-10,1.2454423273085413e-09,8.932653296920576e-10,0.0007768086814753032,4.08618609130134e-09,0.0006317854943489651,1.182792489427632e-05,-7.210225920827852e-05,0.0001227841821796109,-0.021238585999426244,0.019877270449933176,0.01987566632802226,-0.1976014275541785,-0.00010652052407722185,0.00019657847648903084,1.59890000746773e-05,5.9038014687828295e-06,6.960675592708827e-05,0.00206150550386626,0.016032442687520312,0.000591249923475517,-0.001085041306587348,0.02044778077919472,0.07137269670079131,-0.09297930691690375,-0.07351203667776203,0.06594843886525283,-0.061561468887190676,-9.084087508290825e-05,-0.00862065114319961,0.004532396215114452,-0.007749563442554106,-0.07281132579882348,0.05764901248997432,0.11270631405931407,-0.004771036564818739,-0.07097699014682286,-0.04978332215619344,0.0068286167593100446,-2.6676921570723963e-14,0.045435831713791945,0.10373154472595945,-0.0007399571922517563,0.12786791722370108,-0.0583784389327852,-0.2134833363820373,0.004178051466500869,0.0026491353937382616,0.004463643549189153,-0.12714281320071055,-0.07364368897498473,-0.19231980704962887,0.08518413968548531,-0.0012079936614587039
29,-6.956382182513808e-06,-3.964559590994811e-05,2.1450320831292834e-05,7.176090359145797e-17,4.693043220934089e-18,5.304068199142786e-17,-3.5781795581385467e-17,-7.781644027097793e-15,-5.5261230279694195e-14,-2.5323070050685683e-15,-0.10496469011393694,-0.0780552317361801,2.5053142308329885e-14,-2.2945800016179916e-12,-2.567082257669866e-10,-7.019579406496592e-10,8.439956129520514e-10,7.948117238611391e-05,-0.05789151032896899,2.8847777966639068e-06,1.9860949681273227e-12,0.00047608530369863135,6.011693839975236e-11,-0.0028835202762164973,-3.805436578406324e-05,-4.186254362049438e-11,3.28158250228018e-07,0.002460988119551244,4.6864630073519877e-08,-4.6471562180202375e-09,-1.1425158786708136e-09,1.2693167290883122e-09,5.700552478481046e-09,-1.782730270052507e-05,0.8154391727708805,-3.4103034885785105e-09,-4.423371562763521e-06,2.8781865768535796e-07,6.386440923449749e-06,6.99517136599072e-08,2.4205267873167656e-09,-4.840987182953255e-10,-4.1965234023546405e-09,-5.203044265830719e-09,0.002939848714044441,2.3846583728426313e-08,0.0015176702990021328,4.0004100493745356e-05,-0.0001652183227562628,0.00026014325053417664,-0.03781230435881586,0.03762950456446132,0.03763674468348066,-0.3282626385843875,-0.00017902695931637448,0.0003147776531125585,2.3507442864847998e-05,8.242394257662301e-06,9.652795570218062e-05,0.003322892728226529,-0.014425273290884277,0.0007687549301775429,-0.0013319204399352752,0.023156187366888018,0.08010837047781745,-0.10292392105862351,-0.08026513158913018,0.07113495361111376,-0.06629596979269435,-9.488161362491587e-05,-0.008896434284156382,0.004867486134506761,-0.008324827499148448,-0.07420873528159333,0.05832945048204531,0.1128327169968539,-0.004967314397909168,-0.07004191708007308,-0.05173674340016478,0.006707349878010688,-2.4747620249600927e-14,0.06279180844393685,0.09380008705306125,-0.0007446665834827064,0.12188050687997425,-0.05737895986943801,-0.2101187652197654,0.004449854411487566,0.002718583041592924,0.0024540014683627595,-0.12603510824828792,-0.07161190135748847,-0.19034685524754347,0.08428037843269616,-0.0012113296327618487
30,0.00780500099870988,-0.004346496442797255,-0.007365014132596184,4.1838954460959285e-17,-1.696314364379925e-16,3.2925529234208596e-18,-1.0204689950955504e-14,2.5854605221819526e-13,-1.6998227535808075e-13,-7.962700044085665e-15,0.23067364125718615,-0.5649102621654896,-5.4383691142711636e-14,4.4769211985732614e-12,1.6784950214825172e-09,3.2506035034207874e-09,-3.93316738292694e-09,-3.0622484076002115e-05,0.5368397523749407,-0.0003136560486293822,-2.0379819528948717e-10,-0.01324705262490956,-6.955979772955065e-12,-0.004331930806156754,0.00014210880270289127,1.358521235495553e-10,-4.691646483250751e-07,-0.006279523893364808,-9.993568581729443e-08,1.2661673532438382e-08,3.7760551587070954e-09,-5.365607789460656e-09,2.016004533691641e-09,-1.3524315069678911e-06,0.012404024010925035,-5.537529094277843e-10,-3.3944009274159683e-06,7.37566207289319e-06,1.073104165254936e-05,1.0145845136283946e-08,6.360310909288034e-10,1.154465938296426e-11,-2.3638203432180896e-09,-2.07477831583331e-10,-0.019610117774181583,-1.1466978503154922e-08,0.0032207055411119984,-0.0001949638779826523,-4.884293802302775e-05,-2.67726387579637e-05,0.23305815312504422,0.13912692889765577,0.13881377266180672,0.009421824612692377,-8.921316342104441e-05,-8.698551721874309e-05,2.4627222792471422e-05,6.834341510173565e-06,9.55212785574954e-05,0.002145913977170671,0.0009224359469354389,-4.5290030195598756e-05,-0.00012875742245580305,0.019103627490238733,0.09610562388584326,-0.00564941268306776,0.05793471304955718,-0.06054987758472714,0.03257721301664983,0.0030484118378395985,-0.23443132560041802,-0.001291004052705226,0.0015820837769841187,-0.06693817655033038,-0.01956757815405579,0.0012970051657649655,0.16749992470352582,-0.04521363039975441,-0.1329394836985699,-0.11494071382180064,1.661770880919457e-14,-0.03992206830408622,-0.052076920058493716,0.030547764698374304,-0.011405927399739287,-0.23468944373114214,0.09701999841056443,-0.0035550694381632267,-0.010680795223765817,0.04936078510066844,0.09717070985409394,0.01494766903206699,-0.034108389541642935,0.15401561155953775,-0.0019422267923028605
31,0.008302861117254763,0.0014381975015429096,0.007940104358521369,3.5943524981673324e-17,6.590918106818696e-18,-1.261637494529937e-16,-1.1205250537893325e-14,2.6918573979242787e-13,7.612421867471618e-14,2.171070338445699e-15,0.4445335496617464,-0.3681888825583213,-8.02554897160175e-14,8.461115081490934e-12,1.2670902665785816e-09,3.7155593019087955e-09,-4.06765741761899e-09,0.0001577589487274157,-0.5720949424071796,-0.00034576945644571125,-2.2127489026710928e-10,-0.002168448652976949,1.0847772773299502e-10,0.004077090319394396,-0.0003244884990061956,-4.2600244595530346e-10,-5.46873455680966e-07,0.006698109041589459,1.1049734556425729e-07,-1.3264148807257736e-08,-1.727604513134186e-10,3.782902470496967e-09,-5.6329485163534625e-09,-4.465389010601297e-08,-0.01738396779190832,8.904910399588313e-10,-1.4070079671917232e-06,4.950718491768518e-06,3.8616233844398995e-06,-1.1153176112004916e-08,2.595946921118954e-10,3.139708682906179e-10,-1.573458499499614e-09,-8.462619962293004e-10,-0.007837440780110913,1.3516557442856605e-08,0.0026928438926247357,-4.55197554907891e-05,-0.000149945836371601,-8.454659732749365e-06,-0.20674442959210274,0.14934866094503663,0.14968582065558328,0.07189765552594199,0.0003429771150535744,-3.761518362005631e-05,-1.5673514273325924e-05,7.3853137105806625e-06,0.00010271128816006646,0.0030770361681034604,0.0033803923345406784,0.00025628362679325396,-0.00037882323511361713,0.029227238816837694,0.14233113372698186,-0.05377573041493139,0.010364105123136633,-0.0855646105651414,0.07001155684484742,0.0021464280828064237,0.02423311027814594,-0.0004659242799413811,0.004479376009210842,0.04975635650655446,0.10264925502475857,0.017679234038731683,-0.04075837543894484,-0.0682727267058995,0.07611908808904096,0.2914149871456166,1.5196510475184207e-14,-0.012835284891926405,-0.06264516703721712,-0.03713640838063627,-0.08929667863603624,-0.031086007713774937,0.11045085019566935,0.0010387334836728618,0.0065828585430292375,0.10757345057473373,0.1007433844872219,-0.14623726413832386,-0.1705038282360568,-0.012893322129714021,-0.003236692629614891
32,-1.0129915962399059e-06,-5.216460174571045e-06,2.0096876844191426e-06,-2.356516405891187e-16,-1.5659725701184049e-15,-9.239012471946963e-16,1.0839942408317979e-13,-2.6355881455516677e-12,-1.612583381064492e-11,-7.731528777989374e-13,-0.016908907680434297,-0.011973136628872248,8.915961090144314e-13,-2.5161736459670904e-11,-6.176504212991264e-11,-1.8573965211246412e-10,2.293824733420703e-10,-0.006970336378782033,-0.004013588523166886,-0.0012223755257889865,-7.710943104312829e-10,-0.02304670110767443,-5.287320935025203e-09,0.6489584767681872,0.001815860262317025,1.3790108846391918e-09,-1.4004267606693948e-08,-0.2958811420361645,-1.0416709039567183e-05,4.2043290975156924e-07,1.599538192465139e-07,-8.816382772888111e-07,1.2880509760748468e-06,-8.603280795103322e-08,0.003694660525245616,-7.610807887501757e-08,-4.68602880074784e-09,5.108318351279349e-08,1.5739292069421848e-07,5.436189326784759e-07,2.7609818687236802e-08,7.292732893995727e-10,-1.7912042290462793e-08,5.4858028900746775e-09,-0.017806083855114997,-1.7434833580205724e-07,-8.688435115183136e-05,-0.0002327237955982503,0.001145737625988468,-0.001823185201334531,0.00835455111467945,-0.004016389826421428,-0.0042741772128113194,0.029585902162294613,0.0006829191907471322,0.0009447358625404189,4.0750078131495686e-05,-0.00010024745824120669,-0.0007817111760496216,-0.0007635742611180212,-0.005150716774726139,-0.007063465657517768,0.009755987669878067,-0.03410586524351327,-0.16439773727961576,0.2670038463303715,0.39669591778132834,-0.22621512481104,0.14238268963874248,-0.0004626706560173724,0.11178450147341797,-0.014611790716200342,0.025294712319863428,-0.014514250700595975,-0.009053718929423858,-0.05321118202854875,-0.07960351294288821,-0.1003580952178223,-0.06613011994322072,0.014227646262863448,-2.379168926064176e-14,-0.12539355066414826,0.03439317035485457,0.01251728908261105,0.0002451156214846621,-0.0662347118583793,-0.2207939908166626,-0.009797588980943054,0.003964495846226821,-0.05683720160864271,-0.10094056504739085,-0.04853420626798967,-0.17738385087955347,0.07404997545505415,-0.0008743344693758537
33,-3.820479292042936e-06,2.1290250549355245e-06,3.6071989559184104e-06,-1.0238061496620388e-15,6.369660362423674e-16,-1.3868257853691736e-15,4.2291818805620625e-13,-1.0153825368073024e-11,6.517278728909011e-12,3.2996320454133705e-13,-0.00792000540505526,0.019452619042097316,6.874745253463917e-13,-1.6905977326205745e-11,-2.0601723966890593e-10,-4.925296401035937e-10,6.595782215281211e-10,0.003457573246991503,-0.022569713764799527,-0.006153573610446146,-3.792448625754095e-09,-0.6282296488961654,2.645399928183063e-09,-0.2065507378677421,-0.0017471159068726905,-4.628024102092945e-09,-1.0452368476963281e-08,-0.41688800772376033,-6.4714681091552095e-06,7.937774514338667e-07,-1.719936016305048e-07,-4.679868620902916e-08,2.43043986717996e-07,4.535808595528969e-08,-0.0009492950689916224,9.780173288369632e-08,2.505330787906194e-07,-1.1091509101341176e-06,-3.8145688591124043e-06,-8.488816752088757e-07,-2.5700363605353068e-08,8.199341965643192e-09,9.386991125206193e-08,-8.166565968930701e-09,0.28192643645511156,3.0117313958811747e-07,0.00010629595539751601,0.0026453043057992538,0.00013401815004609996,2.2570365176645807e-06,-0.005407254334721834,-0.0032251231446146795,-0.003769080481745472,-0.0020093468375912585,0.00021401612601562426,-0.0007121302947157916,0.0003084689514810882,-8.681605089460822e-05,-0.001230347129308896,-0.00039003436626598855,-9.044307634455049e-05,0.0013549515416302407,0.0006885010016734784,-0.018698208197007318,-0.14147602735353354,-0.1044965686644123,-0.021055972905507765,0.07191189171562956,-0.06031252938823068,-0.003640670070141127,0.29124513740062624,0.00024256858549618382,0.0034654456320898615,0.21003897044991066,0.06574589791559039,0.03984104102913976,0.0640937710303051,-0.14579076414318204,-0.01193905944165495,-0.10188747925305504,8.984360531210022e-15,-0.016122571701394323,-0.0023927761305257843,0.09578371137933182,-0.05592740296960226,-0.22689640932344984,0.09190669322691303,0.007838298123004064,0.012331672465185007,0.0081094036670849,0.07991549429050862,0.04861378553424401,-0.04027052953903582,0.11774724344863963,-0.0012465258152478441
34,-4.056857300089165e-06,-7.04323640236894e-07,-3.876873887704084e-06,-1.0876082024775935e-15,-2.0401181729278887e-16,1.6768772951650384e-15,4.254620247955963e-13,-1.0208392784676679e-11,-2.5285698776325963e-12,-1.0606048780634355e-13,-0.013505400910632332,0.011407739093590207,-2.8012618200646097e-13,6.690905049145543e-12,-1.577693066715538e-10,-4.326386088438256e-10,5.531459565667433e-10,-0.0009574275256328706,0.015760277156086792,-0.005480550014433654,-3.3938152886170496e-09,-0.4132897640017266,-6.972388078502854e-10,0.22940850568309717,-0.010936773645497845,-1.5381861105754433e-08,-8.037607781077143e-09,0.5330953314211514,8.03844093839652e-06,-1.1518227004610353e-06,-5.847832824267999e-07,5.697707647969182e-07,-5.393878741965424e-10,-7.373183730257999e-09,0.0013345609815799046,-1.1384254888390387e-07,1.447053778393638e-07,-5.241800164751733e-07,-1.0517870892670954e-06,8.627954971877455e-07,-1.4608118215990288e-08,-2.1756847177072064e-08,5.356125542052643e-08,4.12390401034489e-08,0.050861806077040154,-3.333339548557331e-07,-0.00026633222123910954,-1.099768646327537e-05,0.000886245996833761,0.0002536770188739241,0.020217556942808787,-0.01919178995228405,-0.0219505517179215,-0.006630777869453725,0.0016851769116393747,3.8789502839781326e-05,-0.0010384490294051455,-0.00021839877737531984,-0.002967070544689281,-0.0011666071800280346,-0.0017378782974879195,-0.0019952451693317436,0.0009260843810543169,-0.05183840830985064,-0.3348872190747553,0.032892433732799285,0.1493351290322595,0.2604875065279596,-0.2805705432016468,-0.002045397692938053,-0.21297218917916808,0.0010989449932198231,-0.015279454270110956,-0.03822040322603369,-0.08550769984631215,0.037911860622860595,0.05607908251191241,-0.006701506598339607,0.06233659924220891,0.2798010888699856,1.311890234678837e-14,-0.00475437856317847,-0.06794473838124311,-0.07461620640301694,0.048937076387569556,-0.0389179838944796,0.10228199197533114,-0.004512341708005706,-0.01669811221765615,-0.08369456843535121,0.07664308966513207,-0.06410863084700633,-0.14099593540440347,0.005864246877557873,-0.0018979929374003932
35,8.261821981296658e-10,5.2108703464629645e-09,-3.961933088533446e-09,7.786887240010935e-18,-1.5046642163938235e-17,-1.0764739243826229e-17,1.2370055719156255e-16,2.230023385879068e-17,3.8167625604247205e-16,7.997175532052946e-17,0.0005141732508056364,0.0003972180341098084,-1.7068430612760375e-16,1.1064987799454511e-14,2.0654485769112055e-12,5.7406962645170115e-12,-7.046206018261888e-12,-5.612738674176646e-07,0.0004471072842062002,-1.8310345484709675e-08,-1.2590280525017005e-14,-4.615345642344576e-06,-4.1970061020183565e-13,3.259181164507478e-05,3.821501799753075e-07,4.17006172996131e-13,-5.625212922510216e-09,-3.80662826883249e-05,-7.477418256866902e-10,7.16319206595488e-11,2.0126360198778266e-11,-2.2267460184449397e-11,-1.1312087890454659e-10,5.756530435185335e-07,-0.02710272839269182,8.51168016178341e-11,2.039041334274225e-07,-1.5182266917331628e-08,-3.738281342444471e-07,-2.0109684846425756e-09,-6.970085701146558e-11,1.4268234079993614e-11,1.3030502228331246e-10,1.8164371062991842e-10,-0.00018238635550034524,-1.2676098450312895e-09,-0.00013029835116295615,-2.6315028363294656e-06,1.4955590266916604e-05,-2.6070908451075758e-05,0.005230924084562709,-0.00455290706381062,-0.004551339453318629,0.0550913603182514,2.8968479336270787e-05,-6.012268282234806e-05,-6.880768383795139e-06,-3.655875613265691e-06,-4.58081183436994e-05,0.01286316274012644,-0.7573116185344491,0.0003996101576742059,-0.00028430258235652574,0.0007448583564651629,0.0012711977182313856,0.0010688568145189082,0.003113687085996734,-0.00479980347949282,0.004747551026226378,1.6685828700450974e-05,0.0021304154211519476,-0.00038419219858188444,0.0006508250346448825,0.0244625162246884,-0.02320035746927311,-0.059000508308137425,-0.007621547517999427,0.0523661947847018,-0.07725591253985299,0.0035852155002028133,-1.2322335462766873e-14,0.500376227344284,-0.28009880796540626,-0.0006349424714070918,-0.18455746504961187,-0.03103695729884357,-0.11659248002090689,-0.0004577045922941969,-0.0007513827467417209,-0.05630719142628903,-0.0800543874012411,0.07450320028401285,-0.11733041988161476,0.05159952803621111,-0.0009631657084639321
36,-3.438111966521736e-13,-2.3997787150757744e-12,2.5638943667902667e-12,6.932886252893455e-18,-9.852132237127972e-18,-2.6415750565130636e-18,1.3711127549538875e-17,-3.3963479047210373e-18,3.579738389686711e-17,-2.4193422349992483e-17,-8.775770785736344e-06,-7.041472389723784e-06,-1.8939542758233354e-17,-1.9205922147253618e-16,-5.767242177832085e-14,-1.629004965444971e-13,2.0406955489751714e-13,1.3772597760583927e-08,-1.1988630235601231e-05,4.042085988917985e-10,3.2076433736028585e-16,1.5493831379943716e-07,9.938265960998841e-15,-1.2728684627068033e-06,-1.3283004516344851e-08,-1.4481198200713945e-14,3.304103449483687e-10,2.0225641662711583e-06,4.095237959348403e-11,-3.792971926568915e-12,-1.2138730099484425e-12,1.3377458929341387e-12,7.660186005990343e-12,-6.213609976409841e-08,0.0030061627705092854,-7.190867891867369e-12,-3.06172472849994e-08,2.573934003497531e-09,6.948301273780492e-08,1.9444359838749482e-10,6.7501494224098705e-12,-1.4125014773227102e-12,-1.355481170804362e-11,-2.109881132850953e-11,3.566136810443272e-05,2.163832843452334e-10,3.341463794420634e-05,5.411394733340235e-07,-3.999774534153707e-06,7.543708768192081e-06,-0.0019048351154260146,0.0015126243371089646,0.0015115308244109155,-0.022662797181726764,-1.16565957077097e-05,2.6645007618296378e-05,3.743295829487862e-06,2.2977124709412113e-06,2.9343152308890608e-05,-0.011380631380966224,0.6477537153805277,-0.00044813761204638534,0.0004636457360436237,-0.0064559607619886035,-0.02252550925179104,0.029749811820736837,0.024297340409286203,-0.02283990182244358,0.021482871235868603,3.9458021338264645e-05,0.004279371968217751,-0.0016036672262261622,0.002738026216045755,0.04292602979154942,-0.038157423278419575,-0.08979826057747246,-0.008146255799149621,0.07384106056110899,-0.08236405220067297,0.003221068041635989,-9.73934547149551e-15,0.5762860945379761,-0.34415187819407983,-0.0006300617201080537,-0.23725938320205103,-0.027972156792727392,-0.10577627217371514,-0.001550989983911042,-0.0014147139886325124,-0.06641403619973553,-0.07501898188579059,0.09982425436761326,-0.10920251036664204,0.04794964235759379,-0.0009442627650497684
37,7.2198520110745855e-09,-4.453222356183843e-09,-1.0609015276660367e-08,-5.906936842103258e-18,2.1080810925751638e-18,-5.003506740139672e-17,-2.0669915544283264e-14,5.136729890029189e-13,-3.6689752124201005e-13,-1.792664112382405e-14,0.0006512136567252423,-0.001665261428755331,-5.3883843982081235e-14,1.3683335633545666e-12,2.8857519379658136e-11,7.023325014246105e-11,-9.62081063211849e-11,-0.00042020023147748895,0.003023130762951165,0.0006666231967178276,4.067461513117109e-10,0.10812115638088945,-3.176543276406862e-10,0.04225745741912076,0.0003127760178568548,8.205314683397473e-10,3.489009795964101e-09,0.1229094170959224,1.980315471844708e-06,-2.3305286253827003e-07,5.9362905126076394e-08,1.607017872352983e-08,-9.729927299296803e-08,-3.531426562079695e-08,0.0007720511353075291,-5.28168147081984e-08,-3.5284681272340464e-07,2.045853068156378e-06,8.915844792454953e-06,5.577108274074591e-07,1.6925065476719138e-08,-5.58287699276144e-09,-6.895273440255794e-08,7.164007547341569e-09,-0.7635332512437153,-5.647782283707348e-07,-0.0010491929261487942,-0.00843053424871911,-0.0020319544071002046,-0.0006414311546983257,-0.03533682801787691,-0.03400448785860825,-0.03984542560346924,-0.0090294536215108,0.0010163612532838092,-0.002728362387921265,0.0008732313942834845,-0.00021292349489551008,-0.0029693862273981637,-0.0007657391943690449,-0.0001806024182255864,0.002411101317080707,0.001104455624224285,-0.025503415229516744,-0.18960474348563908,-0.13632400902860786,-0.02675922231287799,0.08933698037913912,-0.07470505371834484,-0.004273778715627585,0.33538434085454644,0.0002989362938334319,0.004272914794214713,0.237525611976668,0.07364917452928632,0.044096353786772104,0.06642338895701012,-0.1593345343541502,-0.012366248718103805,-0.10147523153595638,7.878287072322051e-15,-0.01696962887875064,-0.0025506939565440754,0.09765475745561893,-0.06012746343727648,-0.2261514949727642,0.09175239212471142,0.009516128717045205,0.014081550251098772,0.008576181991438317,0.0804032305670704,0.05265822125085751,-0.040450719331617584,0.11822985619882594,-0.001267378597404942
38,6.010121207456176e-09,3.096834132240303e-08,-1.1958373320663988e-08,4.507716578099999e-14,2.5641683113805094e-13,1.3836914827709927e-13,-6.287079755761366e-13,1.476491303676453e-11,8.959780047427968e-11,4.452377256414329e-12,0.0047432788001323094,0.0033429888308984168,-3.987034389701313e-12,1.0546021614962111e-10,3.474733428392889e-11,1.0910837442486048e-10,-1.3854139858243386e-10,0.015206458103179532,0.00029358242706184533,0.0027004063794393417,1.7302412423497374e-09,0.022796557326460805,1.1725071713885944e-08,-0.636025827497218,-0.0050308134667783125,-5.197674536723648e-09,3.807547295854979e-08,0.2903168505965006,7.117301005482109e-06,-5.011083990514003e-07,-1.3533924869676424e-07,4.173105046276932e-07,-2.934055138479145e-07,-3.928396865230912e-07,0.015977573734019344,-1.818044359031772e-08,3.849838882649115e-08,-5.0314013271082304e-08,-2.9839494731867737e-07,1.8665469473627553e-07,3.284332306904412e-09,-2.179350853611645e-09,-4.5377227712480156e-10,5.014643782376967e-09,0.01101375014302913,-9.81164475794756e-08,-9.264628594320787e-05,7.410689839903785e-05,0.0008836615216764466,-0.0012714505331126078,0.009783685853250833,-0.004359901474942506,-0.004487026895556901,0.03969615638387711,0.000571067117494549,0.0008170490536936722,-1.5087391124446036e-05,-8.678758943490809e-05,-0.0006792594664051476,-0.0008614801878097486,-0.0059546317592275326,-0.006604867129968177,0.009249753911239406,-0.03533547380577752,-0.16885740446627115,0.27454030188442996,0.4043347648080775,-0.2319907102324854,0.14707271668988078,-0.0004459454341827304,0.11241205044395748,-0.015112884355666817,0.026001861629087575,-0.010681165661887876,-0.014953127092090613,-0.0648586114929883,-0.08450071552395225,-0.09858737145184085,-0.06628815008447736,0.014820912636403885,-2.2946364299406834e-14,-0.13668532234048264,0.027612544569404433,0.013299615785691454,-0.009888176419797612,-0.06679974863254146,-0.2207806943732944,-0.010393541822736628,0.0036996245267308567,-0.06077631960590683,-0.09821464984507325,-0.04535695355749,-0.17534012418769349,0.07275925593885861,-0.0008393347715380154
39,2.2674244625217336e-08,-1.2640972906915237e-08,-2.1422213290302328e-08,1.7004076356973357e-13,-1.048196003445713e-13,2.4973091288015503e-13,-2.3065149642567665e-12,5.3104594755048026e-11,-3.393338036843878e-11,-1.7717205791182889e-12,0.0025610586900114115,-0.006159622978121078,-3.3745889407409072e-12,8.009877938507902e-11,1.2293120610826897e-10,3.081115076068205e-10,-4.2338054896142584e-10,-0.006255188159326249,0.008496135206633506,0.011530026148841596,7.217200157186413e-09,0.5066532268384887,-4.869889857751189e-09,0.15960741966216352,-0.004194432271333595,-3.3395854793545698e-09,3.734484827151695e-08,0.2828626973563673,4.566823545173876e-06,-5.74833700001926e-07,-2.1049584013919143e-07,2.709719970714792e-07,-6.611242756960179e-08,1.554765464213018e-07,-0.001887822221283423,3.546319499929865e-08,6.396508205631105e-07,-2.4462959536393835e-06,-8.024317710951546e-06,-4.948635666086494e-07,-2.3986836944523662e-08,2.0076846374804073e-09,8.969905835543677e-08,-1.3081459690305823e-09,0.574358683815431,4.54129771997357e-07,0.00024104841651551378,0.00589928270340797,0.0009914269233072624,0.00033092779830713677,-0.010187865884435295,-0.0028602981237370716,-0.001320890107643302,-0.0006124194683985178,-5.5332425775255105e-05,0.00022643868840996453,-2.5344562104958655e-05,-3.280900892274261e-05,-0.0004904843934784857,-0.00040905920423843403,-0.00011606311535343083,0.0008351938961570523,0.0004106453114270297,-0.017989883898149723,-0.13339794223158286,-0.09155788395061037,-0.023407722852971692,0.07578601172483047,-0.0628610183998379,-0.0037497939356977068,0.29910643662264197,0.0004261606087955351,0.0026657954025002253,0.21201980066372886,0.06611327906723607,0.04027242990081867,0.0540620744387673,-0.14359519450256353,-0.0013745704524774488,-0.10112435150411384,7.905883875815597e-15,-0.013326872861521986,0.001384258317407287,0.09954212146287807,-0.05609528258020674,-0.22688347867692368,0.0917010477986174,0.007550294421333024,0.012739831491204405,0.004060061969103744,0.07823779156398082,0.04800773424138067,-0.040689284337242275,0.11437990411174126,-0.0011758179678024454
40,2.409298747460362e-08,4.184448890955829e-09,2.2981831013403664e-08,1.8090534527077203e-13,3.4629332901722276e-14,-2.691603335370578e-13,-2.4516132984335386e-12,5.658036242059066e-11,1.3723268383326989e-11,6.042150866949932e-13,0.004354011573114926,-0.0039042620213195255,2.4399136511398956e-12,-5.909309699708726e-11,1.1027282036943691e-10,3.012871835119975e-10,-4.024089285940509e-10,0.002221478673501885,-0.004192985474100327,0.011824306667018388,7.426489481641153e-09,0.40438687070134566,1.6523407790643126e-09,-0.22503876345989376,0.017022651250165395,2.302907285157734e-08,4.489561761341634e-08,-0.5232456245239984,-8.437785770065233e-06,1.0744434647438478e-06,2.787038494452106e-07,-4.2976435930433204e-07,2.173055165733014e-07,-3.3831828031067017e-09,0.0019612194557874028,9.746534540273268e-09,1.5784262841745592e-07,-5.291961129427813e-07,-2.612215368231997e-07,4.943197580376296e-08,4.782826665660585e-11,-1.243926559394199e-09,9.85237092747406e-09,9.242199237431438e-09,-0.02571878888162932,-1.9703989382840702e-07,-0.0004764534336661477,-0.0006156550044468635,0.0004755637062666801,4.891577958032734e-05,0.029468143890400724,-0.028793939881562494,-0.03125566336859762,-0.01075992030603946,0.0013514924111617383,-0.00013989947941275726,-0.000786914923720335,-0.00020046828562140777,-0.0027215377713365055,-0.0013407993765780475,-0.00191635074323808,-0.0018147106303623333,0.0010899513187059113,-0.05406351684673596,-0.34712594298656874,0.03492316733816888,0.15010506305159244,0.2683334831001136,-0.28767077772701355,-0.002356654082053809,-0.21344854293913512,0.0010361288009944037,-0.015382927933504867,-0.039570811620095084,-0.09589562916409027,0.03839960584050953,0.06329710653047022,-0.003777952983225792,0.05996911330228164,0.27854646743502354,1.2464036124533997e-14,-0.0043946213065134705,-0.06640636232320354,-0.0766078210237252,0.05815199543257461,-0.0393527409749769,0.10126884205364975,-0.004464557139813178,-0.017447504165575688,-0.0974091231508327,0.07424557934897626,-0.05472644716708889,-0.13800242966483775,0.007472639415588293,-0.0017734336934944622
41,-1.471227954006302e-12,-7.583991542473761e-12,2.9386564698900246e-12,-1.8319568528913468e-10,-1.0429243668836088e-09,-5.627999594461543e-10,8.685998967636657e-11,-1.96382371237697e-09,-1.1824395671583685e-08,-6.097208342020772e-10,-9.763507137148587e-05,-6.122810294029026e-05,4.3824236794660916e-10,-1.0904522548492379e-08,6.293637039431232e-13,2.472176441387419e-12,-2.447676302015205e-12,-0.6523389473380884,-0.0002843618607748082,-0.11671567881630994,-7.659458622744735e-08,-0.003218658336697593,-5.153830981466714e-07,-0.004287109617649514,0.2529677798832683,3.069414600727078e-07,-1.4485304324036525e-10,0.002146230950022621,0.00011182608405726676,3.2536630352713124e-06,-9.604680869370999e-07,1.4952209977081572e-05,-2.8621235593497916e-05,6.861765503766658e-09,-0.0002883070865532068,1.817172011453577e-06,-2.3144992557113612e-10,-2.0584276503455208e-09,-8.399867803840128e-09,-1.1781241055620343e-05,-6.218882655226438e-07,-3.06351708934805e-08,3.109768432060937e-07,-8.273903442785522e-08,0.0011722248917075445,2.3524880513383307e-06,8.007255049096266e-06,0.0005535339350224302,-0.014286136664907034,0.023558496880471836,-0.000890640732217704,-5.3603943881668105e-05,0.0009499827733945684,-0.0028265847419035126,-0.005198106715197095,-0.00800190770535069,-0.0017630641477870675,0.0006089539371450395,0.004108666872790349,0.0001274697474663508,0.0007893576674090134,0.030045564847877324,-0.03478957482439302,0.011330919220226618,0.05767838344195368,-0.11471756945199836,-0.1780640380590638,0.09178366470368216,-0.05004903991699128,0.0006383352234014253,-0.07003707907114384,-0.0004907659755448309,-0.006028240763815404,0.07174592909407847,-0.15880637848403353,-0.2867000340941085,-0.17045897237686133,0.03536392440512079,-0.0426959864034476,0.03017647807463617,-1.779421289814369e-14,-0.34071385288641687,-0.15907308181742974,0.02529793632930957,-0.2422798472100543,-0.07748745714710742,-0.20922054900242734,-0.009430999217566497,-0.01048205674681004,-0.12877950543650094,-0.01990154562716619,0.059114211501117835,-0.1083612576331118,0.032997916157690994,0.0001709046418162567
42,-5.5517156125768325e-12,3.0959346139055915e-12,5.250163477926869e-12,-6.915557039151778e-10,4.263111707207367e-10,-1.0159682927072732e-09,3.166667448413233e-10,-6.9959844012903945e-09,4.473138306542295e-09,2.409949853669801e-10,-7.653908741921842e-05,0.0001746853670246904,4.503177276611047e-10,-1.0366586892433468e-08,2.305812621224265e-12,5.357007121416951e-12,-6.450415307328857e-12,0.25815750261943166,1.5507943447056067e-06,-0.48279232007810374,-3.086818463888447e-07,-0.00021092325635157136,2.0565488221299315e-07,0.002262062116205609,0.44160606241131023,5.602952588428027e-07,-2.3331317889068126e-10,0.004053246277680843,-5.388268209634938e-06,1.2312273330292496e-06,9.237096605794878e-06,-6.601612778325911e-06,-3.1848182430656457e-06,-3.307734470408006e-09,5.0136745646458066e-05,-2.3706395528193033e-06,-1.8580942062181133e-08,8.216661854274089e-08,2.872738611714435e-07,2.0116283430603123e-05,5.969139700667873e-07,-1.988649949498622e-07,-2.0165070457102593e-06,2.2351919983649497e-07,-0.02147037097293252,-3.058543590769372e-06,-7.14100064561906e-06,0.008201613439086491,0.01191335383848889,0.0060710382642290076,0.0003183843021891576,-0.016629806937891848,0.017780230894035402,0.0004830595764364108,-0.004421371756319852,0.020814338467646593,-0.00897219752729,0.0012756400235580366,0.01749231312194008,0.00010541256501277052,2.0177563755310514e-05,-0.014958617939570559,-0.009496585805561206,0.025108950881511466,0.2563746614947367,0.40825974212508936,-0.027590386017850292,0.157906128839899,-0.1338313241433219,-0.0013901843036086313,0.01744963915545011,0.0064960109939672704,-0.031189137064877838,-0.0028867313029124157,-0.019057980704163566,0.022186154970656548,-0.20523404843653978,0.045257117876176985,0.2630599014410226,-0.07591504250199525,3.9832396598995856e-15,0.06709692630882214,0.08212376348222183,0.15993588339908615,-0.008415367608942709,-0.21471253158752537,0.08246429645899545,-0.013215036345736168,0.001554752835002179,-0.10606946437372705,0.029094297590470077,-0.01268341337208343,-0.0475623133773893,0.017851730196778492,0.0007614633158776068
43,-5.901607114280867e-12,-1.0253185901688113e-12,-5.616079983884675e-12,-7.355900206310537e-10,-1.408257121931782e-10,1.0945908590278375e-09,3.362896241413211e-10,-7.451211201127493e-09,-1.7491616584542279e-09,-8.088165735668164e-11,-0.00011664087369773427,0.00012916348502631204,-4.0491427828567686e-10,9.497462305863916e-09,3.0117782168740645e-12,7.260923436315033e-12,-9.019093955901643e-12,-0.09967607241993455,0.00017935448825098698,-0.5030133753896159,-3.225882580981081e-07,0.009216880706485332,-7.616362774782555e-08,-0.0021166546725200786,-0.4899961819781995,-6.218670448502241e-07,-3.0421930102175763e-10,-0.003869285957453282,1.1548606108994007e-05,1.674863198676727e-06,8.514245397630856e-06,-4.603695808312801e-06,-3.3890828410583985e-06,2.346617974459552e-10,-6.310904309032317e-05,2.88903491088471e-06,-8.439115970715501e-09,3.410418367993321e-08,7.657852639700551e-08,-2.2931660428845043e-05,2.467536269249707e-07,5.32607728510517e-07,-8.750788969278476e-07,-9.595297819235912e-07,-0.004238086434166952,7.306127748487737e-06,1.946934149322909e-05,0.0077668318907836735,-0.011583505222416243,-0.005996489781379635,-0.0017404333392198293,-0.012985184697163709,0.01653355831276015,0.0004564797915769721,-0.017006677751448106,-0.0025563518501743364,0.010353162807098887,0.0013304002167236657,0.018178665408470938,0.00018658925626495552,0.00030825575863206207,0.008451129241024806,0.0046389184216081665,0.018966773110760927,0.13834049931297368,0.021662082341591567,-0.08241477789323531,-0.09063252025391969,0.10993698232573974,-0.007515763509805648,0.1631259119245792,-0.005142676020167556,0.017714525030441935,0.025163828716141725,-0.2269881392742808,0.012644165679912278,0.2133717203307703,0.036258206116975944,-0.025398219263470075,0.2366129064060205,1.1921620642751695e-14,-0.002074737669970907,0.01857923180887653,-0.09901227079608235,0.22874747840086587,-0.05079683978803827,0.07050448894739662,0.005653418580692915,-0.009304370530887486,-0.3745467458401325,0.006705129210392807,0.22339957073535668,-0.051384101085203054,0.04934556475413906,0.0016059630560242186
44,1.415619239861408e-14,7.29902683194136e-14,-2.842529972253248e-14,1.888522213265206e-08,1.0750877995644104e-07,5.80312830151223e-08,-2.8232379147764266e-10,6.133237052042551e-09,3.652571111028794e-08,1.9578300355561846e-09,5.45085903468575e-05,3.120493234348099e-05,-1.1829798908489476e-09,2.7696941837608608e-08,-1.149926230988305e-12,-4.132609157850769e-12,4.603105917427638e-12,0.648026470333891,0.0002895342640402893,0.11619958652703952,7.806297918198605e-08,0.002683975842840936,5.235107649019144e-07,0.017043752106137212,-0.25105703680681996,-3.169674355511988e-07,-9.972288615932722e-10,-0.008066618274017442,6.562987253244985e-06,1.421263973312727e-07,4.363623965025485e-08,1.919019326298628e-06,-6.4567929409798655e-06,1.3577631546189616e-08,-0.0005598781107663895,9.899469964592285e-07,-9.084183162364704e-10,-1.0924880462193073e-09,-2.9295006578353443e-09,-7.536141554334742e-06,-2.8984481592944513e-07,2.5986668005570098e-08,1.8464746279326283e-07,-1.0162708482248653e-07,0.000935874700405683,1.9344371033914424e-06,9.184745185835859e-06,0.00044875500181754206,-0.011688306537455413,0.018508720818191948,-0.001027904769608971,6.13889327648419e-05,0.0009526843899686623,-0.003401648217645023,-0.004650394252867509,-0.00718604060676078,-0.0012869616722295326,0.0005480437804531194,0.003734969894812424,0.00013935718720637098,0.0008735102407463341,0.028149521672811366,-0.03278553420769382,0.01180090697760197,0.0595660631179789,-0.12014480457290205,-0.18434807073943987,0.09492009223629416,-0.05190271529437335,0.0006270361378311632,-0.07218993024267717,-0.00014068821075828062,-0.00639713258256975,0.07196615934242971,-0.15885936208816495,-0.28590370737104626,-0.17098019950092921,0.038028510866027494,-0.0420047531334876,0.030400208036898312,-1.7805697906797996e-14,-0.3419460535541539,-0.16160456783472021,0.025394945229509105,-0.24398633683377074,-0.07766749123730494,-0.20900744216513675,-0.008955635572497702,-0.010564355883519106,-0.1289057482726482,-0.017892165360397293,0.060968597733139965,-0.10644356650718044,0.031899553159200976,0.00019475240558621822
45,5.343819715085498e-14,-2.980505093026281e-14,-5.062069887820056e-14,7.128854257284385e-08,-4.394690396338109e-08,1.0474211172509376e-07,-1.021596195232171e-09,2.161766602850726e-08,-1.3763053658301964e-08,-7.670334191572948e-10,5.088552741098068e-05,-0.00011428435155720937,-1.444631765417062e-09,3.209492962214901e-08,-4.261489082538345e-12,-1.0383359038424274e-11,1.3467097229838655e-11,-0.26020274441539126,-0.0001016063076444203,0.4862381890710254,3.164434296686858e-07,-0.009301483362640065,-2.1101376358971085e-07,-0.005181493991815878,-0.4480566250557639,-5.764100018323877e-07,-1.0095806859638288e-09,-0.008407934433317684,-5.902578117120716e-06,5.53392833060095e-08,2.3191522969952916e-06,-2.331055233827007e-06,6.405904354410038e-07,-5.736506476129871e-09,7.630813222535893e-05,-4.578598629043798e-07,-2.8202209353724526e-08,1.1790933238144128e-07,4.0322820817083755e-07,5.858969736453554e-06,3.0075251935961485e-07,-1.7709758720308547e-08,-1.012742793406087e-06,1.4411396221945753e-08,-0.029696859081297898,-1.5098256016758613e-06,-1.0625939364939147e-05,0.006089822464965714,0.008725243382450674,0.004004767135127509,0.00046064839424752864,-0.013835010248331203,0.015005110132076801,0.0004741805481582295,-0.004250371652975345,0.017547951434219673,-0.007418240247630353,0.0011536219119551623,0.01588585505249131,0.00010898478397275097,2.1579367903738488e-05,-0.013788134585197382,-0.00853825286632106,0.024714667910088455,0.25138489113769263,0.39775396897429327,-0.026356909599795565,0.15104484248140554,-0.1279364237111746,-0.001332127674137011,0.010882685807990004,0.006296376312611337,-0.030380329576497514,-0.00829153514607592,-0.021502489771232952,0.021769508821533255,-0.20932406190079467,0.04913682038985909,0.2671897264450601,-0.07535300367380249,4.34788315966324e-15,0.06859269722915964,0.08307346341994681,0.16041538118439594,-0.005973679556382442,-0.21424470796037787,0.08216476228266241,-0.013074910167272101,0.0011912339146320388,-0.10806361113764838,0.02776704770231608,-0.01327733361478842,-0.04758578843352079,0.015341617388382842,0.0008074297924673265
46,5.680731443885142e-14,9.872978036727119e-15,5.387802421171616e-14,7.582163252789461e-08,1.4519895593314462e-08,-1.1287063800791157e-07,-1.0806315843618208e-09,2.293988928070674e-08,5.164437029444103e-09,2.511573547231487e-10,7.30969447947012e-05,-8.79943360656814e-05,1.4339855357446743e-09,-3.22589286259008e-08,-4.803873252105193e-12,-1.2187403651960403e-11,1.5759501950091605e-11,0.09924765517942309,-0.00014634080734288188,0.49991922369485314,3.2656213725329965e-07,-0.01712843055952921,7.752157599623237e-08,0.006715625533914688,0.4863540007938758,6.252796944857591e-07,-1.2095842672748523e-09,0.014690801798846713,1.0055057552124338e-05,4.540783661800605e-07,2.0961535763351863e-06,-6.666736104095797e-08,-3.4583732060557354e-06,1.9641819424760551e-10,-8.923969584140089e-05,6.942184310046052e-07,-1.0620040241664991e-08,4.1387696527920897e-08,7.75667613042594e-08,-7.271949782727034e-06,1.3370984530957693e-07,1.9137058268187827e-07,-5.959553801444163e-07,-4.5110696893724315e-07,-0.0036380999258892304,4.547870017697225e-06,2.653472992932148e-05,0.005968242450935636,-0.00853158724846812,-0.0037911240609301566,-0.002169021978978967,-0.010372888401519655,0.014802856296907587,0.0006202638148419574,-0.014371354581149598,-0.001528527738220093,0.008645598516293405,0.0012165778718746362,0.016591480164140977,0.0002063638888875751,0.0003355520356077517,0.007755075822345133,0.0038253284751161624,0.01993647214251893,0.145292509731832,0.024134916239150223,-0.08494094752483591,-0.09341820387490017,0.11322683483534202,-0.00737134289531157,0.1671622914995539,-0.004995834991335595,0.017396746876774137,0.026191520556085868,-0.22444990408489474,0.011337105089608925,0.21480634450737335,0.03671005818069761,-0.026900157945954704,0.23559964465102495,1.221799231488397e-14,-0.001967875551932005,0.020573294449935244,-0.09889900812604044,0.22867677895320934,-0.05097978699329182,0.06986264183912254,0.005511293485999552,-0.008815019299474782,-0.37656553325495107,0.004991912191660772,0.2260345209361146,-0.04901848871564558,0.05030315478270517,0.0016846348344115442
47,-1.7642596680987473e-20,-1.5442847684011664e-19,2.797893381896678e-17,-0.12626729997288882,-0.6494721105568415,-0.24933690572629275,-1.9671989114161104e-06,3.949582708130309e-05,0.00020952543452436374,1.2099391601310536e-05,6.767227145596975e-09,3.742049306094369e-09,-4.4166036894441954e-06,9.274034897944741e-05,-4.964140907977049e-16,-1.6225201033032625e-15,1.9230981489544307e-15,0.00016445733603285826,8.318485657566611e-08,2.631163613722951e-05,4.3051119420090836e-06,7.892179953542001e-07,2.414175291564705e-05,1.1723741302919739e-05,-9.317270329665993e-05,-1.4840002550942146e-05,-1.5389111601669397e-12,-8.702037239363353e-06,0.0480828145723362,0.0014538338002293514,-0.0003973788380972144,0.005746129195655776,-0.00927111633062088,9.152681218847831e-11,-4.04117970698347e-06,0.00036930976823336767,-6.156802723199503e-12,-7.361701008811203e-11,-4.083529235888306e-10,-0.0017556573690965113,-0.0001109886000093349,-1.2241885871422e-05,4.5092336786298104e-05,-5.473931190721665e-07,3.584279582798657e-05,8.79095150307581e-05,5.991806648885704e-06,0.012430395834220846,-0.2328199937945991,0.3787489152686279,0.00014781016213968122,-0.0006924628707764123,0.0004965742587988818,0.00040853240269717587,-0.011968356689645784,-0.00988781672122081,-0.0005916910044290934,-0.001333471377594619,-0.009306172509145935,-2.1480275525880883e-05,-0.0001256040441547369,-0.12755417017618614,0.1663704854777672,-0.0007686196549860154,-0.004039234326786318,0.01347146415230757,0.020643866935523066,-0.008981768318192244,0.003172406125031601,-0.004027127878514497,0.009391557325307762,0.021225523561071068,-0.010732248303407141,-0.032524374774455536,0.14202091631301725,0.27729027388453364,-0.03075536789995373,0.14997505968946248,0.005611583553794279,0.0505121254066728,-1.444663302529855e-14,-0.0894741420440488,-0.16655493569076266,0.003409718483004121,6.101101227937502e-05,-0.08827821290058414,-0.17799538580059393,0.04371881757604028,0.015159790475696122,-0.008613780736934584,0.1503014761577028,0.14320445082275413,0.07460056412314194,-0.0624989891129067,0.0020990622634355954
48,-8.159826973414986e-20,-5.0069132981089945e-19,6.202277284702319e-17,-0.4765176593409459,0.2654139804837652,-0.44985708407963443,-6.990876777394763e-06,0.0001360657668324204,-7.713675209969918e-05,-4.613611066503622e-06,6.929230475652085e-09,-1.6089982159752056e-08,-6.2754608770638465e-06,0.00012862456635689094,-1.6880499928696067e-15,-4.008583359166265e-15,5.545598306352315e-15,-6.54696718061368e-05,-4.1486530288941926e-08,0.000109273689659019,1.2833173007173187e-05,-5.8224835019945005e-06,-7.529704309286519e-06,-3.0241136789848967e-06,-0.0001651584887194554,-1.185684371636212e-05,-1.8495058495647106e-12,-5.977887755270102e-06,-0.003074750636876185,0.000518716398330162,0.00338323353028256,-0.0024647471534875046,-0.0010695072465813475,-4.350390984435927e-11,6.343957166881064e-07,-0.0006039837877581984,-5.844541165642367e-10,4.181571738578067e-09,2.4934525930699175e-08,0.004136172643975369,9.887699283988091e-05,-4.738287688652546e-05,-0.00030296193893699855,4.762340682508488e-05,-0.0032791889653217277,-0.00025346289475214025,-6.86853485397671e-06,0.26464441382908227,0.2619799730335393,0.147411496439802,0.00012113708985394957,-0.1289038294935226,0.1288758780709801,-1.2138210620431228e-05,0.0033920195287614127,0.046757223893636325,0.0031758095160804353,-0.002355638621642298,-0.033765285928018335,-7.255221781087645e-06,9.568435021096281e-06,0.053359445273028945,0.05177994767887762,-0.0032052998448890316,-0.03366894689377901,-0.054741003732427344,0.0059814462063303596,-0.022419329853622376,0.01768461401321786,-0.013423912707985132,-0.0353757875035408,0.007403357257049994,-0.04608723257301325,-0.001931852372017881,0.17066555437445727,-0.21559625207329533,-0.05629276268972818,-0.032038410926372114,0.04729742006314205,-0.019523597514226353,1.858755764781348e-15,-0.0020849650057490564,-0.16406580594750847,5.984287025090547e-05,0.2868071602825481,-0.1502277959642874,0.0443945818418778,-0.04741157267683009,0.11904913711208828,0.036531320890241505,-0.09892644506530941,0.08165890672697203,-0.02533542923557312,-0.1947721564646177,0.003935709206523602
49,-8.476255391849123e-20,-5.439067833895394e-19,7.186058221970417e-17,-0.5069456975949372,-0.08771638759822584,0.48495941622100147,-7.434287316989013e-06,0.00014527136483080374,2.7441318150905432e-05,1.4568057695179435e-06,9.723405513463158e-09,-1.2818538053144722e-08,6.670215317309036e-06,-0.00013791629311780197,-1.7276056705992113e-15,-4.8088125966710966e-15,6.149470838620549e-15,2.5123246150474562e-05,-3.906635777963657e-08,0.00011331593006649011,1.3769882909288818e-05,-8.390415459501238e-06,3.0823898158284214e-06,4.503787632935455e-06,0.00017995713714697182,1.2620641250001728e-05,-2.2790200476448348e-12,1.4584658630349515e-05,0.005513548764371624,0.0007652127430359535,0.0031358493475658043,-0.0017133215729858086,-0.000843628499596073,1.3332310840085383e-12,-9.137747880744084e-07,0.0007136687446367585,-3.5825515484263203e-10,2.678194863592535e-09,1.5868285523721313e-08,-0.004631271927554815,4.004891606024017e-05,0.00010090541948838193,-0.00010687943783283541,-0.0001336439012991288,-0.0023515158800073563,0.00047747276858991296,6.822711205083236e-06,0.2577346111128861,-0.263006351295388,-0.16459297791043528,0.00023188693420317786,-0.11745418911514467,0.11716830271215777,-5.91761381196823e-05,-0.07246339388410976,-0.02128447253740693,-0.0051984855203736705,-0.0028682763423661045,-0.04171687171564737,-1.709814312161133e-05,-3.2577338091352484e-05,-0.038901378241543966,-0.0493102353512637,-0.0031161175567168222,-0.026128180666810972,-0.016393245444126608,0.017725047390662305,0.002972134466743552,-0.009301905255755763,0.024402995459092094,-0.06001490820826778,0.016536099093874313,-0.043264367809026184,-0.02366905694213263,0.32428000001067764,-0.10666911204133431,0.04716569451710972,0.0827890351841097,-0.020777223213738913,0.1442756504382866,5.376218256644668e-15,0.0138238736937579,0.18412391153102284,-0.0004695447429190848,-0.15519636492058497,-0.07178365792302806,0.01199967606555658,-0.012801656945031312,0.01692800572567744,-0.15119164959593975,-0.13486089487469238,0.045555122059511954,0.15019032420356607,0.11670124277715761,0.007494717595166858
50,1.7026391586068195e-23,1.5226037144879675e-22,-2.8677153495593026e-20,0.00012941704018904594,0.0006658995904482632,0.0002560019104226836,0.00016170634734627976,-0.0031451652901406304,-0.016510444791919043,-0.0009835749496123665,-3.3627216078693835e-10,-1.6918143708916335e-10,0.00033634461681794587,-0.006780196513318425,5.414087597176971e-17,1.8282725238946472e-16,-2.359976379549648e-16,-1.3289842448291114e-05,-7.387401007981493e-09,-2.027171004607961e-06,-0.00016513891354424685,-4.4671838951864206e-08,-0.0009024678332147378,-2.5506050909780383e-06,9.977844100489009e-06,0.0004613687377737179,-1.7124024790077632e-12,1.3609131119346806e-05,-0.7680489238761741,-0.023799705623197984,0.006973296901656585,-0.08427587938041656,0.11888700080752296,5.139750568117108e-12,-1.984019581821728e-07,-0.0023372033684816475,3.5842598911065967e-13,-3.0238554638321176e-12,-5.1218201564513565e-11,0.007202274272635898,-1.3070521826960083e-05,5.649873374165081e-07,-0.0002447818701581609,-0.00013288511277360573,1.736907017901309e-05,6.357537514997952e-06,-1.4447251520870852e-06,-0.005124367527350156,0.06366448870769066,-0.06509617184397588,-0.00011095217487237768,-0.0024757645096767067,0.0025791896017528363,-0.00021343872095643993,-0.05442906289510385,-0.10196173479655386,-0.1230399353729688,0.002791695046705416,0.049549454759656206,1.999552267498035e-05,0.00011591891232802623,0.3131864506070365,-0.34322645062596874,-0.0017698225571847047,-0.008466407759891648,0.01777303271637589,0.025365611726413138,-0.010594610291932822,0.0045483704481386915,-0.004308987169543387,0.008986999299867338,0.010917592649155178,0.00799627631822713,-0.02262654286317446,0.0929941476615344,0.16877832604096812,-0.002806155466714407,0.08199436594718423,0.008107303729504793,0.05148315650991523,-1.2908852921877746e-14,-0.02519507657430929,-0.07915723319624554,7.130397970587488e-05,0.012366076086743515,-0.0856071865779453,-0.16588887546895795,-4.192413054123859e-05,-0.0006518286298398401,0.001838251863425046,0.15488257817874987,0.07587771210174031,0.08977849507141938,-0.06590059455440049,0.009130457189630542
51,7.938048720241075e-23,5.137920460173792e-22,-6.333745409725367e-20,0.0004866618301754972,-0.0002710510883917175,0.00045930704383601733,0.0005698520148377575,-0.010710368841419772,0.005951401782013458,0.00036658071838206263,-3.1136121175591094e-10,7.218550743294323e-10,0.0005106492838907827,-0.01011486837427634,1.177262739445039e-16,3.103653888416141e-16,-4.3571388431112783e-16,3.7994188952242965e-06,3.2610001701173645e-09,-6.311586340248976e-06,-0.0004791665735783756,5.839665779730065e-07,0.0002663984741899074,2.61179048792425e-07,9.486113540010139e-06,0.0004497246270369353,3.9191400613591545e-13,6.520973398190124e-08,0.010684396074718413,-0.008457088313419184,-0.0421712356605474,0.026242879518850334,0.02206202627312351,1.469707742915426e-11,-1.6759812761405055e-07,0.007830672753599359,4.0035098621780266e-10,-3.84684087650051e-09,-2.9808944514010365e-08,-0.04574916062104037,-1.0025111365070812e-05,3.054320629242002e-06,0.002288289499857316,-0.0005630077173940174,0.004801912571680783,0.0014724364054662302,8.28812744819755e-06,-0.522517608764906,-0.28895850193168654,-0.11819950482744897,0.00045092102992484804,-0.1760482076171765,0.17590744307281836,0.0004301578095822903,0.02285629037507902,0.47357620171274173,-0.31804304806321637,0.00827655644257443,0.19126706666480445,-2.2787863800537636e-05,-3.418262942054662e-05,-0.15723060781643763,-0.1900270315988609,-0.0028278344051374175,-0.02803902197899423,-0.042191141139747174,0.004908182573457206,-0.015821743423982036,0.012704228621451508,-0.009848507990501366,-0.01943455157196925,-0.009516922339277348,0.0013272673685351796,-0.0015385256822625308,0.10425695336258599,-0.12104821462154164,-0.017555532542080886,-0.018166844917450548,0.005929483271637369,-0.011749324153929213,1.562649661219423e-15,-0.006264736242073918,-0.09376583471336053,-0.01897089133357626,0.15572056959617628,-0.1367341754871583,0.038748562470026414,0.002993767559068479,0.02742443625243808,0.02560723550619967,-0.10643025220122958,0.04648493213203755,-0.018981700815609494,-0.1990745386587348,0.010640464697756497
52,8.236128364602428e-23,5.5467698243526225e-22,-7.339653642554692e-20,0.0005177384596275193,8.957897347347275e-05,-0.0004951486684753192,0.0006036543212419327,-0.011394477961460578,-0.0019841760246772913,-0.00010932320995706144,-4.272057688270815e-10,5.932503661367845e-10,-0.0005470608323660367,0.010898011674062425,1.2168097245248872e-16,3.3362207756156143e-16,-4.646367398515078e-16,-1.4976091480110758e-06,2.2974461329630744e-09,-6.593150924256775e-06,-0.0005088489453648387,7.179245250475216e-07,-9.285602639662761e-05,-4.6948965223113466e-07,-1.0388255263291723e-05,-0.0004866323401812474,3.818763300457162e-13,-1.272449306321507e-06,-0.02140492324870411,-0.009394833232022858,-0.039567701111708806,0.028857021860333995,-0.0049187760251190905,1.7797525407143164e-12,3.2563178681071694e-07,-0.008782945685687707,3.162760931999512e-10,-3.151079844469837e-09,-2.4861447849469464e-08,0.049632122014445446,-3.890887102806726e-05,-2.1460381241681983e-05,0.00038288097555621106,0.0010619221366265704,0.004217551874024389,-0.0021787015596544737,-5.258463194341325e-06,-0.5086234378501373,0.2858635197112441,0.13724259925237148,-0.00035203762006272266,-0.16125376013876702,0.1618830384181645,-5.992434025301399e-06,-0.3629281353937553,-0.20174833587393265,0.3692768791208592,0.012273986110225708,0.284625514163438,-3.058349382668565e-05,-5.7376936323390736e-05,0.11421305008638971,0.2077619689891454,-0.002139973338892112,-0.017586453289563125,-0.009533236889792936,0.010312712143632396,0.006683731099258248,-0.009954805689541182,0.0170630229408478,-0.03831818292958569,-0.0011385802604819385,-0.006165796260594672,-0.01283376031851174,0.1732669051623458,-0.055689105545567004,0.00818258047101171,0.0405765693672645,-0.010520725496628133,0.12848960306653037,4.4188792023687315e-15,0.006361912709298381,0.0919182856870563,0.011593500721524291,-0.08980585737346258,-0.07237813027354954,0.004582937424437115,-0.005214829709906344,0.028519938069544833,-0.05556159297234752,-0.13723740649500785,0.01322003370236977,0.1587885446664583,0.11070754193252962,0.0128774669595084
53,-1.3968414196682606e-26,-1.2793252162115695e-25,2.5096625692789967e-23,-1.1325722133103423e-07,-5.829562086258044e-07,-2.2456773339498895e-07,-0.00658722755052091,0.12368424399629632,0.6406588194206788,0.039519691237264926,-1.0604130009601483e-11,-3.947432877183271e-12,-0.012769572205283247,0.24591282159651182,-3.492174001019865e-16,-1.426404044122523e-16,7.9678150546666e-16,9.138349417760723e-08,8.142067584202084e-11,1.0751769879093316e-08,0.002591718112991348,-1.3466208526198966e-09,0.01350978463774976,1.1051546060852653e-07,-1.7538646780694558e-07,-0.005228404962225862,3.5673268506938144e-13,-1.4896146480043526e-06,0.10349907976120848,0.013641623457617845,0.0004474144483451788,-0.10677100618363738,0.4058397548932294,7.915477451969429e-13,-2.5860525214110586e-08,-0.032011245153163795,-8.067536294169539e-13,1.2636430333369416e-11,1.2945436169698676e-10,0.16028100063869707,-7.526143136627657e-05,7.487059995884897e-06,-0.005498877619166045,-0.0036463683303048266,-2.861379380442833e-05,-0.001605344674712746,5.998723206929051e-07,0.004939117708925721,-0.02948706015926603,0.005445695382674007,0.0001185959988268941,0.004548190640913937,-0.004632739559990974,0.00015338837221608664,0.12029038433642379,0.20098758899458632,0.3620237083178459,-0.0019618853559083935,-0.04405918916913423,6.9710035563025945e-06,4.05696336968821e-05,0.03453798429921692,-0.14825744908851404,-0.00024900495581394166,-0.0011808267859127744,0.0006345941952091928,0.0006425601899550427,0.00017319804270235473,0.00021081696902287795,-6.686179371150419e-05,0.0010220877217526844,-0.012691514138135107,0.021362494640144704,0.003640880251964601,-0.019537977271358233,-0.05214696602810932,0.031291353761684716,-0.03767035206407916,0.009165996871604848,0.05149365273195992,-1.1537725309334078e-14,0.0589889003039838,0.05637772424430823,-0.003755109776423384,0.017957328526094263,-0.08030284642548156,-0.1466346860137354,-0.05241919071903666,-0.018787916091252736,0.012592731420076119,0.14976655571850547,-0.038412258257300755,0.10242067685825235,-0.0654840129144816,0.016358101558534593
54,-6.599716028829722e-26,-4.520135372289452e-25,5.544780007678049e-23,-4.260960522503414e-07,2.3744113876504933e-07,-4.019599433813184e-07,-0.025883680415668613,0.4700416150035046,-0.26095547379211614,-0.01653081496991789,-1.2367793712243685e-11,3.850060162217433e-12,-0.02320750167459138,0.4441901220492017,-1.397813641901188e-16,-4.037524099843066e-16,2.35432221832175e-16,-4.251864677119455e-08,-8.440325003988016e-11,4.1700511521445933e-08,0.009928759980800011,-2.5041133630330865e-08,-0.005492999608365211,-1.2989944268366413e-08,-4.3818774908881147e-08,-0.009361312593604808,-2.544142588547363e-13,3.5836737123744196e-07,-0.006295367228976691,0.06623112003737013,0.2714940830637756,-0.15492738851467844,-0.1609124800091218,1.4087522601033927e-12,-4.6030136642954903e-08,-0.05861686559918396,-2.3663227366948817e-11,3.333082151768305e-10,3.3069548943089886e-09,0.2883848752189597,-0.0001356304513383678,1.3757988003156524e-05,-0.009350937196852996,0.0029638821635844677,-0.0006152060031165376,-0.004559087908536592,-1.0461510933950477e-06,0.07842326325461939,0.031049510450768657,0.01075596845304459,-0.00032714862644899845,0.1307857026245728,-0.13054914399376366,0.00011459349765857,-0.13814156829385657,-0.03274063425984945,0.0427717176106471,0.010465967424001296,0.22456425552091386,-2.29073868623613e-05,-8.156082294464267e-05,-0.25081965447467314,-0.1760393101397698,-0.00035599030267247545,-0.0027370607205629,-0.002366998832819076,-0.00046823427088385744,0.0024314134090211337,-0.001632930938577956,0.00027552470517077526,0.0036588745797716585,-0.025532314012328555,0.05573349520602082,-0.00023733157593893543,-0.0016329478985142676,0.01587046732684263,0.03077557108496662,0.0017834807456047397,-0.04430712034955591,-0.0027401980390732716,1.3308688699799336e-15,-0.009500332028812241,0.01301574143658636,-0.04012163468325943,-0.03703740973546852,-0.11898881760952854,0.03187745543870952,0.060953154761346315,-0.08951013373823971,0.006560280408278133,-0.11287295733788709,-0.008101441172380307,-0.010837624220483484,-0.19750338713723617,0.017960876232849535
55,-6.83904104640725e-26,-4.849894442283695e-25,6.427839375200768e-23,-4.533612184519329e-07,-7.861745071993013e-08,4.3329373942959367e-07,-0.027400859933477555,0.5000704623630232,0.08660981403266345,0.00496686171971082,8.012954348312402e-12,3.5843372439810858e-12,0.02491972509140619,-0.4787030471644284,4.4346205725458837e-16,7.160243973043651e-16,-5.967753878133779e-16,3.512196107549221e-08,-1.2457838016869087e-11,5.2799432973727305e-08,0.01052272520591948,-2.5243554339352713e-08,0.001876197395053879,3.5701136645099585e-08,4.1423532249987716e-08,0.010125271703579752,-9.86890866870393e-14,-1.1179897764029665e-07,0.032061644988531326,0.06673381462080438,0.252725523026182,-0.20281709537272102,0.0643378392063386,-1.639562307777357e-12,4.801565058318465e-08,0.06412397346191405,-2.3634512184892813e-11,3.144614447835985e-10,3.071066066289698e-09,-0.3098099414101513,0.00014509619534471672,-1.4899910365957727e-05,0.0018254125595660677,-0.0041185578869034085,-0.0005747521437674054,0.005315440222398666,2.0016502109777861e-07,0.07515064431735183,-0.027077949834357073,-0.013595749832237297,-6.821856491184924e-05,0.10890021597397681,-0.10887225794613781,0.00013113439398431905,0.07813570476623241,0.14240545193956802,-0.028844015509950353,0.013528894705985037,0.2822358396738507,-3.893682054148462e-06,2.243055852536288e-05,0.20308025008839697,0.17155207264078143,-4.0985328585757875e-05,0.00017090434858290225,0.00202886908946661,-0.0010848816935156516,0.004418071898408957,-0.003323353162098628,-0.00021854308796203,0.001530197283376113,-0.021339707498659828,0.04236311917210315,0.002827129138619057,-0.04942785011586048,0.023806354151434634,-0.03955441524432541,-0.016844303026211708,0.003162174046656809,0.10899332826816058,3.2261426827240613e-15,-0.004424135667640036,-0.04139158314588613,0.024911794383047917,0.013700633372013537,-0.07240474868391562,-0.0044005649669695435,0.006764017921448867,0.03375284830371837,0.06847293373630976,-0.13513332652075402,-0.022954430134114894,0.16466294494629338,0.09956071259562177,0.01867479641816594
56,3.2420878537139624e-29,3.0471457627003803e-28,-6.230174885226437e-26,2.811579191253514e-10,1.447642811956232e-09,5.592290769907035e-10,0.006713635000011595,-0.008371770813047859,-0.04281007553457536,-0.03952755787037543,9.121460154321889e-13,4.062440266128924e-13,0.015356735125376171,-0.01657309712714834,1.915161612262564e-17,-5.6096880116513045e-18,-3.441224467300532e-17,-1.542897111076063e-08,-1.511954857209143e-11,-1.875316476634452e-09,-0.00041698490697871285,6.014975812329389e-10,-0.002187659245730138,-3.4519081699569026e-08,4.211716215173661e-08,0.0008518879189226707,-2.957487096234074e-13,7.624914514252205e-07,-0.06007177141432398,-0.02073542488977577,0.07219038009023314,0.18112407070914346,-0.30188505076454347,-1.0884411923616337e-12,3.6728988242410295e-08,0.07573902476333008,-9.831851041015104e-13,7.975994664819644e-12,9.533651353818582e-11,-0.12030321874772647,5.71219774621625e-05,-5.514455609979899e-06,0.1257110435416413,0.7435091922267707,-1.914192236314687e-05,0.2811773082443009,4.356953673853542e-07,0.0031802113255067982,-0.0211377861835403,0.008052506190745646,8.096480551531411e-05,0.0020173561468845164,-0.0020772043260592656,0.00010098609444280972,0.07812459648232285,0.12382283812144315,0.22217223117964646,-0.001310370056940329,-0.02865455300615249,2.65619518890101e-06,1.5446403177474283e-05,-0.0033935093594696956,-0.0612575705531736,-8.21147666770376e-06,-4.668589991755348e-05,-0.0006379683707323149,-0.0001105733768498965,-0.0017445917682222063,0.00108838349086755,-0.0009322209339701038,-0.004139661441599294,0.024521143260833312,-0.04272980140641772,0.010129295854622617,-0.0515623391857698,-0.09491062855409377,0.038069635281641694,-0.06153608635148125,0.008953661701453909,0.05224953930397211,-1.1253196332069182e-14,0.07484582875597826,0.08418910569547468,-0.004699528148295636,0.015518156802405014,-0.08103922386832885,-0.14555116572590046,0.10815742935216628,0.03898129617280378,0.01431135521923446,0.15053862734635928,-0.0623821825495344,0.10592515559154878,-0.0671151572421534,0.017891389280337892
57,1.5542065922723993e-28,1.1278273877957834e-27,-1.3768996721149032e-25,1.0582179257117025e-09,-5.898699660419082e-10,9.977282970769153e-10,0.028898611061048126,-0.031565944664064406,0.01748796152564796,0.015234846312665022,9.547177349601634e-13,-5.015920228526557e-13,0.02536314644098812,-0.03001675402331282,-1.3280940479504734e-17,1.457728287127646e-17,-5.221481024136676e-17,6.102362832909949e-09,1.5796857630153976e-11,-7.087051708478638e-09,-0.0016049377999938909,7.277659428754271e-09,0.0008887983440437453,3.1668825797002604e-09,4.970622373362973e-09,0.0015131883077153544,1.9205399765622154e-13,-5.093196472920854e-07,0.008924473097005624,-0.15027888811678375,-0.2204391379080018,0.07535796283933513,0.11679623165147286,-2.618708202648324e-12,4.037544312464968e-08,0.13161259798610783,-4.54691066833453e-11,4.693936114484682e-10,3.966995318013497e-09,-0.19509747260625543,9.394729802833273e-05,-9.201831850438344e-06,0.5472533562008497,-0.2848410102271932,-0.0006729832719340292,0.5099896138924311,-1.1442437718477305e-06,0.07804479394659009,0.03711140653602445,0.014007529641958425,-0.00010543528275078714,0.058303083490014784,-0.058257410699042105,-0.00011850078628829028,0.03212498942324915,-0.12957581719827205,0.056032516671221784,0.008979030031219165,0.18908593226106543,-1.6372667737455137e-05,-6.082835993457705e-05,-0.17420651395007933,-0.11368703790617572,-0.00013915653176362156,-0.0010104646579503457,-0.000949127718821249,0.0001724808759046358,-0.0012117341116320295,0.001047197215454038,-0.00044415056714182036,0.006396525861205899,0.007139499776564507,-0.013976853915742405,0.0009476614264515738,-0.050299553111129276,0.06383541300294988,0.04192240308727663,0.007934592004466678,-0.05594881506294337,-0.001481279001146623,1.5666680999629695e-15,-0.010201580586122729,0.040762440758939845,-0.04533472783099374,-0.0894415500452167,-0.11857811614686954,0.031009432869694493,-0.017272495834986547,0.01876937100134642,0.0018791024425516044,-0.11597240063481311,-0.024023216999178844,-0.009886546986868942,-0.20252713381553167,0.019812615904175854
58,1.608300887740394e-28,1.2028158600350814e-27,-1.5966516208128547e-25,1.1260055403524144e-09,1.9558714675300217e-10,-1.0753362874836197e-09,0.02998557114143649,-0.03364599672082215,-0.005707391952562455,-0.006437839619396136,-3.7854214873342093e-13,-4.0629002180500614e-13,-0.029715303539904193,0.03225612073576446,-4.770993545344865e-18,-6.644396873106241e-17,5.599867588587246e-17,-5.223851336831254e-09,4.042642495002968e-12,-8.359677196231309e-09,-0.0017022848723962337,7.273732921040878e-09,-0.0003008916221465124,-1.3042751515891853e-08,-1.9957648902424225e-09,-0.001642796519162806,4.041645388921273e-14,-1.4038772711918539e-07,-0.018726813569837266,-0.13705493259176055,-0.16693344649226524,0.17336231367187266,-0.04447653083663552,3.0848042877000257e-13,-5.5536028366384165e-08,-0.13600473997096035,-3.874798729454973e-11,4.2993143178922004e-10,3.6699644486560745e-09,0.23561419808746675,-0.00010904400815463698,1.3149382935543754e-05,0.573031702691371,0.1122396798999334,-0.0006544503247372025,-0.5510329726484227,5.307884613208127e-07,0.08252923476630072,-0.03774572172818229,-0.01823887786381105,-2.5311979781231376e-05,0.07871692116016182,-0.07873668008802379,8.95550210028935e-05,0.0633070252468195,0.1034667965693853,-0.04263030388959284,0.007020121634809534,0.14450555952598945,-6.508070951306766e-08,1.7347251809864933e-05,0.11065620293465937,0.08556903607543606,8.581580425041548e-05,0.0006666394370304717,8.60823367615821e-05,0.00046573569533959027,-0.004919303878474902,0.0037731007936786737,-0.001510285710649613,0.01670039316224768,0.04378965446799967,-0.08652971881775914,0.005779217752066943,-0.08419506359463814,0.03141119517374693,-0.049426399920384174,-0.029785592998358895,0.006456109925393144,0.10795077794492196,3.145077184596399e-15,-0.006477737872594041,-0.07095906654320369,0.027971045396058505,0.041293538233720666,-0.07341527639567637,-0.006052075807447439,-0.016107627902937047,-0.08411660006967334,0.09319853691903443,-0.13680570307974263,-0.027737824348813413,0.168789872268969,0.10042425667793234,0.019869748347407335
59,2.37739770470969e-28,2.2354614948491622e-27,-4.573787505370933e-25,2.0641669440294453e-09,1.0626937140006597e-08,4.105240087897539e-09,0.00627453278507766,-0.12593776590975447,-0.6509172813780826,-0.03762049436390903,2.3563864567376005e-11,9.69578976838599e-12,0.011950840898804934,-0.2494402595192354,2.392190429074086e-16,2.794560339044001e-16,-5.541909199920601e-16,6.525916004666859e-07,3.737539717395377e-10,9.976560872217152e-08,0.0002781140965889921,9.88894462346263e-10,0.0015249703179555823,1.8151082312896422e-07,-5.443597273094574e-07,-0.0006113894862691934,3.753763075562591e-13,-1.7405073409868197e-06,0.11550594697333302,0.013791666075558621,-0.00745547851629507,-0.10059293701691661,0.3506813226111484,5.430561363511598e-13,-1.6830067896077238e-08,-0.03322688155940538,-7.832722724891973e-13,1.2701354758151111e-11,1.2872619279353887e-10,0.13997991835682186,-6.54028961556765e-05,6.559460721545414e-06,-0.022074362309021153,-0.10658852443225816,-2.8873892654326656e-05,-0.04041069362212443,6.530424526594507e-07,0.0050841710522023355,-0.03190528331395989,0.007534319669135487,0.0001244524291625329,0.004751697876987493,-0.004840931566919611,0.0001639071338580488,0.12459482185745087,0.2093886060792462,0.37542571615631204,-0.0021091886553046787,-0.046970528604927446,6.612620436992647e-06,3.8460840020021e-05,0.026551769731847818,-0.14280911859848988,-0.00020034989515697112,-0.0009440836865008208,-2.081226951198675e-05,-0.0004578570418719414,0.0009531932971842764,-0.00012527715473851505,0.00025742973061362623,0.0013343661972092494,-0.01866937988301197,0.03034185751378464,0.003953399394163698,-0.020259866867385803,-0.05623996991998364,0.03187593380813412,-0.039726346599686886,0.009230578032436815,0.051298088592306744,-1.127452063433149e-14,0.06049736045456584,0.0586237128785099,-0.0038083577985540576,0.018442365698847794,-0.07989649305228709,-0.145936654079561,-0.07617249295000385,-0.027247749018081836,0.01275390166452241,0.1495241967376964,-0.04021500663815568,0.10233660751566681,-0.06529128252449586,0.01644042992287277
60,1.1398624151993439e-27,8.280098495841057e-27,-1.0107879129455166e-24,7.76842174581812e-09,-4.3301470794060006e-09,7.324113251091811e-09,0.024460356515787082,-0.4777830327803746,0.2651297021575166,0.015837586209362636,2.5739312136279647e-11,-3.481840349066216e-11,0.02201504766587123,-0.4513250232832282,4.3654366387285e-19,2.8382216156971265e-16,-3.055141393450868e-16,-1.8127820634212814e-07,-1.7373682272451858e-10,3.10387748188284e-07,0.0010870684797564135,-4.065741279209131e-08,-0.0006003013714177149,-1.884738937241668e-08,-4.521602928746878e-07,-0.0010307849575595129,-2.364192029320787e-13,3.328449104754112e-07,-0.006205522558687972,0.06839281684852389,0.24061786646307193,-0.13229288483686424,-0.14110617132831274,7.881137363672153e-13,-3.5248315644101194e-08,-0.060419695975480824,-3.668566096622599e-11,4.595501131640904e-10,4.292536223111956e-09,0.2509839109605074,-0.00011695320687031361,1.1825209290566268e-05,-0.08390658150632413,0.042029991768915274,-0.0007758159401990133,-0.07501115546507692,-1.328480535295843e-06,0.09618477633141602,0.040733238933825855,0.014662862835672696,-0.00036087694249017785,0.14235972916718548,-0.1421020222804522,0.00012142632093163626,-0.1542834671512682,-0.03909539458909461,0.05193627617701773,0.010167494476496789,0.21803174159433367,-2.2400910442399903e-05,-8.118724799543328e-05,-0.24917110170775497,-0.17301902334144167,-0.00025423677022642195,-0.0016640475257157278,-0.0005663875386089104,-0.0008086066850888917,0.0037692152417388883,-0.002666100669924983,0.0008553064021701284,0.004326144656306999,-0.030253338903555405,0.06673925556589756,-0.00033183812349777683,-4.5401295580741626e-05,0.015678972114400256,0.031366051124348884,0.0018663123390963337,-0.0448795695483164,-0.0025426406106626954,1.2700686723187754e-15,-0.009518077695028425,0.014107867050705216,-0.04028954313226881,-0.038660292582347294,-0.11814186420420153,0.03164784585552809,0.07323654912698101,-0.10849973657547027,0.006301999802145041,-0.1125514859756323,-0.0084389872202211,-0.010626255620063717,-0.1965515529557625,0.018003692972829284
61,1.179490475089883e-27,8.829596451075823e-27,-1.1721009231153747e-24,8.265960223451895e-09,1.436043859166257e-09,-7.893408917153955e-09,0.025917074703274465,-0.5081471952503405,-0.08828960147848683,-0.004638971879879485,9.799003111565855e-12,-2.965846447166482e-11,-0.023338581719990086,0.48585717541334045,-5.513768306917412e-16,-7.675702326830653e-16,7.236603897182257e-16,7.126822468229797e-08,-1.2143469611490413e-10,3.2045494415220116e-07,0.0011783878076686272,-4.6929227292422335e-08,0.00019370945147403426,4.477937041898399e-08,4.892408618869794e-07,0.001142104119485739,-9.682074130424143e-14,-2.80635312607087e-08,0.028193365264936293,0.06755074664603787,0.22038159848283334,-0.18067758907147732,0.05569350685564555,-1.4637711720928962e-12,3.1241735633809464e-08,0.0652506544464025,-3.3517649020628725e-11,4.1353047076895753e-10,3.867226024292901e-09,-0.2735212098412532,0.0001287152942680536,-1.2407386486223882e-05,-0.07860393316581116,-0.019243175349651604,-0.0007108363244252759,0.0814857803697841,3.6467797921263146e-07,0.0916987837504868,-0.03626791606931267,-0.018021194632178186,-5.8868167711242984e-05,0.11599654255741412,-0.11598673574329313,0.0001335312123469159,0.091363674277101,0.15131194888524932,-0.040223891505444996,0.013569137694582714,0.28226430760183235,-3.1430325013768376e-06,2.4632320849715913e-05,0.20561289170168828,0.170871452990406,4.0696932506458984e-05,0.0009290362253908943,0.0027779378571459916,-0.0018182285529131119,0.005502297200827765,-0.003911912251568608,-0.0008642733050802622,0.0013274545627147535,-0.03094592978517232,0.06179995416785069,0.003128092256054217,-0.054626187900957586,0.02630836264449502,-0.04031499355542325,-0.017617988507248664,0.0033115185152434775,0.10825857629832575,3.246113274282912e-15,-0.004673051582786438,-0.043377289647836076,0.025068419440337483,0.01466000439104785,-0.07220491237310549,-0.00443582100960873,0.01056630445425647,0.049513832514458636,0.07054142361949547,-0.13492838773464536,-0.02381159354521586,0.16425078969556065,0.09899979517329716,0.018744819748503363
62,-5.763549648908414e-32,-5.578193592520864e-31,1.1915650995031497e-28,-5.377573566284664e-13,-2.7694579424856225e-12,-1.074174375177975e-12,-0.12166980147929093,-0.005950766831895041,-0.04329552951726397,0.7157354567792561,2.7207272952381283e-13,3.576445400335093e-14,-0.28009498902631724,-0.014237136296544314,-3.0721406295563435e-16,6.512445860916043e-16,-4.547200772963813e-17,-1.0447120582992218e-10,-1.7194280749391092e-15,4.399594991355337e-12,-2.3136444005333265e-06,-4.556775695737009e-11,-2.27000443037721e-05,1.6289769343959003e-09,-9.84778015006954e-10,7.968813310879985e-06,1.7997665065169533e-13,-6.68470500236735e-08,0.01176313165551253,0.02788741866395692,-0.16477544973747046,-0.21596878165108707,-0.05380064479309913,-3.519393742712702e-14,8.477367914109959e-10,-0.11557019647963022,1.8952520352566489e-13,-2.8006328160464233e-12,-3.144770013667247e-11,-0.020879735938976417,9.664727564076155e-06,-8.604193584794365e-07,-0.006344978389185283,-0.04868433491765998,6.940720325599711e-06,-0.016832018506566328,-1.5995941699180735e-07,-0.001199603127101423,0.008079367177508153,-0.0012055979894738027,-4.250196128859159e-05,-0.0006809888393724761,0.000710538535913816,-4.3543149238809285e-05,-0.04639766978088444,-0.06749648950592436,-0.13540331627636756,0.0003549692180467038,0.008946416418334883,-3.7913400613013586e-06,-2.2984917939073865e-05,-0.040249153225973375,0.08725561656143739,0.0003190358813988219,0.00150847377986858,-0.0021377553691065134,-0.0010824073200860621,-0.003939137208287334,0.0020371148301441644,-0.0019319304920153615,-0.010492127335894382,0.06910101156773635,-0.11945273060662365,0.01752018816012061,-0.0876646910003327,-0.14339875786887207,0.04643712853070321,-0.08809088493161653,0.008753050972324327,0.052783249779987634,-1.1365916320875271e-14,0.09296543545433439,0.11661974254988161,-0.006061404584408483,0.011869593415969678,-0.08232873561837369,-0.1470555892482832,0.30084309554408717,0.11030043702196823,0.015148793405116686,0.15561038407288352,-0.08926238931415939,0.10954034946125611,-0.070909424150313,0.019552946879374714
63,-2.8089586794260334e-31,-2.1680254785347647e-30,2.6341124998097236e-28,-2.024664513590598e-12,1.128758269284158e-12,-1.907631089919208e-12,-0.5328929658527589,-0.028820290519627215,0.016999516979676395,-0.2775870883929114,4.1813803305434345e-13,5.864436264550783e-15,-0.4755730182024269,-0.024127453651489796,4.460993112811357e-16,6.935026145206417e-17,3.8942303787068403e-16,7.935308883568936e-11,-1.7971839570005782e-13,2.493237753495656e-11,-1.9292612539549037e-06,-3.8875435162686307e-10,1.3624252053839329e-06,-1.6253201975673745e-11,1.864771816054375e-10,-5.880179277552247e-07,-3.833726928675e-14,7.096486871177877e-07,-0.016029601319976574,0.2554910845407815,0.023529758787077373,0.11496807751837079,0.025212429704656626,-1.853120131808948e-14,3.298333996772718e-09,-0.20585873366295102,7.303480620391722e-12,-9.891974902023215e-11,-1.0075712895493227e-09,-0.04036365069363644,1.8644805421027306e-05,-1.6913093862306792e-06,-0.03377024488649097,0.019145874096284026,0.00019167063876014028,-0.0402443572922846,4.1138593015885043e-07,-0.02515891335058752,-0.012456341446484866,-0.0045632296138077575,0.00028949164785519046,-0.08692381624077397,0.08667836168254174,-0.00030224305159330753,0.23280528757957708,-0.12757830450608648,0.008651797293526537,0.0014153124106855348,0.02518357457579994,2.2113232096720937e-06,6.00171525558559e-06,0.03423549602466128,0.03194722990906664,0.00019982713517322902,0.0016362557428800807,0.0012232115929695104,0.001001151295151541,-0.005931336933008573,0.004492993162602788,-0.00135214019929321,0.00949535781574715,0.05018816560401821,-0.10600281616333379,0.0024089328355395402,-0.10958203899942258,0.12152220573481867,0.054946453811338405,0.01535224965739836,-0.06937573233200815,-0.0006990346280400962,1.2951337083179093e-15,-0.010943826310763448,0.07359791062189666,-0.05153771220597027,-0.15138401059868256,-0.11881550709431833,0.030195451552100752,-0.11965824171455901,0.1571377531353864,-0.003904503235746366,-0.11937642708726744,-0.04288919896259591,-0.00971376987042684,-0.2101964981576493,0.021912738749044546
64,-2.9019384328778217e-31,-2.2979664015903306e-30,3.055224812547157e-28,-2.1544002083156914e-12,-3.7476891502737403e-13,2.0552718372529826e-12,-0.5476372298371891,-0.029187984007343553,-0.007062200043686918,0.11813574956856004,-4.5392959903166916e-13,-3.884351341562759e-14,0.5406416684969653,0.027498153887552668,-6.126068169627745e-16,-1.2436482012198063e-16,-1.9151365401837264e-16,-8.325457248713055e-11,-1.1707129853691555e-13,-1.2276776148990666e-10,-2.1257947554478207e-05,-2.7591520241161973e-10,-1.421644983855617e-06,8.457383403367296e-10,-5.542286291084366e-10,-1.6164671024189853e-05,6.81835245218231e-14,4.5648929843494276e-07,-0.004976397537580427,0.1902458662623683,-0.07081643489378356,-0.038208329495281274,-0.01366650856055602,1.99303732965743e-13,-2.301527846068799e-09,0.21535994166635383,6.17313152396573e-12,-8.044323018851701e-11,-7.857543780673587e-10,0.039014137692264646,-1.8203919865374232e-05,1.4965884265522495e-06,-0.04214177144718617,-0.0063883054302170394,0.00014868721936604317,0.03325475576091474,-3.3735386878182294e-08,-0.019723815096358566,0.006557084774572791,0.0032036182892761235,4.392765727735365e-05,-0.03831358049042281,0.03827933637318773,-6.812904862587408e-05,-0.006765165458742935,-0.058854328195034424,-0.0027887254711415903,-0.0056061414614657756,-0.11891540151880073,3.2122583781199468e-06,-6.923233482029523e-06,-0.09100361179887151,-0.08068743204402574,0.00021720750921954435,0.00105750374491433,-0.0025767990893395894,0.002411395388458498,-0.016236240449358386,0.012380300059773298,-0.002982590214076836,0.03449836113370966,0.12091285962010175,-0.23909149034941155,0.008959939203160275,-0.12136221972587831,0.039816985216722875,-0.061439082742205726,-0.043833357728327915,0.010289434476443843,0.10837435013247043,3.219148319076779e-15,-0.009678219685780462,-0.1060397358178821,0.03188763867754657,0.07363730160743161,-0.07464580439838132,-0.006246530872394829,-0.04308194782600175,-0.22811531230253665,0.12114477097960583,-0.14249083646735125,-0.031886308518037226,0.1749834992167312,0.10451370973991883,0.021183077235448884
65,3.1180000404491176e-34,3.116081987159586e-33,-6.959016810114189e-31,3.1408321132936956e-15,1.6177853224779287e-14,6.310103834600455e-15,0.020398518163808083,0.0010465639516654358,0.007479331410894268,-0.1195249275554965,-5.0866847946560506e-14,-8.329295453645801e-15,0.04694325209317039,0.002483244542597615,5.0123275132113615e-17,-7.71288344024329e-17,3.7772675144391024e-17,4.878741776317535e-11,1.5209848345637314e-15,3.8079916461686375e-12,1.5860229388452577e-06,3.472478265089923e-11,9.2552324146975e-06,-1.4698828141995273e-09,7.375952837029686e-10,-4.014093767516878e-06,-4.1460139561406026e-13,6.617773619870701e-08,-0.020946369549364203,-0.06593896521166394,0.41561365681924506,0.5258109600156113,0.207765740413816,4.3554049690053346e-13,-1.3488502401913743e-08,0.28439161833208043,7.841977356313251e-13,-8.426490239942665e-12,-8.73069365302212e-11,0.08096904049179561,-3.791401878473854e-05,3.396802289099074e-06,-0.04205248067656261,-0.21309038476438152,1.724108693516107e-05,-0.08242610853303015,-2.2063276176748742e-07,-0.0026097909109670534,0.011319608819933739,-0.0028168148836507415,-4.7935702994791646e-05,-0.0038686943472398816,0.0039009107957165964,-7.362464353599554e-05,-0.05311325194174409,-0.09671358018238206,-0.17964521277317216,0.0007456033159034313,0.017343255595385357,-4.71941434256543e-06,-2.805820815158836e-05,-0.04525739624358357,0.10428003357111577,0.00035471334351970594,0.0016746711750031994,-0.002308403012387715,-0.0011966377912155178,-0.00415140610982998,0.0021189083803240883,-0.0020369739871329063,-0.01122183341541501,0.07380369096678227,-0.12746404700445813,0.01831510757815854,-0.09136677695062807,-0.1488021205488627,0.047308524866814486,-0.09094396937438175,0.008759864846578008,0.05278286539719726,-1.1291696017690184e-14,0.09489247916126141,0.12005821750937232,-0.006196511738167445,0.011581193411658832,-0.08238975385711451,-0.14715058621839455,0.32248908828891304,0.11793497060139017,0.01519389769760731,0.15615136274593466,-0.09208951999437044,0.10982512967698638,-0.07127167920732162,0.019708528517610863
66,1.5475172905289404e-33,1.2723583806797447e-32,-1.538755072468841e-30,1.1828221832283888e-14,-6.594409651180227e-15,1.1135978959678964e-14,0.08810065751589546,0.004940525151914679,-0.0028988564438944572,0.04575398116116907,-7.25101029514451e-14,1.3687103749409047e-15,0.07709240399045506,0.00406449085297816,-8.913982191320186e-17,-2.2127760474925463e-17,-4.7863852429109267e-17,-2.5702930057149815e-11,9.408597043791971e-14,1.9747876369344982e-12,2.3711448813382564e-06,2.933379187001893e-10,-9.906335999833173e-07,-1.0525430531518546e-10,-6.310543986785241e-11,3.92277570977623e-06,4.2585996081595474e-14,-1.450614157221603e-06,0.03335423614817228,-0.5275009480422118,-0.001226087911495354,-0.2644364452562046,-0.07950096044156647,9.585732664064482e-13,-1.5324406441939823e-08,0.37797165570847446,1.8524832556853357e-11,-2.1703410391344422e-10,-2.0417162816361196e-09,0.11813425742237892,-5.5800646363185456e-05,5.042447234686194e-06,-0.18186178672706832,0.09284028642502504,0.0003721920955523337,-0.1697711288667672,7.587461611864157e-07,-0.04688834457858975,-0.023549472612664085,-0.008788240469108425,0.0004371856604612424,-0.13242839280394655,0.1320625376225388,-0.0004392717374836252,0.3447935652088632,-0.17987214097994825,0.006904525481725878,0.0023586286451541,0.043359689690716886,2.478361422054881e-06,7.4265759697880224e-06,0.045732810282081336,0.04267584893780589,0.00022198084234686735,0.0018151112525671205,0.001391989719151135,0.0010391252588990646,-0.006180564019105412,0.004671137431027797,-0.0014113754412027747,0.009590052092938122,0.052778972983778885,-0.11158148864923947,0.002517972360580432,-0.11391745727584214,0.12571779528578617,0.05601290624181588,0.01592590106367481,-0.07042221375542859,-0.0005929253195231898,1.3605354930372865e-15,-0.010939592985906571,0.07636508608688365,-0.05202243019778045,-0.15629391892251107,-0.11883176196505857,0.03010569016018034,-0.12628475974690007,0.16860096336112335,-0.0044707273116934565,-0.11961190485983211,-0.04437578923901416,-0.009648278723467225,-0.2107368201941251,0.022077061840220465
67,1.5958397694077386e-33,1.3405592956014422e-32,-1.7850953654466836e-30,1.2586151962375628e-14,2.19210823835109e-15,-1.1989964510830186e-14,0.09127859732339233,0.0050576196220461075,0.0012242690526290364,-0.019892265728118655,7.881169887548544e-14,8.562179498880853e-15,-0.09092369528257037,-0.00481631977993007,8.587021992852136e-17,-3.343316375177084e-20,5.835488771148554e-17,2.915365189138395e-11,7.267277939811268e-14,3.8998367989877115e-11,7.310652056625451e-06,2.4609976026092257e-10,1.445200146129395e-06,-8.65803411773196e-10,4.149268462051353e-10,9.854884547975652e-06,-1.8462949313026406e-13,-1.1756324173618681e-06,0.016862253881208492,-0.473979569942291,0.22105745494955684,0.05981574139650679,0.04542810206201352,-3.2072446397984845e-13,2.1520510623818736e-08,-0.5325320395141203,1.2205313952387495e-11,-1.4646338224348682e-10,-1.3354790934710588e-09,-0.1550853016199181,7.18299336420593e-05,-7.200907817037839e-06,-0.15293312236891926,-0.03622153639924352,0.000246411642611269,0.16248996287910936,-1.6786581208022655e-07,-0.03208031760658599,0.014497754474047077,0.006895553497625912,2.4344105215952127e-05,-0.04567380545503455,0.045662978807705604,-5.665514773064442e-05,-0.04007148920121316,-0.06532933189786813,0.0021095876653384957,-0.007607404651760895,-0.1603758997286534,4.031058884480044e-06,-8.395257008202494e-06,-0.1122601892403896,-0.09911252724104598,0.00023482413974779758,0.0011227833043173515,-0.002859750226105098,0.002640202981981054,-0.017543564810880288,0.013373825276242882,-0.0031504383176662984,0.03649140893136349,0.1298319079270456,-0.25680936617394384,0.009304474025415984,-0.1257388324940124,0.041196483543570125,-0.06263388796827608,-0.0452482519805132,0.010603961733353047,0.10831803207998043,3.1824578570249677e-15,-0.010071861967115845,-0.10965241113783625,0.03224495188732041,0.07672161372782291,-0.07471073653046728,-0.0062052506113326345,-0.04718659030362556,-0.24312973585987138,0.12406608155098943,-0.1430947024989021,-0.032392522794770215,0.17547031366489943,0.1048191484345805,0.0213166053951199
68,9.684611017295343e-34,9.682648269072183e-33,-2.1635756530499707e-30,9.764944337442599e-15,5.029714825033689e-14,1.962010078391993e-14,0.09548437953216744,0.005021147387422062,0.03577497583797096,-0.5612990678929838,-2.6147320598888833e-13,-5.2133580694605615e-14,0.21942788284460757,0.011850711414121315,8.746123677491607e-17,-2.447683175670235e-16,6.442474495597458e-17,1.5489322906658785e-09,1.5799117268419562e-12,1.7671456370333325e-10,4.0028906294741033e-05,-1.003902466586217e-10,0.00021895060362634111,5.295035916391511e-09,-5.3063971285359425e-09,-8.419236374602992e-05,3.393043311426655e-13,-1.6407054115453565e-07,0.02408706964006915,0.04853120241752741,-0.30357927359002884,-0.4007541878473653,-0.09124049533189749,-6.237825428246441e-14,1.3966787103179906e-09,-0.21154332123325278,9.415552961987888e-14,-1.676434709144834e-12,-2.13776341730972e-11,-0.034905934309530776,1.6150785181418828e-05,-1.4103259901144004e-06,-0.0071835638770308225,-0.06561127732808121,5.19477169220755e-06,-0.022172598989730414,-1.8552854217881538e-07,-0.0010131737430651706,0.00922948010316481,-0.001413011511354891,-5.112640145040426e-05,0.00048739198671321856,-0.00045098828633870696,-4.2992296283571385e-05,-0.054572803037303566,-0.07140227478135214,-0.1475851738485964,0.0003260439855519956,0.008478586944010321,-3.923801520005913e-06,-2.3998332516122855e-05,-0.04092261774985115,0.09265444760252396,0.00033110358394679794,0.0015676774431273622,-0.0021867954169552148,-0.0011145746606174445,-0.004025408303162895,0.0020771783224041527,-0.0019685486479309854,-0.010713959280701405,0.07074337574642035,-0.12231024006783348,0.017785180189435472,-0.08901506784764941,-0.1450849094808924,0.04676642515692624,-0.08903995518242909,0.008743502521194397,0.05280742442203212,-1.1239976720408724e-14,0.09364044512648509,0.1178440938595556,-0.006115752156795505,0.01168161520160365,-0.08237784355867137,-0.1471836743533131,0.30746209899095045,0.11300615863001448,0.015161925817666696,0.1559044029328061,-0.09025115628693732,0.10968823571349495,-0.0710665957209483,0.019615121544660566
69,4.8129700210257734e-33,3.960611532924829e-32,-4.7895511554204994e-30,3.681669565247887e-14,-2.052813387163825e-14,3.468394147796647e-14,0.4315242492326823,0.024746460072355123,-0.014598859639005457,0.22552609283402605,-3.9658610440445085e-13,3.3211852366272415e-14,0.3936152954053258,0.02135102092909069,-3.047281789766695e-16,-1.8067509864132254e-17,-3.874540274983771e-16,-6.236466724469416e-10,-1.7633250299303237e-12,7.082480822350635e-10,0.00016122752200059393,-1.1084105974680854e-09,-9.062616574238227e-05,-2.6660937350801607e-10,-4.2936248882797765e-10,-0.00016301939577374869,-6.813078906299621e-14,1.1838364576701284e-06,-0.026704431202586015,0.42488416262913575,0.04377734992930667,0.18723789053118342,0.038603440805319585,-4.6687736414283265e-14,4.362423371354737e-09,-0.3343093169213163,7.784519408264408e-12,-1.0285827900130197e-10,-1.029116522990029e-09,-0.059253320493189036,2.736990107675117e-05,-2.429590356914985e-06,-0.038180214730761226,0.0221286615688322,0.00019372889310827158,-0.045809883258472496,4.0156065501948684e-07,-0.02515366573796062,-0.012166029832650803,-0.004425528859155244,0.0002514931691758303,-0.07775397367783879,0.07754304443271383,-0.00024671792796518747,0.19316975047817003,-0.09847994936338633,0.00435563230789477,0.00011848714802719802,-0.0016741462857658399,3.981536159255532e-06,1.214940916281852e-05,0.04942974130231069,0.04094522387193497,0.00022146205043845865,0.0018017054881626284,0.0013473786545556295,0.0010623553715276258,-0.006258941109159409,0.004734303353373634,-0.001408212010939787,0.009747990439931582,0.05299482117193005,-0.11198820189330407,0.00248744388116081,-0.11296085045057754,0.12486914215531109,0.055610216702869454,0.015780978816920196,-0.07009592162255072,-0.0007099394923484941,1.3113500177497777e-15,-0.011037970945678443,0.07523794788165306,-0.051867367826412436,-0.15470114254747536,-0.11878831697889873,0.030194455285852996,-0.12617512048379403,0.16436291637793662,-0.0041652405231725545,-0.11957588913740036,-0.04388205508515007,-0.00977978444532508,-0.21061665634144638,0.022016158913423622
70,4.957771731618079e-33,4.1677820376545863e-32,-5.549969813490251e-30,3.9130822338377837e-14,6.815232254804378e-15,-3.7275431844992356e-14,0.42983447704173033,0.024331981050634235,0.0057767210510767395,-0.09254447126556205,3.602712102381402e-13,5.811339634405834e-14,-0.4230940673223541,-0.022873371743875583,4.179541748225743e-16,1.7258091422070487e-16,3.2096497717912603e-16,5.274072161508515e-10,-5.199438997910389e-13,8.615070676753952e-10,0.0001737763231152804,-1.0553973076198795e-09,2.830264944452565e-05,2.3054800211864598e-09,-2.795907264348715e-10,0.00016034434903947252,1.2146826857092547e-13,8.584808741951156e-07,-0.008939828133248692,0.35904134160839524,-0.12453736563078999,-0.07120451499807653,-0.02336481711854389,2.9372217409043795e-13,-3.5868648905377243e-09,0.39316083030041593,7.811447001840886e-12,-9.960490263447839e-11,-9.593357850692903e-10,0.06505964644227466,-3.0302710259493596e-05,2.4760678202534492e-06,-0.05922398983466094,-0.007493239877389861,0.00018033148454380237,0.043400601900211576,-3.44198829592014e-08,-0.023776270658743603,0.007419752853332853,0.0036729036675715457,5.846501205221863e-05,-0.045528464100526966,0.04548307873180202,-8.774954395390415e-05,0.001813953648729975,-0.07092111913607425,-0.000931903874501776,-0.005800489316041827,-0.12307503815247303,3.079917450846947e-06,-8.577008411278253e-06,-0.09958456850068799,-0.08722772888075656,0.00021970503893181792,0.0010557652931553543,-0.002679603946840911,0.0024729115227641067,-0.016599284955020617,0.012657218750301952,-0.0030294365829165023,0.035102029439529385,0.12334510681458977,-0.24386430933137557,0.009065547978498904,-0.1224107822745877,0.03986246012555236,-0.061945709910845304,-0.0443638181429306,0.010487635668418769,0.10844002847102513,3.1099750952971665e-15,-0.009795100484876659,-0.10744208806543383,0.03207121437865622,0.07505196846344421,-0.07469926647250073,-0.0062404019057202146,-0.04345687097624281,-0.23374604274445557,0.12218492921870162,-0.14275110881313596,-0.03195582488903767,0.17528066202293277,0.1047821265197318,0.02122621462400658
71,-8.228418262110188e-31,-7.962640577293113e-30,1.7005163468594463e-27,-7.674879224237912e-12,-3.9520279680874505e-11,-1.5327692682760273e-11,-0.0006555249512942261,0.013621834403901368,0.07036594680147297,0.003932019991857113,-3.666870116759759e-12,-1.4609611490051076e-12,-0.0012381508480743598,0.026974760392872374,-3.891442525082102e-17,-3.660800090629059e-17,6.354216750771843e-17,-1.1337125142691486e-07,-1.0049770113912778e-10,-1.670697741396114e-08,-0.012330199552983822,6.601550221449884e-10,-0.06436885698953117,-9.170752165833312e-08,1.5066789118597793e-07,0.024855042483784586,-4.1232114754160605e-13,1.534675847801539e-06,-0.11184459446248553,-0.01663133400329047,-0.01660920842273755,0.14287501073059855,-0.612504691966313,-1.6893874864420567e-12,5.707129604439994e-08,0.03698262263687821,-6.402819466303155e-13,9.391051094323372e-12,8.567730313055926e-11,-0.24080157338770644,0.00011423094321388159,-1.0833093763375857e-05,-0.0735832028828509,-0.473336738738914,-1.9707431073551816e-05,-0.17734299742010612,5.704596260908178e-07,0.0036571499835699483,-0.027606217804220068,0.011256918864239905,0.00010019267171128729,0.003935290129761895,-0.0040082137234086,0.00014035934270371692,0.0964100169714843,0.16532752335494424,0.29074864772450587,-0.001830876303485415,-0.03975397357579015,3.332315365650207e-06,1.9351243548592235e-05,-0.008195559229319168,-0.07679261146210829,7.074912802371389e-05,0.0003789181748098687,-0.003129397426676625,-0.005720704762524272,0.0046350378549642746,-0.0017560771652756191,0.0017826562815938074,0.0027143008038186265,-0.04543321285787929,0.07026941748632871,0.005198047190575542,-0.022761485368849844,-0.07241495045539913,0.03372636040894479,-0.04757889331082568,0.009411404550407424,0.05030383052084556,-1.1123681470895566e-14,0.06573471746224774,0.06681606109598157,-0.00391139701749587,0.020148594265599465,-0.07776546252177106,-0.14213734986403406,-0.18288022445845428,-0.06484448629320849,0.013327815396618686,0.14715861234130453,-0.046999822917081865,0.10138754328438881,-0.06374431225811164,0.016618792015327347
72,-4.0094063498894535e-30,-3.0937966546265953e-29,3.758991253746465e-27,-2.8892733594287343e-11,1.6107017506260032e-11,-2.7224050395991773e-11,-0.0025468013288955068,0.05165592470650179,-0.02866668166644454,-0.00166200823454846,-4.070724236819531e-12,6.817330724781147e-12,-0.0023069931302807443,0.04889563874425665,7.121816042244774e-19,-2.4016482954620008e-17,-4.225789953856758e-17,2.797543338128743e-08,5.971874870046023e-11,-4.779750824346545e-08,-0.047279760632658194,1.9685206244313267e-08,0.026146995999824885,8.967592818172614e-09,5.025783116746896e-08,0.044648128992096664,3.358927039034291e-13,-3.9339564594149167e-07,0.004170210684163172,-0.07836593461850909,-0.3962350425233619,0.23502038620962185,0.23892127246756692,-3.837925044648532e-12,7.757491236913405e-08,0.0689769182325007,-6.656788328586086e-11,6.948294653636171e-10,5.813964646738906e-09,-0.43787807509389715,0.00021015207941878136,-2.0792664498034366e-05,-0.338008488842448,0.1779315004206707,-0.0009918707813276716,-0.3222384402041202,-1.7315651408751928e-06,0.11589764843235903,0.05612965247565959,0.02138354924649809,-0.00033797844399340395,0.1285620989624774,-0.12832852869240807,0.00010109610870038945,-0.1488776641401628,-0.043783848307572204,0.0600133259167029,0.005929039283070908,0.12655428599217874,-1.3180625695120831e-05,-5.240372328862676e-05,-0.15916521574531875,-0.10514417527329821,0.00028489475129059706,0.0038298836780627753,0.00828826290889412,-0.0023821091198428196,0.009863762464598498,-0.0074043509065182984,0.003546155457611149,0.007171803038590103,-0.04982375626584915,0.11268044591353893,-0.0007335517753326797,0.0069107384710579475,0.014318312029046458,0.03305176172357183,0.0021088311309656843,-0.046399794141292444,-0.0015238227259208319,1.7477140784301958e-15,-0.00943745263704451,0.018166659438950385,-0.04028834634218416,-0.04446563625481942,-0.11368249855378929,0.030427302514584646,0.12470307959666398,-0.1898628262386669,0.005334304220071477,-0.1102780856498057,-0.009713547596210152,-0.009293155236604348,-0.19015685716719596,0.017963507142691
73,-4.142124104139904e-30,-3.279281143250309e-29,4.3599043968986295e-27,-3.074390613725734e-11,-5.34895411780259e-12,2.9328770109432426e-11,-0.002699475567268735,0.05493159011759637,0.009561146695938254,0.00047942077576348404,-2.7769796753167233e-12,5.8415679911300726e-12,0.0024180480757177523,-0.052582156539020035,4.684349553358314e-17,8.292975691446304e-17,-1.449234522523839e-16,-1.605798888535731e-08,3.25243801483935e-11,-5.01559011582902e-08,-0.05016714393943913,2.1346947643430578e-08,-0.008910383404537295,-2.973506534069018e-08,-4.9080665323586746e-08,-0.048222577342290684,1.3848158151990022e-13,1.613582534907645e-07,-0.04106889261133994,-0.0798195633717263,-0.37649861935142953,0.2950571374631628,-0.09842596472804675,1.8702848783756518e-12,-1.0739171546297926e-07,-0.0783400193936334,-5.188568520927731e-11,5.668510095298381e-10,4.896278683865295e-09,0.4535119513581706,-0.0002092447795148718,2.4295455455681078e-05,-0.3740599475363566,-0.06822535130810584,-0.0008697325610025615,0.3486051770471459,7.532491883902967e-07,0.10938143644910633,-0.05187255912113641,-0.025158012887510902,-1.3669034433638833e-05,0.09822982889920231,-0.09827422561186688,9.716675218777986e-05,0.0984038369367255,0.12692869539172497,-0.058256383252915114,0.009168675641303707,0.18825640500829052,2.796409542680258e-07,2.311041225143912e-05,0.14481015821932625,0.11295278357164473,0.00041489972511171886,0.004355037740001625,0.005935129475469342,-0.005121327184428464,0.010111804420144352,-0.006308116385118018,-0.003870059806971916,0.00031778833076294394,-0.07428670809011523,0.14963336921741532,0.00435161829956156,-0.07572053733731035,0.03641943710884122,-0.04257616253893718,-0.020482833839076262,0.0037153237863495705,0.10439131996929607,2.9216844403285276e-15,-0.005550769656644775,-0.050581798188987635,0.02521969893786295,0.018239974336260435,-0.07108409496828541,-0.004603772046937957,0.028476628047111072,0.11917131500729237,0.07772078875367042,-0.1327313228896767,-0.02692479510191002,0.1609066869555496,0.09510249494417972,0.018857177703184944
74,1.056686995325427e-33,1.0560601389364699e-32,-2.3584385629235503e-30,1.0644937400010347e-14,5.482294863755919e-14,2.1382645843642978e-14,3.324639945938519e-05,-0.000726645594535799,-0.0037502025079744717,-0.00019960005813973863,4.210256940207734e-13,8.977794675996131e-14,6.16591552467282e-05,-0.001432574486925708,3.74690038582826e-17,2.3970938442729536e-17,1.772660751759122e-16,-5.645819975333545e-07,-3.6549667640028434e-11,-8.49309009753069e-08,0.12889472276676162,8.384981721067493e-10,0.6730580523397831,-4.89559587305941e-09,3.5005494726857333e-07,-0.25888417562530325,6.079861322183545e-15,-5.888306305457849e-10,0.000699686262852518,0.00028967213527383064,0.0016071595730239956,-0.0037010910815960243,0.021299602299351867,9.362097066081925e-14,-3.2036001862721313e-09,-0.00047047347324724094,3.1379878428058053e-13,-4.9644955852173305e-12,-5.238824492877218e-11,0.008064962540888745,-3.9129733206737286e-06,3.258422178877576e-07,0.00911392168673594,0.05503462971042,1.1702640594660822e-05,0.02023655753964782,-2.5922984472304886e-07,-0.002029950113893929,0.013133671506397309,-0.0024004510834276698,-6.233703135623663e-05,-0.0028022327653256817,0.0028439651605165015,-8.351889991782683e-05,-0.06814669032920692,-0.11738487633152232,-0.22516158362929437,0.0009535096020125896,0.022495093641318555,-7.139190836677521e-06,-4.14912482417257e-05,-0.08001812865657278,0.15143553005789415,0.0007849304747267705,0.0038780301800105357,-0.010600902750258786,-0.018526232494723145,0.013573803806897253,-0.005781702033614626,0.005520175005358204,0.006027890467223033,-0.10854133460701872,0.1640904515272663,0.008075691064575284,-0.028215757970970805,-0.11071335630589674,0.03987965545841796,-0.06637295821882576,0.010035293691829672,0.0511314525434488,-1.1275266089970958e-14,0.08011545409412207,0.08781005120855845,-0.004730257154255945,0.024306192082147748,-0.07909242277484603,-0.14397639524025996,-0.43545228467794556,-0.15575390947906742,0.014827685369025031,0.15215212452593072,-0.06352720805404989,0.10520274031272807,-0.0665333323799603,0.018022512060134343
75,5.2440112756357976e-33,4.311927824406665e-32,-5.2147059304237066e-30,4.0084808118426245e-14,-2.234636964662656e-14,3.774166298990796e-14,0.0001287185451517214,-0.002755923650383998,0.0015287067902062816,8.498518094316995e-05,5.595737530970117e-13,-1.2309747360096064e-12,0.00011926248657596277,-0.002615769136961128,1.562598782893791e-16,1.2533018569176532e-16,6.883742790801444e-16,2.275930578592297e-07,2.32388344555496e-11,-3.324616891220199e-07,0.4949972914774548,2.8889078456894876e-09,-0.27376442695246944,-1.5978658460013809e-10,6.117038229382761e-07,-0.4658002551965922,-8.4021359817949e-15,7.3849199392050256e-09,7.157768126116011e-05,0.0012342126241106609,0.01291659503208316,-0.008306036263966813,-0.008097705250333249,2.644749909707805e-13,-2.949223349068095e-09,-0.0009946450982891224,1.2678935202360285e-11,-1.5723656206507813e-10,-1.4940611389401813e-09,0.015079361926126347,-7.56057781595001e-06,6.958563854009878e-07,0.04030154558513751,-0.021000182355748048,0.00027433911542819854,0.037289424368729555,4.877341411633722e-07,-0.034712020422914706,-0.014289207268163368,-0.004775879602235253,0.00016955039520500693,-0.06794539737890415,0.0678149353147362,-6.732964466723861e-05,0.06936991126071013,0.010878442263318333,-0.011946385011553809,-0.0091522660501509,-0.19842085087577382,2.1385084028012226e-05,6.756907415771285e-05,0.2073701190621617,0.15126077734459395,0.0016636409485007476,0.01762892855742934,0.030067778382988488,-0.006147416415797607,0.024344781284519022,-0.018709070276754797,0.010095298539247288,0.013894392459406622,-0.09389184861724979,0.2165108413417063,-0.0016905909079792244,0.023846761019313,0.010560266155613233,0.0391389497955311,0.0026342939694819936,-0.05220696363482348,-0.000693627891992509,1.3880995500956613e-15,-0.00928813843237877,0.02872277902201369,-0.043152040423438384,-0.05900284986691467,-0.11233055515620233,0.029299988463239533,0.2416283946593594,-0.3835501289906493,0.0027252312501461332,-0.11054324261036128,-0.012864886914142892,-0.0087044104296958,-0.19186965042110632,0.01889743319736536
76,5.407692938100253e-33,4.5429738141161884e-32,-6.049460032816761e-30,4.265289102204752e-14,7.429927435791746e-15,-4.063020114689094e-14,0.00013645556903633057,-0.002929484185284707,-0.0005105052529266552,-2.3838345858808208e-05,5.776425592332117e-13,-1.1104041937743568e-12,-0.00011942606930142009,0.002797766643384779,1.6055211986163558e-16,7.633133821237164e-17,7.209711956889622e-16,-8.195959491495208e-08,-1.9620998498035206e-12,-3.5193504326903554e-07,0.5248866378739685,-5.396762918269712e-10,0.09310057335824425,1.306039583665062e-10,-6.60764819465778e-07,0.5026555313494704,-4.061628581314539e-15,-9.461846099590504e-09,0.001099683172616782,0.0013744985342465485,0.012757841322593865,-0.009477339039095244,0.003449542136658776,-3.8466262263209395e-15,6.184276750519287e-09,0.001395402838762928,1.0930052397697227e-11,-1.385293263106108e-10,-1.3374345322098733e-09,-0.014264357402334676,6.317874604245434e-06,-9.542134298904498e-07,0.04296231036080186,0.008382125983871207,0.0002511091449354952,-0.04033241772368657,-9.693367903600749e-08,-0.033124478985581546,0.012497157515280063,0.006107021335289566,4.9023712005575946e-05,-0.057830402712582774,0.05779534146090554,-8.150969561562479e-05,-0.03446316268053172,-0.08177328212804244,-0.005157386301963129,-0.010394801176602372,-0.22066490079675935,7.5791255627262284e-06,-5.4552522343747285e-06,-0.13758648141613108,-0.12256741754197172,0.0012931208245874264,0.01234882089116251,0.013001096928798283,-0.012892926378019297,0.020641681292441635,-0.011636327330872031,-0.011201768514712808,-0.0022249025333480757,-0.17707542827105835,0.3580989146609766,0.007227588098241801,-0.12573259017905203,0.06068426327645748,-0.05047794052137274,-0.027366989094654317,0.005247056407759374,0.10426625820487362,3.155179540338105e-15,-0.007973064178220064,-0.06923393701324232,0.027729746180405076,0.02725983354305474,-0.07224883318321744,-0.004811160404644667,0.07202347099592095,0.2872733934814211,0.09713241838977546,-0.13739644151391434,-0.03454657060112297,0.1654059468919483,0.09693173047314806,0.02008155759826884
77,-9.25399312776832e-36,-9.589479320058166e-35,2.2434034583105902e-32,-1.0125103521756143e-16,-5.215580212740341e-16,-2.0505365583536224e-16,-1.000717442898747e-05,0.00022763985110878108,0.001175774568972958,6.022336909507514e-05,-2.2311359893284722e-13,-2.1347034761873724e-14,-1.8265283875202925e-05,0.0004473351424023895,-3.2003776031312486e-17,-2.516482989715845e-17,-1.611048584991173e-16,5.330122615422959e-07,4.127443662243697e-11,7.992502880972899e-08,-0.118816870986849,-9.113077342204785e-10,-0.6219678738926738,1.452865491027938e-08,-3.3922396176042437e-07,0.23928462637049489,6.105619997766963e-14,-2.2512374875083476e-07,0.01649747135940725,0.0025075678296793322,0.003127147470167049,-0.021990043961948876,0.09692305822038412,2.920071133724172e-13,-9.846728500211429e-09,-0.00546077523583955,4.0443221132468933e-13,-6.242652663063855e-12,-6.435129195595568e-11,0.03796809919731015,-1.8073591975490926e-05,1.673357909754399e-06,0.016925012895746255,0.10556189421617991,1.4359489742878097e-05,0.0391700744075146,-3.2490635942167194e-07,-0.0024994957211041764,0.016364863094068906,-0.003584525824339918,-7.504179653245801e-05,-0.003393220589610831,0.003443922204295568,-0.00010141063894597268,-0.08103293346804223,-0.139669256492338,-0.2657216931208781,0.0011678679283808786,0.027276977948653053,-7.92313966165675e-06,-4.6086048457133236e-05,-0.08522040761654948,0.16886753680314323,0.0008391732077475798,0.004149278366890551,-0.011135654155658915,-0.019475749033498902,0.01424660007368924,-0.00608880574265568,0.005793582838460482,0.00627310478976033,-0.11325388048785766,0.17115335239109916,0.008284437981348052,-0.028634824707613405,-0.11343156639843648,0.040294500429892605,-0.06771835974396952,0.010059832018784826,0.05119624420714949,-1.1385434804941719e-14,0.08110713298826323,0.08927182514357726,-0.0047891824101401435,0.024585761288321843,-0.07919604572647093,-0.14400346978883852,-0.4538116422284949,-0.16240278871662656,0.014965201234694296,0.15232380890270347,-0.06471454240219232,0.10546902820663177,-0.0667110850343155,0.018125946810677297
78,-4.6892848729889866e-35,-4.121358610215318e-34,4.9634711794762e-32,-3.813759726183152e-16,2.1259515427248797e-16,-3.587966624661008e-16,-3.868036644015292e-05,0.0008641384138355982,-0.00047948985496995284,-2.5806741937880795e-05,-3.2663880602229943e-13,7.774797008767197e-13,-3.698727105331865e-05,0.0008237454659616833,-1.4265921199477872e-16,-8.965805585439903e-17,-6.247618612776658e-16,-2.1381703292669772e-07,-2.660076248401266e-11,3.122538767451655e-07,-0.45692935314131494,-4.760213129189587e-09,0.2530407380457269,-7.037513676408686e-10,-5.718113114047596e-07,0.43024303147356696,-5.175827741749005e-14,5.5604047350282784e-08,-0.00042022516554421655,0.011744757630658357,0.06227981254613661,-0.0372076722636428,-0.037705766830179316,7.064924604653078e-13,-1.2214681489700786e-08,-0.010251302905139852,1.97266669586819e-11,-2.3128367984464698e-10,-2.119548057689318e-09,0.06936886399796495,-3.353195873203105e-05,3.263396980472264e-06,0.07629185646025678,-0.03993536025768652,0.00038181089099371935,0.07171080027498165,6.765169093232576e-07,-0.0473830911820564,-0.02032267969047361,-0.007038321376862623,0.00021063923989295542,-0.08378653387164861,0.08362672088509653,-8.080809793442982e-05,0.08708291727937631,0.015354861215947126,-0.018049693911607656,-0.010316211595011449,-0.22349813358451415,2.405391153139132e-05,7.686860134929742e-05,0.2357124765177753,0.17105194661758225,0.0017677775035199312,0.018667890317637874,0.03169651602029797,-0.006437783738506811,0.025432908484175887,-0.019555709858874018,0.01057877409402364,0.014391984582784224,-0.0972472633292646,0.22437199214985612,-0.0017562709109534046,0.02504074041558389,0.010274832584502862,0.03956887086048261,0.002644218428729955,-0.05262202491324192,-0.0005762981522765119,1.2100029719948196e-15,-0.009259475570217418,0.02948876835392417,-0.0433463324005806,-0.060047762267509,-0.11227198163144735,0.02917855175455253,0.2501833387653126,-0.39779093170342517,0.0025778519201419313,-0.1105746058594382,-0.013125906163770686,-0.00856447363096496,-0.19195151695152174,0.018976812589224196
79,-4.82573105339571e-35,-4.316370881133843e-34,5.758566192164248e-32,-4.0580588717967887e-16,-7.07618907332999e-17,3.857750486588539e-16,-4.1015222824939536e-05,0.0009184449527524603,0.00016003305892335043,7.045102408850204e-06,-3.6720090713714975e-13,7.149779318294217e-13,3.48152061673735e-05,-0.0008750404454695587,-1.458517895060964e-16,-1.1605999970607748e-16,-6.597004775406216e-16,7.743365601567641e-08,-5.716458540657341e-13,3.3061123486534463e-07,-0.48458943267503807,-1.6676062620973879e-09,-0.08586336407154897,3.524886133170607e-09,6.171636035134579e-07,-0.46456106856537044,-2.1615797932025796e-14,-2.218516794356255e-08,0.006131854720461797,0.011955222697169176,0.05942046138764019,-0.04634176163028661,0.015634023667991586,-2.3845623613433256e-13,1.869789233148218e-08,0.011815494520618506,1.6396715336900666e-11,-1.9893496765503542e-10,-1.865298895822547e-09,-0.07079612391419815,3.245185933242074e-05,-3.924058999447301e-06,0.08306879960135392,0.015632317272589753,0.00034555725029956783,-0.07754863838413911,-1.7376321398881565e-07,-0.04508972634022181,0.018051724775528945,0.00879291692921547,5.335437308572706e-05,-0.07028003519444091,0.07024668317903626,-9.551581705999149e-05,-0.045455429304844266,-0.09843982161029008,-0.0005920441647391137,-0.01191895255926596,-0.25248940567405165,8.119890187420433e-06,-7.75748951179495e-06,-0.15956727760709072,-0.14069826678457378,0.0013589816385158376,0.012947231477272393,0.013526435674047588,-0.013476240611523574,0.021429110081819754,-0.012034912412796901,-0.01173900630500929,-0.002407203900374422,-0.184741243250267,0.37363545136753773,0.007440368667432326,-0.12939210657598177,0.06242034705208615,-0.051012842519481995,-0.027888612783113234,0.005343378110250191,0.10424531041263739,3.262083262508971e-15,-0.008121869687158235,-0.070541219779967,0.02788811823390509,0.027904296021771385,-0.07238050042359365,-0.004868278360953495,0.0751663820083144,0.29948030305336704,0.0985336670575633,-0.1376775381995505,-0.03512391741475297,0.1657212648341817,0.09694539725722467,0.02017823558305661
80,1.970783570584652e-20,1.6622010599701535e-19,-2.798616063433859e-17,0.1262654801799384,0.6495325771890883,0.24947299050379204,-2.139080610681736e-06,4.283453534250031e-05,0.00022701972800776655,1.3142910140778427e-05,6.417687323357853e-09,3.5332349501802548e-09,-4.77082890163025e-06,9.986873903172395e-05,-3.107059020438309e-16,-1.5083726364110621e-15,1.6380514597464562e-15,0.00015843106366326365,8.022469841836607e-08,2.5346744403646107e-05,4.476570394758466e-06,7.538635903027998e-07,2.507567792246191e-05,1.1466357873996205e-05,-8.97583113982912e-05,-1.5311419537159004e-05,-1.5132020666630403e-12,-8.540123002526362e-06,0.04885716308929292,0.0014778795007479185,-0.0004043016515577541,0.0058306308406149854,-0.009389469919318024,9.081287045425e-11,-4.010584700156032e-06,0.00037170268138601257,-6.074036398020459e-12,-7.349483635055891e-11,-4.0787308874469616e-10,-0.0017632992718318208,-0.00011185916292248995,-1.2450922553856333e-05,4.5335096150144025e-05,-4.397060437314399e-07,3.566708250009827e-05,8.795122191278102e-05,5.983760092150047e-06,0.012435230723135862,-0.2325486893830754,0.377839978849637,0.00014783922298558066,-0.000696553196354416,0.0005007311436129172,0.00040837042990633874,-0.011867419223558705,-0.009686428080271437,-0.00034236771802418107,-0.0013533502501371802,-0.009406028203415856,-2.152052504588697e-05,-0.0001258259119395963,-0.1282194527741603,0.16711388873201882,-0.0007657454707497273,-0.004025704709325211,0.013451216822732245,0.020615676787779046,-0.00896851584644728,0.0031644201334844646,-0.0040366456521864855,0.00938398774953489,0.021255705316665985,-0.010748867062480629,-0.03252825124874888,0.14206096525996456,0.27738658549262696,-0.03080502123888795,0.15005749334680182,0.005604471469624523,0.05050935320945059,-1.4333003755631963e-14,-0.08958245766127804,-0.16667270894680283,0.0034161825500495704,2.2888217881697532e-05,-0.08828140522225121,-0.17801552564592113,0.043773214677114945,0.015179057320846713,-0.008638186146124332,0.15028328117199868,0.14328848743206354,0.07456595013915278,-0.06248701654874217,0.002098974613659676
81,8.939633953023035e-20,4.958686885619044e-19,-6.203300639000124e-17,0.4765111257204012,-0.2654388967007387,0.4501031021603437,-7.596394166335257e-06,0.00014743072530372026,-8.343642154186781e-05,-5.002119532918551e-06,6.604178754150606e-09,-1.532995899243554e-08,-6.813831469629786e-06,0.0001392702413825105,-1.3502233773402865e-15,-3.845625824121797e-15,5.1536739733875344e-15,-6.304746402483369e-05,-4.0466442333756176e-08,0.00010523277121407463,1.333072141621343e-05,-5.7038972869644514e-06,-7.805342448897948e-06,-2.9448183703867295e-06,-0.00015905530574221053,-1.231503517403594e-05,-1.8256860444993945e-12,-5.792972484213759e-06,-0.0030873342478185692,0.0005272669758025316,0.0034259157363529078,-0.0024916021024398924,-0.0010909485838083903,-4.32193982942691e-11,6.304350362886532e-07,-0.0006114831730142675,-5.823041056885632e-10,4.171332190430813e-09,2.4899050795759237e-08,0.004179082117701149,9.959414521939054e-05,-4.795905265977553e-05,-0.00030513845093147455,4.811751465312351e-05,-0.0032774480743302664,-0.00025449616879434975,-6.8586498569305354e-06,0.26491639233028885,0.26159589457029975,0.1469662732812684,0.00012012013752456226,-0.12835342099250657,0.1283255091202872,-1.314663394439224e-05,0.003288419292559299,0.04570911133060743,0.0038184913379979346,-0.002386538215643989,-0.034150796237710966,-7.210887030837523e-06,9.64071597250883e-06,0.05367995545911118,0.05214056069340695,-0.003202662243974203,-0.03364509458681001,-0.05470949222079163,0.005979482730035185,-0.02241049715390601,0.017676540757342925,-0.01344865026864765,-0.035393796761126056,0.007414080780729007,-0.04615794313263119,-0.001933079343099691,0.17073927185806653,-0.21570317493758068,-0.05635821300250411,-0.03204970865429195,0.04737159598779526,-0.01953904981397578,2.0505191367348864e-15,-0.002073534930118869,-0.1641393872224499,9.868389842981026e-05,0.2869581263607837,-0.15025181709939023,0.04440554042641175,-0.047477357027378465,0.11916290770729772,0.036533904132730166,-0.09890680099876782,0.081698007913137,-0.025346251250493952,-0.19475060030257665,0.003935602989422609
82,9.305410091552918e-20,5.454947948522793e-19,-7.184751455089449e-17,0.5069384642802567,0.08772456784837922,-0.4852242106766948,-8.075592205514805e-06,0.0001573599964606441,2.9536376210934604e-05,1.5723768846912142e-06,9.256041025265985e-09,-1.2234294481775143e-08,7.2470186783667945e-06,-0.0001493865596883416,-1.5383418002019337e-15,-4.313319167673216e-15,6.090368150622846e-15,2.4199545174922265e-05,-3.7563151762333096e-08,0.0001091632430332799,1.4298230452341325e-05,-8.16895528014311e-06,3.1785174595898835e-06,4.401694214919678e-06,0.00017333325325855152,1.3116295755052999e-05,-2.2505528581430902e-12,1.4266148854355886e-05,0.005538401160886011,0.0007748557764639203,0.0031758702696911907,-0.0017420615230054654,-0.0008397366908955919,1.3213275393656295e-12,-9.093490156409512e-07,0.0007221106094065867,-3.5762518295183777e-10,2.6761980059979918e-09,1.5875397775678864e-08,-0.004677942570573159,4.0325277068828334e-05,0.00010185910202382468,-0.00010728816740906355,-0.00013460926324380186,-0.00235359555146859,0.00047905490631091875,6.806953337221371e-06,0.25799945044818623,-0.2626220661959116,-0.1640916505985373,0.00023228324988173554,-0.11696101298414138,0.11667429368111529,-5.8921602072182475e-05,-0.07159523012560146,-0.020810489068728014,-0.005944623016776845,-0.0029074170254053625,-0.042284757337085,-1.7038086239740923e-05,-3.247238791839085e-05,-0.03913467685481165,-0.04969584321992372,-0.003114936911876861,-0.026121648710487597,-0.01639919070251264,0.01772479249597046,0.002956650125117018,-0.009288098596599749,0.02443608232060668,-0.06002265138324444,0.016555258469449052,-0.04331124159744479,-0.02367924141396907,0.3244353859799868,-0.10672748753593762,0.04723259273827121,0.08284217485459924,-0.020791857288881464,0.14430531222203555,5.381291041092109e-15,0.01383262174716939,0.1842339747142571,-0.0004940136525826991,-0.15525052003945156,-0.0717813410333937,0.012014487912268335,-0.012810022437487592,0.01691018145514158,-0.1513400253595381,-0.13484737363205684,0.04561523091731424,0.15016374885034392,0.11670491185627838,0.007494910593515156
83,2.7279361709454486e-25,2.520621974007226e-24,-4.886235374930644e-22,2.121335678075791e-06,1.2066920618425507e-05,6.508982554328112e-06,8.308369373504475e-10,-1.723659814740234e-08,-9.976700565789851e-08,-5.594897868189198e-09,-4.661131832550296e-12,-2.5842398726003557e-12,2.861255454730623e-09,-6.218952995875491e-08,5.0285168984851935e-19,1.806635904197364e-18,-2.1910542881397737e-18,-1.6136166496409487e-07,-8.876289833525964e-11,-2.410617426068932e-08,-3.86939834719911e-09,-9.229363147919471e-10,-2.343128979635175e-08,-1.8365935174323106e-08,1.2841857921873905e-07,2.0383121265230543e-08,3.742792525904305e-15,1.817210431821341e-08,-0.00010561688963848126,-3.1144669406295097e-06,7.708601279994592e-07,-1.3724001796707613e-05,2.5279384306931886e-05,-3.7758265193635606e-13,1.7642340615037958e-08,-1.3070010225142973e-06,3.1575942974652006e-13,-2.1658859385551503e-12,-1.663968597631192e-11,2.9976107020956654e-05,0.04963220781406864,0.00595160662861733,-9.441457117583562e-08,2.2150810342782924e-08,2.8171687106849702e-06,-7.337491238579409e-07,-6.528886736663185e-08,-0.00043634476051987117,0.00266615594899454,-0.004506257073715325,-3.6117852492806805e-06,0.0006117518655556076,-0.0006073636243780477,-7.553087411227346e-06,0.0005926731995196808,8.14057974757306e-05,8.784495064756107e-05,0.3943408662359634,-0.019894494390924437,-3.3683093014622803e-07,3.6677127536992127e-07,0.002588332670392138,-0.00475769364641111,-0.00016187016800092396,-0.002152097674088279,-0.006516291077058515,-0.002731760780543405,-0.0049798910191085205,0.009617638283958535,0.2683350410319802,0.009516325484957022,-0.7029410216975883,-0.3525031040845716,-0.0007598555637495386,-0.017540408740634103,0.02958928826614036,0.0010728848558829854,0.0034430074866196045,-0.0021851643118711273,0.011211266682264685,-1.1668809218908475e-15,-0.0016354690108424186,-0.007538509669190444,-0.001275733005599082,-0.002619590251304267,-0.02127433064281398,-0.015695429383722148,0.03747109053427252,-0.002024595347684556,0.007241996086318424,-0.0022839112566173728,0.00011311922881532724,0.022828077840083602,-0.01681137715451555,-0.38279004261449745
84,1.3078873376778807e-24,8.437518144194137e-24,-1.0339999825722706e-21,8.001796269045892e-06,-4.930287788142332e-06,1.1743227389080803e-05,2.919701849783931e-09,-5.8725027043527776e-08,3.651304201094489e-08,2.1219486169895404e-09,-4.777565164686256e-12,1.1452320460132282e-11,4.060147200007653e-09,-8.613244183042299e-08,1.789247111934872e-18,4.590099639759016e-18,-6.359196863106753e-18,6.346937361509588e-08,4.4503757531992415e-11,-9.724887558075716e-08,-1.1321105266193785e-08,7.935047454315721e-09,7.20177702643469e-09,4.526126760160521e-09,2.2722564290700002e-07,1.6235681971685934e-08,4.487357254578915e-15,1.227723212576054e-08,5.696284567590953e-06,-1.1515003463773685e-06,-8.321966997604524e-06,5.9004714654562516e-06,3.176564152769831e-06,1.6597556720764342e-13,-1.8440529100478536e-09,1.9877156014054177e-06,3.639931851668864e-12,-2.974799712096604e-11,-1.9639765636250963e-10,-3.587052288276619e-05,-0.04217269095092126,0.021531012174514832,1.2265016250555754e-06,-1.8780843821451166e-07,2.754437246344815e-05,1.452866467596482e-06,5.692918822490574e-08,-0.0024196931763575957,-0.0022236162687834437,-0.0019983097624066623,-3.3594796501685005e-06,0.0022166776546157303,-0.002213656152935504,-1.3233580118453405e-06,0.0004044926099815131,-0.0008133182545704273,2.2023997758961056e-05,0.41380286129913973,-0.020335308971979254,-7.91570499468443e-07,-3.604839198367322e-06,-0.0038261867904492816,0.0009880740723899578,0.00010667903435857038,0.0017351260949067734,0.006262418158843329,0.0023259425575798374,0.006458220514895394,-0.010052843235082463,0.5726565330011452,0.006083099271856222,0.5258741995764927,0.26362297327889767,0.0033882380189004554,-0.01880998434884006,-0.01670654623998076,-0.000857221226377959,-0.012868794877552214,0.00045791475043365106,0.0075916058423428625,-3.534966156266593e-16,0.003661476840245708,-0.01012989990458385,-0.0014493314856568163,0.021935424392808562,-0.024310471116700687,-0.0055350085521991025,-0.026562442191533735,0.016314422319150992,0.011469002919495081,-0.01393385595333303,-0.0042108298507753895,0.017611751170531705,-0.024044877819651523,-0.3841534081531661
85,1.353430573391168e-24,9.123784684692175e-24,-1.2091361914989315e-21,8.512815895577351e-06,1.6304232349370648e-06,-1.2658531698417082e-05,3.105565635467659e-09,-6.271091495311501e-08,-1.3230989950727448e-08,-6.823448074317218e-10,-6.687138742286135e-12,9.146429725535834e-12,-4.3018531263558724e-09,9.205185138480086e-08,1.977443797649112e-18,5.284367856898397e-18,-7.252109152789774e-18,-2.517542810705105e-08,4.168995057573574e-11,-1.0092591499198957e-07,-1.2152982980274104e-08,1.1351688918113002e-08,-3.0823221310625403e-09,-7.1687651743217495e-09,-2.4650558594066204e-07,-1.7034799247827456e-08,5.515941473945479e-15,-3.05648650698803e-08,-1.3526909488484404e-05,-1.6879022514761178e-06,-7.746278873347475e-06,4.0313558351735546e-06,2.8188696781554108e-06,-1.4993455437474607e-14,4.67288762312746e-09,-2.4074689393753808e-06,2.394851380263576e-12,-2.0516024172147794e-11,-1.359575001652693e-10,1.2413672700379488e-05,-0.015160151712167644,-0.04302590374829859,4.815957618777922e-07,6.050231055844105e-07,2.1164683565510283e-05,-3.2119357015464086e-06,-7.174679446094357e-08,-0.002404049473393145,0.0029080947843058602,0.0010833455539513259,-5.0092225733927225e-06,0.002153349775298214,-0.0021470662432755416,-1.0293044668390714e-06,0.0015065284284947965,0.00020103105058854353,0.0001812953415706522,0.4679090180485025,-0.02293681164700513,-6.4492948796166e-07,-2.812914825750843e-06,-0.0009906528218520708,0.004785176559423677,5.2759331855445326e-05,0.0004720770859811521,0.00032651963874275665,-1.4184657913528368e-05,-0.0012064209603181053,0.0005206644999007208,-0.7701863493645078,-0.012228074355938177,0.1450639069733962,0.07410917439184303,-0.0007921328017284652,0.01271925191941796,-0.009515515667904598,0.007330747666574361,-0.00045937448264506185,-0.004759697317994006,0.016985853451611205,-1.8125798727880745e-16,0.0061175765303447685,0.026828733216626842,-0.0015422220978481794,-0.025944783924561416,-0.02001364219183613,-0.006599281328212102,-0.008933979304559777,-0.017074576994179316,-0.005782871959832998,-0.017474484045522886,-0.010704615769476965,0.028356457632574945,-0.00541907430148288,-0.3929067586425168
86,-1.3093932869353921e-17,8.081918924143043e-18,1.92859459607561e-17,-1.7603816623397164e-11,1.2008846432849569e-11,-4.021690740996377e-11,6.221224916127748e-12,-1.359982595424999e-10,9.585966552086607e-11,5.189256249793692e-12,-5.068112319212572e-07,1.1817996216800957e-06,1.3698266204640678e-11,-3.149496980307606e-10,6.903130932212265e-14,1.7090108782219708e-13,-2.2616009241517931e-13,0.0037110058348622152,1.5815733015765625e-06,-0.006246962152881433,-4.028496044690631e-09,0.00018061511992772516,2.976939377276803e-09,0.0001167111199033887,0.009002601687421808,1.1484823455570718e-08,3.3847606544173425e-11,0.0002557425155519233,1.8490446656933044e-07,-1.6776782826262316e-09,-7.978088440639345e-08,7.987679708095852e-08,-2.464416417173657e-08,3.445321945916356e-10,-4.7022789623928085e-06,2.1783991312643433e-08,2.3064379773301946e-09,-1.0782821150572816e-08,-4.010298335794274e-08,-3.1704193899643476e-07,-1.629885610882933e-08,9.801313118566105e-10,5.873475757760084e-08,-9.275075893628098e-10,0.003092263293384241,1.3894315361360097e-07,1.4091544189597934e-06,-0.0006636283439424277,-0.0012004329948822347,-0.0005900059266890997,-8.251838036659381e-05,0.00229424464582484,-0.002487482270651302,-9.395010866188867e-05,0.0008270407657372775,-0.003693615491725606,0.0018358929657363609,-0.0003185774911398758,-0.004449485237992053,-3.839248111357974e-05,-7.429130622884935e-06,0.00566563315166621,0.004354649104967986,-0.022156640641330605,-0.24757926486807236,-0.46328877761195836,0.03754778672854508,-0.2684180091330136,0.235042292614212,0.006610315717195159,-0.14657536808054777,-0.012279226266561857,0.058882790724809966,-0.17245685409580622,-0.1905563468115369,0.11102940455728459,-0.3128696070408176,0.17265079571226283,0.3969497962992059,-0.07765383055882337,3.545712192823942e-15,0.12364542808756536,0.1796607471521795,0.20265564951337017,-0.014887734477937562,-0.22214134361232205,0.08630397942739222,0.031244387643411354,-0.06719663244154699,-0.2078073184169315,0.031115607205922016,-0.03818461302125845,-0.05259307562812073,0.016902373952779326,0.000993877006979037
87,-1.907178200015826e-18,-9.836707880612621e-18,3.8922339542209106e-18,-0.00013788078626693153,-0.0007849628076153266,-0.0004238064172275809,5.909705449265942e-08,-1.2236086542086882e-06,-7.198746587347816e-06,-4.044607278507403e-07,-2.9052217167015566e-07,-1.5465554346593402e-07,2.0802741474240474e-07,-4.513145446166379e-06,1.1209388632888138e-14,3.9480280316810206e-14,-4.570473485223888e-14,-0.0049014372170855655,-2.266204020700834e-06,-0.0008719298275022576,-2.669209080010291e-07,-1.7320737964452913e-05,-1.6666235290518466e-06,-0.00021554442491336333,0.001956152596716829,1.4729463676081515e-06,1.9951171847476678e-11,0.00010747426791990217,-0.007801120155948671,-0.00022729024912761697,7.164628637211455e-05,-0.0010329963108935544,0.0019077712371418476,-5.714007921990204e-10,2.4427716968108677e-05,-9.866530229042651e-05,2.1313325898919107e-11,3.3064209627159977e-10,1.84401911704873e-09,0.000554191202862177,3.482122679036608e-05,3.8533464494227595e-06,-1.550827451691229e-05,4.124906717241606e-07,-0.0002322600783227536,-6.152297507742841e-05,-1.0022776548226165e-05,-0.011926815992210696,0.35072456367260474,-0.6543459105693377,-3.662192456609488e-05,0.0040339551695049896,-0.003906289524670966,-0.0002163824662220409,0.07816061940903621,0.12319505338230592,0.06034298859396691,-0.008482024841109543,-0.05026873999067521,-1.6165473578113088e-05,-9.173094436483865e-05,-0.30007406847532714,0.31892364712946936,0.0007947376635206923,0.003250663094767207,-0.0022296933952490974,-0.00016315690860967415,-0.0005256714667624857,-0.0007322326139481991,-0.004766548124254124,0.003470708352349721,0.024864153016370207,-0.012990481856814506,-0.024902147074998226,0.12245741671308769,0.24448428410634274,-0.042302362661120065,0.1493377673089512,-0.0001867916362637484,0.04654380275642033,-1.3629665012157881e-14,-0.11700215507322814,-0.17538871244575877,0.0039022054379823567,-0.020361202559707352,-0.08148419186560499,-0.17022198105949982,0.049268219544563896,0.01517385564470998,-0.0219894846314292,0.1278577208700458,0.14603107268096135,0.05269516008699294,-0.051931547100016996,0.0018227421560859328
88,-7.199928797397972e-18,4.015986188386894e-18,6.9104327910685775e-18,-0.0005203459297747458,0.0003207840051949957,-0.0007646382189377418,2.09872902970865e-07,-4.211641515907942e-06,2.6458708419302844e-06,1.5394359327273794e-07,-2.9764958419192046e-07,6.653541372773162e-07,2.9702146382865763e-07,-6.291567620474974e-06,4.130076910881462e-14,1.0253164904671127e-13,-1.3619289584454995e-13,0.0019523999840843093,1.1276182918032659e-06,-0.003623222934433148,-7.95605253906946e-07,0.00012526848474735572,5.192443947708637e-07,5.615134444930273e-05,0.0034747497212501556,1.184915625231939e-06,2.1788749946848284e-11,8.351139594361815e-05,0.0004970108602928063,-8.116893093733904e-05,-0.0006114563471467605,0.00044332109303733976,0.0002198959893296245,2.5689145018243786e-10,-3.7360486545220056e-06,0.0001600854622036615,2.079538511445826e-09,-1.1516061856649203e-08,-5.248806841966151e-08,-0.0012879054316174848,-3.1090420461918614e-05,1.5097081436654891e-05,0.00010392417442544086,-1.8390381283737488e-05,0.0053633935182147395,0.00016553216146862178,9.755073089785837e-06,-0.241477942226781,-0.3738173005903123,-0.23873080913644407,-0.00043172877871661326,0.3342958268736294,-0.33438076920153587,-0.0003608083049608481,0.020100298463822153,-0.3909647800194262,0.1868342116232223,-0.014068550267811097,-0.18440323065563738,2.1977853032228604e-05,4.0723211249025376e-05,0.1285842999381535,0.10795918376685162,-0.000381393086835239,-0.006329125679091894,-0.01534770750547141,0.0030469746747870236,-0.010780039226049368,0.008213942465815385,-0.015663950966419024,-0.03142285468253415,0.009199992737420438,-0.05712863983905361,-0.002505975168257497,0.16233201586316723,-0.2074915482428119,-0.06707237295853748,-0.02662687472570365,0.0679133696023069,-0.021630410739655208,1.565845885283355e-15,0.005670981998070566,-0.1493377479285787,0.013127503430925369,0.28111306601076297,-0.14654549345436946,0.04626434933714556,-0.05574011340699129,0.12471794232993451,0.020388009939526927,-0.07995514016708448,0.08105550000793235,-0.028237211378003384,-0.16742278350319922,0.0034417987668186652
89,-7.655770810553393e-18,-1.3315173417087253e-18,-7.150937242045973e-18,-0.0005535723140312174,-0.00010601550328937427,0.0008243021974716911,2.2311384965818044e-07,-4.495320086388933e-06,-9.368001110091787e-07,-4.8397668810684237e-08,-4.176498155125947e-07,5.30139010266221e-07,-3.1588949727700956e-07,6.74834728454847e-06,4.5672009004560506e-14,1.1810365303395933e-13,-1.555889176737229e-13,-0.0007488511663444849,1.064604507421291e-06,-0.003757094303895663,-8.533079885528177e-07,0.00018127013626740137,-2.1156984930970038e-07,-8.307088783771859e-05,-0.0037856923782771355,-1.2618009011051692e-06,2.7138076557160688e-11,-0.0001982216259943946,-0.0008935826292502919,-0.00011959889790147265,-0.0005668026409825915,0.0003081994066990179,0.00017501279617548334,-1.2364469943230016e-11,5.156033511862785e-06,-0.00018938184668486607,1.1410732778417905e-09,-6.266812593209408e-09,-2.4953877697784372e-08,0.0014435695100453092,-1.2617607981473344e-05,-3.240289936273958e-05,3.709048685757596e-05,5.244287611686416e-05,0.002807132250894881,-0.00031716258646937486,-1.2421728079378408e-05,-0.23526387008939253,0.37642875648760493,0.2643954393286556,-5.456804709664779e-05,0.30602591349925506,-0.3061971057228295,4.343721600625834e-05,0.35951669930000957,0.1181680152842162,-0.22672788629632942,-0.01748718892520645,-0.24307001894233454,2.3785052721020997e-05,3.628909032643817e-05,-0.09389795820080454,-0.1071080874336549,-0.0006423469842306316,-0.007497784864912001,-0.008888916924455594,0.008322051925162492,-0.0030999011704311206,-0.0009454938355288768,0.02635668637077746,-0.04535302288272865,0.01873416875596774,-0.048723555568958035,-0.02085894536639789,0.30030537532217183,-0.10585166010807844,0.0589991276259593,0.08530479127869649,-0.01802449747105653,0.1423252638322015,5.652093564807465e-15,0.01180438467021203,0.18008293736639597,-0.006665262315993575,-0.1331343832554898,-0.06669255131379888,0.016706340372912704,-0.013848675209535368,0.013956982162492191,-0.18038568742114644,-0.11526507242234497,0.06402005292411254,0.12331424571221158,0.10870884337117498,0.0066645266515460945
90,-5.561674305041056e-26,-5.250454219831134e-25,1.0639788129016144e-22,-4.6176125753135375e-07,-2.6301126539677776e-06,-1.4228862253682114e-06,-1.544148290377252e-05,0.0003111775794638014,0.0018265170978378612,0.0001053820633311525,5.566011632006207e-11,2.924671785959827e-11,-5.261420871004427e-05,0.001103224536372343,-1.5418455345925904e-17,-5.4485657819530665e-17,7.012507639324387e-17,3.3743775177288175e-06,2.092352644539627e-09,4.530513579489834e-07,3.6501609438150277e-05,1.6884818889538613e-08,0.00022608792318176945,1.1849737447875335e-06,-3.950674668366065e-06,-0.00018059527597396552,1.5010186934831416e-12,-1.0061666595926794e-05,0.5970944251739196,0.017497902112535223,-0.006408205309630042,0.0768865988779117,-0.1359284111511489,-2.275931678300952e-11,1.009603957162853e-06,0.004416949842749231,4.40539556189104e-12,-1.768312587050047e-11,-2.2063960057812982e-10,-0.02040857155669125,3.724027081384815e-05,-1.7419524590720893e-06,0.0009168650954965381,0.0008942904629608866,6.592501623279429e-05,3.6168967781292e-05,-3.552178689499316e-06,-0.017482127820773206,0.1495809818192289,-0.14182148238706185,-0.00020444666281124865,-0.004839345301350273,0.005042834416001549,-0.0003680867274243356,-0.09491268620872662,-0.169813935153118,-0.18936550403681268,0.00411221754145842,0.07260924144637712,2.7271156021844123e-05,0.00015909185892304723,0.41136323798432534,-0.4321787759772275,-0.0020751345310503462,-0.009846713291683051,0.020412103044313477,0.028772776140478608,-0.011887334903259885,0.005096040322918812,-0.0047024243597583665,0.009713879331291126,0.012202234039920509,0.00893938062207195,-0.024234111058667372,0.09912376096240912,0.1788017128236886,-0.002872851407860453,0.08630178327065649,0.008297600229963616,0.05160144677178494,-1.3269396758534831e-14,-0.026005196600378852,-0.08224689942390097,7.236839523016828e-05,0.012905680372900031,-0.08583924058827101,-0.16648243585934702,-4.651680675824133e-05,-0.000701573289817868,0.001902094081086358,0.15608564147881662,0.07949711306930737,0.09039736243633681,-0.06634155927637975,0.009253166615259689
91,-5.1034687277052376e-36,-4.480308636459533e-35,5.349443823645017e-33,-4.140532101550413e-17,2.5549817051608413e-17,-6.068117659699809e-17,-0.012224908727005525,-0.0007247698387639851,0.00047454696370110867,-0.007115594039030798,1.8635497188191077e-14,-1.6202367239870376e-15,-0.017582005781213186,-0.0009881936075945303,1.3671359043657636e-17,2.4675990353254755e-19,1.4476922261628322e-17,4.265683743047316e-11,1.322800612183824e-13,-4.34067536983743e-11,-9.786930144288208e-06,1.0527648822846351e-10,6.1281562042024705e-06,2.97304058655656e-11,4.2307812090998764e-11,1.5918842238850873e-05,1.1799700781507734e-14,-1.8393975305097063e-07,0.004288980059345336,-0.06577182696439679,-0.00781845538467756,-0.03329081756722713,-0.007840876957612066,1.6294756647003464e-14,-1.5708058015875329e-09,0.08728864191542615,-4.101347190577468e-12,6.373020250350127e-11,7.244484174558955e-10,0.018108392900030704,-8.380121719769525e-06,7.636024373736994e-07,0.012725912209778327,-0.00842829680010144,-0.00014660998062990905,0.02865029936706377,-4.62615418517146e-07,0.020491122822142344,0.015053346255374998,0.006299292646305613,-0.000574631888463052,0.14503595311155607,-0.14452777669500555,0.0007709062770957558,-0.5676842901998025,0.3863063183668957,-0.044065016040848747,-0.017811183530137074,-0.36930780246452344,2.4085722422089632e-05,8.056454350318856e-05,0.19435674958795254,0.11428999554084243,0.00040708517612538176,0.0031831505024925563,0.002243841371348233,0.0016732869756265823,-0.009405008102505824,0.007071019653055937,-0.001890547882468923,0.012613193222392016,0.07834036968731747,-0.1657193629727526,0.0031103788305688806,-0.13878001055241118,0.15003853067051826,0.05940048332130495,0.01852872062563158,-0.07480218502036412,-0.0007082309619233034,1.3895124962910388e-15,-0.012115343828919956,0.08446342026083833,-0.05385364026121763,-0.17633004956002138,-0.11865640659990119,0.030243337048983236,-0.18097625843066287,0.2093097257849017,-0.004610422310624673,-0.12136315777841605,-0.05069708667786747,-0.009898563469483077,-0.21303873564572606,0.022751095128928953
92,-2.8995882472125083e-28,-2.270579438966313e-27,3.6196044542935764e-25,-2.0741983257741563e-09,-4.585931967200478e-09,-2.551680490113708e-09,-1.78895349399814e-11,3.7629762890849493e-10,1.0596328580725363e-09,5.732756489555306e-11,1.0297877485946855e-13,-3.897951336887365e-15,-3.3749253160946175e-11,7.647466545147773e-10,-2.3984008896044997e-20,-7.787679921698209e-20,9.983161606341199e-20,3.942800345449562e-09,2.169387078785926e-12,1.031699142233613e-09,1.433732447354997e-10,-1.3439799592290063e-11,5.642925591892516e-10,8.470715971763377e-10,-3.511249196009734e-09,-6.653617410425487e-10,-2.2018325166576196e-16,-1.1873342370214243e-09,8.093668373725393e-06,2.088390690171532e-07,-2.90872255116384e-07,1.404099727380228e-06,-2.949270741109869e-06,-1.9196641500819293e-13,4.5340162549298174e-09,4.785567703156263e-07,-8.369238823667693e-13,6.860865524144975e-12,4.602522263296686e-11,-0.00035450354266102906,-0.7780536404266872,-0.22832268505274084,-8.235276460786328e-07,-7.403919739943089e-08,-6.851198630445519e-06,2.1074098044302092e-07,5.358289676878101e-09,0.0006935155864279613,-0.0002538926345318862,0.0004319320998070811,2.115906935037496e-06,-0.0008949330590822607,0.0008924594020854879,1.4982708415325376e-06,-0.0005108945270406332,0.00013185934730857793,-7.929981368142408e-05,-0.39757266818340486,0.020054001116560118,8.302115520107607e-07,2.891118034869522e-06,0.0016709400183930628,-0.0019470828077132393,6.590658784157326e-05,0.000556255463327869,0.0002332220287783631,-0.0006620692396051679,-9.46235555518548e-06,0.0004670070430599812,-0.0042568665391366925,0.0015838861894536035,-0.039055647208580534,-0.01808664973266241,0.0009257014510984736,-0.012402835234606509,0.002503190436247251,0.003130164573084188,-0.00441464273898443,-0.002676001384520742,0.01230549921582814,-4.4187173498560157e-16,0.0033711216899751824,0.0047904760797283395,-0.001575338292168986,-0.0043766233557983635,-0.02218889918704635,-0.009735560869872567,0.002228359497998713,-0.002962173969404286,0.005169656644432963,-0.011655606597945449,-0.007131138766405139,0.024280654380738113,-0.01579927838611596,-0.424374131180651
93,-6.103532374748727e-28,-4.24183384907612e-27,5.39741719031769e-25,-3.983540876309186e-09,8.878310275804512e-10,-4.2386273327212255e-09,-3.670253644937882e-11,7.645881067056279e-10,-2.171694259161146e-10,-1.2649870124339271e-11,1.1195971576700526e-13,-2.2598408189611424e-13,-4.2727163451945206e-11,9.40842115920888e-10,-6.318036457742953e-20,-1.6693309085170763e-19,2.3553493759662035e-19,-1.1426765926574465e-09,-1.3696754462689755e-12,2.6373977411572437e-09,3.077607126148758e-10,-3.6421496908532605e-10,-1.2029053008550314e-10,-1.637993727454023e-10,-6.070368810694049e-09,-4.2745561849453715e-10,-3.421067328147023e-16,-4.129435265125439e-10,-1.5746458405384097e-06,5.9563012687063456e-08,7.83495463733669e-07,-7.879698727279287e-07,4.834271951067364e-07,1.8150541980394486e-13,-6.0676058720118016e-09,-8.398799619263178e-07,-1.6271138946512606e-13,2.230799950989792e-12,1.900310775621681e-11,0.0003029140940451827,0.5947646860359116,-0.5549395974631249,6.000414693134517e-07,-1.4333726912072097e-07,-3.2928167991619977e-06,5.064861754057988e-07,1.7881770427329767e-08,0.000412948429944999,-0.00074214817744967,0.000701568771985913,2.0940569877786638e-06,-0.0007222212702761992,0.0007196497708424029,2.0409283470928825e-06,-0.0005138700721936919,5.6474963882079595e-05,-8.305525747202986e-05,-0.3915182536347746,0.019796730290550832,7.886019189342018e-07,2.5597349925018705e-06,0.0011853120721878085,-0.0014921510088982644,8.427255860504443e-05,0.0008201103331339553,0.0010910666670383568,-0.0003229421071100308,0.0007358930120175642,-0.000826747156684186,0.010071238775508083,0.0012706487415616002,0.042927735068976805,0.023029132085460396,0.0011792976767554632,-0.012325982066881097,-0.0005012489919773412,0.0030403760123087846,-0.0054176652518501765,-0.002528103737566517,0.012117064004572978,-5.197097863809016e-16,0.003719600283367584,0.004779871083048657,-0.0015861587362282522,-0.0029903606809514745,-0.022360004773021955,-0.009099082037841736,-0.002032038823906124,-0.001890617876105454,0.005362130039075669,-0.012404577135173367,-0.007432068821185157,0.023992930095944734,-0.01617334507374476,-0.4243510858649462
94,-6.469523301909349e-28,-4.611350344879236e-27,6.19206756779127e-25,-4.3040639726444834e-09,-1.3049104235019992e-09,3.5587934393778484e-09,-4.0035394230309134e-11,8.364601617291144e-10,2.7977512715594213e-10,1.4377273678362346e-11,1.4716621630108114e-13,-2.0102992831198663e-13,3.4856722300619327e-11,-7.798160132574881e-10,-7.163474515557509e-20,-1.959401267289327e-19,2.7409757700294325e-19,9.408312265434743e-10,-9.88532197005018e-13,2.8620591646438676e-09,3.430893973810911e-10,-4.6443323160930013e-10,1.3562762517068608e-10,3.684874658065471e-10,6.2426870246396495e-09,3.550267780992896e-10,-5.07738967680113e-16,1.9055465265628883e-09,1.2307880862786522e-06,1.3920697822687313e-07,7.613516682196491e-07,-4.05845204025507e-07,-1.7933948923686754e-07,4.18207074399706e-14,-1.4128399625508357e-09,5.777997689512852e-07,-2.8170031287840396e-13,2.9217626087853453e-12,2.2887769174989867e-11,5.305787328403152e-05,0.1908284721185247,0.7984738759736549,4.454403236995963e-09,1.4450661872131587e-07,-3.5612746859560318e-06,-9.567263516267355e-08,5.764243897553158e-09,0.00037336000010971057,-0.0002688643925125309,0.0008513567203953488,1.863755875328267e-06,-0.0006900674782333215,0.0006878692603834235,1.9142277021229944e-06,-0.00041683447106490257,0.00012102545262117557,-7.012770319426706e-05,-0.37467473947970725,0.018959784205778908,7.771045859308403e-07,2.553455240989678e-06,0.0013433310515079116,-0.0013048061222829734,7.889196084683814e-05,0.0007256018756713511,0.0007203353252467497,-0.0004593894214951487,0.0003034758377740389,-0.00020971974442228318,-0.05316723383104386,0.00045102106410147133,0.01754083444511228,0.010349506933130647,0.000959612124014575,-0.010833981423588065,9.206626090090432e-05,0.0034027036514630723,-0.00474663317775987,-0.0027659290771266417,0.01253881877138452,-4.666265620937863e-16,0.003786835635487768,0.006409665416335347,-0.001587170478459169,-0.00524053744836846,-0.02215242969025493,-0.009199871841681858,-0.00082052896794393,-0.0034968165221571715,0.00456325073078824,-0.012482444174903625,-0.007665537523250433,0.024471594195347817,-0.01531960407449363,-0.4242342342826249
