,0,1,2,3,4,5,6,7,8,9,10,11,12,13,14,15,16,17,18,19,20,21,22,23,24,25,26,27,28,29,30,31,32,33,34,35,36,37,38,39,40,41,42,43,44,45,46,47,48,49,50,51,52,53,54,55,56,57,58,59,60,61,62,63,64,65,66,67,68,69,70,71,72,73,74,75,76,77,78,79,80,81,82,83,84,85,86,87,88,89,90,91,92,93,94
0,3.2701654557808745e-17,-1.8098987044340398e-16,2.1018091215684899e-16,2.9293393440542024e-16,-4.5287836052362454e-18,-3.6450309204345676e-17,-2.1940586693114296e-16,-2.2915173184581522e-17,6.88560315876374e-13,-1.6244860012111075e-16,-4.6405274471173554e-18,-4.227002666705379e-12,-4.34527363998507e-15,-0.015535655370206318,-5.620868749376797e-16,1.542928355375519e-17,-4.0205628445378595e-16,0.30842940724607654,-0.061728268030464585,6.186934148060532e-13,5.216230740638988e-10,-4.0066425203587176e-10,-1.6995710330983498e-16,-0.0037456077802727043,2.0596439962824838e-11,-9.330682780790156e-14,-2.511914462865523e-17,1.871402589143163e-16,-9.81596049168316e-12,-5.945469456242276e-14,1.1036321992135089e-14,2.845738413487258e-16,-4.1611520036320785e-16,1.5196592859676747e-16,-5.732652477247909e-15,0.22288905281585245,2.3740536979711668e-07,-6.463760755076202e-17,4.54964571243362e-15,-2.064014489337692e-13,5.873707052249827e-13,0.10523026089256056,-0.6986432803144802,0.11318212549930537,-0.028760641677283295,1.4824912987120656e-05,-3.201114074882582e-07,8.970167955135976e-09,2.767475085931448e-07,3.1048603273410977e-07,0.00020227253707069654,1.8697617913786542e-07,-1.858589651587022e-06,-5.985429858573269e-06,-5.702876546805133e-05,-4.889571652474776e-07,-1.7668238166592196e-08,9.794751111392024e-08,-0.00014308861458277146,0.0057570163753520665,1.2647951348878206e-05,-7.125248187745062e-06,-3.397200253297975e-05,0.003981850559296438,-0.013970388269085575,-0.05822722045609766,-0.03200280494428319,0.010441182276442995,-0.002001779380069118,-0.010193831683130827,-0.00010651292073671727,3.4283236323342125e-05,0.002679151242368624,0.0020617778402526473,-0.0009671725185218341,0.001156206202312811,0.005038714526725096,0.0017973822276581822,-0.000183133036615335,0.00679601558456486,0.0015659773815121776,0.002043412589259149,0.577350269189624,-0.002089857763645743,-0.0008033308461275439,-0.000619618056077108,0.0005743432755188376,-0.0005643382699001751,0.0006966365476788277,0.0008770030874673109,-0.0006424953405451898,0.00029077033530145645,7.752210936860064e-05,-0.0008243760075873228,-0.00019012518641926506
1,-4.622154098267248e-16,-3.550470367315155e-16,-1.9218361833739918e-16,-1.2879047319427716e-16,1.5400765430630233e-16,-9.321742216150209e-17,-2.0683621234693364e-17,-2.785659148584739e-17,1.5128511564623393e-12,-1.517258604153161e-16,3.6457101760568625e-16,-4.516502227791549e-12,-1.0470766983799258e-14,-0.028298229779540177,6.575633790058604e-16,-9.168848063317997e-16,7.763814350484186e-16,-0.10514837154974986,0.30454073836258644,1.1689033347884875e-12,9.946677667563393e-10,-3.917301470787317e-10,-3.455811916730211e-17,-0.007116895297069461,-3.627745910225426e-11,3.013615623920236e-13,2.181939087473981e-16,-7.240401912508916e-17,1.3616189481488791e-11,-1.13533763317583e-13,2.1196096877746565e-14,1.6032396791088493e-15,9.78236020150279e-17,-2.837143039103723e-16,-1.462901790434704e-14,-0.07021770509623455,2.147110983122394e-07,-1.384950197809768e-15,1.1149837836625366e-14,8.566922587842297e-15,-8.912529796770538e-14,-0.4914495796590534,0.22076655049528934,-0.5125182758149572,0.03589845376858844,-1.8113726370890584e-05,2.9112373830583155e-07,-4.7437356618585765e-09,-2.8873173388644614e-07,-3.366898644282367e-07,-0.0002875123184921175,-2.1890299271041472e-07,2.9050869123406554e-06,3.884100553897502e-05,0.00015000361119900952,1.5090614608272942e-06,4.655753461998914e-08,2.7496090015874185e-06,-0.00026706266033340144,0.014559666919634359,3.381109150936088e-05,-6.400118750144972e-07,4.707336878765677e-06,-0.0011229782130433232,0.00490308905716398,0.019068088946510808,0.00970512085823786,-0.003064573811246796,-0.0010964757847270164,0.04578545328737562,0.00010099730139243025,-8.311782654895122e-06,-0.0016429589697347972,-0.0021622100082370407,0.0010092010140761564,-0.0003123143247135179,0.00024187812069053152,-0.0017674017305293345,0.0007556209001306767,-0.000664222567704633,0.0019445058035414077,-0.00011732480167499095,0.5773502691896306,0.0037481326634802043,5.745493275812318e-05,0.0031525622631437154,0.003332035218232385,0.00020381881262111878,5.4377933034947546e-05,0.0016622653405923486,0.0005137547187131265,-0.0006112049292826494,-3.2896571536468446e-05,-0.00137706548857279,-0.00038052012039768295
2,-1.668878813342443e-16,-2.2569977584414353e-16,4.6614209874651143e-17,5.159850268697774e-16,1.0076953148976607e-16,1.6093356190846852e-16,9.320967874107158e-17,-4.755487062046696e-16,-2.2017082228565316e-12,5.702859285909955e-16,5.2443727519006496e-17,8.743499985750784e-12,1.4934657226372908e-14,0.04383388514974703,-2.999783261636049e-16,9.34189093809639e-16,1.3648495376637172e-16,-0.20328103569632613,-0.2428124703321206,-1.7876093075777894e-12,-1.5162937303770023e-09,7.923932056247786e-10,-3.6430714650618427e-16,0.010862503077331678,1.5681321549653737e-11,-2.0834615475920232e-13,4.0260000983139333e-16,-4.42123860708018e-16,-3.8001457566399e-12,1.7284078476512488e-13,-3.204330047109458e-14,-2.3223852483807473e-15,4.8108536827190196e-17,-5.3440099001468155e-17,1.9066270699039023e-14,-0.1526713477196252,-4.5211646865973443e-07,1.9972563468230693e-15,-1.5182004532613753e-14,1.9771762479026678e-13,-4.985774565021463e-13,0.3862193187664783,0.47787672981917756,0.39933615031566944,-0.007137812091283741,3.2888133832884415e-06,2.8987669601478832e-08,-4.226432364692398e-09,1.1984224438663792e-08,2.6203831300700786e-08,8.523978141783173e-05,3.192681382289615e-08,-1.0464972595818786e-06,-3.285557567951389e-05,-9.297484573168521e-05,-1.0201042957597566e-06,-2.888929661066675e-08,-2.8475565131531903e-06,0.0004101512749189647,-0.02031668329508622,-4.645904285936898e-05,7.765260062147563e-06,2.926466565474567e-05,-0.0028588723462781014,0.009067299211958462,0.03915913150965115,0.022297684086074264,-0.0073766084652039,0.0030982551647955564,-0.03559162160424438,5.515619344506282e-06,-2.5971453668903753e-05,-0.0010361922726342357,0.00010043216798292755,-4.202849555368403e-05,-0.0008438918775999101,-0.00528059264742377,-2.9980497134627258e-05,-0.0005724878634727729,-0.0061317930168566905,-0.0035104831850517096,-0.0019260877875858632,0.5773502691896227,-0.001658274899838944,0.0007458759134041657,-0.0025329442070676487,-0.003906378493751037,0.00036051945723713347,-0.000751014480712878,-0.00253926842805885,0.00012874062183606532,0.0003204345939813322,-4.4625537831735976e-05,0.002201441496160047,0.0005706453068170708
3,-8.767002497087035e-17,7.89895435691846e-17,-2.428705091877229e-16,-2.9552276016048987e-16,-3.3877446777359246e-16,-5.998916284760655e-17,2.347821832120977e-16,-3.703091276012173e-16,1.0655357487159306e-10,2.6311247530642695e-16,-3.7067383528987613e-16,-2.2422016990367167e-10,-5.333502441958476e-13,-0.4240901343430341,-6.979405610171256e-16,1.2985512526156004e-15,1.36363227963647e-17,-0.7487261715641744,-0.3145679850625563,2.4716736061935703e-11,1.6759734312192155e-08,-4.749754509493434e-09,-1.2653216049601618e-16,-0.22150242450118063,-1.3838547584333e-09,1.850908598866967e-11,-2.255611974211305e-16,9.042130409920817e-15,-3.380775295485832e-10,-3.5713650138908726e-12,5.857002820300173e-13,2.239054478467195e-14,-2.1727281820710648e-16,-5.920982020947627e-17,-1.831446632426187e-13,0.02386127338203373,1.5783980948146704e-06,-1.9148921961795145e-14,8.5744668819416e-14,-2.465361831129186e-13,3.3615334189667684e-13,-0.06026896977580231,-0.301434847807841,-0.085326885918357,0.00035417594969998925,4.9890970456250065e-06,-1.2284245198443157e-07,3.733421611314065e-09,1.4743446095000473e-07,1.9372087082551553e-07,0.00032654533393633385,1.8499287385277176e-07,-3.8077803740611494e-06,-9.800207387719653e-05,-0.00043406710732310424,-3.617648208009852e-06,-1.1119826496368243e-07,-9.194173205249477e-06,0.001251201885864945,-0.0638747106473446,-0.0001462850273650558,1.7886505886923895e-05,4.973876657871143e-05,-0.002208263701190733,-0.00531145226173933,-0.055521425955275316,-0.03585291014313018,0.012233993373011202,-0.004682936328049036,0.016847340262170808,-0.0001408757681302743,5.4160989907027005e-05,0.004616859771978232,0.003915601077918438,-0.0018499337133925564,0.0016510578276803928,0.0063369332255071315,0.001186605444431559,-0.00010579461359206503,0.011350562852876703,0.0006026860655407192,0.0026842586953029755,-2.8937359648895573e-16,0.00022770460514478794,-0.0012255515104192239,0.00011691760748218331,-0.0022363608571480415,0.0001780087341425767,0.0005964978031225008,0.000229588399704153,-0.0013167892045610075,-0.0006751903246201347,-6.35569779615669e-05,-0.004973032132675252,0.0012926266308906757
4,-1.0709586583712603e-16,-1.9153097805799817e-16,3.4095803609910567e-17,2.639995713644522e-16,9.564584497884056e-18,-2.129046567603357e-16,-6.51087043537322e-16,1.6936213871012793e-16,1.1432483521256385e-10,-1.1383548014978897e-16,-2.0213398653093698e-16,-2.570740881672957e-10,-5.692995547477826e-13,-0.4961887864781857,-2.901852264085177e-15,1.5825581236781465e-17,-3.8280487642279213e-16,0.5242431172406042,-0.5604943435612599,2.7843889180071962e-11,1.923988285566351e-08,-6.5195990361587275e-09,-1.0264346173322228e-16,-0.22912747678122863,-1.3285647880903481e-09,1.8227257006223744e-11,-1.3084310760427378e-16,9.130370606872002e-15,-3.5193535366633614e-10,-3.693822245472891e-12,6.069471367446466e-13,2.3144281769328904e-14,1.0071749723563382e-17,-3.279333116767172e-16,-1.870091059281572e-13,-0.022247841974733375,1.5963927941301477e-06,-1.946387532135284e-14,8.629466533480094e-14,-2.4596266877608837e-13,1.7480086011259253e-13,-0.12694460152564632,0.23043702544000816,-0.1808525126969916,0.026174631084905028,-5.185997067085457e-06,1.0321704402967432e-07,-2.9128315299780563e-09,-1.5873341871868583e-07,-1.5483401833812497e-07,8.397175080540012e-05,-3.097835821973712e-08,-1.5422599059425073e-06,-9.035534511242299e-05,-0.00035887090899441995,-2.9793515739193003e-06,-8.822125962897331e-08,-9.328572928466992e-06,0.0014565683106915375,-0.07206320825286225,-0.0001642439200306134,2.9039123293823194e-05,0.00010448817142498068,-0.008780233404686331,0.01825589910379524,0.043905458469892404,0.01896258886952724,-0.00566509288004683,-0.0011711497807595037,0.03478017815782824,4.758917027556759e-05,-6.2918623625824735e-06,-0.00021783225894530722,0.00021591021539826355,-0.00011348403674213535,-0.0004399693437812754,-0.003137758518474572,-0.002189038085787534,0.0002437946496602974,-0.0010056849508269297,-0.002269673651797508,-0.001120157688729237,1.8644833225889418e-15,0.004179429526122465,0.00030532091806873273,0.001260198134998616,-0.0032828200605440343,0.0012542893779735587,-0.0007251784849222465,-0.0013845013545015885,-9.6557022650677e-05,-0.001227355103541368,-0.000210417609485371,-0.003444849440600042,0.0016453427690119493
5,-2.821057902939817e-17,-4.130539257002125e-16,-2.559776698694999e-16,-4.525873861030856e-16,2.2065768454746915e-16,-1.542423038882878e-16,-3.57363676065365e-16,2.4162949004396537e-16,1.314042922055131e-10,-1.971961125643504e-16,7.342878714858575e-16,-2.9213870228003484e-10,-6.584204398209917e-13,-0.627516636916204,1.1577627149983063e-15,-1.1256464645720776e-15,7.736744980098736e-16,0.09026813104911213,0.6528005890464865,3.3750820149319434e-11,2.3969197658600735e-08,-8.249980211577001e-09,-2.1501289778316425e-16,-0.24361556573638357,-1.4259514930936824e-09,1.9137715663227974e-11,-1.8578260966927017e-16,9.893627243514563e-15,-3.327124659496628e-10,-3.9265185261285834e-12,6.458075904288907e-13,2.4294530555449e-14,-1.74734254650425e-16,-6.894508823493884e-17,-1.9822798084034428e-13,-0.007721887364281978,1.6126673321861608e-06,-2.083432680877399e-14,8.885445858087327e-14,-2.4630739609749985e-13,1.9882306846391792e-13,0.1844459711007605,0.0623691114259419,0.25171251748553986,-0.006053941050415285,7.2463774570568025e-06,-1.0237164735329316e-07,6.019372182000928e-10,1.606927001591674e-07,2.231375678158495e-07,0.0004287684014043593,2.2187069085103627e-07,-5.083404049018764e-06,-0.000139976949795545,-0.0005566605894365919,-4.949317288049589e-06,-1.4876791480716973e-07,-1.3101478274074088e-05,0.001839867177041554,-0.09277216406173266,-0.00021225246675595562,3.0040885953524523e-05,9.69018099125185e-05,-0.006926778915662953,0.009984631307890712,0.011345417632625227,0.0023393258852986687,-0.0004115622429977801,0.0007524332816740099,-0.04576491394335236,-0.00013111638069799854,8.364600177340726e-06,0.0027469875364037784,0.004095818348147057,-0.0019253911587976678,0.0001248587445873816,-0.0035925809977120663,0.001130299406891814,-0.0011986373584129723,0.00020197835441669755,-0.005836340837522341,-0.0009017228997488316,-1.6657323786129773e-15,-0.0029079376196598067,0.00019583156776313137,-0.004556712802131771,-0.009353821617945367,0.000865575277593458,-0.0008283456600064063,-0.004443835458753761,-0.0010722840074531908,-6.669394358052485e-05,-0.0001480971784471685,-0.0008921215274564757,0.0023512754750982102
6,2.7063563086037553e-16,3.005367545200788e-16,3.589532161765217e-17,6.189825586334677e-16,-9.496907496019165e-17,-2.7400985812644324e-16,-8.065485012733606e-17,1.7461213707073855e-16,-6.299779695009298e-10,-1.0855407642105584e-16,-1.204296551353261e-16,6.323981443550033e-10,1.8661655424851382e-12,0.201331075183058,7.572963379396481e-16,-2.915401651423221e-16,-1.8070627535953086e-16,0.08370734906543875,0.038164860259356136,-1.993105454492335e-11,-9.534385560999733e-09,1.3020150723015428e-09,-1.8620424458055684e-16,-0.35495981547969035,-1.6432371553455618e-09,1.5730654058559744e-11,-3.7799990004005085e-17,1.1559959833469741e-14,-8.208850610150581e-10,-5.675590603904162e-12,1.0083011010544906e-12,5.166349155781741e-14,-1.8329671803807144e-16,-2.2013428421755942e-16,-4.764735949287262e-13,-0.6205652207547662,4.1502325233111855e-06,-5.583327363253419e-14,2.5064840647585114e-13,-3.0541673771061834e-14,-6.460872191546032e-13,0.17690652507417784,-0.12258227405071843,-0.15041088184058563,0.022006827959685036,1.0420354197152655e-05,-1.7054131932572333e-07,2.589839962394699e-09,5.4370993828133e-07,7.576458806581806e-07,0.0015035151407961724,8.028842091908104e-07,-1.784064934543251e-05,-0.00047865639517560084,-0.002139316053143886,-1.766126768084912e-05,-5.430771813454204e-07,-4.52102226058615e-05,0.006148367182489582,-0.3143984133647438,-0.0007200641037694602,8.439610560056904e-05,0.0002187353446063742,-0.0064819514439856726,-0.048737430452873175,-0.39477111796243713,-0.24882933242380403,0.08443203603105204,-0.033415579721442316,0.17310661993744728,-0.0008195853312862006,0.00036812710996807273,0.029127139448318837,0.022147786376397447,-0.010478182712597315,0.011673162257767858,0.052647284516467906,0.007498689180385106,0.0009894857184249886,0.08119955668948979,0.0130354716498054,0.0211389173234999,-2.834061148975237e-15,0.005158476242680749,-0.009485606962017794,0.007164703012596666,-0.002389460303248985,-0.00027968480213415124,0.0058342944288789144,0.008262763760457975,-0.008124646416430747,-0.004638142210047129,-0.00020155721257918307,-0.0342502124171159,0.005688528018571776
7,-2.0396504085805768e-17,-3.4960283224334225e-17,1.2444769097357917e-16,4.839250156211879e-16,-5.349694253549673e-16,-3.487504282979539e-16,3.1660549281110673e-16,4.722860102955657e-16,-6.76201522536468e-10,-2.1221727525354186e-17,3.795963616314492e-16,8.104809065579554e-10,1.958482235719894e-12,0.21983609139924407,5.188288975912674e-17,-1.9387655767356595e-16,-3.7770012985835666e-17,-0.04084922665426314,0.054440103166526685,-2.2005584305209335e-11,-1.0358093801576271e-08,1.8496317499263399e-09,-4.16151518008708e-16,-0.3825569741448761,-1.3970379995902312e-09,1.4890596623354693e-11,4.6214279142793566e-18,1.241610392754456e-14,-9.291980035719703e-10,-6.114327877634478e-12,1.0915527340288891e-12,5.57260201263703e-14,-5.929249331481328e-16,-2.4848648635154806e-16,-4.97046502291272e-13,0.45150429427977684,5.378346440051126e-06,-5.4937311267265654e-14,2.6145598483753405e-13,-1.2720857201998378e-12,1.7746417680231855e-12,0.3597219602203292,0.07825144834459072,-0.29620583890403274,0.0732301458325728,1.8734639332070738e-05,-2.7208032253764457e-07,1.9548282228435776e-09,-6.673489352052835e-07,-6.753235276821697e-07,0.0002987273183397649,-1.5756046068087078e-07,-5.984027636957608e-06,-0.0004016911507068079,-0.0015948622806937417,-1.297619329440363e-05,-3.839338732610204e-07,-4.213171733058383e-05,0.006805885912387204,-0.334465250105506,-0.0007612812191272682,0.00014783589954135422,0.0005572129601810465,-0.049643966964964155,0.11369379488516626,0.3048132783377997,0.13830004182611583,-0.042080431234255845,-0.009612869663954735,0.35082460707581903,0.0006477279874799373,-7.225253048850169e-05,-0.00829067015059019,-0.007585976726139967,0.0034808079584478825,-0.003941796596188587,-0.018258534235756577,-0.020165934700942193,0.004751656386709481,-0.010323910489758897,-0.005102447332934826,-0.0073989328981799675,6.6261785856727116e-15,0.039869714670665156,0.002303381486733338,0.019791252836116675,-0.004878043798145835,0.008026927355780304,-0.004046248653817918,-0.001147713304387237,0.002006076906537183,-0.009497932649495965,-0.0013262667924989183,-0.02397702245970328,0.0074380237210385875
8,-7.944832801034855e-17,-2.3015205078898335e-16,-7.202793889088295e-18,2.6661100036560954e-16,-4.0643548342997484e-16,-5.717766367165018e-16,5.266453215103462e-16,-2.4850385803023413e-16,-7.72507741241922e-10,-1.263554540818788e-16,3.3722918758047017e-17,8.791849515538354e-10,2.2522299113853123e-12,0.2544778350069411,1.6880320997052055e-16,2.841139199911299e-16,-1.190571972246609e-16,0.002290507035521859,-0.022577888675428946,-2.5114562252978574e-11,-1.1941870358929274e-08,1.7370704531800223e-09,-2.631636603137721e-16,-0.43947756742833327,-1.774689645573518e-09,1.8970802542511902e-11,-3.69462741010464e-16,1.3995999111323129e-14,-5.42216412544638e-10,-7.0251735348253116e-12,1.251477069998307e-12,6.492423280376039e-14,-2.1747836931889383e-16,-2.549185522110711e-16,-5.842456631526726e-13,0.11163646399121893,6.22791165994844e-06,-6.669375887315854e-14,3.134188343403133e-13,-1.1366170567874715e-12,1.3222653294636632e-12,-0.4682816721826912,0.019899011091554012,0.371215357268647,-0.008227819961582492,1.6169713218408726e-07,-5.677853516640166e-08,1.144376458865244e-09,7.293973661303147e-07,1.002925077009851e-06,0.0018264054448829804,9.57011961421291e-07,-2.1537777250157435e-05,-0.0005708298227603393,-0.002286932565175122,-2.063221908877075e-05,-6.182673246636242e-07,-5.4906650049742915e-05,0.007745873992342474,-0.38983695944274865,-0.0008917988304548121,0.00012639706077620426,0.00040326404950889933,-0.02836329943573629,0.0417229859217317,0.0704433630336399,0.029070398185962847,-0.00881238560580902,0.015314982762690018,-0.44599419969071197,-0.0008784817660967691,-5.995142270301527e-06,0.01426279471466669,0.024638152215533747,-0.011544669226337217,-0.0006568104401183783,-0.031700969735820074,0.012310623086075367,-0.010096881624382601,-0.014346538403691293,-0.04112525272630933,-0.008905289095087266,-4.175274233393217e-15,-0.03391914570537021,0.0029362524946045347,-0.038878286865030615,-0.06120357526440852,0.0035598180856221745,-0.005885500438397035,-0.03183875396933152,-0.006116506280989562,0.0036519444195449243,-0.0005611202555214973,0.009442129760063221,0.012433285927829866
9,-1.9367758598365696e-15,8.688355328274088e-16,1.4548555169751785e-15,-6.563022868282977e-16,4.2232959418118104e-16,2.76748410448222e-16,2.742375360991348e-16,-1.0944206406575209e-16,3.4450564200626638e-09,1.3070476076637005e-16,3.186297657173184e-16,-1.5351562539462204e-09,-7.223661188566271e-12,-0.07994706943411443,-2.581627133545387e-16,-1.1114143439732235e-16,3.9096783367974776e-16,-0.014724165958770739,-0.010461473592746642,2.3817516146216118e-11,6.953477145982511e-09,1.6450088879196318e-09,2.1558949327469712e-16,0.3190665352769202,3.067483444567417e-09,-3.097728955858796e-11,3.731046482327139e-16,-1.4628344764890273e-14,9.883674662110453e-10,5.179313864707122e-12,-7.835610346395556e-13,-1.25384485458058e-14,7.252490784900029e-16,-2.9350237515278047e-16,3.4726951778059646e-14,0.45404476869688054,2.5601126916603624e-06,-3.234219433855106e-15,6.64986823204289e-14,-1.1066948189133609e-12,1.3658500930864611e-12,-0.12648663168689328,0.19525580537384238,0.12377895160836869,0.01674050386795077,1.8644682053636953e-06,-2.7337058265796524e-08,-1.0113996979578618e-09,4.3312537691159684e-07,6.48127859085043e-07,0.001547071448621052,7.521858912785265e-07,-1.88627271161472e-05,-0.0005490850368935555,-0.002425252988011317,-2.0273882790690643e-05,-6.161975268449509e-07,-5.5035805906139116e-05,0.007840876199602201,-0.39657953351699077,-0.0009067592477374751,0.00011871056852311198,0.0003260631360668421,-0.012263900708383985,-0.05651966013734697,-0.5066163331559477,-0.32347423779562773,0.11010916655451788,-0.0453445798337808,0.2248895297225151,-0.0011662930528340792,0.0005084087724531461,0.04212823633419448,0.0321542806635384,-0.015218842352716592,0.01679327071812712,0.08112670782645306,0.011466800201398612,0.0017271114468184667,0.1177935414856543,0.01878310411933817,0.03194511181859272,-7.313353476049231e-15,0.008185199020460074,-0.014931321282188523,0.010458768041285661,-0.004471214250088456,-0.0005890045248697708,0.009201740930198201,0.012003555995446254,-0.012561773064593587,-0.007209003792651906,-0.0002942024875763441,-0.05132857029621209,0.008551673264293166
10,-1.623881011894744e-15,-7.138038244206044e-17,1.6872946049620698e-15,7.670802989028064e-17,-1.9039698650870604e-16,2.4268424386233296e-16,1.7517327853203987e-16,3.214159500432759e-16,3.725609517932102e-09,-3.159994813334084e-16,-1.8145169676589904e-16,-3.2525406497732274e-09,-7.2323824926601745e-12,-0.08616658404475085,4.997158756831105e-16,-1.3135686081862207e-16,-9.510684359593525e-17,0.001494428991670334,-0.012304814285790314,2.9914238177210225e-11,7.618261113128622e-09,-7.949975557662606e-10,-2.4641685483297714e-16,0.3426721925211628,1.3805709069977362e-09,-2.0822025820435515e-11,5.348468650370301e-16,-1.4422770454538047e-14,1.4113714072019244e-09,5.552671876261812e-12,-8.601340202964632e-13,-1.2811213163287149e-14,-1.8785308521218443e-16,6.055378106677545e-16,-3.902436755918413e-15,-0.3268763157070729,1.8685134413575097e-06,-1.405610664854501e-14,9.048738970951712e-14,6.871631021303151e-14,8.034016616290949e-16,-0.24814161637988677,-0.15406411191074942,0.25871637651643736,0.00303403359157291,5.790315167529626e-06,-1.51229740851646e-07,3.3656636985144433e-09,1.2377864699416297e-07,2.439801514041443e-07,0.0010724039624666066,4.302592219931957e-07,-1.3896175553489958e-05,-0.000523212416687172,-0.002129108580870507,-1.796014095191567e-05,-5.356083187964937e-07,-5.441696801658913e-05,0.008619223917031042,-0.42435122665955677,-0.0009663299568015145,0.00018878959821218017,0.0007177979829806395,-0.06435151602934643,0.14762001538731384,0.39361499962851976,0.17779323246099984,-0.053988026638753975,-0.012772978316997058,0.4592645588074492,0.000842839547681251,-9.456916268591339e-05,-0.011242688376630075,-0.009671522849939867,0.004438736689577849,-0.005622726461346805,-0.028000612724200367,-0.031249309483305815,0.00781923944698781,-0.014898619211384533,-0.008074302068598747,-0.011238820688597748,-8.380850450722068e-16,0.0627731777229915,0.0036355900708217666,0.02930956809355532,-0.008428484856364707,0.01259327630489631,-0.006248124547577846,-0.0020123261273376843,0.003358494500673992,-0.014965520702587273,-0.0020604688296401064,-0.03611100054835155,0.011241194620249575
11,-2.1288842130927896e-15,2.2742589470589454e-16,2.901072994074531e-16,-1.6365275567688928e-16,2.1019822709642866e-16,5.106857078044425e-16,-1.3886178649857402e-17,3.857369102346955e-16,4.2283340375654675e-09,-1.773919501312188e-16,-3.9106188304592606e-16,-3.1309120030374826e-09,-8.399060254137154e-12,-0.09879484134106034,3.9142571149857097e-16,-1.592196682082302e-16,-6.758608816985398e-17,-0.004688935570057656,-0.006336356273915213,3.3069725478901746e-11,8.67328335506031e-09,3.2950910012238803e-09,-1.4130440524155031e-16,0.39231467012890914,2.5061806539534877e-09,-3.687262885207916e-11,6.426411744359768e-16,-1.724543643681663e-14,-1.1058280779921595e-09,6.360438683765882e-12,-9.770617305630318e-13,-1.7385379810388447e-14,-4.3933643016951443e-16,4.498784454999736e-16,3.605625389343182e-14,-0.07895708695391328,1.6726795149552042e-06,-7.789062561096276e-15,7.224293887953036e-14,-1.2297466722479202e-13,2.755477637558433e-13,0.29406823025147205,-0.048556169886346756,-0.3541385036049474,0.054375615181853014,1.3845863598113235e-05,-2.0760298003518195e-07,2.246974048319164e-09,1.6696713777175412e-07,3.6824633737650655e-07,0.001527180660261418,6.293453806183438e-07,-1.9413429984473573e-05,-0.0006311310327540256,-0.0026424466851339714,-2.280905943081537e-05,-6.829978971123852e-07,-6.516770299656517e-05,0.009685827251377788,-0.48332542877181106,-0.0011035084247026635,0.00017210737132790694,0.0005647598435799131,-0.040607980431466885,0.059855640902606706,0.09080909049761728,0.0333098672634605,-0.009581193440992957,0.01870988695020448,-0.5811715445072555,-0.0012099682364752745,3.1333112006638817e-06,0.02081370163495835,0.035177080376914,-0.016501915470230145,-0.0007903528146404173,-0.048916123227257156,0.019123411460521378,-0.016113146788698338,-0.019555721590397476,-0.06039967359417878,-0.013436332793350436,8.739231209265877e-15,-0.05361858280383109,0.004738575244500789,-0.057664336470299345,-0.08905913107616048,0.005359039687049226,-0.009179734438462926,-0.047054382509890184,-0.009482497972839652,0.00604851513915069,-0.000838356194740658,0.014095528762435921,0.018658060281314472
12,9.478079839591705e-12,-8.029999530722595e-12,-6.011926223656733e-12,-1.6989686305853352e-16,1.4907188477918847e-16,-1.2415786975273132e-16,1.205725636902361e-16,2.83457310848372e-17,-3.846614841648159e-07,-1.8005033553084066e-17,1.0142761950607834e-16,-2.984660679515111e-08,6.31281902685914e-10,0.0012284656525451416,-3.8855238061820716e-16,7.339668509285897e-17,-2.6217547565585474e-16,0.00014652044905076177,0.00015585942971291776,-5.60941092423042e-10,-1.5012748117514974e-07,-8.11180946866518e-08,3.342884740508369e-16,-0.008286045278896564,-1.2450633734400178e-07,8.829956422432529e-10,6.687357391033742e-16,1.9332343220342988e-13,-5.654706145851571e-08,-3.03445488269652e-12,-4.364692171300564e-12,-8.185077308217497e-13,-9.042682983909585e-16,-1.06019315544687e-14,8.154080281231308e-12,-0.01044615528239733,-0.00010740851726443583,9.15171814982063e-13,-4.886957051941017e-12,2.6076345089217047e-11,-9.133992815870277e-12,0.003631301982567759,-0.0055940142560922815,-0.0043029721496148894,-0.029975819068940857,-5.629361119881161e-05,9.088296897855126e-07,-8.859724800005222e-09,-8.332357468423256e-06,-1.0357798491711456e-05,-0.012357858891677665,-8.654901265627932e-06,0.0001306879186061351,0.0020941816890454002,0.009586900338733138,7.54633210280749e-05,2.5129729568351597e-06,8.906993409036109e-05,0.0007690333571380725,0.1176021284897116,0.0003258110741198817,0.000454552858204607,0.001979587060292608,-0.17480314316375015,0.2892175404474051,0.17638254630315364,-0.07119557564068332,0.039505654084155954,-0.0844583968685955,-0.09363876638296624,-0.004738949040870222,0.0013294898693826732,0.19216867374318986,0.1584591564078829,-0.07522266066729592,0.06942748639518768,0.5378118591833543,0.07789509873007597,0.015545366060356742,0.5236151081561282,0.0555639668641458,0.18910809627261013,1.807702152249886e-14,0.05631390651590381,-0.11365744581642799,0.03252117398057695,-0.09512644187961107,-0.0063982825713488605,0.06769526749852735,0.0366722506353513,-0.09154095866337854,-0.05258272292871157,-0.0020286251353989334,-0.29826250873103927,0.05952088887562018
13,1.0462338905399302e-11,3.726705866279693e-12,-1.0262293137005195e-11,-6.550408353556763e-17,1.8470508198655977e-16,-1.5322784568435643e-16,2.1147587393224347e-16,-3.9492471558574693e-16,-4.2546748338520744e-07,7.501825288860769e-17,-5.720099487121842e-16,3.4783496800188526e-07,5.527471504367894e-10,0.0014317109722861256,2.4759709320072567e-16,3.7582967615117416e-16,-9.628597979546494e-17,5.257087457338678e-05,0.00018765710538263083,-1.3104347637751106e-09,-1.8479660417236986e-07,3.33101247428533e-07,1.4653732677321854e-15,-0.010327243125438302,5.762099909174822e-08,-4.93081053819598e-10,-1.4598208415953919e-15,1.0818791119891943e-13,-1.0402384917788269e-07,-2.463806971781067e-12,-3.3023041189641997e-12,-9.905297184969173e-13,-3.436653059637283e-15,-1.5557953961661573e-14,1.0736218561644484e-11,0.012695373730792285,-0.00010681853197367506,1.3619101936756348e-12,-5.917045148887257e-12,1.3121891139576765e-11,-2.1776060517345937e-11,0.01713308544087238,0.0273969704613824,-0.05906210087401798,-0.7390948864464766,-0.0002246206317592361,3.9013398254713215e-06,-4.4692396660937845e-08,1.4806925869041168e-05,1.712987635692537e-05,0.011173914259104096,9.962712403354033e-06,-0.00010185005276461677,0.00023128693443285537,-0.001407027181990644,-2.1777665186198903e-05,-7.226277945563793e-07,-1.1140654928308809e-05,-1.813372901303588e-06,-0.002212292373173161,-7.733850544157363e-06,8.138591620149334e-05,0.0004608689652408081,-0.0453772975153008,0.07021628326762376,-0.02298655393585795,-0.06766425077667051,0.027802836780419928,-0.012878564901019934,-0.0407537109664276,-0.0006881078382891141,5.2446805977496575e-05,-0.0016178124202355332,0.03209530936550728,-0.014981376772027087,-0.01901020259543869,-0.1981992892858021,-0.20970536859556457,0.06633015935757576,-0.053868941327487874,-0.09182727456347024,-0.07227806187043687,-6.254686080750726e-15,0.4592696307647811,0.028233397063130997,0.12632933612337216,-0.13929844913295447,0.09839523996627574,-0.046548563928570666,-0.045826442448533046,0.02686083934036195,-0.11450484306952431,-0.015327563817208194,-0.2163559205927542,0.07973109573396611
14,1.1927882408074921e-11,-2.930793318944681e-13,6.103803562301571e-12,-1.0846674800017589e-17,-1.8614522304470577e-17,-9.257580434346771e-18,-9.98754922996963e-17,-9.917124290249945e-17,-4.71195945776458e-07,-8.607324220437871e-17,1.863907657761803e-17,2.568396647374036e-07,6.548158566538941e-10,0.0015085882658503256,-1.8665587187561843e-16,2.6800605504309035e-16,-3.533520740928736e-18,9.489821908439392e-05,0.00016081850948279053,-1.3417752183281279e-09,-2.036360831338348e-07,-4.855135637516815e-07,1.1697461487144402e-15,-0.010161901128338794,-3.88011373408502e-08,1.3582148355575941e-09,1.130859656423701e-15,1.6755237337892601e-13,1.612466490158064e-07,-3.064103051330246e-12,-4.408319268894031e-12,-9.369531387903823e-13,1.5248020381396686e-14,3.542079930813969e-14,9.70738138569796e-12,0.0018900031031392128,-8.960993089099276e-05,1.161311031885807e-12,-5.252260632854172e-12,9.565705690417098e-12,-1.325765241797707e-11,-0.005108576667034628,0.0034094452210662774,0.007185158169905243,-0.04783764665977765,-7.90281173220399e-05,1.2819153602355632e-06,-1.272306949453935e-08,-9.970947909581675e-06,-1.2888281174088999e-05,-0.015379202693095104,-9.845245141999715e-06,0.0001626274190482153,0.0023166953677271718,0.006457240088699012,8.13025402971631e-05,2.449072044133171e-06,0.00010525556462399697,-0.00010551543656697522,0.13960043886004342,0.00038681571858046747,0.0005086654629599065,0.0022756071854687396,-0.19961651241196685,0.300990276992022,0.01280073104986309,-0.2005964894031302,0.08650906236360757,-0.07039608669795278,0.1364491201716535,-0.003147268522150458,0.0006211097766932317,0.11162678936670828,0.1473422165213518,-0.06996181483444698,0.006845340591224877,-0.3226830055846606,0.1262193088484239,-0.12967709956195603,0.003440934327386122,-0.3000829652153619,-0.07437370283448057,1.034266754795854e-14,-0.38840747689801963,0.03728074998447428,-0.29093995355710667,-0.42254570539058794,0.038649204462270416,-0.06772036645657066,-0.24402729041173135,-0.07169967142403476,0.047807488316128834,-0.006018934714968257,0.03721594894584002,0.11970036188151903
15,-9.421271908555008e-15,-4.876008020554887e-15,1.9265868891328486e-14,2.2357727494361915e-16,-4.768757388347044e-16,9.083869797159905e-17,-1.7368909284437795e-16,-7.094639880335567e-17,1.59549240821709e-08,1.8680182220098968e-16,4.1491654819726037e-16,-1.8036479361859758e-08,-2.7083445986378805e-11,-0.00011244891362514013,-5.445652327061393e-17,-2.4820343403464003e-17,-2.7686054278859606e-17,-4.510466271267872e-06,-1.6526424373472758e-05,9.638387970122997e-11,1.4247198492765004e-08,-2.7162298194213218e-08,4.3658016522651144e-17,0.0014204936027107497,-6.676430415141319e-09,5.285948237268215e-11,-5.893271622260862e-17,-1.320396150932279e-14,1.74477715024629e-08,3.3700292155494244e-13,4.75767974924968e-13,1.8742231881009477e-13,7.709356060582779e-16,2.298890487609302e-15,-2.334181944462798e-12,-0.004943076740487892,3.379308483766296e-05,-3.4351134942453517e-13,1.6858272934428558e-12,-4.372195427583453e-12,8.969689648460655e-12,-0.010237307427392752,-0.01948705638306462,0.0479204865586916,0.6600448277665416,0.00014370853358106118,-2.564251083280392e-06,3.085210196093151e-08,-2.169375360164778e-05,-2.6420217202946382e-05,-0.022911570519480694,-1.7168205449403525e-05,0.00022816673828604333,-0.0007149529223527143,0.005923834738308424,8.21573411113089e-05,2.6233379664512693e-06,8.901649723674381e-05,-0.000255440785216243,0.11104086822882131,0.0003087261036389423,0.00029105020898116863,0.0012228977439410415,-0.09899548347893111,0.13128490229417236,-0.03976470467140118,-0.11485894339537667,0.046953632449816166,-0.0190479446716615,-0.05938286167642607,-0.0009722839945098199,7.546419684028517e-05,-0.002070341492706923,0.04222197632882562,-0.019655696867461707,-0.02407169467304329,-0.2107643836521223,-0.22414425054532394,0.06631312593463101,-0.06651012721134648,-0.10884868058459864,-0.08018232542423578,-9.810676173878055e-15,0.4771855125132976,0.02842154031237394,0.14579331996014763,-0.17029011724375318,0.09873855961321894,-0.04770770398343908,-0.05349240390501762,0.027412922496161025,-0.11691726476464319,-0.015803980619716454,-0.2445965363095498,0.08983301076872403
16,-5.771229701568592e-08,8.100967657861157e-08,4.660284135748002e-08,-3.171228482989568e-17,1.6459793960394322e-16,1.742505529961759e-16,-1.1362062039210395e-16,1.9966295277224348e-16,5.980591739083381e-05,1.194592459747892e-16,1.8189074572272855e-18,4.1211816980370415e-05,-9.17835149435284e-08,-1.6441254345407536e-05,2.3744729355483647e-14,-3.767317453384122e-14,1.3295842724915105e-15,-1.573059091800865e-06,-2.2357522483184846e-06,-1.0890625338378483e-08,1.0173704778987655e-05,-8.273417319351127e-06,4.5777954755867496e-15,0.00019025905017723904,1.4192427942096052e-05,-6.018947370314403e-08,-8.274324375709296e-14,-1.4052106362883083e-11,8.88902653038696e-06,1.6964457401989009e-10,2.4504913385741224e-10,3.0110289870114665e-11,4.940419931715421e-13,1.8528154344397774e-12,-2.524551387221635e-10,0.00015922501740833902,0.0033603042843201665,-2.2714830331783163e-11,1.3674751882975456e-10,-1.0537156504701118e-09,1.0959621901668522e-10,-0.0002817164375412952,-0.0002494330359286553,0.0010699987233413527,0.016769333045321317,0.0005025699449752301,-7.762877550654329e-06,6.884812728613873e-08,6.89973823336063e-05,7.793871366357756e-05,0.07885713588418349,6.927395678345278e-05,-0.0007947935034663662,-0.01794124417627619,-0.08488337877778487,-0.0004649916858967427,-1.741139031431523e-05,-0.000370169623429221,-0.01817894062820659,-0.02269993154590687,-0.00029694874896199556,-0.0013354290812912387,-0.00410355651696622,0.259325514417027,-0.2860458206419714,-0.01961501117819832,0.11482780970707382,-0.04615589121147398,0.11043052003445351,0.066783582074928,0.004444964096537224,-0.0021414693541674675,-0.0833516604724269,-0.010063679148333782,0.003735361270420165,-0.07239002323530369,0.45377132268005754,0.07794709490762419,0.024101097444789634,-0.3751637296309108,-0.28886250228155097,0.0504396859347975,2.7768250440430043e-15,0.053020393478891606,-0.20111933848015925,-0.12691879044536822,-0.4133320869553862,-0.008682868341451447,0.09228374916555625,-0.193346170607483,-0.15597107488016457,-0.08599112179083931,-0.005561407851026408,-0.17201178510672485,0.12047707894026512
17,-6.68724160172784e-08,-5.0582341014618156e-08,9.146456046734755e-08,-4.556064410305244e-17,2.1887742455782525e-18,-4.5145492948183005e-17,1.8847125572122247e-16,1.2195233074534706e-18,6.312648864962149e-05,1.561808030240154e-17,-2.2135147652536146e-16,-6.299762138291572e-05,-5.128232580874615e-08,-1.8135169417038427e-05,5.54899037847395e-15,-2.4039858685210636e-14,5.808592821243334e-16,-1.115855884463701e-06,-2.4899553441336085e-06,1.1557353187606476e-07,1.2656318513174115e-05,-9.686016647437135e-05,-1.1188012363731803e-13,0.00021500358621667878,-1.0941538473873183e-05,1.6193199962622442e-07,2.5680020907881643e-13,3.011423908074367e-14,1.4390491229817512e-05,4.3359599068682073e-11,4.367789967216393e-11,2.5201626301536106e-11,9.10071659624458e-13,2.6197543442556855e-12,-2.3850006667472396e-10,-0.00029779686870802004,0.0010815320770500277,-2.6176082460965635e-11,7.767839347713696e-11,-6.705177563163968e-11,2.465087314102771e-10,-0.000622000702100772,-0.0012389353393573144,0.0028005253035876232,0.041081573847544704,0.0009719979231208986,-1.5646074161275762e-05,1.5347314121586695e-07,7.099687899732544e-05,9.637986571644202e-05,0.10065778934784834,6.521192564461288e-05,-0.0010476858541115521,0.033144452343618624,-0.011738659872088927,-0.0003244428821891292,-1.097828138766529e-05,-0.0003142497970780275,-0.005847121133355397,-0.015454019191368351,-0.00028923831323392576,-0.001056095445200282,-0.003942250833590315,0.26132242220289614,-0.2599121459328525,0.01938791024434117,0.14661636314183948,-0.062405078273406384,-0.05373532216794966,0.0369900234820075,-0.003641853349668256,0.0015177839545089493,0.2442923948820338,0.1142755066266428,-0.055604449828016524,0.12629653809896177,-0.1286461216816509,0.04166241082754322,0.12754376758683542,0.3936015859439566,-0.033242212383830363,0.052307038131622866,-6.6879995569358575e-15,0.31904222781792396,0.05229551532794797,-0.5157189531223036,-0.015685808373742196,0.19157249481138236,-0.07148106921545547,-0.1125727019287162,0.02144583709573956,-0.15688075758948408,-0.01913961608965957,0.2914168717819033,-0.009160684731145867
18,-7.643331807621053e-08,-6.516739700180227e-09,-9.438570673417348e-08,-4.766432231429848e-18,8.320979262786866e-17,-2.4230135526256267e-17,4.5486430381527396e-17,2.8947420156242946e-17,7.363423835451909e-05,-9.472642277257138e-18,-3.384899312478209e-16,-3.7629161920602525e-05,-7.537087809301831e-08,-2.0255874257367996e-05,1.3153052727732268e-14,-3.3312889574707626e-14,1.0765118075232908e-15,-1.4707636584370638e-06,-2.634144307810316e-06,1.393605380454526e-07,1.738256736706328e-05,0.0001123019813979488,-1.2866354619908328e-13,0.000235385247034825,3.0302182946118503e-06,-1.8838474739040594e-07,-2.177672886080599e-13,-8.919443243376684e-12,-2.1348632284505565e-05,1.3926423793415153e-10,2.1375545019668757e-10,3.072221845281771e-11,-1.6423962189911718e-12,-4.354677707015431e-12,-2.8670706662874095e-10,-0.00011679858343937342,0.0014418410988653837,-3.1084596445628906e-11,1.2183097965436197e-10,1.3303781615290684e-10,2.315363850832704e-10,-0.00022662606747227064,-0.0007387295396301706,0.0013745188627511224,0.025852140215330596,0.0008850929590822329,-1.3771578090351187e-05,1.2503833131382483e-07,9.190664434425407e-05,0.0001148146564810722,0.11343636674607628,7.661098259426401e-05,-0.001133452617204662,-0.030745417132534657,-0.01390076431450557,-0.0004223859401355928,-1.0898621600571852e-05,-0.00046209442759876924,-0.00810892225285196,-0.025926997691633008,-0.0003619745477017148,-0.0014280851808396691,-0.004860548473336607,0.3220879608580197,-0.32995126764372174,0.01698458063752608,0.1717372282575642,-0.07122368868304911,-0.018474101048375293,0.0073025433465638044,-0.0007833981238596396,0.0005701284742371657,0.03447620881384736,0.023860353646313722,-0.011577779527198656,0.006479943638863136,-0.29703891944925076,-0.028335372620545845,-0.243022987513121,0.3425937484296473,-0.0014740598706430466,-0.02815603515173247,1.1807174552425233e-14,-0.2863692563117867,0.060118132608339925,0.28347957263117374,-0.050553180118887146,0.07356738871032387,-0.10567637117293183,0.009611870659331065,-0.1182325917744295,0.039326829001230475,-0.014538639643848368,-0.4881946247963101,0.17093882846599398
19,0.0002593764735715432,-0.0006852864248374069,-0.0003657933115586595,-9.779373986946234e-17,1.7326375727867299e-16,8.972246336911803e-17,-7.373882062620343e-17,-8.597075194922029e-16,-0.00734944862605018,5.71188485008243e-16,2.7951585207152348e-14,-0.012665733672280067,1.27307486237351e-05,2.926400232782798e-07,-3.924489184370553e-12,4.98351503179211e-12,-1.4598793540644418e-13,2.6605714212715058e-08,4.4252873291111726e-08,1.0808446494797919e-05,-0.00035218712858057106,0.004665031759859573,-9.350067197732656e-12,-6.0575769864603205e-06,-0.0013909792078900774,1.521936315456624e-06,4.071165538173238e-12,9.942949957422741e-10,-0.0010030949882179007,-9.488747274891401e-09,-1.2931309364938169e-08,-9.904629397958894e-10,-6.497236952193363e-11,-2.0959553963394243e-10,6.590083302496292e-09,-5.48260482633401e-07,-0.10915041948951167,3.998152380331349e-10,-3.6474604416287828e-09,4.239745141345266e-08,2.3009569706719615e-10,4.61249043323833e-05,9.79206942535828e-05,-0.0003059654224498848,-0.005639806460862926,-0.0010607059233358428,1.2950230088306e-05,-3.672895172634668e-08,-0.0003587170322385593,-0.0002959355473511107,-0.26272844317940275,-0.00042917843481501185,0.002517142898922013,0.12139077936798097,0.8333895021402583,0.00271165370716252,0.00012679144776461557,0.001243228407704828,0.11565450170043606,-0.010305773992886695,0.0006386659909469298,0.0025147398034196223,0.0035117221321391066,-0.04417513303127252,-0.06784903616110355,-0.053125125693744474,0.10256949748094538,-0.0553425412433106,-0.15242638550449455,-0.0015453908845071448,-0.004088810127215337,0.0031641542627117345,-0.011038087543664546,-0.06144148613233294,0.02959009905192516,0.0166523700569137,-0.015851936613110122,0.015850257928166023,0.02184879691390276,0.010033426247328964,-0.08326518746385578,-0.11840922618635545,3.21994939284668e-15,-0.0033573156097958597,-0.2320904692787702,-0.02069831153473027,0.10011193203656825,-0.002611431624459769,0.06405061946148873,-0.09229937079094619,-0.1710763579388206,-0.08769401029025035,-0.009103212354426304,-0.02058411980863198,0.09092979217103112
20,0.0003426041006454218,0.00048033253584126907,-0.0007538594461921565,9.599817619456306e-17,-7.417879147135315e-17,1.20795155460152e-17,-5.397161062539199e-17,-1.061723263090342e-15,-0.007571549579915462,4.049917116566866e-16,2.343718744785601e-14,0.011564397759133437,1.983203814965374e-06,3.159632903064778e-07,6.570106741775424e-13,1.2835570272773083e-12,-4.251161203182593e-14,2.424970586394738e-08,4.793121829567932e-08,-9.118586214327064e-06,-0.0006128752619413828,0.02113993692144417,9.250821197409531e-12,-6.59357380666943e-06,0.0014691086768239695,-2.8459361040204758e-05,-4.134007053363732e-11,-5.554831039990615e-10,-0.0017251036304541945,3.3598928018001027e-09,6.77225690215612e-09,-5.623927322276708e-10,-1.1783614136221403e-10,-3.267501410045309e-10,5.033742513389845e-09,1.559127469000384e-05,-0.0019414615593143368,5.24791896589845e-10,-3.671779516782608e-10,8.225591074349091e-11,-4.724179599884933e-09,7.022690961849522e-05,0.00018063758480741274,-0.0004935849768597183,-0.008901556669936295,-0.013489771356163938,0.00021969146129904784,-2.2195279902202106e-06,-0.0003359235060237468,-0.0005528917662148177,-0.5510992698939042,-0.00032798970169703375,0.005892925562936698,-0.6595637391918118,-0.07285240786708251,0.0007345176782075051,4.328515125655458e-05,0.0003935773433701688,-0.006843180992459516,-0.005218224898463919,0.0006530934375960957,0.00044293821701423724,0.0024597042961991946,-0.07597582948739924,-0.06296015297564654,-0.01614794247977233,0.03372322634253549,-0.009261450741380338,0.13113292509224084,0.0035884848372351326,0.006863336411802071,-0.0026490209958666576,-0.17014028738440837,-0.1138269788116865,0.053395751348326685,-0.08215474954441244,-0.03235680198635071,0.20362877613004568,0.15126487145216178,0.10204677031409204,0.013102590304251377,0.08005792387908366,-3.1366021655440867e-16,-0.02301805011154101,0.062233808178404744,-0.028167574930373696,-0.030485086338702887,0.24125503027209563,-0.07719531149119609,-0.0033338022261417063,-0.012963627580088179,-0.13447395498577755,-0.016657210406377534,-0.03311576569855738,0.05129530717289953
21,0.0004005527360991525,8.764227140013839e-05,0.0009004159443726634,3.499134137529458e-18,-5.65935637921524e-17,1.707701017451968e-17,2.1159989211374786e-16,-1.2932017088467752e-15,-0.009258205632630443,6.874817562400596e-16,3.0783259539773565e-14,0.005548160713071542,6.3855059689937345e-06,3.595043789543105e-07,-8.475925567019044e-13,2.9419220398072963e-12,-9.074787202952234e-14,2.9169039355376955e-08,5.3656770438124405e-08,-1.5710211364037682e-05,-0.0014302154369569252,-0.023490114401144777,1.4007246475441433e-11,-7.445082448605862e-06,-0.0003578307300951887,2.7922181874258673e-05,3.554336309996792e-11,4.788682068778062e-10,0.0023711453323326374,-6.462945704984689e-09,-1.0763435662720767e-08,-7.561883191416774e-10,1.689831598329067e-10,4.729462301701171e-10,6.7016825790283385e-09,1.0643977674769011e-05,0.0036645023488205883,7.109740406029053e-10,-2.2965718165372866e-09,-2.1917580518106893e-08,-3.394072827683218e-09,5.9897766360752547e-05,0.0001675048384004438,-0.0004495505778490874,-0.008629753030695722,-0.008165873760730339,0.00011874210980361521,-9.196677889821556e-07,-0.0006402989536378515,-0.0007659251729114385,-0.6121517928054635,-0.000380731924580756,0.005555474238210974,0.5429903664852714,-0.26873467346663493,0.0013476390350107134,-5.259404424062129e-06,0.001968801174342609,-0.012179703726919889,-0.00673884882253441,0.000864152515523836,0.0019819053114006747,0.003996436604877587,-0.12626329050318222,-0.08563868618825557,-0.05380272595781473,0.0965059608213041,-0.04481223719916713,0.1365862030232021,0.010043467137471625,0.0032479049040712873,-0.001608566870964353,0.08244342646282671,-0.015337537028625508,0.005285752425737918,0.06688406122446036,0.02879448893289212,-0.09159878161483079,-0.2989221709085228,-0.06414158846635834,0.044398081395914744,0.0898553966984455,1.7478920848197745e-14,0.03245005460329975,0.05923852749919253,-0.14616175006721166,0.06556120856008732,0.10172902717556169,-0.09469509830615189,0.008228342678183493,-0.12736141265802112,-0.013340836614718311,-0.01900965195539713,-0.09981896874519984,0.016386970351881126
22,-0.32377570031891156,0.5824500807100745,0.21952129431711814,-1.7271520645298687e-17,-1.1839996109100212e-16,3.158805462566448e-17,1.654944553602384e-15,3.8078232800390426e-14,0.21915354269919632,-2.2870808538212877e-14,-8.934749640889126e-13,0.27467322146082745,-0.0002909455657360895,-5.545216829268152e-09,8.769441111705587e-11,-1.1505699593326663e-10,3.3785527184676625e-12,-7.011287158799405e-10,-1.176455667664093e-09,-0.0001657853236657274,0.005002420990321594,-0.06451195411497844,1.4495775129553332e-10,3.028143392381654e-07,0.013431230970822095,-1.536779691537627e-05,-4.238793820560253e-11,-9.035646038997938e-09,0.006713145308158229,7.695789123233662e-08,9.957491964676095e-08,5.732730222143478e-09,4.288420660459983e-10,1.3987163473908525e-09,-3.2907194072932125e-08,-2.2675680312258353e-07,0.3785317016357355,-1.6820663937048423e-09,1.3918852436249835e-08,-1.4070091198590475e-07,-1.031949008105652e-09,-3.630352691463915e-07,-3.504018552125547e-06,1.548420990250269e-05,0.0003516552256423766,0.0006055461213664914,-2.943542989903703e-06,-1.0787730235690996e-07,0.00017671773291761105,0.00010303572148542649,0.042870023995927965,0.00019172670786995677,-0.0002755922529418494,-0.025916285191777955,-0.1563604555023626,-0.0003669626166071097,-2.3487484831480367e-05,0.0001512232616487024,0.0131256988586147,0.003943727342922237,0.0001860448538169507,0.0014474469673008536,0.003118853455688996,-0.10124722962295353,0.014159546943597315,-0.04200405760046025,0.052420436865336935,-0.031750593790931,-0.12788501550733794,-0.011590904440021515,-0.0035630541247651123,0.002748222681026477,-0.013151430560673909,-0.06791719797251808,0.03277738870942915,0.02123100214016778,-0.05723406555986564,0.010298567993984806,0.02094128163644346,0.02592313590975105,-0.04249003453339456,-0.1293504180569031,6.754920040172432e-15,-0.006448998734700812,-0.25192678213278324,-0.009974782715583861,0.16317927436950644,0.0016382165621373443,0.06374749106400261,-0.06640923233545659,-0.18420310726199804,-0.09471654034970094,-0.010128735228372649,0.010523167539715059,0.07584193992824736
23,-0.4030999085850119,-0.38479444771974214,0.4264111152858902,-6.520162565268482e-17,-2.16339804717876e-18,1.3105016170080354e-16,1.7555093572468793e-15,4.455828273453754e-14,0.21275666652762038,-1.6003221074739092e-14,-7.043466765236633e-13,-0.23583622258278622,-4.1887888775210337e-05,2.7813703609051517e-10,-1.4050053434190017e-11,-2.7599172474987416e-11,9.160432774799928e-13,-5.7653682731435e-10,-7.888840208906404e-10,0.00013020408438976132,0.008278463232975278,-0.27471271707151435,-1.3351582942358243e-10,2.055335832559183e-07,-0.013410979862214577,0.00028125078288453984,4.120687612776786e-10,4.831976236033705e-09,0.010888178549696186,-2.6570965722023357e-08,-5.056097129096601e-08,3.016042599002178e-09,7.329665126818813e-10,2.0571768641049423e-09,-2.3431426462664143e-08,-1.423020938747819e-06,0.0021163700446387656,-2.0992240961048567e-09,1.030961522965118e-09,-1.450145970764365e-11,1.1534296282460571e-08,-9.666871147219703e-06,-2.7186214444169108e-05,8.304485363911648e-05,0.0016160211865958397,0.020534765654296478,-0.0003258807424917397,3.144078807045984e-06,0.0001445768295398568,0.00025365061400314326,0.1691855136416136,0.0001194844194517223,-0.0016355243656576415,0.21133175001023885,0.032407782428470484,0.0001260312695489685,-1.9995071771174777e-06,0.00023499480665666083,0.004931580232949974,0.003342329746279246,0.00018503676087113822,0.000663458900790494,0.002532082604602223,-0.11618576286979444,0.01597474469136865,-0.019432888112982445,-5.5019396774022556e-05,0.002682679923206356,0.11134589522946464,-0.004187826592372801,0.006099430977428947,-0.0022964186037409445,-0.1798301667465723,-0.11982765535053878,0.05654786277783794,-0.08419526664471898,-0.015508651513821746,0.20677774578243335,0.15283823822482645,0.034591068917548456,0.027671196291091597,0.07751167731292141,9.754996096101316e-16,-0.047538169130552414,0.0627274830857746,0.01375775729530782,-0.00013008874301451365,0.25215983785315604,-0.07740576400673872,0.014684514563747681,-0.018383817519101772,-0.13405468251027314,-0.01646895703398697,-0.04014252207666512,0.042593812680277225
24,-0.47415664453841905,-0.07064053307154053,-0.5124229674790687,-7.539987949047738e-17,3.0836071634397795e-18,1.5630248197605855e-16,1.973444533723722e-15,5.230975178098895e-14,0.26184128721307454,-2.2549482137369667e-14,-9.336453492525324e-13,-0.11367687919036837,-0.00013772149444320667,-5.82126112615632e-09,1.778291314955394e-11,-6.415804684320248e-11,1.9837174886525834e-12,-7.291279745326022e-11,-5.549780143274225e-10,0.0002266138927124955,0.019615081708368523,0.30705029113957094,-2.0403967294498035e-10,2.1486114814463208e-07,0.0032829344229589144,-0.00027730895478079325,-3.564877454886492e-10,-4.106275863407109e-09,-0.015045628393374868,4.9503482063997645e-08,7.851796093234472e-08,4.100431895801449e-09,-1.0551242705007468e-09,-2.991704696228461e-09,-3.156209511829089e-08,-1.004288612912205e-06,-0.018582660197381373,-2.8835058583798512e-09,8.148024952008026e-09,7.064356067144094e-08,8.151690957490937e-09,-8.575774101151666e-06,-2.6148363525017703e-05,7.833568884607626e-05,0.001607290729781337,0.011767078158237784,-0.00016421560688544077,1.1655327874695003e-06,0.00034774535438365073,0.00038446155410779367,0.18846884837899053,0.0001391783003582849,-0.0013738430048477516,-0.1720123959952458,0.09246610507070359,3.726369909474905e-05,1.3927825947227345e-05,0.00010807133660878138,0.007181423626200567,0.004399006379540545,0.00021437239287725888,0.0012681366457723733,0.00344968840438087,-0.15495815455928846,0.012859315358123057,-0.04439699091723674,0.03803209401906913,-0.019728732133221332,0.11071244775005819,0.0013780649155959415,0.0030563079568341396,-0.0013910086045521213,0.048761900102717484,-0.03449971152311942,0.014752936842517063,0.05293266412642077,0.052280865628532534,-0.08876984143203513,-0.31134779046484395,-0.10530657510785416,0.05834401318978256,0.09081556961820919,1.965614341675379e-14,0.05004660290184632,0.05886506457619359,-0.14954475055668903,0.09705850608173437,0.11079036416072299,-0.09460939286177084,0.01948949507692339,-0.13152021690122825,-0.019124641970485235,-0.019430520938852322,-0.04941365941186424,-0.003953704582526525
25,0.32888205672809845,-0.5914305169293268,-0.22280508944803726,-4.5008343820877623e-17,-1.1827197684812717e-16,4.391213940509723e-17,1.5379039031558983e-15,3.5035788898525385e-14,0.2076078625748635,-2.1595892014380337e-14,-8.409849737701899e-13,0.25960468399478104,-0.0002768901378351447,-5.8934433111956175e-09,8.330203098493999e-11,-1.0954749161798135e-10,3.2176029342019207e-12,-7.269356277671685e-10,-1.2199026027382115e-09,-0.00015824585739177542,0.0049662866176712435,-0.06052761397961033,1.3825224846329395e-10,3.080477524515056e-07,0.013139770869720672,-1.6296148653865297e-05,-4.302575982441406e-11,-8.858885498980371e-09,0.006562948367580655,7.566585337598748e-08,9.80365660177928e-08,5.664838874567574e-09,4.191155047092291e-10,1.3679335253306522e-09,-3.258828543168826e-08,-2.199212496879695e-07,0.37545784589454256,-1.6706924066384984e-09,1.380768864683823e-08,-1.3952884060367094e-07,-1.0160396938623553e-09,-4.4568177636451903e-07,-3.652355286931419e-06,1.596280116264483e-05,0.00036018867410382,0.0006117447862842025,-3.0456560842983206e-06,-1.0680120622735142e-07,0.00017697032688194678,0.00010326532282679174,0.0431538121702386,0.00019219210424348984,-0.00027855897319228396,-0.025943344409980636,-0.15822255689978593,-0.00037210547956989407,-2.3750508268287916e-05,0.000149207812953185,0.012847015443446052,0.003962242696441628,0.0001849105116739301,0.001442823920988536,0.003113717028658379,-0.10124819503643424,0.014283037271708224,-0.041938790952075346,0.05227557458350174,-0.0316727786194781,-0.12765959628748902,-0.011597625422614537,-0.003557727098280189,0.0027441363124336266,-0.013123719096214343,-0.06787155127806566,0.03275526871214497,0.021238820087422977,-0.05731754613898223,0.010276011282784589,0.020934710420611565,0.02595009420670946,-0.042370789586014444,-0.12930902026770058,6.6302226127964e-15,-0.006460424989424038,-0.2519133400261108,-0.00995673998644982,0.16320846492612115,0.0016456388546064258,0.06372611091989043,-0.06631463789410523,-0.1841867084550633,-0.09470551988740213,-0.010128670181957837,0.010561075119462263,0.0757787685085961
26,0.4094189404918314,0.39067310635965524,-0.43270418932882415,-6.211986786086823e-17,2.350266400327134e-17,1.7593194173933806e-16,1.5314031218530487e-15,4.115504862252223e-14,0.2027001475926331,-1.5191352778322552e-14,-6.701673610974747e-13,-0.22481384093461576,-4.189990229091914e-05,-3.4637350889349325e-10,-1.2945920361082836e-11,-2.713087026363694e-11,8.977242858543478e-13,-5.995149041642812e-10,-8.534756578761634e-10,0.00012775155489105566,0.008188498812994887,-0.2621800175642701,-1.306590800967173e-10,2.1420215158818047e-07,-0.013062608350900973,0.0002717826388771263,3.98450565549797e-10,4.693326850799174e-09,0.010635720353459074,-2.5724714831051658e-08,-4.912646655769662e-08,2.990227792476882e-09,7.160352113947783e-10,2.0089081555081995e-09,-2.3256475146014047e-08,-1.447558726801443e-06,0.0020726313043614103,-2.085993820619755e-09,1.0447099600620921e-09,1.42767889461083e-10,1.1479808626938142e-08,-9.77006239636025e-06,-2.7450734718437446e-05,8.37744989703705e-05,0.0016289127542926717,0.020485168424296006,-0.0003251181229256051,3.137167903481911e-06,0.00014487815964802066,0.0002542281686371453,0.16998120477672835,0.00011990602862609677,-0.001644909939206706,0.21318562876526365,0.032398771628306164,0.00012505293618219276,-2.109793735961607e-06,0.00023537046975287813,0.004941205968213725,0.003350175413788989,0.00018395271227625122,0.0006640155896251885,0.0025299634682638098,-0.11615704516970288,0.016089012915114418,-0.01944135016003916,-8.381629398023101e-05,0.0026837353842251842,0.11123443166984975,-0.0041971222886173845,0.006092820086991473,-0.0022938573128238487,-0.17969292577193388,-0.1197453933114849,0.05650950781010551,-0.08412173956999812,-0.015473679614226493,0.20672012239151794,0.1528282527805661,0.03440348121879626,0.02769285772703422,0.07748573405052454,1.146791238162991e-15,-0.0476038451754769,0.06272423742353522,0.013843162575307254,-5.685731581783906e-05,0.252159655573146,-0.07739875995702968,0.014718444203233145,-0.018398607513296354,-0.13402999784276726,-0.016466327510823227,-0.04018987290086492,0.042569153696532906
27,0.481594463070128,0.07172051739860126,0.5199961387476492,-6.098116263669226e-17,1.877586564225882e-17,1.4461002924272057e-16,1.9177626399273283e-15,4.840417418855518e-14,0.2494707420672625,-2.1437107735137116e-14,-8.866930355104736e-13,-0.10834395781111798,-0.00013343780543833447,-6.228002919325779e-09,1.7445396647077796e-11,-6.20578406255559e-11,1.917720250823183e-12,-1.2771975007985935e-10,-6.379492452623051e-10,0.0002180206792323723,0.019005158932380865,0.29301971994990283,-1.9643891380086113e-10,2.2484977494172414e-07,0.003167337958194832,-0.00026779236659234485,-3.438605215523475e-10,-4.016534593819194e-09,-0.014716151610698187,4.860387085853293e-08,7.703383730477407e-08,4.067801753633877e-09,-1.032658056717601e-09,-2.9267089151932554e-09,-3.1319402188197373e-08,-1.0168178590158908e-06,-0.017805574573626175,-2.8617930485817087e-09,8.097553502274716e-09,6.985939906749743e-08,8.120555204175015e-09,-8.631821959265184e-06,-2.6336858422779555e-05,7.88227610304925e-05,0.0016172105383013707,0.011750339359422192,-0.00016402821402431865,1.1649702743455158e-06,0.0003484309305105931,0.0003853276993064543,0.189343544595345,0.0001396205162625045,-0.0013817070609919275,-0.1736534398030047,0.09340040880610516,3.536912781248884e-05,1.401260381788454e-05,0.00010365049139532933,0.007261856153144989,0.004407537925348429,0.0002128097007415091,0.0012647886530300402,0.003444297936415292,-0.15480744958316153,0.013017193333471257,-0.04433383949522445,0.03788844550600893,-0.019663215587157543,0.1105375157937256,0.001360454344319224,0.003054182354298696,-0.0013892210616196852,0.048604541888459654,-0.03455428220963135,0.014780820355036915,0.05284317937484199,0.05232996863564755,-0.08871856334842512,-0.3113429473024868,-0.10529323027041923,0.058317866261710746,0.09078576404322977,1.975924329593346e-14,0.05010031069564185,0.058855746253467074,-0.14951673551072053,0.09705148132562702,0.11079864348534693,-0.09459198477832263,0.019478088945974657,-0.13150956863639732,-0.019144978483860025,-0.01942894570786029,-0.049268974838248464,-0.0039802682889276296
28,-0.005363865489469254,0.009658761467385257,0.003645203275312905,1.0014218781375073e-16,-1.5968517581629543e-16,-1.92228879209394e-16,-6.3380514391934e-15,-1.4839255825927517e-13,-0.4990169029633159,6.465453108922233e-14,2.362168856069966e-12,-0.6689995025106799,0.0005897014386363711,-1.1550357920993972e-08,-1.8750084218093705e-10,2.3010645323917913e-10,-6.71402320635895e-12,-8.155839791677708e-10,-1.4846845656574784e-09,0.00031358086160169753,0.0025868576380597484,0.188615569577258,-2.8115900290581785e-10,2.9579616254209864e-07,-0.005656244915198011,-7.476692043854859e-05,-8.246940347847717e-11,2.5825762870276106e-09,-0.0033920689532221204,-8.621485967898318e-09,-2.7254102675601817e-09,1.1118119355877757e-09,-2.265541040817034e-10,-6.7301450198504e-10,-1.0877929217785825e-08,-5.627265532849567e-09,0.1529542359480107,-8.831256690629932e-10,5.931000275569521e-09,-5.364730778879706e-08,2.2565324775218111e-10,-3.296304171302882e-06,-8.595129708206901e-06,3.08493453315176e-05,0.0006200148327660267,0.0011880479082035072,-1.2651867773672697e-05,-2.664382143843682e-09,0.00017029895898698432,0.00010707848793830782,0.051430609444734106,0.00018568412149107697,-0.0003713649545477088,-0.027592952332759206,-0.19817005899099363,-0.0004925537921224982,-2.9158796969872334e-05,7.511549838837518e-05,0.003290473376130882,0.004282460197668878,0.00013797624621556478,0.0012297960201457035,0.0028316737469357375,-0.09818734600003325,0.017668154212354084,-0.038769805549159465,0.04627087611535283,-0.02832717432459342,-0.11663072903746105,-0.011497412814192594,-0.0032903476138894105,0.0025405243262142533,-0.01186349125539859,-0.06524470699945185,0.03148178471055064,0.021283454526851937,-0.05952631883010499,0.00941612400649182,0.020666597492434328,0.026032303583632645,-0.03794873071306736,-0.1267335604576727,7.057906568752609e-15,-0.00675266321400859,-0.2511439140323387,-0.009626727126383476,0.16189177247264389,0.0018995059966119409,0.06283414949381311,-0.06251508120966934,-0.1832958966594247,-0.09414189367181136,-0.010106796922160068,0.011527830730319348,0.07306840125077886
29,1.645380300812648e-05,-4.356677644216233e-05,-2.3319286105382676e-05,-2.7182671831571982e-17,1.593590454033385e-17,-1.1860020404766131e-17,3.9202825409544707e-16,1.2692903092447225e-14,0.07016205719146035,-8.112124458481921e-15,-3.067871677661009e-13,0.13549522029917874,-0.00011192497368050396,3.8415873454149905e-09,3.6561777367623685e-11,-4.315205205387602e-11,1.2557782537409103e-12,3.0326073481602083e-10,5.708373885101943e-10,-9.615451402274833e-05,-0.0008407144924391457,-0.06575292377100986,8.514538499745242e-11,-2.1170456611403484e-07,0.0031457066369670115,3.731495745082992e-05,4.064433909941085e-11,-1.5574469328956078e-09,0.0033529163975189826,6.123742214710587e-09,2.094738027056225e-09,-1.369766680273634e-09,2.3003583511904511e-10,6.685886139776332e-10,1.782931131694506e-08,5.115779877148046e-07,-0.8229293041330533,2.0881622319720562e-09,-2.0550507445726288e-08,3.867578204125025e-07,7.403931943382045e-09,-1.301303335438633e-05,-2.5846866967008773e-05,8.034879331798537e-05,0.001485389363543638,0.004153727153716473,-4.240885136553829e-05,-8.328931056279874e-09,0.0003108248270678672,0.0001918348117117458,0.08474226191136656,0.00032084504288300487,-0.0005993769115147556,-0.04193406517895329,-0.28880768132172074,-0.0007276048185951286,-4.3292310909645656e-05,0.00010312036826395473,-0.031536777481273245,0.005074724506022024,0.0001674075340345808,0.0014986545480640719,0.0033226672786981913,-0.11180610518776579,0.019575753087558087,-0.042302949138225104,0.05029047441055162,-0.030754969717670815,-0.12285254229285952,-0.012064793487768885,-0.00342447697652516,0.0026571211364756586,-0.01193854315290284,-0.06639979253085256,0.03200741127185935,0.021308473967375917,-0.059756772292791444,0.009479888569595649,0.02019044253825172,0.025651725567704713,-0.03469821046871427,-0.13160170081100095,7.321547979161778e-15,-0.006701844489451707,-0.24600842387989041,-0.01411181830535232,0.15811845845720507,0.0018583960494607255,0.061994245707147885,-0.04381555978965674,-0.18052896831998905,-0.0927399078959308,-0.009997074685960906,0.012439814837041577,0.0780605065956504
30,-0.00665644719253047,-0.0063503160010771964,0.007031902987756342,1.703427837861528e-16,-1.0715839510729528e-18,-2.4989223178130506e-16,-6.9666854063034274e-15,-1.6508731161437042e-13,-0.4167573272029478,3.257292351179802e-14,1.4279374704041916e-12,0.45888569177448724,-4.009962958302082e-05,-2.1514300519657006e-08,5.4919322653525254e-11,2.943129450458478e-12,-2.6134968830462203e-13,-6.988839280424355e-10,-2.148843625939018e-09,-2.991706199865071e-05,0.002282595566233077,0.5269766835169023,5.201525672213979e-11,3.777943562998913e-07,0.009495087313537282,-0.0003360992590692169,-4.755679169722361e-10,-4.312080051177428e-09,-0.00621745304223471,2.9664423124660303e-08,4.522104102774238e-08,1.2275778900000322e-09,-4.160664451117422e-10,-1.2139495124178942e-09,-1.1086043973375007e-08,-1.8522261982890006e-06,-0.0012047017040602889,-1.1429799797341322e-09,2.02391005016088e-09,1.185896718334917e-08,7.0788763294957795e-09,-1.1286821905252516e-05,-3.1527100426525546e-05,9.462802914733262e-05,0.0018159288105082782,0.015148812729918866,-0.00024070219904616396,2.3270079551896296e-06,0.00014813833713698215,0.00025195287684505506,0.17983513814454144,0.00012224546657912494,-0.001779641471545404,0.24007942765336895,0.03149592152806274,8.182863319837723e-05,-4.848046037703992e-06,0.0002269262649175789,0.005001614819926108,0.0034118680253418395,0.0001395437567239675,0.0006632698853240982,0.0023819086469544907,-0.11191474258801101,0.01912931665041456,-0.01947236580646476,-0.0005564786302891048,0.0024034832346848728,0.1054803368032128,-0.0043579707500261905,0.0057512337494016715,-0.0021625629833119135,-0.171594812676935,-0.11482907376022049,0.054203389708533896,-0.07993659331580746,-0.014205085384534862,0.20343203704663282,0.15231270025756063,0.027456456631071692,0.02820910656837367,0.07619698155352139,1.2669654205593992e-15,-0.0493830052139227,0.0625563225688281,0.015770493151573705,0.002704056225955779,0.25189778223056125,-0.07703327746045177,0.01564608771570674,-0.018912656427533252,-0.13292523762931002,-0.016347591442278875,-0.041377621720821274,0.04134460344408633
31,-0.007829964850110472,-0.0011655185973915693,-0.008450339795953204,1.2086805038958876e-16,-1.0390600803933152e-16,-2.9590628923322877e-16,-8.055759858678991e-15,-1.9204359354147848e-13,-0.5130538671335118,5.069042888148084e-14,2.0008457386591206e-12,0.2210840479835669,0.00013545298037179388,-1.26430423001379e-08,-4.385865270780455e-12,6.945370942317342e-11,-2.2103320125254494e-12,-2.0245984510436705e-09,-3.019821436785735e-09,-0.00032142078647427004,-0.01951676235636991,-0.5898552058941963,2.806672732142883e-10,4.550584141811671e-07,-0.00430875363299448,0.00034263477052940154,4.6541922144788797e-10,1.8335302341246885e-09,0.007258861582685971,-1.0597947529155115e-08,-2.0938273146498375e-08,1.8311627003595733e-09,4.684278763478251e-10,1.4096026359453428e-09,-1.4426354101590743e-08,-1.2261511591975022e-06,0.03831363115172243,-1.3198814605841145e-09,4.399892964254094e-09,1.1616130707859526e-08,5.620944858981021e-09,-8.995459659977149e-06,-2.8350259572337167e-05,8.355635995643429e-05,0.0017189796218824453,0.009910179338458907,-0.00014237822095591472,1.085124687561004e-06,0.00032826371945658125,0.00036880759415987334,0.198751009052548,0.00014334707973967184,-0.0015140123284248883,-0.19721686294635435,0.10984701859856061,-3.09433477832853e-05,1.4476882973555012e-05,-3.432755113845296e-05,0.009440713656716218,0.004421627751979285,0.00015269606800486795,0.0011081010696324628,0.0031556656001103926,-0.14506755810479252,0.01766507164273691,-0.04117730679190862,0.03236898022795614,-0.01708516446756335,0.10209114564536058,0.000680260707523717,0.002935793681933442,-0.0012993797240904474,0.04164150099542559,-0.03651357926420445,0.015807017470896537,0.048635711977871546,0.053436301076546164,-0.08613672122140761,-0.31088214660088415,-0.10274544741128866,0.05664782562679486,0.08897321026041603,1.977369755475648e-14,0.0514906435584956,0.05843918668678104,-0.14671088619653258,0.09567908697579745,0.11100950449100776,-0.09379625143119945,0.01875270848369279,-0.13093027897165796,-0.01987457028968802,-0.019334112645125117,-0.0443409127246499,-0.004478112993598933
32,2.6188763232925303e-06,-4.720722655721886e-06,-1.7869063568057413e-06,4.72093652531607e-16,1.3715697385617572e-15,7.468296759322873e-16,2.2071579752609062e-13,4.9366696935703974e-12,0.012983669566170464,-8.785128972327837e-13,-2.163713616579479e-11,0.01544987400915506,0.00348957421600512,-1.2209914613698836e-08,-7.454819757644295e-10,1.4768690857820497e-09,-4.505049526750716e-11,-1.4533334005017628e-10,-2.3180021474560817e-10,0.004905478189417668,-0.28490765817807195,0.004782826103082698,-4.1975114237047484e-09,1.055087903857182e-08,-0.5799827332704244,0.0008638617820941223,2.2847560758573676e-09,3.6221849702291036e-07,-0.30310778966956264,-2.7702143644093102e-06,-3.3900311607540814e-06,-1.388410496394199e-07,-1.980346196624367e-08,-6.249011557485414e-08,5.638154804189224e-07,2.6537553023657775e-08,-0.0025360497951572546,6.404204088398804e-09,-7.562982537423097e-08,-5.912414235460943e-07,-1.4899243429258526e-08,4.1969707648122373e-07,1.3886118704766756e-06,-4.977310103779922e-06,-0.00010825332481482846,-0.0005037841786757466,-0.00017677811424601818,4.9969488899135786e-06,-0.001779397033982551,-0.0006700360759415706,-0.01796275460443368,-0.0019034665262753748,-0.0011513696102234926,0.010344158479628409,0.029930601634863975,-0.0006997492280603625,2.896273751199021e-05,-0.0028596701390336387,-0.001807078492680704,-0.0015218898542107711,-0.001965155157125744,-0.010149606996261783,-0.014544889907480596,0.22535967676921806,0.09433475010522129,0.13222749584656243,-0.23207391803244992,0.13131658015761816,0.42438872154442536,0.006863833091284508,0.009856707031740687,-0.00756316686281826,0.0418377960682608,0.06955193714284993,-0.033564865474974455,0.01544435273689199,-0.11730012990997772,-0.024345949406438465,0.014255795413312513,0.007621914098820799,0.10023478776818098,0.04358693880698624,5.3605409960143354e-15,-0.014777134488139216,-0.26041980498192036,0.0342169908519472,0.07978980500171069,0.011481515868227819,0.03356936580073436,-0.07863896587711323,-0.16625388515219225,-0.08099709304624965,-0.009718097449241968,0.028306597300179884,-0.08500770069556053
33,3.2587576335655774e-06,3.1088980035937977e-06,-3.4484812523686227e-06,6.879437254102675e-16,-9.102512374856434e-16,1.4568044099413668e-15,2.8703918277041293e-13,6.431305629991211e-12,0.014019593938191308,6.904121041005376e-14,3.718479507083533e-13,-0.01686018964521673,0.005065437070358222,-2.1899663154235425e-08,-1.1201191541944534e-09,2.135541188732292e-09,-6.432307414423123e-11,-3.303013569911154e-10,-4.678215183909798e-10,-0.007869888902601202,-0.512193833039151,-0.009462086629587693,7.310229244151276e-09,7.919706042412051e-09,0.45577208643466194,-0.007464959130802291,-1.1035973200850057e-08,-1.7377867033696692e-07,-0.39501396468040156,1.0750823033272319e-06,1.9855117217974162e-06,-6.923266920190093e-08,-2.682039698391099e-08,-7.502062726257883e-08,4.99942538139906e-07,8.735494183544212e-08,-0.0013310690786431704,4.0725955863846974e-08,2.3889840123296812e-08,3.204844724597914e-07,-1.9075006906857872e-07,4.34007553201458e-06,-7.009574729950762e-06,7.100700731461672e-06,7.052786042774736e-05,-0.25028929738226124,0.003974647594828083,-3.845049176235628e-05,1.7177609515207876e-05,-0.0004958282910351725,-0.011955320598521488,-0.00015302614319711916,-0.0006881829053444564,-0.009132820429217984,-0.004055623353613754,-0.0016941836993888304,-6.297141056797377e-05,-0.0008159095567601415,-0.001144147965891604,-0.000662071199149612,-0.0015991713615333485,-3.9033088031436596e-05,-0.0050731421900383575,0.13549015618120702,0.10058741872596841,-0.01176983418824345,-0.0036309611625921006,-0.015924067722003533,-0.1568777307299792,-0.00554677339524808,-0.009729708587264942,0.0037782221849202275,0.2142692159434944,0.12075392071048799,-0.056526605804605515,0.11676733841326187,0.03319021718788573,0.04765252601891158,0.13032325000666714,-0.23374472860388018,0.039689386859857755,0.017731807497257057,6.809837364309838e-16,-0.09961137719474214,0.05509264004302073,0.055469581985935004,0.10750735899559533,0.23538640910846267,-0.06010191259394362,0.042571057050248724,-0.03703996268349178,-0.08583430969577162,-0.011204320515168469,-0.07026532603869125,-0.01333503035834671
34,3.827289241437898e-06,5.646108448083226e-07,4.123687286491218e-06,7.4049648583593435e-16,-1.7828566987186771e-16,-1.6617549414410344e-15,3.215692989662134e-13,7.189092875499433e-12,0.015695566503796707,-3.1934873509964957e-13,-8.885501467525428e-12,-0.007570541627874374,0.005196185492998129,-1.9369615023764496e-08,-1.1658909791950416e-09,2.195932088387441e-09,-6.522827657903123e-11,-2.2607156671056868e-10,-3.555712257217896e-10,-0.0030023684743464797,-0.4485580167880558,0.02861396062273909,2.9687327527605408e-09,4.111020142934276e-09,-0.06495900187926022,0.006937293600273437,8.499181185715633e-09,1.1714858468370923e-07,0.5458702561271858,-1.5063802702667564e-06,-2.460277223156661e-06,-9.988229821968856e-08,3.805039580866769e-08,1.083348020837648e-07,7.462468355859007e-07,9.57389258265856e-08,-0.003223573845994428,6.695202872116341e-08,-2.0141494999033002e-07,-1.3251519822602855e-06,-9.959231675314263e-08,2.1941596473403484e-06,1.1698465143428238e-07,-5.9232853492545374e-06,-0.00015683022018986209,-0.08576873231198533,0.0010452527157978177,-4.5775736987171854e-06,-0.0013479414945242836,-0.0013703083564783232,-0.03697913583810942,0.00016078571201755205,-0.0022805673301416318,0.019719989168371123,-0.010957395631328807,-0.0027677002293567286,-7.523701480647304e-05,-0.004153480479634559,-0.0032197459830397386,-0.0017463102877692312,-0.002040498900867772,-0.0050568119845421245,-0.009104595397604899,0.305121759397399,0.16164903608782374,0.09254555998910247,-0.1718748440088619,0.07888191367251175,-0.27827389696636096,-0.026526202623446377,-0.002883672687388191,0.0029243842200838022,-0.24928221653299296,-0.10881310441262806,0.05433639615567335,-0.13310398080855212,0.07579530982317893,0.029752139784099525,-0.28816717660484664,0.04760545232200884,-0.019428335931607334,-0.008088831263147788,1.849507117926139e-14,0.08845283275516967,0.04975995718163722,-0.00011846041904792144,0.0071120222255999345,0.11580943837605427,-0.06081639410974499,0.01701875496595163,-0.09915649072810573,-0.044101258423266565,-0.014516727960830929,0.13230788069699528,-0.001473602676432795
35,-1.7878154967209385e-09,6.952260061033284e-09,5.269284217910515e-09,-2.315641235542924e-19,-5.155290370505804e-18,-6.024415190237131e-18,1.920629326567034e-17,-5.890564420641861e-17,-0.0003129807154264811,-2.0884315410553392e-17,1.2533685903956758e-15,-0.0008316963804664617,6.497966736873984e-07,-3.5401862226379446e-11,-2.170865334522883e-13,2.4793563004416707e-13,-7.258373207323412e-15,-3.0456828933173666e-12,-5.880311219395318e-12,8.311556417000384e-07,7.608594678532407e-06,0.000628486943784545,-7.284301579818842e-13,3.353841810003827e-09,-4.226017504237289e-05,-4.6506438359226346e-07,-5.021573612597177e-13,2.2094442988800935e-11,-6.419285343843094e-05,-9.655211363295897e-11,-3.467655854966763e-11,2.9409315264491515e-11,-4.468851251877515e-12,-1.2835638133839524e-11,-4.362560097168086e-10,-2.147247542937849e-08,0.028554752851774685,-5.872152440782559e-11,6.473788431546576e-10,-1.40768072796915e-08,-3.270861170570866e-10,8.030679373286247e-07,1.8610824705390158e-06,-6.494368077991084e-06,-0.0001305541625895307,-0.0002723660887819777,2.848000963680908e-06,5.84107829565639e-10,-4.192321908348025e-05,-2.7043610285655614e-05,-0.015262560747849754,-4.975756937068364e-05,0.00011650623725965807,0.01077026256073912,0.09716127325509123,0.00022232712920672735,1.2791137787389834e-05,-6.126972722964037e-05,-0.7553644239622541,-0.015082793682312717,-0.00041188061781615343,0.0002524698589151209,0.00028090813224276536,-0.0033171828680431076,-0.0004292914703610384,0.002347291960616156,-0.003270304701872236,0.0020830848597691784,0.02061196037194663,0.0022345484047145243,0.0007831840790565233,-0.0005357619860119052,0.006484492043265735,0.027009151123110822,-0.013357265971341696,-0.01317231693229399,-0.04225729642575794,0.007092211669837315,0.008706570949970814,-0.023122163026874226,0.09861171979913821,-0.17331123652919492,2.415678711564983e-15,-0.0038076940629959413,-0.11080797645759702,-0.1260874472219601,-0.17213226867499754,0.000820318809723064,0.0316228310147678,0.5307345142108826,-0.08927100363086003,-0.04602626667454375,-0.005338569210263257,0.02736271918266485,0.15307566889488267
36,6.806645136469292e-13,-3.887089365604031e-12,-4.171400607161507e-12,3.4402441961790433e-18,1.254367135999387e-18,-5.409487693476988e-18,8.505572159685868e-18,-1.1726977368355026e-18,4.8659227432178385e-06,-1.5317969064058756e-17,-1.8020020024261307e-17,1.7753898020872292e-05,-1.3125184260692927e-08,1.1298672653763834e-12,4.682449357651469e-15,-4.9500319407409535e-15,2.029810470359672e-16,1.058130186948981e-13,2.0946768775064168e-13,-2.4901320710481084e-08,-2.385312835520417e-07,-2.0794910758678856e-05,2.1271885337473006e-14,-1.8224851471211268e-10,1.954414917826058e-06,1.9981656424168387e-08,2.1574759847879718e-14,-1.0778946893893646e-12,4.194045978558709e-06,5.2222018401389484e-12,1.9670821032413696e-12,-2.1469168755945895e-12,2.96335317923414e-13,8.408367705069822e-13,3.611224453336235e-11,2.952884803235083e-09,-0.003291735467144887,5.551379501690555e-12,-6.81502354567172e-11,1.6967635150546461e-09,4.713710411216509e-11,-1.5582685439387724e-07,-4.1175416430146674e-07,1.5803756267283471e-06,3.397639907045757e-05,5.5677520462894e-05,-5.941527832718236e-07,-1.264042973532204e-10,1.4932862285377999e-05,9.918693356869514e-06,0.006505275704434175,1.939561163651486e-05,-5.1817856963430884e-05,-0.005502131659326471,-0.05539638941313112,-0.00012221450256372988,-6.937573234097872e-06,4.117816344455288e-05,0.6429541006377493,0.01217527940047713,0.0003292559683249454,-0.00047665841340187385,-0.0009380119540688015,0.031144973931536847,-0.005762140610232014,0.013274235592924137,-0.016111983478947302,0.009912928425801134,0.05040277552640247,0.005160250990455872,0.001618897058119566,-0.0011810521684809123,0.009851130875458266,0.044429988102432275,-0.021800030464012563,-0.019430483487603,-0.04084565874195568,0.006931439333564956,0.007401651394934174,-0.03185976291158986,0.12242342229556483,-0.18391882250889768,2.1994768658484268e-15,-0.003503545071032944,-0.09552231228735827,-0.14667389557786534,-0.2310952433809023,0.0007026515796713623,0.028280761508097347,0.6345219134745068,-0.0791398309004166,-0.04084519631952009,-0.0048342201639713514,0.03032331666108627,0.1683109416677693
37,-5.633368906494733e-09,-7.897217558608914e-09,1.2412830868301495e-08,8.207390414505807e-18,5.284519128056914e-19,2.8576526585923945e-18,-1.2829420930018414e-14,-2.963800804151761e-13,-0.0010434533452346583,-4.560016632601157e-15,-2.5850784086156024e-14,0.0017595528619219905,-0.0004981217994863014,3.554516993435083e-09,1.1291113651491795e-10,-2.0769550454705552e-10,6.238828959282394e-12,5.899358712568357e-11,8.596272744434007e-11,0.0011902256351292852,0.08148611228352838,0.0015993045600264225,-1.0936019442078527e-09,-2.39290420466481e-09,-0.11338097767371523,0.0017027525037143726,2.4917253311090537e-09,4.607032300406365e-08,0.15038239575779327,-3.2298735417402286e-07,-6.324577167379163e-07,3.046547486392903e-08,1.0398554625183608e-08,2.8658199855361096e-08,-2.6099505172497287e-07,-1.0216515431968554e-07,0.0011431091450133466,-2.5709880884002893e-08,-1.7745124709797683e-08,-2.964759255437851e-07,2.4402565984800764e-07,-1.1187375975935069e-05,2.824197252799171e-05,-4.503495079114062e-05,-0.0007137299494308967,0.757938423967247,-0.01288340559320427,0.00014215318599752452,0.0001327100089708712,-0.0033665365290003885,-0.0517194412501441,-0.0008370610990154275,-0.002723051878265614,-0.028821312766504938,-0.011210705419471863,-0.0048770429227136996,-0.0001841506668015399,-0.0019406778786512139,-0.0023375360125759016,-0.0013927771400803726,-0.0033831752024932097,-6.1786384831973e-05,-0.00743311065184191,0.18686773123663278,0.13149091852087325,-0.014945022657039557,-0.004576992653756427,-0.020033116648584183,-0.18704224929999053,-0.006571691876285018,-0.011376702848221332,0.0044523885238789765,0.23975351098354758,0.13681551197958097,-0.06396831848365837,0.13002402208367517,0.03398227404313687,0.04891524049923459,0.12929543916462027,-0.25726051089915264,0.042852865111828585,0.01854109125304423,8.753385706980973e-16,-0.10079932055340245,0.05485351368153578,0.05912851441447472,0.1177769283818508,0.23398251107373155,-0.06039597837769845,0.0456281406051494,-0.03714019253129527,-0.08608884118225574,-0.011293793091482452,-0.0741555276218006,-0.014050049202345233
38,-1.5543621492503233e-08,2.804076029492867e-08,1.0678898675035479e-08,-8.658907780951469e-14,-2.2870945956830407e-13,-1.2205495814860524e-13,-1.2757869948422064e-12,-2.7502202965565186e-11,-0.0038642075187666236,4.482296657080008e-12,1.0477128741049337e-10,-0.003693900834103567,-0.007596197882780642,1.2405463985230131e-08,1.5222518009706583e-09,-3.264891664563138e-09,1.0160791439438499e-10,1.8207804619536197e-10,2.98720829637284e-10,-0.012374218930020083,0.27911398096013046,-0.007760289277378463,1.0999087686541321e-08,-3.0426178266445544e-08,0.5688439065904597,0.002044905694403781,1.0359863388071374e-09,-2.8682375184586317e-07,0.29675696765442383,1.4881001614386928e-06,1.3717080655974389e-06,1.248269010800913e-08,1.9568206602979217e-08,5.962301442687205e-08,1.0551473769148964e-07,2.3337282360146167e-08,-0.013608795263066168,1.4663055580182531e-08,-4.743031897669545e-08,-3.497530873270106e-07,-1.966807463456538e-08,7.136354688037316e-07,1.5539695470294128e-06,-6.174133733027578e-06,-0.00013412515034182888,-0.008362046711841589,-5.252101663418926e-06,2.553354662501097e-06,-0.0013820343686401766,-0.0005984591307739469,-0.020332501973857876,-0.001406094828230022,-0.0010005005797258694,0.011538476354857432,0.039937169313379324,-0.0006860320392416422,2.1028592050618196e-05,-0.002602075574200248,-0.001975885968548417,-0.0017384045140807051,-0.0017927917283808445,-0.009629742202800001,-0.014226163261334301,0.23238192124012708,0.09432760087093284,0.1355567951551795,-0.2368073317302113,0.13389260357767221,0.4338550317048587,0.007514892430346618,0.010243380763910776,-0.007832065568040213,0.04184982208370624,0.07576221668873599,-0.03656015095593622,0.013029816220829828,-0.12004951935832155,-0.026628630836259697,0.013620821056812428,0.00606486336312549,0.10784579496376147,0.056535324476238505,5.7034630156094606e-15,-0.015124473811916348,-0.26021061544068097,0.03677224988932291,0.06980522351398928,0.012290031425693028,0.03082512875216802,-0.07720974593501179,-0.16387704214547263,-0.07943206340365523,-0.00962518659932428,0.02959489587635694,-0.09575506792315068
39,-1.9342283624091768e-08,-1.8438640228752743e-08,2.052785807138017e-08,-1.0774090062011841e-13,1.5120833040349229e-13,-2.372544388615015e-13,-1.5687280824754521e-12,-3.381296326837645e-11,-0.004378463958069383,-1.0997073333851455e-12,-2.112746932784659e-11,0.005694896479068218,-0.009689369155882747,1.8592341007982844e-08,2.0267699658058246e-09,-4.155037571661822e-09,1.270797123759011e-10,3.0564777274599253e-10,4.702587676947673e-10,0.011428816018415737,0.4194823024518302,-0.0027996962801719433,-1.0645981370279052e-08,-3.0768887828513183e-08,-0.33125440247606663,0.010876274339934352,1.512171826667107e-08,1.6486199166833468e-07,0.23240717361792249,-1.1980293823173914e-06,-1.760549977215487e-06,-6.244725879534655e-08,1.5366539502917792e-08,4.587014591483163e-08,5.215529808475047e-07,2.830773336067282e-07,-0.002099902944712913,4.975022504958151e-08,-4.4047802169536505e-08,-4.627806168743062e-08,-2.7349515832909884e-07,1.0312240647101559e-05,-1.6900045508403246e-05,1.8739526328893986e-05,0.00022177376552169018,-0.5913790175748856,0.009751632522860864,-0.00010188184797915428,-0.0002131488920263439,0.0007671367941927927,-0.00954657054335844,0.00020227077223658745,0.00031821058490567454,-0.016143219477110317,-0.003489006243027322,-0.00015423133876293725,-1.1792682761963153e-06,-0.0005108002637295112,-0.0010739668297609767,-0.0006376442328254885,-0.0007076990820100304,-0.0003422293434303648,-0.0043063891929750785,0.1276355480820372,0.08805661007052216,-0.005795644429335898,-0.008160267234202991,-0.011808599412757408,-0.15965617529176024,-0.005373446941347131,-0.009686207560270391,0.0037664926546739563,0.22055564956416332,0.12475938918143324,-0.058451133480261146,0.1197046181856962,0.03671271369177216,0.03386541653073631,0.12943170190374403,-0.23446928907503106,0.03771064439331389,0.01216388479875638,7.537508781424863e-16,-0.10246571220214033,0.05473912328090057,0.055566331445598124,0.10743194597487124,0.23542140419559995,-0.05857680138990697,0.04229677188197812,-0.038617192374969765,-0.08183326990631147,-0.010738148319022516,-0.06816694428354465,-0.017235337481857366
40,-2.2736333674353048e-08,-3.331160317857727e-09,-2.4392806203574277e-08,-1.2682472341267674e-13,2.7793553163284137e-14,2.845741528335135e-13,-1.84789591231928e-12,-3.9830754056382545e-11,-0.005101208479723125,9.709026259547515e-13,2.648196241675098e-11,0.0031869802352573373,-0.011216395656306784,1.9558286411996773e-08,2.4902234022999314e-09,-4.814395541378978e-09,1.4119486214615587e-10,2.9509984736728656e-10,4.732184017481056e-10,0.0037452499045182125,0.4393354927495912,-0.01651780223869434,-3.740662784860985e-09,-3.4235720222205634e-08,0.06470812918976596,-0.013529176146833244,-1.730307900222946e-08,-6.814378906693328e-08,-0.5367916612954814,8.171715693580296e-07,1.6222627517245192e-06,-1.15942709607755e-08,-3.569252047304373e-08,-1.0564041048230025e-07,2.9771998543310378e-08,1.2242348899770492e-07,-0.003915453813619012,-1.1933860693376678e-09,-1.1977373419765579e-08,-2.511590581008539e-07,-1.5359571357275998e-08,4.857481475945402e-07,6.0489370471549605e-06,-1.6390754673574925e-05,-0.00033440157080347107,0.04895617633592508,-0.001058732776839368,1.566167679817076e-05,-0.0010508367178214155,-0.0014509422751435702,-0.05070053498035265,-0.0001383758580236023,-0.0019550584700588694,0.02841437970926331,-0.01727020890417374,-0.0027504497238049247,-7.925000556663029e-05,-0.0037118147734098413,-0.003799493030789409,-0.0020324400578885446,-0.00214947211581218,-0.005005959096461887,-0.009656976393425212,0.31895803952658536,0.16426279156578008,0.09573364741938883,-0.17587125033461412,0.08032088526066361,-0.28853132660759534,-0.026869604590228,-0.0034264590817201187,0.0031123370389560113,-0.2529666659553661,-0.10358236559227699,0.052108351329894075,-0.13766554334907835,0.07627320251181338,0.03901592319090215,-0.2861983519377023,0.05192083959109678,-0.02340457839398674,-0.015459789269478028,1.855691047198653e-14,0.09025042451310912,0.048622933550946025,0.013081216095421637,0.0027370017887558434,0.11549331763464434,-0.05766460243213492,0.0165057623824947,-0.09614658694299977,-0.04595727539985912,-0.014030300331323983,0.1421346240841298,-0.0018182790819605374
41,3.806272979117862e-12,-6.872536357396357e-12,-2.6498402479710327e-12,3.5217567227799633e-10,9.30116942450522e-10,4.96261140217505e-10,1.758032259161531e-10,3.647626965919135e-09,9.716981059646474e-05,-5.62304304171932e-10,-1.2481671028795121e-08,0.00030643783704487423,0.32462958212376725,-2.1275818647255616e-11,-5.58053914453949e-08,1.4285722856853818e-07,-4.6880632471493915e-09,-5.474463260230918e-13,-2.712722164580459e-13,0.5889859777872464,-0.0014647114760741012,-0.00029795647678533354,-5.427834034060418e-07,1.2403720369952724e-10,0.0030426883840741284,-0.2262751001902024,-2.731516579266334e-07,-2.7537327456983406e-06,0.002272553463493135,4.638036481405908e-05,7.263973397311129e-05,3.1887939081666527e-06,6.348209949995931e-09,6.266280574008341e-08,-1.3918545417842822e-05,-1.8206705636345854e-09,0.00023743349571113252,-1.6984578076104372e-07,1.7115645012204773e-06,1.1888415697425006e-05,1.3800336878626853e-07,-5.491052055988625e-08,-6.114276172452938e-08,3.513666618589084e-07,8.582850507035025e-06,0.001585063648602401,0.0021497515638496203,-5.6971731158962185e-05,0.018771529163335153,0.0038851656230759575,0.002249082580135765,0.02230556815313836,0.007377396765847361,-0.0013047858855184283,-0.0029459067150810984,0.0005538264418846919,-0.0004228929602190082,0.014800323763572864,0.0003196983377940875,0.0002173327231586674,0.009828807711526246,0.03624199238191931,0.03444645971430725,-0.08354426381104106,-0.05782933604418776,-0.047415067482280394,0.0931885128969666,-0.06193274113493787,-0.1973861597535217,0.0014150584785919836,0.0022827355879303486,-0.00039859825262191656,-0.06677726601764819,0.10197472665786628,-0.049103902567361024,-0.09165052939936029,-0.13989406485459002,-0.06922625650937203,-0.004373633778322013,-0.02866603936722406,0.19647346888474393,0.33865837675712895,5.810671237685593e-15,-0.015949662041370365,-0.23747839630995693,0.07400600098846474,-0.2414621112770513,0.03281091926555535,-0.04284848651200582,0.021415792312997603,-0.08650275160182938,-0.03173564704277863,-0.0061114734595025585,0.06021083069587482,-0.29758397558961636
42,4.736796039445785e-12,4.50904615006026e-12,-5.058980423192257e-12,4.384399742392488e-10,-6.146552030307621e-10,9.64643138315711e-10,2.1443764957307186e-10,4.446588888744369e-09,0.00011671585017833824,2.1704924690744338e-10,4.451430109005137e-09,0.00017257245458706706,0.40894093913265,2.012523960759788e-10,-7.541737301713517e-08,1.7945571585585296e-07,-5.757292931525289e-09,1.6458719134229595e-12,1.8938257725827507e-12,-0.38695874530540914,0.005597383189126954,-6.971412127593143e-05,3.6215144291622393e-07,2.0009429804722575e-10,-0.006278301746690268,-0.4203305400257862,-5.527358794504036e-07,-1.3656290303456262e-06,0.004286895754648948,1.2263762108935332e-05,9.186257325523335e-06,2.2295629054057095e-06,2.841580419754476e-08,-5.944135157662827e-08,-1.53830096244074e-05,-7.32003039585045e-09,9.160362786734591e-05,-1.153583978889505e-06,-6.564822513151579e-07,-9.645692180605122e-06,2.9983332709274256e-06,-3.526356878831819e-07,5.586965273987045e-07,-5.162907193574712e-07,-3.916894363684802e-06,0.020370968807281342,0.004670633797817082,-0.00014822119594673678,-0.006813411718900078,0.020153446170898592,0.0023760940386477886,0.006571083908025263,0.01733162999977964,0.00044363630249677965,0.0005283062783445495,0.032528089340225386,0.0013408852179303099,0.003067301710006455,0.0003384404278518703,0.0001449085545058357,0.021383472587195362,-0.012632803498683943,0.019424417716794592,-0.1675704324711359,-0.3241425267385979,0.22480782016288153,-0.22551274772543403,0.17435247390034128,-0.07895872238431072,-0.005655190297402792,0.006477979278317714,-0.001740748164727837,-0.010624970718810635,0.0014804527439750003,-0.0012343268327343444,-0.009913998849406446,0.11618803282664647,-0.31136505285578286,0.09706366716853919,0.03338560176812778,-0.05222943006163561,-0.13345175376748822,2.424667945217926e-15,-0.13726017884257669,0.04199799541716189,0.015590193617050899,-0.011059525532235841,0.22029101809065285,-0.013039941733253723,0.0023862221699198754,-0.07494201036483837,0.027612819412655656,0.0021704810354214667,0.061290367414827907,-0.10078798332126324
43,5.570215296502687e-12,8.082432829486171e-13,5.929608267933279e-12,5.156816596257822e-10,-1.129673166611997e-10,-1.1581511710987695e-09,2.5276011686064715e-10,5.241727855931055e-09,0.00013741066299154656,-5.3065685761009047e-11,-1.4788167559322511e-09,0.00027332709320656835,0.47764568629479476,1.7468288920626472e-10,-1.0939218736175695e-07,2.097521351590967e-07,-5.833689492320799e-09,2.062237821607423e-12,2.64228629688772e-12,-0.06397168433589416,0.004405182466256319,0.00011056081241384008,6.462534323032868e-08,2.713018192917566e-10,0.003055896637826442,0.5207468891322469,6.898836020247242e-07,-1.1579048242301447e-06,-0.0039455322665407164,1.3844478059385648e-05,1.3266476916561391e-05,1.9870341387070673e-06,-6.847267555931593e-08,-2.5331406095097214e-08,-1.2835181694852384e-05,-5.214283523678632e-09,0.00015353371407421748,-1.130920504755486e-06,4.3531439771965655e-06,2.9992881922419117e-05,6.907506425115861e-07,-1.4915910355940496e-07,4.904278665538016e-09,4.238284919158213e-07,1.1976525227586819e-05,0.006231583860758221,0.004970158561888638,-0.0001323323498648055,0.013520218002271819,0.011778164530531881,0.004083064745201627,-0.007953154295217583,0.021887008937636836,-0.0019366139345740807,0.0006688374575563852,0.01695700087034424,0.00044588882289894904,0.027613950201409162,0.0004975111911229015,0.0002649849141497221,0.005032780970402508,0.009779613979994758,-0.0014307239593785125,-0.11898183667137562,-0.1103275277579567,-0.010700622789258787,0.048333974900028144,-0.030038455808208676,0.08504684338039659,0.015049486586967312,-0.012293312437259032,0.0013920438376000348,0.08777548899499561,0.24622416866330718,-0.11093470309033299,-0.025383941123573756,0.05385250135207629,0.2502288710588818,-0.22395397616761456,0.019085389781609667,-0.0685628702340252,-0.17672500564857244,1.7451066550770303e-14,0.101254820860465,0.015082115889184986,0.34228751276115343,-0.058178652899847076,0.10581791956438621,0.027386240170610653,-0.011877951290998985,-0.013750182569459417,-0.08996153519948355,-0.0001850103404268956,0.2681059202309196,-0.024469160390105604
44,-3.663393036571373e-14,6.621813574718215e-14,2.617060907122569e-14,-3.6297216432607076e-08,-9.587998095854436e-08,-5.1160843706498664e-08,-5.707880886882872e-10,-1.1375266339501229e-08,-5.9957251520582596e-05,1.7057375303314437e-09,3.6024866703696825e-08,-0.00027857343769938374,-0.322744466553961,-2.3148148387100862e-10,3.751509232549308e-08,-1.4521126197050918e-07,5.4034818052357516e-09,-3.542763889204207e-12,-6.531668484805872e-12,-0.5846180440237948,-0.004130188747288804,0.00046363070545682233,5.515029276230804e-07,8.242939557009963e-10,-0.014556787811395263,0.2242465448755493,2.9212544571286807e-07,2.8938111370046674e-07,-0.008065750331297342,-1.256864991576685e-06,-4.5680460447140844e-07,9.134472954707755e-07,-1.2322337606507735e-08,-9.138549713905875e-10,-5.755298910161661e-06,-2.0976216916340162e-09,0.0004739412348646284,-2.1470468853786224e-07,1.238213961867344e-06,8.964226022165552e-06,1.4783448689745215e-07,-6.583540349850834e-08,-8.136398930128851e-08,4.362440809850871e-07,1.0432550222760221e-05,0.0017449802750930227,0.0018137779016337376,-4.849867933754398e-05,0.015636345803112465,0.0036632927270386006,0.0025346539962058257,0.017861824939666555,0.006993855960084877,-0.0014663310069611367,-0.0035275574185033506,0.0010620528799817378,-0.0003466134514638403,0.013815005047328997,0.00034840938621521567,0.00024442981298286836,0.008918087763079065,0.03411269063232186,0.032817431335113854,-0.08715121140725711,-0.059343885269845804,-0.04957287660022937,0.09704559861845784,-0.06390508223583209,-0.2044805909102096,0.0013076962148690786,0.0019138974594386984,-0.00018396722592976564,-0.06728327279512024,0.10071024218487017,-0.04846252085157734,-0.09195159151991172,-0.13952411417144084,-0.06963406278389977,-0.0045384142058246075,-0.02879817264593381,0.19470639365246087,0.34168367426986196,5.521113843759315e-15,-0.015908001556046457,-0.23708130959002138,0.07443591998418053,-0.2440029700108212,0.03311702307719837,-0.04466442292580258,0.02351390828759802,-0.08438240843878583,-0.03040601880636488,-0.006007127677009734,0.06054574698780121,-0.2986461676834144
45,-4.560299168296391e-14,-4.3318264361423864e-14,4.939227632946978e-14,-4.519163952372409e-08,6.335965629204113e-08,-9.943784727849434e-08,-6.880285893477633e-10,-1.3697224375115595e-08,-7.401566783507907e-05,-8.259288544700505e-10,-1.6780900256973628e-08,-0.0002353334109187756,-0.41144596907305664,-5.663545088977115e-10,5.3461942094001295e-08,-1.8410059006792546e-07,6.763634697148501e-09,-8.007885549971696e-12,-1.2032621434243347e-11,0.391183813380459,-0.013693065738317833,0.0001939028143038721,-3.7003165732593946e-07,8.438006070603814e-10,0.012064152397916111,0.42821323424480423,5.749781721197427e-07,-5.7486245168165426e-08,-0.007018846777134641,2.9881429408136308e-06,3.7830682153577e-06,7.975642034212306e-07,-1.9702833006278398e-08,-9.248648524221016e-09,-6.379860499332728e-06,-1.1704621707881233e-08,0.00011984804840492301,-5.910121388340603e-07,6.008824993885895e-07,8.714030115339186e-07,1.6874529932076025e-06,-5.038381769516008e-07,8.076839998522735e-07,-7.977605773006679e-07,-7.3608912818922714e-06,0.029019288637329277,0.0033641748855362226,-0.00011045667894905482,-0.004329179594021625,0.016638816031747026,0.0024239858710370103,0.004714173216737069,0.015461259641820027,0.00067090104228782,0.0005679296488390564,0.028276592699192978,0.0011497999345677608,0.003974278127561142,0.00034640755942650243,0.00015480009787223844,0.018978627177093695,-0.011313005427725448,0.01824009909132313,-0.16455247518076996,-0.31479604276814993,0.21667031251861213,-0.21672370055658724,0.16822365990872348,-0.07208612913408143,-0.0052137248831493855,0.006469508566410129,-0.0017864749228546002,-0.015416553761807419,0.0006264116753302433,-0.0007778166185613234,-0.013115646133736862,0.11730674997076612,-0.31671177180642107,0.09641874390638068,0.03941549449698617,-0.05373963607330305,-0.1358703759336114,1.9760441618594754e-15,-0.1373027900729981,0.041661487468130615,0.01594893315911027,-0.014181337693078678,0.2197077337875984,-0.011821506665595945,0.001256380799971107,-0.0756299131499651,0.030309288901825427,0.002490013527130141,0.06465813611859639,-0.1013334976691352
46,-5.362410835804383e-14,-7.670033406640368e-15,-5.61863165652095e-14,-5.31473086679322e-08,1.1637245212616053e-08,1.1943290007552862e-07,-8.090896753157301e-10,-1.61080315520559e-08,-8.62809113758092e-05,8.574642039268291e-12,7.047210658234425e-10,-0.000311357071229417,-0.4747549250374963,-5.660913792187319e-10,1.3059411089268317e-07,-2.127103672691922e-07,4.8171302895553695e-09,-8.582755742069728e-12,-1.3289979795794412e-11,0.06319919134527731,-0.0130499708210402,0.0001690342824617106,-6.253185119492745e-08,9.126709115907906e-10,-0.004702264418044932,-0.5164649576974278,-6.865847283142151e-07,-8.144860645806995e-07,0.015406040183769634,1.169779171423756e-05,1.6417850032782412e-05,1.3100465643634668e-06,1.0376310366554267e-08,-3.0444783282769803e-09,-8.205956112175728e-06,-6.976162294351827e-09,0.0002043871181279832,-5.896484752686033e-07,1.6172661488428047e-06,1.2494949344271144e-05,8.070211138579018e-07,-1.500018240021381e-07,-9.720629503211657e-08,6.823003617202398e-07,1.7134953893065504e-05,0.005099471259611176,0.003902738923116937,-0.00010700525067440247,0.010844121909527058,0.010808627861388809,0.004811341127322111,-0.00492752922842572,0.019132900386042966,-0.0023478149625514766,0.0009365022600561574,0.016039419156082587,0.0004335681429243739,0.02437503988213723,0.0005559202832294131,0.00029527255491734473,0.005635649107112471,0.0093771237365687,-5.6843341016860005e-05,-0.12553359787632776,-0.11671957842130788,-0.009248752879676136,0.04814358370522669,-0.028665616548384416,0.08806888988100203,0.015364412595802016,-0.011903930894267011,0.0012618752983730858,0.09329901136022445,0.24709662335694263,-0.1115179779663479,-0.02221626623014787,0.053111109982476146,0.2527509442204948,-0.22267157642884536,0.017886489673712747,-0.0680044351728765,-0.1785798043434106,1.7060200158742462e-14,0.10093206729958695,0.014566431954946923,0.3444598950218454,-0.05909067058007008,0.10552424526044288,0.02951528558132953,-0.012297669701793018,-0.011567254132262025,-0.0908607564063016,0.00017460393426093596,0.26736137627441614,-0.025525267592938692
47,6.062219236944721e-20,-6.781264450112847e-19,-4.955282497833314e-19,0.3264386332596462,0.5869703242936721,0.2210865871046641,-5.406312368195395e-06,-9.973098612036494e-05,-5.76769169227884e-09,1.0281047266170653e-05,0.0001987136765939037,-4.767149453509676e-08,-5.315123929727684e-05,-1.1782071060468517e-13,-9.181913072167237e-05,-1.0475640585364667e-05,4.131581849887535e-06,-2.3014295044152952e-15,-3.857908055033445e-15,-0.00014579771113393814,-2.2749029773311998e-06,1.6813180862052893e-07,2.5710433080513918e-05,6.693961067896518e-13,-9.81636051856771e-06,8.30403308897405e-05,2.1857241882986433e-05,-0.0015623591978080995,-7.102383524579339e-06,0.024553908535168274,0.03698124581812315,0.0011454781096645363,2.5304019002194714e-06,2.9106558709273767e-05,-0.0039532550108184634,-4.054222193195189e-11,2.6491090094002385e-06,-3.210255255812454e-06,0.00027000730566481643,0.0014276015560719274,-5.336073065899914e-06,-7.486235835773062e-09,-1.1437008085934703e-08,2.182265602227756e-08,6.480514975677788e-07,0.0011948656713872971,0.07094991682692967,-0.0016913308361496755,0.2857263301428842,0.014517636116769747,-0.0007429914276326817,0.34221002594562105,0.014255127794213604,0.00027755665694261227,0.0005059571273963042,-0.023640118927909456,-0.002726002894751374,-0.002048588904603138,-4.3352892078762064e-05,-1.5522979079001072e-05,-0.007965635648070587,-0.13571796223434549,-0.139696097672866,0.005559444990251259,0.0114815337667655,-0.0009934905945995025,0.00477584296440367,0.028317871943041036,0.027397571277098492,-0.0010562496019859786,-0.030629447103729935,0.013613363980075073,0.08766244520036538,-0.12613541411354082,0.0649832475242006,0.08182010797210762,0.0010069707055577572,-0.012328216632415399,-0.020773941609695222,0.029079902956883646,-0.2872553174517537,0.13551487963826725,5.040842171690215e-15,0.0033936490176407212,-0.17471209468658555,0.08554779293568969,0.02845246939064611,0.05838509641277951,-0.17311080951552624,0.13464456426144017,0.11799363113824578,0.0830979152189081,0.005816086226464198,0.0674276153351996,-0.0007458478187281359
48,7.545993553453575e-20,4.48130816077691e-19,-8.670315306031268e-19,0.4063366822187741,-0.38775102516887583,0.42950306153212664,-6.315587887969957e-06,-0.000116166994778708,-7.134762251082119e-09,-5.689715185748292e-06,-0.00010857366324376655,-4.540265740422677e-08,-6.71916366581272e-05,-2.252264483953088e-13,-0.00012613724650869314,-1.1048350153905767e-05,5.903128323382814e-06,-3.962309194768451e-15,-6.162725378704279e-15,9.666942254903188e-05,-5.157570666386395e-06,8.930837729576655e-08,-9.70214391076508e-06,1.0168761515511194e-12,6.1418820877430736e-06,0.00015672364263097764,1.3220356902479183e-05,-0.0006688072248861006,-3.5598964530226837e-06,0.0048199722454423805,0.0021136212351099354,0.0007163453213833838,1.1983434044147444e-05,-2.6693293559673616e-05,-0.00420108461705227,-1.234447271747289e-10,1.2508947888083997e-06,-0.00025347984817973524,-0.0003345088362988821,-0.002875328590235401,0.0003621517925604574,-2.5077990251894143e-08,-9.19574180536772e-09,-2.538988673157039e-08,-5.024482200377027e-07,0.003976704882785355,0.2173029581496703,-0.006413642271210725,-0.2177275442799706,0.26149956613744757,0.0003545174983358019,0.13104036431829164,0.07573927712309524,-1.1895154002970883e-05,-0.0002893798561652832,0.10259053858958304,0.005151384454980188,-0.027920892478143916,-3.9323387550274644e-05,3.5336691721398504e-06,-0.012592901746337067,0.05124916072919424,-0.0510466531812602,0.02272570461504962,0.047262251118239666,-0.03374285915546326,0.04873488974654524,0.020845488328117643,0.011339743191555422,-0.0007267396429015299,0.06291920206759767,-0.017345084425035052,0.13375190667171674,-0.15330054555040426,0.09008419870235283,0.01762819511807034,0.0019830238921854245,-0.051474920327396985,0.027775839018593748,0.0029332563619571005,0.17250537566655888,0.062473675760247344,2.889625775284461e-15,0.030347310532435424,0.0009559297478714889,0.10632643235383431,-0.12560761107486682,0.1296470239490425,0.10500570749365412,-0.09308673554440482,-0.0777512195383825,0.22244525397389395,0.027296053242275995,0.15203094486644012,0.23543306864765987
49,8.876411105902171e-20,8.243896881041756e-20,6.346711179421229e-19,0.47797948335740437,-0.07124183073875648,-0.5161188767605706,-7.476563640487005e-06,-0.00013757772146185302,-8.361032855100393e-09,-7.487405486677606e-07,-1.3716484199794392e-05,-5.786289718075196e-08,-7.821351452255988e-05,-2.3680153312829027e-13,0.00014251223038487797,-1.3232123568818355e-05,-6.7497916545596505e-06,-4.3077363227682375e-15,-6.893966101318152e-15,1.5948474585773265e-05,-5.2433711226822805e-06,1.0535933246275249e-07,4.058758618434751e-07,1.1238376360850355e-12,-2.6942060659135105e-06,-0.00018902692078499327,-1.0569087137912115e-05,-0.0009417622690635177,1.5782465195347615e-05,0.008886562058685302,0.00802104473474832,0.0006199222060142062,-2.7371665201227837e-05,-1.0352985218630345e-05,-0.0031893117919219102,-1.0422442381571127e-10,1.908105630738179e-06,-0.00025029005843540714,0.0009590524280757757,0.005485203248288106,3.916839389934805e-06,-2.1720553976185046e-08,-2.8183856625713664e-08,1.7456160473347825e-08,4.6203792146186907e-07,0.00380941622035021,0.22854118444651988,-0.005237440106862121,0.23473131001087494,0.09198408196671023,0.0010042156343585125,-0.23344637485737005,0.15849643322099047,0.0002977205095802013,-0.00015770801744038199,0.021884691891295747,0.00027518016395895576,0.029843038989034537,-6.353766205252314e-05,-1.238893597244338e-05,-0.01284592159654113,-0.026101031521483957,0.06114069268887362,0.02479515702534054,0.03581232499112481,-0.014195866607054578,0.02076096570091769,0.030605874111832604,0.0024234733986322177,-0.0032173620863061914,0.030468196151657315,-0.006656945103824748,0.0955544772620801,-0.23806778944902288,0.0881433203497051,0.1382515282970031,-0.007544912506554651,0.042606647550432315,-0.10062359212336003,0.01985713587049849,0.0537276868065829,-0.14253048047800962,1.0695515600363566e-14,-0.024345194925976057,-0.03499109718956978,-0.01808372071895399,-0.12468828089765073,0.08610889786606402,0.1882528312663883,-0.012674361368238225,0.1554498112246627,-0.12257423675971969,0.030708935021312063,-0.08544704100304575,-0.2400244781877444
50,-6.00938907974335e-23,6.904553312051927e-22,5.054657709490705e-22,-0.00033452446781773935,-0.000602338913341511,-0.00022728609940573299,0.00045228805086246747,0.008082582200667392,2.9912187948055554e-10,-0.0008268880857255092,-0.015432399254669622,3.6183487421697897e-09,3.945564863976142e-06,2.1196088709387077e-14,0.006379595275941964,0.00041722734737243046,-0.0003019205764475532,4.59175790142952e-16,8.48781622846573e-16,1.3311008343538224e-05,4.175482950968859e-07,-2.4049507767724847e-08,-0.0009258987332752341,5.762046477203122e-12,3.4785808332606975e-06,-1.3007311496532608e-05,-0.000592581163976032,0.029059074797197697,-1.4996808026674732e-06,-0.4335881332019253,-0.6418995753189224,-0.013963039546496952,-1.2162868409201696e-06,1.0081555977554941e-05,0.03901632316999637,4.0053579979443865e-14,1.2796169759525363e-07,-0.0005558087609906128,-0.0005359623611875956,-0.001588370189262381,5.4059888739889135e-05,2.5485953408668104e-09,6.174448392408977e-09,-2.575568482164689e-09,-3.3576274563235164e-08,-0.0005855566206193148,-0.038986150572030205,0.0009544189796278148,-0.08694754569938434,0.03023873990503379,0.0005354248603271977,-0.07316183755567351,0.041848549754689754,-5.167015458478263e-05,-1.965349414124171e-05,-0.07914590384241402,-0.004182038310685166,0.08273286671610651,-9.444804847241638e-05,-0.0003742769252227209,0.15891375114691514,0.34597686848036274,0.2968435186747621,0.02465987901478666,0.016340013193182835,0.004505776689842787,-0.012580792048585927,0.006950732256937941,0.02932936972471507,-0.0008555695288585816,0.009604183781003616,0.011359130723906943,0.05056612789938892,-0.08069471820522366,0.043013886142266124,0.060993332439023,0.017225266696402796,0.00042907151249483097,-0.022589207914199837,0.018073523593561836,-0.16438320999886413,0.04417277539883967,5.4437369450136995e-15,0.004443601247071099,-0.15668729481704508,0.04068950737954658,0.025584240011850102,0.058854478931455144,-0.162245433540668,0.07025136130134117,0.13019580192186775,0.08344130817912349,0.012414398172121503,0.030258486788103157,0.015555069661361345
51,-7.456602999026747e-23,-4.541764899888275e-22,8.791475535818395e-22,-0.00041504075823747865,0.00039598903673635443,-0.0004385307781314509,0.0005129967304855003,0.009129349513039661,3.127856411065178e-10,0.0004707031909291289,0.00869558591365088,2.8999069803919467e-09,3.893472084278107e-06,2.0844610352423918e-14,0.009673465208952226,0.0004095345546782411,-0.000471656413332622,3.9986881864411105e-16,6.533895674305563e-16,-5.529309940684626e-06,4.6153133121749094e-07,-9.63749394071427e-09,0.0003880929681175958,4.924069422423591e-13,-3.8366711479131994e-07,-9.188875254910287e-06,-0.00043759093385868593,0.008540895185527583,-2.509306235384455e-07,-0.04003528832118866,0.011357833376843448,-0.007731055061508568,-3.505989558013098e-07,4.30537856055425e-06,0.041419942756237255,7.743895893515846e-11,-7.335667489436469e-07,0.0019515686697679495,0.006470538591955581,0.04001911520444517,-0.0024714905861148873,4.061910400316968e-08,6.569833430170974e-08,2.1080161270992997e-08,1.1074877726879732e-06,-0.008463439916453272,-0.536746545675308,0.016949340601665717,0.3099378088543365,-0.09398737093313818,0.0012904619539620338,-0.1190969748719774,0.11359526762620506,0.00013141097699850244,-0.0009471937707045595,0.4131019399988868,0.024137668215430674,-0.26829077827232467,-0.00022843884412506328,-0.0008225462501628865,0.34970189143328395,-0.20032222639686922,0.17143881254752866,0.022514630423971244,0.03742590208939346,-0.022586724591375333,0.017041793803899592,-0.028007655458366566,0.009921594673005695,-0.00024495537421687086,0.0013754940503758243,-0.00925103242226091,0.05570668954428681,-0.08238439939428681,0.050500732719714066,0.04382290111874899,-0.012743598783438006,-0.00020031857291806388,0.017529038231099588,0.000559006690956528,0.09557468358903881,0.041830945383834556,3.3185565034879744e-15,0.04319946622753972,-0.004054595481198864,0.05520410111114321,-0.07153389289763658,0.11321429327801646,0.11010726078359862,-0.04965709576692478,-0.06441328326144188,0.21223512298437874,0.032095063463282066,0.07541450732964396,0.12760932008850234
52,-8.77130127817917e-23,-8.360075109233893e-23,-6.42142168007435e-22,-0.00048821925240974975,7.275490982038075e-05,0.0005269690042258893,0.0006035605477605631,0.010744122673910264,3.677186865940431e-10,8.668287408493785e-05,0.0015901060930793502,3.607213157116539e-09,4.558203112952031e-06,2.293668500505681e-14,-0.011587523710612313,0.00048320738109898715,0.0005661817019738477,4.441711909263524e-16,7.859174160723458e-16,-8.085366017148406e-07,4.956921871739623e-07,-1.2400755252888434e-08,6.155969671668774e-05,7.332867291311791e-13,4.114554891903913e-07,1.0603984896490225e-05,0.0005131117082490591,0.010545878374778345,-2.0330681931248164e-06,-0.058522932222618264,-0.006323706635831572,-0.002754474497724197,3.3946345798465076e-06,2.5785116032134665e-06,0.01504436894777648,7.579428950725712e-11,-9.83445916117154e-07,0.001978833563304689,-0.010392474348518603,-0.05370799827126424,0.00080491666049737,4.111036606638905e-08,7.725956907087944e-08,-1.7598042995629364e-09,5.46875136655905e-07,-0.008758024359532098,-0.5644985344418908,0.009942855244876791,-0.21105275223020303,0.09558962095392824,0.0019455509204410251,0.19892342341536556,0.17274107669400435,-0.00033734218563147387,-0.0003445902099533502,0.09342918260651599,0.006365130816054946,0.5368763410555943,-8.988053556411046e-05,0.0002857002787149599,-0.1833920018808574,0.033206269914623866,-0.2905569819068897,0.00839903623433883,0.017670308962751895,-0.005330744227726902,0.003763403358586702,0.00529818536832869,-0.004086214370356575,-0.002189679498340499,0.013427473256937661,-0.004910121936927378,0.05625839247389676,-0.13374901060599942,0.04643864932566124,0.04943505896373644,-0.012318703880820093,-0.0016636201188562612,-0.08219887721217445,0.008663119469704956,0.0312834209901614,-0.055871888629862,9.010798648752182e-15,-0.03300528792277411,-0.03995733342914619,-0.02635562812153581,-0.05900467861065485,0.08153251901219548,0.1793398896035731,-0.006142621262877419,0.15424844921971598,-0.10254223675828571,0.034645550283084164,-0.056765349727098645,-0.11395275656131862
53,5.078613578958139e-26,-5.999606163628505e-25,-4.399141789157742e-25,2.9267761609592847e-07,5.275871876633532e-07,1.9971216999166752e-07,-0.018649317841099664,-0.3216565282449364,6.74175555233709e-12,0.032312551067540204,0.5794198547385364,8.514836746307035e-12,-5.2692397326235604e-08,-7.715531546587365e-16,-0.21793979620218185,-0.006782766966332912,0.010903873348103426,5.3535913780744707e-17,3.0069062080317454e-16,-1.2010794979822707e-07,-1.5424406420895866e-08,7.031205078968453e-10,0.012285821223313932,-3.380076149443047e-12,-2.3584237507245513e-07,4.4271843116963646e-07,0.004699154945444841,-0.04875431728451704,-4.711947182294889e-08,0.19345860523979186,-0.07758946702444261,-0.08055767388282731,2.451624388557095e-07,-1.3300137980978556e-07,0.37245992098727193,-3.732251103470826e-12,-1.0820635935374613e-08,-0.004761224216381329,-0.025768918132986613,-0.13988131957158287,-0.006287321218468073,-2.942764271225217e-09,-7.23359043968648e-09,-3.382534219751126e-10,-1.0108013191789087e-07,0.0006962819138428611,0.04679583985839708,-0.0030476612958294795,0.010684528841934476,-0.12167798190126054,-0.00034799266796465574,0.017036661978648563,-0.09586640387622587,-0.0003063430563344134,-0.0006891491864564341,0.28338040201259457,0.017544862530483554,0.013150064956596952,0.00015724895390569545,0.0006759679706164478,-0.29258361649055586,0.06685046892400985,0.1372223489297681,0.004234407596361846,-0.00039490464119017014,0.0040712670221821476,-0.01578543857211338,-0.027209630480121743,0.0004717147880850011,5.0850170894719473e-05,0.04955064654185874,-0.0029923283357976955,-0.02548396069046165,0.02624137721719528,-0.012765008684610241,-0.0019663123528753253,0.032881502222510614,0.015488046331911778,-0.02409485925465469,-0.005593757464007136,0.06605457308007713,-0.08016945469889962,5.178366288277274e-15,0.00483613095965364,-0.12920936150064619,-0.031153608553748192,0.004045131724403609,0.057526873121370885,-0.13363916490030267,-0.03911702504980286,0.1348355827558897,0.07676882173142466,0.01910580636840413,-0.027037502715934848,0.02584995302235421
54,6.307988948884581e-26,3.943959879691933e-25,-7.637066933801995e-25,3.634979164348551e-07,-3.4653162790820603e-07,3.8401700314961927e-07,-0.02324834252537321,-0.4005519917302456,-9.572808244785412e-13,-0.021368325105974435,-0.38194301909386885,5.578724833535225e-12,-1.1493843954250231e-07,-9.549598562343193e-16,-0.4244091135213062,-0.00846259877338235,0.02148091009756272,2.0366173133662703e-16,3.5862628763921625e-16,1.942248538473293e-08,-1.8324000106708118e-08,5.683909827906653e-10,-0.008113244391965984,-3.7722088625346175e-12,-1.00519063595974e-07,2.2091491741724243e-07,0.008998341581608832,-0.06098802139248546,-2.412021072456558e-07,0.20867509546407675,-0.1568780833622342,0.05345640300545953,9.101829502786521e-08,9.3335271466532e-07,-0.2439864578923303,-4.5373324202804824e-12,-9.440552725455076e-08,-0.006497380145361477,-0.05545497932882984,-0.2728918947954119,0.009354594114292413,-5.759666124961355e-09,-1.4055761228817049e-08,-2.606262404274671e-09,-2.62167446786241e-07,0.0013804103568543949,0.09279646357957108,-0.011339357257044663,-0.0884002467986062,-0.18706615709388277,0.0006635719980672161,0.038436299743722015,0.0104644953477527,-0.00019726358205363677,-1.4789994904845752e-05,-0.018788627455620568,8.57309312834098e-05,0.22994873684413455,-0.00012622327921862046,-0.0003001288064453523,0.10735710802648715,-0.24649856083593924,0.17838054419722946,0.004609625077521875,0.0010657012194719418,0.005378293903910515,-0.03158539981038173,-0.06621789307366764,0.00247250277228646,0.00012897020685480884,-0.0706298621383193,0.004415008699208555,-0.051540803063260504,0.01959329440006252,-0.01125345852782107,0.0646651975955401,-0.029217049581484755,0.060783756112433564,0.00552096614409162,-0.0016228042511959259,-0.019296703209662563,0.007866055182038494,3.5660386708058854e-15,0.05504461497505596,-0.00994747169244862,-0.019556489282179183,0.009730906110359606,0.09199787401763185,0.1123280281219304,0.013783869240360456,-0.04495782741005958,0.19071551809894033,0.03636262990323778,-0.03339448276148661,-0.030757902357299714
55,7.421686501749466e-26,7.209133692847154e-26,5.570486933583616e-25,4.2767843033779123e-07,-6.316167647721662e-08,-4.608901727576122e-07,-0.027343771958729154,-0.47131793076323053,2.9484366733921976e-12,-0.003977762849066563,-0.07107819450284385,-1.0875308636760254e-10,5.5132036334484144e-08,-1.1162143424277455e-15,0.5097388545679125,-0.009985782776725018,-0.025793806055106804,1.860541941902356e-16,-7.756388607116666e-16,-6.612458317728614e-08,-2.2651467197494525e-08,8.199165258802993e-10,-0.001441157764839052,-4.5426407333427245e-12,-1.7518203639864413e-07,2.054167429486099e-07,-0.010883344032435467,-0.07125754977126542,-1.7668105528925752e-07,0.2531528041426395,-0.17068701138935252,0.007569440300880718,1.5206542755830608e-08,9.254877904588554e-07,-0.04425735736940809,-3.379154200185616e-12,1.416090866976883e-07,-0.005855142225115501,0.07064197234691016,0.3267313086432266,-0.005488467202549683,-5.942959937746647e-09,-1.4656084151910698e-08,-1.906714349329124e-09,-2.451240016687938e-07,0.0014341630541940744,0.09683921408368888,0.010059211229831465,-0.025224236715194467,-0.19505911439649912,-0.00021090372408060835,-0.0014366513513350279,-0.10122882163031335,-0.00031519270833590724,-0.0004310827492421742,0.15284874395486114,0.010585281090047275,0.052733739483815975,-0.0001477318926067916,-0.0005266518164037196,0.21875445323798084,0.16507840061436294,-0.2302931697127396,-0.004126255390019984,-0.0045012149178482305,0.005704099650471105,-0.019073757910780448,-0.03203255480970097,-0.0020450492744131694,-1.8069758027558562e-05,-0.011486390928861261,0.0005516070213633352,0.0013966160948977475,0.022983565032796603,-0.009728018213444113,-0.06144137686197447,-0.01645065737656655,-0.054141495555805136,-0.06013275333904346,-0.005247881063324561,-0.012633719232700428,0.06114538167849206,7.607721126164047e-15,-0.040369814380717586,-0.045900710494722,-0.02348322689708097,0.03408208291565539,0.07543949935908563,0.1596703027251616,0.006028575613423674,0.14829810972644134,-0.07226615081654311,0.03810711631620852,-0.005371806599027807,0.06545890375165563
56,-1.2174008404155158e-28,1.479295336626237e-27,1.0853254252683875e-27,-7.265591777595466e-10,-1.311145024862562e-09,-4.990284499480215e-10,0.019466286182248903,0.021568688070978264,-6.015920953467278e-13,-0.0355139018793331,-0.03895713241425627,2.1155680643185785e-12,5.266429896355232e-09,2.3192656125557466e-16,0.014737741943970071,0.001113717239399619,-0.013663712790906073,-2.6221999465683904e-17,2.3956560623854767e-17,2.4869503150243826e-08,4.6005481494442124e-09,-2.0902734230422928e-10,-0.001995936129472495,2.2778620484368206e-12,1.1694574483974701e-07,-1.699235451949865e-07,-0.000772994024329277,0.09263732165086122,1.0930450994906421e-07,-0.127079065021112,0.07504134893896898,0.16863978724204304,-1.8705964917936304e-07,-2.8024152561978894e-07,-0.27554371107095005,-1.5279690836841602e-12,3.484180912861326e-08,0.3706052334482806,0.04895141246404791,0.11410928067865801,0.6731897760790401,-1.8152119647414659e-09,-2.8334128997736116e-09,-1.1138639874571496e-10,-5.617285885281421e-08,0.0004700287627605812,0.03402423276668514,0.24578411044223772,0.012215240830392562,-0.07216085891143363,-0.00027198299676131697,0.015063860987141617,-0.06271731650122579,-0.00018099927719998843,-0.00040547030848889465,0.1726466276649721,0.01065597916190361,0.0027242859777546606,9.929910940757003e-05,0.0004240302996140273,-0.18329124125890806,0.011612948083016345,0.06053776539005935,0.0010046816143246507,0.0014220688080155623,-0.00582463280438478,0.028126258172710653,0.05396494903649307,-0.003502624989846339,0.00047918600423053974,-0.10106359876076954,0.005385812279329625,-0.010536793317953787,0.034489840098726146,-0.015221394104479655,-0.06027172384921848,0.03625360951516627,0.01912335834640296,-0.024728907660261482,-0.011035121410249076,0.11426219675943745,-0.10573025609712433,5.252119092139222e-15,0.005353294195301114,-0.12771537551324497,-0.04667801054329896,0.0005633002211170923,0.05874464563564879,-0.13206414564297353,-0.06138301347702604,0.1382007723081771,0.07828453827045179,0.020686013288834834,-0.03960790763861346,0.025913934987423115
57,-1.5131438571621895e-28,-9.711615414768413e-28,1.8798303507849703e-27,-9.030137322712317e-10,8.597247194662198e-10,-9.54650778536525e-10,0.024542273830149473,0.026846848984563295,-5.1436507113507836e-14,0.02281800096314318,0.025711492284039048,3.894151189629688e-12,1.0518177156307482e-08,2.8646608276948106e-16,0.02876371659680408,0.0013987563044571666,-0.023591434385500546,-1.6815504765908002e-18,2.3988101575227456e-17,3.5423690140767435e-09,5.6024424255316285e-09,-2.0437845038762404e-10,0.001312854038011481,2.62146919279825e-12,9.072376057668121e-08,-1.224709720893057e-07,-0.0014551818034195486,0.12764974085299963,2.3469060838072254e-07,-0.1432005604159231,0.11729710935043476,-0.12071164217602749,-1.0222652989028154e-07,-9.677886205954308e-07,0.17043214220577452,-7.793673796420708e-12,1.6267535310282252e-07,0.4645876084829853,0.09644624158471818,0.1930174200553068,-0.4324187972323428,-6.189405488370034e-09,-8.375030161033136e-09,-3.1044147924406647e-09,-2.031691646253429e-07,0.0014274526295437067,0.0974633481120562,0.4865119484254245,-0.04735716003025371,-0.02188354999233815,-0.0009711954081394195,0.009820109914943417,-0.13678322635230258,-0.0002856172303401646,3.066325495111348e-06,-0.026956417308216393,-0.00017066996290002643,0.21366275491442702,-8.745726919579571e-05,-0.00019599795007662276,0.06730453911850268,-0.16250243178713547,0.11421747302296496,0.002408842920298671,0.0013780524568091403,-0.0014574836207467538,0.005240835778137367,0.008543014860372055,-0.0010814973454027722,0.00023945970832507202,0.016250084936070334,-7.259317038351291e-05,-0.016442922921914235,0.03601244780890181,-0.016907747210205038,-0.037888052126585726,-0.03362692730067514,0.07681205233065021,0.004111406092778222,-0.002854212552954541,-0.05457421863223196,-0.0012825546763418688,3.681001752643027e-15,0.0600058192140915,-0.011260076128994852,-0.04154038962693427,0.0428568164699788,0.09108936583605722,0.11549254299495267,0.03213627823865891,-0.04412905701889462,0.19513216490190705,0.038372387510856,-0.06297252551910637,-0.07305593734883475
58,-1.7803544679430628e-28,-1.7611560193221078e-28,-1.3732860865152176e-27,-1.0624895686300738e-09,1.5523836668083675e-10,1.1422300647642197e-09,0.028695502896544114,0.031604144256254685,-3.446743014284156e-13,0.0033808723967157727,0.004863346928027638,1.2503994804137932e-11,3.851858730786664e-10,3.267330567380542e-16,-0.03443448817553262,0.0015735449168755677,0.031796308231214584,2.2063218164242885e-17,6.721935807879276e-18,1.6856106088002637e-08,6.7227958164325495e-09,-2.650152883526831e-10,0.00023736154024475614,3.180274980179959e-12,1.228058472153818e-07,-1.4648340665139017e-07,0.0017713727376587737,0.1401062048329779,2.305296492327988e-07,-0.17473476381135972,0.13246817974807654,-0.0125295499880318,-1.1756399488539798e-07,-9.88975518291056e-07,0.0326611264500416,-9.52979791433831e-12,1.7052620602217498e-08,0.5396087302710378,-0.17965360944356856,-0.22899818483455062,-0.08420114544566096,-6.482596365687441e-09,-1.871087432021068e-08,-7.006802536002319e-10,-1.8995483037292905e-07,0.0014043816548104083,0.08756764434668987,-0.5891590473807098,-0.002892843840498007,-0.1377737309119642,-9.070164772207927e-05,-0.012414344704882035,-0.05537085708841953,-0.0001469478074471091,-0.00022745352257604642,0.08347763308880389,0.005731191945680269,-0.010672505194419521,-7.925949217305193e-05,-0.0003265276421599598,0.14035376159161486,0.09281934354950787,-0.11298779845040306,-0.00241852860992782,0.00047526929785229465,-0.0076737128892558,0.039826367646096324,0.07856943222834863,-0.004722283937117989,0.0005519438050759912,0.016126531268799472,0.00016577660297827538,-0.079976429488079,0.07998962125880094,-0.03846101790555763,0.02553135417495952,-0.01718403892484056,-0.06710652050134365,-0.05842786553810421,-0.007391045786098378,-0.016350411748815585,0.08693140224817725,7.553814704810891e-15,-0.043715979218554836,-0.04789065814856541,-0.0182480781767222,0.04312935305622176,0.07593896571632465,0.1605876549674697,0.005854218148964448,0.1520928208855445,-0.07164901026571592,0.0394132900211596,0.009870794155895044,0.10867893598274883
59,-8.931568722955854e-28,1.0857449806432432e-26,7.965086543906713e-27,-5.3337811938033805e-09,-9.624627969453045e-09,-3.663370499748506e-09,0.017715583927688742,0.32711440591423746,-1.8659872573892313e-11,-0.03051188654939751,-0.5883016463277705,-2.082862964497583e-10,-1.5481886505588963e-07,-1.3969923371311922e-15,0.220586363953186,-0.00076485099594223,-0.010194785589272636,-1.3040742801852483e-16,-2.9366722289666584e-16,-6.718253008634174e-07,-2.8012261404907772e-08,1.5010684860790505e-09,0.0014102002902615844,-3.1263333881398436e-12,-3.229937186651292e-07,8.733471032725635e-07,0.000576997615221273,-0.04927924790468332,6.576951573286503e-09,0.1822411932244502,-0.04680444329577552,-0.0808473856484309,2.5499419742869673e-07,-4.4236737446663994e-07,0.32334530972607656,-3.431606045340856e-12,-1.2453886457977055e-08,-0.05570646389425797,-0.02455694159901598,-0.12341883307455462,-0.09947157922129621,-3.0194461878024083e-09,-7.727301962773215e-09,-2.6757631922826563e-10,-1.0235097401175008e-07,0.0007122389341311749,0.047610344190675266,-0.036867876128981264,0.01326779396246107,-0.12581722385460348,-0.00036777402180076174,0.019703910839980878,-0.09907239486341571,-0.00031247573856694045,-0.0007066972309928541,0.29306535592355404,0.01812151407599324,0.011011165141452908,0.0001644698335890577,0.0007057184270237762,-0.30534214189425357,0.05906362081065524,0.1326482098413858,0.0035187483490742846,-0.0014584440790892494,0.005326994782413916,-0.021654577308268745,-0.03946274564147535,-0.0003789028353738929,3.389098873240227e-05,0.07136501406331286,-0.004781062435943709,-0.030842719499940458,0.0298518127885593,-0.014917114006874465,0.003057937269112087,0.03310978497787299,0.015720318818658728,-0.023992607282374172,-0.005911851303573125,0.06980983581733508,-0.08221622663478854,5.103279708523027e-15,0.00483516751421117,-0.12817037512158083,-0.032197613027492945,0.003461491157589942,0.057204580419566026,-0.13280335307419833,-0.04094916163143101,0.13436589331516294,0.0763625108842567,0.019127439505770078,-0.02786114372728186,0.02613936212632908
60,-1.1101173234644009e-27,-7.12782269333552e-27,1.379650562164968e-26,-6.6290759483320825e-09,6.310744994128932e-09,-7.008068542114323e-09,0.02206372353765093,0.40718361097152733,-1.2120924959359752e-11,0.020273840825527894,0.3880151342641448,-1.9269984051631477e-10,-1.054719449035361e-07,-1.5775329173124121e-15,0.43105779193752175,-0.0009513959403742704,-0.020442490450662636,-2.0018959180924073e-16,-7.606057324171485e-16,2.429849758632053e-07,-3.200144505518946e-08,8.291047347810136e-10,-0.0008756853045724642,-3.2940990582098117e-12,-7.732547379616401e-08,5.924714831236863e-07,0.0009844044092129896,-0.06190948201753142,-2.0353755621932257e-07,0.1825850902038897,-0.1367286194297447,0.055098714450307076,9.321073082843269e-08,6.741539155394442e-07,-0.212889414889469,-7.0368744348430464e-12,-5.519884644089387e-08,-0.07035177892223447,-0.05270491931698717,-0.2375545385789923,0.06821134111267996,-7.086724504884273e-09,-1.6834470886875406e-08,-3.3162176891350824e-09,-3.044936026899619e-07,0.0016539956343380616,0.10966654187264084,-0.07898270786481669,-0.10253565348954229,-0.19764533982852167,0.0007756227551259131,0.04518681652861272,0.021393126445495757,-0.00018992571022041644,1.658892989869579e-05,-0.03203101313831201,-0.0007289978708593678,0.23725439922615332,-0.0001200211085956621,-0.0002769260555384086,0.09741017520109531,-0.24392230775962223,0.17596586945516482,0.0038155193069776133,-0.0008059454773723243,0.007543709974958676,-0.0381844715215603,-0.07659704836493503,0.00253249269511738,0.00012838958220826445,-0.08458010269454432,0.005591303145063956,-0.060692179900420785,0.0219639472178631,-0.013276427063539552,0.0786031666476661,-0.02926431800644886,0.061184261745061475,0.005200835932286741,-0.001552356630395445,-0.019703465837580383,0.007493134215184616,3.45022126368385e-15,0.05478977293891256,-0.010036697194182122,-0.01995723641606075,0.009013426754225909,0.09104471601278427,0.11169456783519352,0.014137092113212256,-0.04413683729327704,0.1888799882759043,0.03620364783395424,-0.034244491931289624,-0.032132247359927466
61,-1.3061439591838605e-27,-1.2919475908022705e-27,-1.0078883402318198e-26,-7.79972089878169e-09,1.1388932664431292e-09,8.38335938496367e-09,0.025950748162455538,0.47900825009067677,-1.8580118647945866e-11,0.00382342415005748,0.07171792142738172,-1.2181980862621563e-10,-3.212389083056733e-07,-1.6727454771804674e-15,-0.5168013404663523,-0.0010807038970853137,0.023984549023488542,-1.1569024583588795e-16,6.046021446085905e-16,1.6785693890108643e-08,-3.52139323489506e-08,1.0402044489466295e-09,-0.000188945113867249,-3.9719285518080734e-12,-1.6416355217324315e-07,-2.9740003406399447e-07,-0.0012425449521606836,-0.07140890161352641,-8.871256094817788e-08,0.2217120631770693,-0.1494022606834525,0.00757988289503628,-9.876820426546461e-08,7.32616138945686e-07,-0.03981888214837904,-5.9236162758029444e-12,1.562401475922749e-07,-0.08058948048635932,0.07642238521706561,0.2848751314163265,0.007054118000193637,-7.323993721692568e-09,-1.6716376778333026e-08,-1.886064442431344e-09,-2.651610465434072e-07,0.001740793834584756,0.117434553079148,0.09043320350214944,-0.01918327827552357,-0.2012137360450339,-0.000290772974514586,-0.007627426973397269,-0.1106688682925676,-0.00031576933738759386,-0.0004328547892898586,0.15417098327331927,0.010688732474329084,0.03964456766844972,-0.00014946103147700854,-0.0005498574487026159,0.23020194867035862,0.16885472458622627,-0.2292725254786801,-0.004715877282345934,-0.00608917943464957,0.007973588083816862,-0.028090392884559397,-0.04886768771103073,-0.0015092895410268653,8.606040007696227e-06,-0.01660501714533094,0.0008772128124798442,0.009765439303319858,0.022350494542773606,-0.008350716494022038,-0.07765386489003555,-0.016576953955559734,-0.05467708330924403,-0.05940241225223852,-0.005560284812643023,-0.014156054560755029,0.06293068921740932,7.445319944351664e-15,-0.04022515728469852,-0.04571306224267219,-0.023914394793893626,0.03691805115951623,0.07506559433348953,0.15891960402037963,0.006626432761487885,0.14733953271461445,-0.07111485024320743,0.038060970268033074,-0.005034064701151864,0.06757013716474443
62,2.244545459332945e-31,-2.810177211362531e-30,-2.057656865220437e-30,1.3897710706514148e-12,2.511072479729312e-12,9.65454766021963e-13,-0.35405006429056984,0.020038008121878823,-1.126789124828277e-13,0.6457145220715469,-0.035178567121295155,-9.293394147113945e-13,5.921385543076146e-09,2.9393006444774423e-16,0.012420410798617632,-0.0003176030419698482,0.2522767532193514,4.472336189177104e-16,-5.117840707355754e-16,-3.27075555163926e-10,-1.9965384637970394e-10,9.699332972972898e-12,-2.1120506769433093e-05,4.140283682886716e-13,-2.9585987204056342e-08,2.036386035958789e-08,-3.6329528767669065e-06,-0.12758101339129352,1.3804909332445893e-08,-0.024183825702745163,0.011601482489051273,-0.2435144387237423,1.443705720361966e-08,-8.130171880396677e-08,-0.046509946723501346,6.074703209649957e-13,7.1882254377491155e-09,-0.0320406064910176,-0.10961619004742455,0.019607443131534445,-0.042498130564984526,7.277463261571494e-10,1.879156356002526e-09,1.5138211556944815e-10,3.2841366583387186e-08,-0.00018211496917365082,-0.012573221201602352,-0.01362900993609501,-0.00015211135531643103,0.04558258775969673,8.240267743023592e-05,-0.0058217395470271565,0.03214716045858948,0.00012152068265803191,0.000269868935217684,-0.10644582022049723,-0.006627071533710783,-0.014782809126633479,-5.0315873587033084e-05,-0.00022906959252438913,0.10023313035006307,-0.05991332053487642,-0.07168902160012908,-0.003735582120539098,0.003445557656715621,-0.017716622159326317,0.08065469365797467,0.15081366027913004,-0.00820790531375668,0.0009705165648617955,-0.28462520374146133,0.015595130417585524,0.010433018968183251,0.04132402960993947,-0.016685120985581732,-0.13123975327929607,0.04135146550008492,0.02485160878073667,-0.024959573215283807,-0.017239000403463354,0.17116857946776934,-0.13833551358370086,5.094123295333698e-15,0.006839398572210505,-0.12927118593243722,-0.06454914088389307,-0.004497047990591887,0.06004624393210253,-0.13831697830474227,-0.08769861434351607,0.14296303434555896,0.08333150327097853,0.02203610087701754,-0.0546132674537468,0.024012249979346527
63,2.7911456218078763e-31,1.8407404792048944e-30,-3.5547302363744786e-30,1.7281496274733606e-12,-1.6418552338304928e-12,1.832020818934795e-12,-0.44976670052665096,0.025559730341086932,5.2213179604616655e-14,-0.42288086033483346,0.023120123818073716,-1.5562650976810448e-12,1.0656869425225932e-08,-1.4508878272897423e-16,0.02209575179722416,-0.0005863350579107909,0.449797187213172,-1.8077474502610524e-16,-7.793808688030808e-16,-7.733684167224583e-10,-3.3551102442980773e-10,1.569386608155877e-11,-9.928351532507607e-07,7.383623938313876e-13,-4.505615592740408e-08,2.9019163427926427e-08,1.0250029584046996e-05,-0.2111671967490274,8.96439262119616e-11,-0.043234607114276,0.017640834990590257,0.20090468461241975,-1.5822641604023275e-08,1.8659158024744432e-08,0.04269208996142105,1.177953477783966e-12,1.6200968603559355e-08,-0.03897222409583829,-0.20062257265423014,0.040280974525268555,0.028773221240907292,1.7589117877752551e-09,4.411396172507814e-09,1.0200785434027154e-09,1.0682899704528831e-07,-0.0004423494419476729,-0.03059192292357809,-0.04052831519354074,0.06472515779196644,0.1754753607956827,-0.002110426641665217,-0.04357767162826835,-0.2042666223239482,-0.00016781925091660568,-3.6243450732371225e-05,0.00985331402125785,0.0012173754484087885,0.014584283972613297,1.1215184547693384e-05,2.0610492668787e-05,-0.007123974881527426,0.04599906516512339,-0.035049530477800114,-0.001678234784418231,0.001388692392321275,-0.010698563853045767,0.055611848704947744,0.11118829219614174,-0.005824476602129463,0.00036523829881113094,0.1290567427988269,-0.005998877396725241,0.029849400484307967,0.05515639140268775,-0.023211206487662117,-0.16815722112028658,-0.038751721356864104,0.09637640493837918,0.003302441300102134,-0.004344933498410035,-0.09659121021317926,-0.012870984710399202,3.4830593270843373e-15,0.06671105946077843,-0.012464854007576175,-0.06781245379336387,0.08303997985710865,0.09067934468850004,0.11871612455520257,0.053899546043689794,-0.04527697912913979,0.20355358511456864,0.0407278428925131,-0.09821402089001474,-0.12386543520771426
64,3.2839290186632246e-31,3.301928812624946e-31,2.6170318494698133e-30,2.033274636534413e-12,-2.925974324306615e-13,-2.1752317830869208e-12,-0.522614154816633,0.029632674965309025,-1.80637941599278e-15,-0.06262866891183118,0.0033069622193953297,2.05293666169713e-12,-1.3491931948282134e-08,2.0801310605451185e-16,-0.02831024555321882,0.0007693316848800488,-0.5741346638523652,-6.781548424456529e-16,1.1654217157961796e-15,-4.899425782884554e-10,-2.6427817845576293e-10,1.3117274225753356e-11,5.7995177876867256e-06,6.403028384486647e-13,-4.136234854682466e-08,2.73605056296299e-08,2.2036929146882203e-05,-0.18848640925085303,6.918799954528355e-09,-0.03748323954311469,0.015978749666518556,-0.0029025266772778405,-4.5762579108063084e-09,-2.406368307293085e-08,-0.0021380850343172297,1.2710543045723594e-12,-3.526732072889747e-08,-0.024557930778598372,0.22753733238066465,-0.04337476370096818,0.007876829184037485,1.6316847174231775e-09,4.463086072085663e-09,5.426699452077105e-10,7.651636498745409e-08,-0.0003942232109238831,-0.02647211037439456,0.03279107068961846,0.015749996144688222,0.08449394956751076,-0.00018843247817622584,-0.006275639727920691,0.011564281376689384,0.000110782777157964,0.00019194738709724804,-0.06800170929791081,-0.004543934121594969,-0.034871927392439314,6.0948918369506716e-05,0.00018547794140628493,-0.07397646668602102,-0.0735381159143075,0.10954355488191599,0.001051660180831646,0.007106239708270554,-0.023574505111134535,0.10840982826941048,0.20641513688013613,-0.00743513376907235,0.0012211950837969193,0.04968775862974731,-0.00031462057109314575,-0.17882223644582304,0.14621939265327416,-0.07208763758355619,0.13665130586960653,-0.019050814572752647,-0.0841924355434588,-0.058187102649599934,-0.009547184757740534,-0.022339296768191044,0.12028923391951757,7.44357748762968e-15,-0.049171089362308504,-0.04869363467642957,-0.010537378276114928,0.05237125966050898,0.07732257125848803,0.16920427534743845,0.006553960343659552,0.1583208156167228,-0.0762531180426129,0.04138791380524554,0.029268995642394564,0.1602211949672341
65,-1.2633741221070673e-33,1.6309461652604958e-32,1.1852762197016598e-32,-8.118236315255981e-15,-1.4691396420599638e-14,-5.753851597940252e-15,0.05910985907318281,-0.003470150054045974,2.2278856368854476e-14,-0.10800978795443682,0.006111493481266713,1.6753962844740197e-13,-9.938666353591308e-10,-3.930712685641246e-17,-0.002131583954756433,4.9808986008773214e-05,-0.0416638796258649,-8.280374187960112e-17,8.789015329887295e-17,2.8030683463173904e-10,1.7037911765995727e-10,-9.139638853657951e-12,9.340672172168757e-06,-1.558565421264678e-12,5.966687557974812e-08,-3.29586997715609e-08,-6.1198413169073804e-06,0.3125627535991891,-7.30039721502401e-08,0.08936466149287237,-0.04911812791806439,0.6021451109763475,4.527765695537498e-09,3.378325891491403e-07,0.18221956421314878,7.19110833332519e-13,-3.942716976808895e-08,-0.08600715772066679,0.2807809099472649,-0.07831846336019126,-0.19221109816406773,1.0640395471207595e-09,2.3433472569339343e-09,2.0271757343587552e-10,4.4934202319152e-08,-0.0002721932460430382,-0.019219888874312557,-0.07129026116813103,-0.0011655906651932262,0.06193118731576045,0.00010639518747857334,-0.009211990344454012,0.04189993128951625,0.00015700159532432622,0.0003528525156771927,-0.14107869466256323,-0.008762406839146898,-0.016423974924169058,-6.930650956844548e-05,-0.0003117542887024468,0.13610548270897407,-0.06789421156251038,-0.08745677198213034,-0.004282367859639186,0.003659957361122635,-0.019013427726680403,0.08637413412963602,0.16134840779540863,-0.00871944187568842,0.0010232889371295214,-0.3048421026268678,0.01671930270617553,0.012857605708434168,0.04193431364912495,-0.016778875968046444,-0.13902702488576313,0.04188651917805589,0.02546929138876138,-0.024943641995202246,-0.017899787342576242,0.17727351344345457,-0.14181892416941638,4.95380610203024e-15,0.007000876477639638,-0.12932395411864187,-0.06643148634121651,-0.005085908092603825,0.06009137773516923,-0.1389842654912501,-0.09051019378229837,0.1433170846352081,0.08380107518294017,0.02213973588609612,-0.05620143090255504,0.023730128478888078
66,-1.5715325157781988e-33,-1.0646142502266578e-32,2.0428172292908926e-32,-1.0098150923398948e-14,9.564512655193285e-15,-1.0781608175966396e-14,0.07453621835139845,-0.004387094401176241,-8.344661944761884e-15,0.06924618894328309,-0.0039236969938903354,2.6162786860393916e-13,-1.7304618556517202e-09,2.6148320762261983e-17,-0.0036502422768799323,9.108390388902642e-05,-0.07157508632610869,1.1062589661348486e-17,1.2643671522458558e-16,4.975601102970816e-10,2.4884435261912207e-10,-1.3029500170340777e-11,6.084841280081541e-07,-2.1768020237358472e-12,8.059723464501411e-08,-4.344808831581962e-08,-1.8979197979541705e-05,0.43410996044484257,-6.23298028698959e-08,0.12506485979682525,-0.064714453087425,-0.3825501000014553,6.409283049792654e-08,2.1873167900533928e-07,-0.12214250513671743,3.2574899027732733e-12,-9.044844760221726e-08,-0.13304930127702627,0.3462153313759503,-0.11214944418799393,0.14510223882473083,3.625323464392126e-09,7.521835163004569e-09,2.0383110958345307e-09,1.8878861013897206e-07,-0.000886975153006952,-0.061249883472021684,-0.17074176851160122,0.10717684879240798,0.2739379443054492,-0.0033110574878357194,-0.07062001469145508,-0.32194981167066045,-0.00027067987506849294,-8.325767429970298e-05,0.02564470342532329,0.0025521337221813627,0.025247755216232813,7.156948923629482e-06,2.551762173512535e-06,0.0005765108584557998,0.06085128854990271,-0.04783103179002594,-0.0019846425110872333,0.0012824120806106877,-0.011077457840027007,0.05800366462490664,0.11627279934390805,-0.006123048465431038,0.00036553429652393533,0.13712282877241244,-0.006436677263191847,0.03420892203838383,0.055881719244980234,-0.02333252021352789,-0.1787961761371817,-0.03912301074856184,0.09791911553041983,0.0031824185147225734,-0.004430948493978062,-0.09973135432916745,-0.013952489125264197,3.570940855854014e-15,0.06720444284596787,-0.01261873039036707,-0.06984251834431132,0.0859632711284568,0.09066918268017081,0.118941900777421,0.055543673410663824,-0.04523741459106803,0.2041005369383786,0.04091045381190971,-0.10100375617507948,-0.12804014858118745
67,-1.8489042474435943e-33,-1.8817258517798995e-33,-1.5339313423780183e-32,-1.1880523841137937e-14,1.673942370800657e-15,1.2587392255699865e-14,0.08710427983064233,-0.005120611629553441,2.2248854375427154e-15,0.009911309269768543,-0.0005455205696822253,-3.807886333910739e-13,2.3155413747910137e-09,1.6466233177585976e-17,0.0050187321002578165,-0.00013413603842943542,0.09745758308287504,1.1867611917086128e-16,-1.9563290035925439e-16,4.5559149103348876e-10,2.516797364639873e-10,-1.3519763306818776e-11,3.7094762589275095e-07,-2.389505411621495e-12,8.849991183308423e-08,-4.7938368236859106e-08,-2.4738160895674502e-05,0.4739600300672048,-8.392999284464254e-08,0.13715369162030844,-0.07258122360716156,0.004218311808193555,5.3275832924747604e-08,3.3082077677841666e-07,-0.0013492517058184752,2.8128721888081324e-12,5.638126595479602e-08,-0.18298246669422177,-0.5462989321724904,0.16012282069547218,0.01501038514236268,2.414474433221728e-09,7.219485893437751e-09,4.522858814176429e-10,9.251451325427188e-08,-0.0005520974527149638,-0.03555306958370519,0.17602708476816745,0.0055439186585952505,0.08142693872417228,0.00023283660223924723,0.0035282748019122806,0.06405397997583141,0.00018729927719694472,0.0002579835710917269,-0.09035033215998609,-0.006218664299877317,-0.04975190518781549,8.397516648633245e-05,0.000266045661664597,-0.10719804549135876,-0.0902513944892073,0.1344667105165914,0.0014149758151909872,0.007881463983721955,-0.025516831935212533,0.11688485437926037,0.22230486256123766,-0.007787552485252226,0.0012975452214377115,0.05493456972649931,-0.00044748538132932805,-0.18930683928968764,0.1537476159963837,-0.0758769308550373,0.1477417938009826,-0.019313480291774876,-0.08576631675110401,-0.058075255621831974,-0.009784242129179456,-0.023510494078262067,0.1237897057554706,7.488593742068482e-15,-0.04962443392986667,-0.04865865134934105,-0.00990220609177112,0.053768351832077024,0.07736733129849284,0.17007271732508344,0.006896406219826523,0.15868641579644271,-0.07655298516143108,0.041573315008411875,0.03105167648933149,0.16520765865277462
68,-3.926058482905378e-33,5.070202502268621e-32,3.683887733169221e-32,-2.5239802037125406e-14,-4.5676432681410224e-14,-1.7897275922684452e-14,0.2778623543294164,-0.01664090112246549,1.2095849288512634e-13,-0.5059141887427213,0.029206569820515376,3.5699181049081784e-13,-5.0689342343062905e-09,-3.0111227112324342e-16,-0.01038631395609139,0.00014856958487882943,-0.19826543814359116,-3.1479911945165314e-16,3.9122801316478094e-16,-2.9183548834663117e-09,-6.742662306464862e-10,3.1937332332972824e-11,0.00019912250044220862,6.916009533750997e-13,-5.917903897150127e-08,4.6527728466547604e-08,8.36628585518943e-05,-0.23470374198274419,2.5810752963113733e-08,-0.04044099445803562,0.019933359535417826,-0.4507380465967867,3.102691142060884e-08,-1.5837035831630122e-07,-0.07825602024148756,7.029469418790365e-13,1.5217824333703603e-08,-0.04681024002974868,-0.2029451798134607,0.03347997890235232,-0.05756195525530712,8.061629069411401e-10,2.0477282478716483e-09,1.551999953644322e-10,3.549907504005677e-08,-0.00020173165747783194,-0.013946986587011379,-0.018415350787867765,-0.000717282049737771,0.04910879801784941,9.885228735624765e-05,-0.006376624572929868,0.035768650039022076,0.00013204364950365071,0.0002926607337728067,-0.11582536981263608,-0.007209351198120499,-0.015427746237166822,-5.5337740353953554e-05,-0.0002509634662450539,0.10973632647000683,-0.06242943553380159,-0.07625067402802174,-0.0039003944739045542,0.0035156889775838623,-0.018130011965217706,0.08247828984607758,0.15417231576642537,-0.0083728337147102,0.0009877982041082368,-0.291282260067692,0.015963816313153786,0.011219568859479653,0.04152707776698661,-0.016717471373673354,-0.13380164542416598,0.041582882564936995,0.025074355637091508,-0.02496897026166202,-0.017464259784820402,0.17333165430553338,-0.13962811966595318,5.247832765343066e-15,0.006895676528914714,-0.12941558915482093,-0.06520037455717836,-0.004722794344004577,0.06009018333211766,-0.13874885512165366,-0.08870805756303794,0.14320758203562256,0.08354924871021649,0.022075524967697643,-0.05516179044243312,0.02394798518757075
69,-4.888809317394927e-33,-3.314663229682831e-32,6.361820952288998e-32,-3.142960849057192e-14,2.9781865618184726e-14,-3.3603260830796117e-14,0.36343133647562137,-0.02184891845703803,-3.2594353532573227e-14,0.3470662929615071,-0.020149562374783433,7.049247749332393e-13,-9.757624099198283e-09,-6.320890679011835e-17,-0.01996934945281508,0.00035873066198801733,-0.3787728956238193,5.076502096307236e-17,7.768179509354097e-16,-9.206794404958362e-10,-8.651839334222445e-10,3.5793409668682904e-11,-0.00013578855413552766,1.1359961117512658e-12,-7.544957332068482e-08,5.15539971934894e-08,0.00016977764260590474,-0.3454176457185046,-3.0095747971516282e-09,-0.06670565737247106,0.02602396098772916,0.32481083958512896,-2.4998116440927392e-08,4.2420003488991257e-08,0.0639609086038328,1.2143815165441363e-12,2.7000902978672386e-08,-0.048665520097024004,-0.3156201695475825,0.0574052280323724,0.03195821969519693,1.7143755369643595e-09,4.151613886963698e-09,9.694128345072044e-10,9.856554363834505e-08,-0.0004275537651241834,-0.02949502716393537,-0.043628343735478026,0.05472805870177774,0.1446601424051019,-0.001600390751273807,-0.03521244116935525,-0.1496197750168996,-0.00010143540756919278,-1.6222812885136036e-05,0.005655362944265063,0.0006767404408182758,-0.011842271602821967,2.3344853165899137e-05,5.176478530369292e-05,-0.018555669553658997,0.05922638371373098,-0.04327034179451221,-0.0019216340235760777,0.001445016890267172,-0.011401212616228588,0.059267235691724034,0.1185253398246251,-0.0061260233492587725,0.0003771601064953301,0.13578368737296034,-0.006345389673170692,0.03198470278711692,0.056615840325687235,-0.023754338843121645,-0.17500860544638566,-0.039048668719121736,0.09741248530461682,0.0033115857878648213,-0.004437920394976415,-0.09899608249884038,-0.013367791727839,3.5461502379391196e-15,0.06708518310919202,-0.012443632731614977,-0.06922477254197164,0.08534734343173184,0.09059821511769545,0.11889954430379274,0.05513299000536545,-0.04547955742619969,0.20402921707223637,0.040835533432587404,-0.10007775498235091,-0.12650826887732738
70,-5.745667010312441e-33,-5.8484566690183e-33,-4.7698306742921273e-32,-3.6936965429549955e-14,5.2027760973476094e-15,3.912306780794332e-14,0.41022044352024184,-0.02460131987812555,2.4889361194259885e-14,0.04967771686427205,-0.0028320258852338937,-2.593157406847242e-12,1.0217153685142499e-08,-1.8945585165416614e-16,0.02352346253567802,-0.0007491846140077354,0.4479955552159285,4.868780682856639e-16,-8.622986764102549e-16,-2.364326076629774e-09,-1.013838249819744e-09,4.352135632860828e-11,-2.8339507791251648e-05,1.1261442351439363e-12,-8.289480776543858e-08,5.727361083895603e-08,-0.00016203042508401862,-0.36121592091273286,1.0670100474848987e-08,-0.06615261848209976,0.026999472424609153,0.004137531247644799,-1.0145869849617756e-08,-3.055764780626873e-08,-0.003341186430344552,1.6610795772840211e-12,-5.682420874745876e-08,-0.02886538146380276,0.41183816707790794,-0.07149331088334261,0.013174528610225092,2.0102499674648687e-09,5.433419077992644e-09,6.617235462845304e-10,9.231398107873556e-08,-0.00048233926107641643,-0.032296455414138434,0.0419621092245799,0.021371975180111486,0.10521139358880671,-0.0003828664457908539,-0.009726819588663404,-0.005909422421140935,9.832571650270084e-05,0.00019898203614424073,-0.07129491269101984,-0.004693219220198106,-0.02928849524386063,6.283313705243039e-05,0.00019487723033839542,-0.07824006188736331,-0.08112326867121757,0.11817805004428066,0.0012036804324175683,0.007321295369038816,-0.024016730625019682,0.11024162160288813,0.209765515924911,-0.007489546396450472,0.0012426145804110764,0.05011430389324457,-0.00029317640467596843,-0.1825599489053243,0.14836685891255608,-0.07320257691999858,0.14139153039084232,-0.01910375692634462,-0.0849901057433111,-0.058227917288350466,-0.009610162661397569,-0.022327877773989657,0.12162965937842556,7.562180810000147e-15,-0.049459009765237164,-0.048727944126169036,-0.010091377801271359,0.05244700899450592,0.07741128287408852,0.1696481343550941,0.006463329030216566,0.15866904276145785,-0.07660318488517685,0.041465746089337716,0.030197579092198012,0.1624197427986128
71,3.203709725817992e-30,-4.01039582639274e-29,-2.93649195975554e-29,1.9833770528872073e-11,3.58342870381246e-11,1.3775641422561464e-11,-0.0018508148103068447,-0.035404228361495524,3.112613932793449e-12,0.0031830059993511054,0.06376207064803355,4.632920197769092e-11,2.7932497814717563e-08,6.61164414734801e-16,-0.023920215116525777,0.032368137937164296,0.0011074836428982314,3.5817837066389e-17,1.0648308668409223e-16,1.2996839019756718e-07,1.3091727954715958e-08,-6.415756529746379e-10,-0.058531191032322905,4.804775800467916e-12,2.3502148531633066e-07,-4.159723067188682e-07,-0.02229145123504205,0.05938191809641818,2.0322090451217535e-07,-0.27036749563816515,0.1465414949736368,0.09994931914534008,-3.58343902353252e-07,-4.901700646420063e-07,-0.56654368496601,7.797223725484574e-13,4.3051851536957515e-08,-0.23312233682431222,0.043853243090509274,0.20735277557856813,-0.4269370514388188,-1.970893431347956e-09,-6.492191044147575e-09,-2.8372193741642228e-11,-7.316294417715391e-08,0.00047075391604727495,0.030782997086787812,-0.15304707146501745,0.015255166050790504,-0.0969414924315745,-0.00029902081123068673,0.020915832999793594,-0.07539087182497893,-0.00022664719245618902,-0.0005215308752024915,0.22307508179903587,0.013734870704525762,3.4740689510945135e-05,0.00013105836741330058,0.0005555754588875982,-0.2398024507503098,0.01480193706639616,0.07147645188964707,-0.000783086133127614,-0.006549744642504054,0.010833423474449584,-0.047661584753714036,-0.09433432179077829,-0.004470116586909922,-5.1375634121600615e-05,0.16871926347567226,-0.012864040203494667,-0.05414129658408118,0.04510671566869238,-0.024178905230602,0.025888339229580087,0.033383054684126674,0.016185355188186257,-0.023505407187767332,-0.007121255892728862,0.0838113432739626,-0.08863806038407857,5.031736199658709e-15,0.004630778848713798,-0.12272092737142097,-0.03592169619163234,0.0009215371304651824,0.05556663698226778,-0.12705004647311707,-0.04758786981242309,0.13125557049415348,0.0735934994563539,0.019110324331798774,-0.030715174080800153,0.02703636647142261
72,3.983835106766955e-30,2.6269687114148043e-29,-5.073810026047537e-29,2.466250641723199e-11,-2.3430674124692377e-11,2.6147110637255392e-11,-0.0023052096243207825,-0.04408140645205105,2.574454801612355e-12,-0.0021242192055260373,-0.04208088876306741,4.5080693848103526e-11,2.221292917830297e-08,7.678149225927019e-16,-0.04690995380590021,0.04040601237379886,0.002216575072753893,3.0729878346172783e-17,1.6870575306923802e-16,-1.191187440969794e-08,1.5532478776113482e-08,-4.959284646339415e-10,0.03862812711370411,5.606201626081611e-12,1.3393572946958044e-07,-2.5269663895924847e-07,-0.042956605884447004,0.07432138095335108,4.453478195220415e-07,-0.3087513786083953,0.23835544911731193,-0.06366048350750174,-2.1042340916745114e-07,-1.7863195351746175e-06,0.3668771060271316,-1.1959111051073931e-11,2.930782653447373e-07,-0.2911480766907569,0.08865553949003276,0.41862803566575746,0.2654348877505722,-8.502843228369319e-09,-1.939689625305991e-08,-4.401882284988759e-09,-3.268397792480944e-07,0.0018671833447270623,0.1194332993144806,-0.30726520433034754,-0.10871136300627192,-0.16236190731932673,0.0008276867964477191,0.04931104227901531,0.0441227488140599,-0.00010651766250170333,9.83066999049072e-05,-0.05786644282730117,-0.0027301207531359255,0.17579519152750148,-6.0984389218547275e-05,-0.00011881022887092647,0.03721576521651218,-0.15043499074304328,0.10629094379199568,-0.001093179414855135,-0.010008158355593145,0.017140813779309795,-0.06526381719955439,-0.11685363933823738,0.00244618350894729,0.00011022651461929749,-0.14270057541665052,0.01062532197462178,-0.0993420737258996,0.03195667063253235,-0.022024792959320985,0.1373672331502584,-0.028846971166371974,0.060946426842991175,0.0035738843265332512,-0.0012213122137716868,-0.02066584958301441,0.006129920431272751,3.440713025025317e-15,0.05236571869955224,-0.010491110681941801,-0.02119813659405758,0.005689393272501404,0.08609956528344513,0.10779207564673632,0.015122427224481545,-0.039176774926284456,0.1776083634827685,0.03505951888770691,-0.03679738655690146,-0.03634759634467983
73,4.687153693496032e-30,4.711051991994259e-30,3.734603011850981e-29,2.901672327858515e-11,-4.174575180857243e-12,-3.1043544403698325e-11,-0.0027112044262934524,-0.05185089629325178,3.515376904831669e-12,-0.0004052722102129055,-0.007754896354849449,4.2957765510991355e-11,4.8156091389405925e-08,8.873219494004973e-16,0.056145977396433365,0.04747236945175138,-0.0024152884649810916,3.323503020493559e-17,3.0950984653611784e-17,2.8465079354029126e-08,1.792578976417428e-08,-6.317938590703101e-10,0.006950424488492514,6.684791773465945e-12,2.0158078832276303e-07,-2.1699653810725585e-07,0.051822391757022246,0.08691230258340826,4.2073539535341033e-07,-0.36981477966656356,0.26698751642838436,-0.00795782044438427,-1.9072082500840614e-07,-1.8669705691131064e-06,0.06246245537250106,-1.3630292464932487e-11,-5.505226712386271e-08,-0.343781709714542,-0.06382278651964474,-0.5003910397659922,0.0602566638820397,-9.042949860473753e-09,-1.6818256489905316e-08,-1.015097239235825e-09,-2.3013410652167875e-07,0.0020838215004972236,0.1407635383814013,0.36384951388438663,0.004816347422076769,-0.15252151286143234,-0.0004164318534600068,-0.0226019681739637,-0.10031366066738018,-0.00021253252313892511,-0.0002912701384344401,0.10587408769570389,0.0073822993617346285,-0.010116008927705837,-0.0001015717945716065,-0.0004232487116768832,0.18220689952035005,0.12246211153816518,-0.1498715081438676,-0.006181845671935257,-0.012714401725384137,0.01810184619131887,-0.06939604758309638,-0.1268173659289883,0.0013544000348690735,0.00014151425779437653,-0.04069537235516371,0.0024320103242950683,0.047226896136251584,0.01825412817803419,-0.0015266567422357981,-0.1472217576466645,-0.016816479559488635,-0.05510095712993462,-0.05565851689425436,-0.006750376393743342,-0.02016083139905606,0.06838739579001046,7.032654374802549e-15,-0.038483129606612126,-0.04463136351970666,-0.025292280985764446,0.04808151081624346,0.0730388135468558,0.15334712671478667,0.008932215861274946,0.14108054370332193,-0.0639437731383865,0.037454107119868366,-0.003872059584394647,0.07431923295673307
74,-4.281424276069109e-33,5.527043761251716e-32,4.016527076535324e-32,-2.751301792666331e-14,-4.978753141940799e-14,-1.9498595387602315e-14,9.37930058687857e-05,0.001887859130945665,-4.273189876479258e-13,-0.0001600576939215697,-0.0033959554469964446,2.0160147717751987e-11,1.5572360839999774e-07,4.7088493107708377e-17,0.0012242068543819834,-0.3375847625578044,-0.0004894709775504601,1.2871003668767696e-18,-4.748459657248486e-16,5.960795461819431e-07,1.0201798938247184e-09,-7.539739139725546e-11,0.607902469858472,-1.397644074244366e-13,4.42361498443208e-09,-3.275107434481609e-07,0.22987343111593747,-0.001024916341412432,-1.57626494285771e-08,0.007422442734673179,-0.00730362333612107,-0.0018298704215295011,9.934864857272582e-09,6.665549979016676e-08,0.01892307126176236,6.560096343161657e-13,-5.062052919610027e-09,0.02711889915860724,-0.0019904612634636704,-0.006075230613420041,0.0486259795911562,1.1388299990531742e-09,3.2549774599485056e-09,2.2750488818710716e-10,5.256166816775268e-08,-0.0002815200472089558,-0.01912685727088978,0.01691514661761348,-0.0007913725955998298,0.07302114917803817,0.00016268718358348607,-0.009454200728275741,0.05595365134861132,0.00020617171113960546,0.000448698956738991,-0.17621446299421975,-0.010995064970736842,-0.030510166482520043,-7.774654932360891e-05,-0.00036712154139544804,0.16163639215535808,-0.10005250927840667,-0.1370320512053408,-0.012537964521690786,-0.01913574417538582,0.023920733477883285,-0.1098914207509397,-0.22636403593247453,-0.014784095136442799,-0.0002700978025202104,0.409715015878673,-0.032873059399964676,-0.11375862991898728,0.08324949137984371,-0.04748876378722585,0.08523743102283673,0.037778822788741555,0.020030449783988793,-0.02404227735129928,-0.010230591796098233,0.12221233367167224,-0.11235501939237857,5.05206679921161e-15,0.005561940170496799,-0.12486756170811272,-0.04681067926859772,-0.0058400087470531865,0.05718373215905316,-0.13262111979624214,-0.06646039977318832,0.1367126978497042,0.07775266230106896,0.020456635118277784,-0.0397630523215613,0.02996215838668731
75,-5.32582713941476e-33,-3.607846366844184e-32,6.924160266181258e-32,-3.422363152366471e-14,3.2413223370918445e-14,-3.654702485117302e-14,0.00011689225762895432,0.0023524303919192744,-4.549349493722496e-13,0.00010842899414706702,0.002245855286154746,2.6917025133720474e-11,1.9577211699717153e-07,9.05444390452627e-17,0.002463430506512075,-0.42182652456734876,-0.0006580290037181147,2.8893274692650166e-17,-6.021544799004337e-16,-3.9108200097387627e-07,5.688766850453035e-10,1.791228781205632e-11,-0.4018929436510702,-1.8370839537528004e-13,-2.8578144867741573e-09,-6.018837252999365e-07,0.4442841610571209,-0.0012780739395905718,-1.9933362319679125e-08,0.010023582671897608,-0.008300491484419938,0.0009192170177269976,1.0038664970592272e-08,8.898129763146967e-08,-0.011988968163374868,2.2475169847611783e-12,-2.2617460606731044e-08,0.03408417111512517,-0.0034931184963996552,-0.013437207239275937,-0.03104287048241472,2.515133554004017e-09,6.4398479510966e-09,1.2710684167938697e-09,1.2538733775504675e-07,-0.0006010366568513956,-0.04021674950794104,0.03532495106454565,0.04395286980060964,0.10825787194952265,-0.00030569536951723157,-0.019572958236978185,0.009376296488047975,0.000168251618429222,0.00011604669591229016,-0.027186878418909113,-0.002537366718758162,-0.16310002084726585,0.00012463043816341758,0.0003047829979985117,-0.1118307236211217,0.20556276466006676,-0.1503354339877862,-0.014607564065679564,-0.032983387815744766,0.04006465196453748,-0.12758098382239952,-0.2066851596291027,0.0018979897887701123,5.157452428194298e-05,-0.28356530256773876,0.02286733209809555,-0.19836705006609373,0.05714881663212168,-0.04421868527887068,0.2889792648655794,-0.030536035903307515,0.0688416398356639,0.0026922628671209063,-0.0003486822373297753,-0.02354500092653048,0.0014776311805543888,3.3308027307397093e-15,0.0546292907516091,-0.011204175747503377,-0.025126786950821368,-0.0031578695697298716,0.0839945842873018,0.10705383135925262,0.018181274831843963,-0.03840035297317142,0.17774204199969604,0.035513447771277365,-0.04579611723047083,-0.051290094564176825
76,-6.265703326836504e-33,-6.374932266889135e-33,-5.198108262969753e-32,-4.0263471559084596e-14,5.6709835229091185e-15,4.26551540240257e-14,0.0001374216730221967,0.002765696062140975,-5.627950135157286e-13,2.1595438808387364e-05,0.0004135197752707843,3.181959758919354e-11,2.2855103539864517e-07,4.472366203348734e-18,-0.0030455817764697695,-0.49529779277938574,-0.0005186929616304942,-5.3660843100951255e-18,-8.164765553203837e-16,-6.630575840280089e-08,9.897428741741084e-10,-2.6515424526211468e-11,-0.07224484522878329,-2.166821724836498e-13,-5.6410707603200055e-09,7.361117232557675e-07,-0.5349079533382861,-0.001584111799192969,-2.557844108511144e-08,0.011892998211884996,-0.009308762938561362,4.139978715553219e-05,2.0773074750828593e-08,9.160051222464493e-08,-0.0017333965019616787,2.3364897135773754e-12,-1.2587373941100373e-08,0.03991037911769491,-0.001397253539539769,0.01597308597897434,-0.0059735601660199054,2.677481189223313e-09,6.479449947050176e-09,7.951212175400227e-10,1.1557677383848531e-07,-0.0006521341121062279,-0.04449184695903267,-0.0406793641099667,0.017160321682785626,0.11542588562822785,6.896635579852984e-05,-0.003304027228786357,0.05991342444561928,0.00023556746830061538,0.0003407963743391018,-0.11795657132096472,-0.008073589951411558,-0.08408913344102788,0.00012040494488298293,0.0003535547156715024,-0.1394368798940129,-0.09605577001038319,0.15559685612037955,-0.00791426264003957,-0.02791119586024265,0.04245954238883606,-0.17020618402381,-0.3180987572623962,0.008833711571825918,0.00048188659640404334,-0.10144857051730329,0.006357261038241434,0.14398029440092922,0.007169595741539334,0.01622018213811512,-0.32698487005850363,-0.019085463357298948,-0.06466758074021123,-0.054967789081768595,-0.009863886674207515,-0.036663913887420164,0.08921150899271581,7.41717467866007e-15,-0.04139118989908702,-0.04519853081756068,-0.02952903328523479,0.07763169815617885,0.07426345482586122,0.1603113311541884,0.015451561943872767,0.14464817609163794,-0.06478188854660193,0.03932887372924917,-3.817639202422307e-05,0.09744843188329272
77,3.9198835040002865e-35,-5.227188763408761e-34,-3.723287091588911e-34,2.6175189192220886e-16,4.747516335854247e-16,1.925900398494821e-16,-2.8248169930197593e-05,-0.0005918159797110552,2.4620687431019274e-13,4.7841643103196535e-05,0.0010645229660703238,-2.175815632464742e-11,-1.4668509609473783e-07,-1.0761622583714239e-16,-0.00035509769380957004,0.31163481279527544,0.00041804590267933116,4.536180351360733e-18,4.441301672598163e-16,-5.650289303352895e-07,-2.313249673054563e-09,1.352462362380529e-10,-0.5622318968923643,-7.504976148330148e-13,-3.6535647209579046e-08,3.55412682669528e-07,-0.21266945616731203,-0.008936025951111872,-3.753382378155288e-08,0.0421594816142519,-0.023797093266484534,-0.015053219418245228,5.81317170600839e-08,1.0193110299511965e-07,0.08924500697618361,5.505661421303508e-13,-1.0676657476710513e-08,0.052030936673763226,-0.007613484812400022,-0.03208375190185712,0.09422430713335941,1.3731557182296118e-09,4.032823054276371e-09,2.4556712168620727e-10,6.240577678823048e-08,-0.000338537244201837,-0.02289487680658947,0.033270950836255704,-0.0020927467245890575,0.08647313605404376,0.00019885471986834673,-0.0119751691354481,0.06625677375797186,0.0002401003159232496,0.000524645739874836,-0.2075636696799696,-0.012936545563773617,-0.0329319593439408,-9.404567546867379e-05,-0.00043931333582229737,0.1930588297723784,-0.10850538526112133,-0.15287035686115796,-0.013421389887808733,-0.020084220747324095,0.024907460813518592,-0.11454067472629462,-0.23618531585650257,-0.015528190898321121,-0.00028577818831401,0.4268970157828001,-0.03430376175795994,-0.11803714022540668,0.08599854062159479,-0.04916639244697314,0.08947039824322019,0.03802616791274372,0.02027752870377022,-0.024084173072332894,-0.010452693960883932,0.1248487294756264,-0.11389426998411697,4.92980237839684e-15,0.005621996750763667,-0.12489995442274382,-0.04758074383084919,-0.006287322792857831,0.05731423460480138,-0.13271032467223798,-0.0677450295322135,0.13701096631882745,0.07799852406057084,0.020569935718305392,-0.04039778976423398,0.030174499303049326
78,4.877205304392333e-35,3.3940298433927827e-34,-6.413445613891444e-34,3.2567194860998036e-16,-3.070509112358445e-16,3.537003223464734e-16,-3.5207531514995174e-05,-0.0007375597803150117,2.803299566041255e-13,-3.3002016529335674e-05,-0.000705052416502843,-2.8128926959404352e-11,-1.8376980399473875e-07,-9.276970221474981e-17,-0.0007460537789138652,0.3892282195743537,0.0005376899522211324,9.181752956892515e-18,5.875339883164663e-16,3.6354322089128737e-07,-2.1722771920844877e-09,4.143259376808257e-11,0.37141670586380854,-8.815751157373474e-13,-2.1038797790202683e-08,5.960153564955419e-07,-0.4104985611932377,-0.011194380302168324,-7.50151660914937e-08,0.048480238044079735,-0.03773323186694467,0.009470925427051068,3.821936210432434e-08,2.9877887246043236e-07,-0.05757480665543156,3.4990951343978985e-12,-5.6997749918895713e-08,0.0651959643161306,-0.014867101119718429,-0.06564970724596216,-0.059287200304905294,3.444212693353272e-09,8.609163412057263e-09,1.7578573244591675e-09,1.6295945902087655e-07,-0.0008072083561807864,-0.053473595781991824,0.06818038785907497,0.05660352108605554,0.1299062835647462,-0.00039953788875379993,-0.025313991962992805,0.0061717416200686775,0.0001895320531179317,0.00011648133131940633,-0.024374323240404127,-0.0024964192271944487,-0.18986422208390863,0.0001388185938597979,0.00033666536363682,-0.12295488463177866,0.2329855418649416,-0.17011345060585584,-0.015637095353434313,-0.03472201071328267,0.04179966839619016,-0.1323284889083678,-0.21357737221244122,0.0018525865133790767,4.726088486765893e-05,-0.29381172617817414,0.023759118344106604,-0.20560769668394283,0.059044494221711485,-0.04586481912612742,0.29995254696346313,-0.030647933857064852,0.0693640043891768,0.0025783702566284337,-0.00029514705950866975,-0.023718071348442647,0.001147286516526436,3.1882230024259747e-15,0.05475341240865018,-0.011339946447406282,-0.025449885015172265,-0.0037632746693618113,0.08389722604635344,0.10702647951012947,0.01838103307164668,-0.038171710905655874,0.17769450965926797,0.035574027845452154,-0.04646211074829424,-0.052292189900447726
79,5.737668087425727e-35,5.870412651607225e-35,5.035499757940399e-34,3.8313021800236633e-16,-5.231406418101383e-17,-3.9763159287300556e-16,-4.139069224278155e-05,-0.000867106035060443,3.3894124979344737e-13,-6.939431371984403e-06,-0.0001302163881942779,-3.297467917731451e-11,-2.1537553768829045e-07,-1.3029305826540576e-16,0.0009897229535501602,0.4571675263038458,0.0005548812421807713,1.1016053192959373e-17,6.546928224003065e-16,5.802783998437864e-08,-2.8417052962585023e-09,9.794470058025177e-11,0.06683828215081718,-1.0471367024328432e-12,-2.7572506854675904e-08,-6.456494255941073e-07,0.4946180342938864,-0.013030567728835117,-7.253087364251578e-08,0.057762372057107485,-0.04275505659760321,0.001100870168768854,3.473341421869643e-08,3.1962569037243445e-07,-0.009601627773822048,3.805539700317159e-12,-3.104082975613355e-09,0.07669972455922533,0.007719070957770488,0.07843385000253189,-0.012518585358451887,3.6707829200178185e-09,8.38819913739607e-09,9.255458397616389e-10,1.432354370457899e-07,-0.0008829685346297012,-0.060129553613046546,-0.07955063620837852,0.017720529385965373,0.13654833427410415,0.00011118620561816578,-0.0014464900615504838,0.07290259279658595,0.0002705829194169906,0.00039033400399061225,-0.135539191456347,-0.00928767696927831,-0.08930782869975848,0.00013772112115192098,0.0004148073620945791,-0.16487032041690383,-0.11310870241230274,0.17903560439849753,-0.008039774430451521,-0.029049200047350857,0.04428240023740189,-0.17775327507935362,-0.33242442939794026,0.009380022115913756,0.0005068775477561779,-0.10578167720480725,0.0066355596196879104,0.15089934666616778,0.006416887089990178,0.017479427839089186,-0.3399042973271558,-0.019230390206634064,-0.06527658015591804,-0.05489900778380723,-0.010094533780286023,-0.0377889671299504,0.09060852824954761,7.478563554315399e-15,-0.041544639440397636,-0.04530321101476762,-0.029866356168058245,0.0797604008853488,0.07439138382480161,0.16068850730744802,0.015887217888366997,0.14489210830142424,-0.06465438815369895,0.039474673386621716,0.00019274754595898896,0.09907935540409096
80,-6.458131985696396e-20,6.887525067478999e-19,5.018935896098451e-19,-0.3263494013650059,-0.5870158201195435,-0.22120498826460763,-5.8891789679057695e-06,-0.00010834967541165318,-5.488773969327292e-09,1.115846812847748e-05,0.00021506640212700883,-4.588823163281007e-08,-5.1203740118421334e-05,-1.1561087306312418e-13,-9.852550531463e-05,-1.0912371710999002e-05,4.44953430970155e-06,-2.030273095119997e-15,-3.83124130061758e-15,-0.00014045384583068806,-2.236970590155424e-06,1.6347572411372416e-07,2.6669615123186343e-05,6.496122553446173e-13,-9.610519440764203e-06,8.001873407784219e-05,2.2464818858502236e-05,-0.0015922626416986422,-6.92862740392709e-06,0.024997986403905187,0.03763684516613871,0.0011596999762789253,2.655886210143096e-06,2.9602156156406916e-05,-0.003993049540504204,-4.0449048307623784e-11,2.629802229293572e-06,-2.7056685451130432e-06,0.0002707125575241973,0.0014301439311278882,-5.384212064954694e-06,-7.485853615847354e-09,-1.1436957148668291e-08,2.176506870220607e-08,6.463601912971025e-07,0.001195762927851922,0.07101679499741705,-0.0016928612192589733,0.28543470425482564,0.014508689839243789,-0.0007419325420822741,0.3414593315076423,0.014266290768843679,0.00027747653822030326,0.0005052892859121911,-0.023433065196706796,-0.0027030535735713622,-0.002198543703763885,-4.316968930691167e-05,-1.475602428792902e-05,-0.008291943739327614,-0.1364544345542728,-0.14033943934802653,0.005519773230321687,0.011466612667334128,-0.0010069206015681721,0.004810807206956351,0.028337769529372864,0.02737096183271505,-0.0010563100942315364,-0.030680629180221266,0.013635134042843708,0.0876985301037306,-0.1261725556302567,0.06501205580379858,0.0818327271959216,0.0009734244275021728,-0.012350458104026414,-0.020770095647497294,0.029089559693525863,-0.28737891912584773,0.13565634311919011,5.126196878384806e-15,0.003390631384209311,-0.17474254976889508,0.08560709894774662,0.028431291875300163,0.05838253702293412,-0.17311711181854386,0.13472213854229104,0.11796149950669702,0.08308845215450947,0.005813444512717717,0.06747688920071497,-0.0007935968676757361
81,-8.038829130009589e-20,-4.550504141317056e-19,8.788428049846913e-19,-0.4062259950909593,0.3877816200769897,-0.42973392735717086,-6.862550190629591e-06,-0.00012588922685941557,-6.790409339769329e-09,-6.189096887606534e-06,-0.00011778607620839135,-4.390457406427675e-08,-6.47065884982789e-05,-2.1958088736029606e-13,-0.00013632018564243783,-1.1477011580321416e-05,6.400502850882303e-06,-3.700137309444285e-15,-6.066053251995078e-15,9.308883965548811e-05,-5.028152117849504e-06,8.737868419143741e-08,-1.0103287480017005e-05,1.0022080988899553e-12,5.966832072662909e-06,0.00015093601621040648,1.3667707086994672e-05,-0.0006777733074090667,-3.4074722860625555e-06,0.004863251363660905,0.0021046023181915596,0.0007242950798713678,1.2323195235671836e-05,-2.709848231828385e-05,-0.004243339396090513,-1.229285651744999e-10,1.2470675777465241e-06,-0.00025547856273892047,-0.00034058799533467096,-0.002912451269369239,0.000364465549293032,-2.5072204145733507e-08,-9.342875310232252e-09,-2.5292756392743894e-08,-5.019152852158997e-07,0.003981601525562158,0.2177828322017129,-0.006427904584195243,-0.2174418020978729,0.26113967126195464,0.0003523433015894711,0.13067222675796897,0.07554393135616287,-1.1811344373453921e-05,-0.0002871819527467336,0.10161359418507573,0.005104867068150958,-0.027314158284215483,-3.888028333709519e-05,5.198704225523084e-06,-0.013306934455946027,0.051641278970839144,-0.051380359754059315,0.022702480363102424,0.04723389836346219,-0.03373020017897096,0.04874983616057698,0.020931572703954352,0.011332771322127254,-0.0007279178793875234,0.06299793016366517,-0.01736905724216338,0.1338440889785221,-0.15337496345518556,0.09014891262167038,0.017590239192097127,0.002012273218379214,-0.05156662386935108,0.027795705136317905,0.0029398920361147934,0.17258932966630214,0.06248481766925772,2.9447373728802466e-15,0.03031637181562436,0.0009661325780600821,0.10638669030192353,-0.12567075745662487,0.12967668554148695,0.10498944158772197,-0.09313707954651528,-0.0777698289817906,0.2224443939313638,0.027294545095256598,0.15212611571879747,0.23554954677697437
82,-9.456032977699301e-20,-8.364352674220647e-20,-6.474518554977709e-19,-0.4778489195414739,0.07124737362021151,0.5163954897179143,-8.119625055885294e-06,-0.00014901149880795534,-7.959788343201842e-09,-8.413857209669421e-07,-1.541366162302682e-05,-5.587716298698479e-08,-7.534774564517472e-05,-2.3144020074384407e-13,0.00015471041569275204,-1.3737644628174707e-05,-7.346882378051569e-06,-4.1889346250305076e-15,-6.830804368576507e-15,1.5370680847895566e-05,-5.120473041499177e-06,1.03718425675612e-07,3.4290106482020485e-07,1.1078090659733667e-12,-2.6263745227664213e-06,-0.00018204629493757206,-1.1089951050930446e-05,-0.000952902613464474,1.545691270558726e-05,0.008950928408799907,0.00803363911948373,0.000623060285942409,-2.7914196417001608e-05,-1.0491958896344484e-05,-0.0032060705526316623,-1.0396043656779824e-10,1.9011942556992025e-06,-0.00025231196108884785,0.0009691724509947082,0.005536368915523487,3.2577942046246623e-06,-2.1747371690022637e-08,-2.8236405756907942e-08,1.7361712753555117e-08,4.588796151516876e-07,0.0038169634629611105,0.22904605725337004,-0.00524661715283022,0.23445043989661088,0.09190846125976744,0.000997846718356542,-0.23281219749287158,0.1579076480169048,0.000298058956272189,-0.000156733232539244,0.02174998542445843,0.0002760632698001001,0.02868410389817381,-6.335640940060908e-05,-1.296604848412638e-05,-0.012474776338058935,-0.02618807513188288,0.06167597452713148,0.024801456498505292,0.035822046329342036,-0.01420862744099218,0.020788564332891876,0.030634333727134335,0.002442117696702678,-0.003216883261738505,0.030487168018024275,-0.006662249124121034,0.09560878193963782,-0.2381761709020737,0.08815784448503129,0.13835771775497804,-0.007533580479431548,0.042684612515695934,-0.10065896508667549,0.019872172728382966,0.05374704309251906,-0.14265077236797283,1.0704341978398217e-14,-0.02432310174560118,-0.03498045416731298,-0.018040476500348814,-0.12477132210024909,0.08611676949621454,0.18825293987295083,-0.012683282998912767,0.15543899922372806,-0.12259965184645887,0.030707000607610894,-0.0854552476119088,-0.24017534964190676
83,-7.325788794926719e-25,1.233747099453898e-23,1.0931135209770137e-23,-4.077430677434161e-06,-1.076180361249014e-05,-5.73848875600904e-06,1.6851155439379563e-09,3.2070448786639855e-08,2.947113176603574e-12,-4.674134634529136e-09,-9.330687749713456e-08,3.3468236779278116e-11,3.5406246961971015e-08,1.2650041498513097e-16,6.127819117065873e-08,6.888656026522265e-09,-2.6601786983063955e-09,2.5035808670777097e-18,4.641468255954392e-18,1.4059687563479227e-07,2.4113776176212798e-09,-1.822676726149659e-10,-2.4639982996960964e-08,-1.2394849008634202e-15,1.4648186956942715e-08,-1.1364660658282848e-07,-3.0086717995257436e-08,2.5051220891675502e-06,1.962854190675681e-08,-4.3409825704568234e-05,-6.832287827883348e-05,-2.7690081032479244e-06,-0.002504478500661237,-0.026757931181583657,1.112557399646891e-05,2.3802935780518697e-13,-1.0373273961123554e-08,6.649225297825086e-08,-1.0235840822250038e-06,-6.224388012575832e-06,-6.927381969575197e-08,7.52937678341535e-11,1.1672398801724766e-10,-1.7241916763487505e-10,-5.734332068022475e-09,-1.3342595443193884e-05,-0.0008098594486484988,2.1267011972016014e-05,-0.004020581806204972,-0.001665762592162911,2.118244180832446e-06,-0.004655036004358194,-0.0030386484248240355,-2.9332889640803496e-05,-6.3012287082409295e-06,0.02294870732114598,-0.39192115714726283,8.395489632426732e-05,-9.364723032743031e-07,-1.525128923794573e-08,-0.00028739182907772315,0.0032725705083786016,0.004206513153876647,0.0006067013646600562,0.0014460312643645083,-0.0016853495765359015,0.0024136760581648657,-0.0006653191291906248,-0.008898512195413391,-0.0002164280976015274,-0.05853885129811647,-0.7853788935570332,-0.0011695101541324966,-0.10379901616905644,-0.2454361876511801,-0.008704215575472568,0.0005108794012299682,0.00042617990541075597,-0.006105322920142377,0.0006594417549728046,-0.024632787053213565,0.008189917627474919,1.2569931565471785e-15,-0.002164378098681399,-0.02444847523566936,0.0007259819660469163,0.015104051448384547,0.021297141491023276,0.03699306623321163,0.010193210402994292,0.04576883289289176,0.04402260185904859,-0.38226176987908556,0.0008253067423862085,0.0039325215446821766
84,-9.118348448605802e-25,-8.152613914171323e-24,2.0050402301245887e-23,-5.075131063503925e-06,7.108829992707286e-06,-1.1147821136153901e-05,1.9669856895710966e-09,3.732653076848485e-08,3.6377565534023963e-12,2.5781526608838447e-09,5.0797964368687016e-08,3.195285555581009e-11,4.461332880561403e-08,2.3684456222416087e-16,8.402826536843273e-08,7.267409500293561e-09,-3.794354910550035e-09,4.445196466909044e-18,7.315966424953046e-18,-9.290775183134182e-08,5.32389618885643e-09,-9.874624604052071e-11,9.131111592973437e-09,-1.8505793000859234e-15,-8.934021785556624e-09,-2.141357837209632e-07,-1.8266715058986083e-08,1.1166499810873843e-06,2.953403479540286e-09,-9.354029066873605e-06,-5.105401102096506e-06,-1.799055207354334e-06,-0.011103001081286538,0.02335371569547213,1.179650590215821e-05,5.897577468214008e-13,-5.452446866273716e-09,8.047384058638268e-07,9.275890749952677e-07,9.588701244047219e-06,-1.6825261273099791e-06,1.7880128800344354e-10,1.0494392865290921e-10,1.6130626796464338e-10,2.887273493738765e-09,-3.056519680493111e-05,-0.0017359516048401243,5.200672206598263e-05,0.0009084080821890119,-0.0042488603617836474,-1.1054981194462967e-05,-0.002375034615598669,-0.003924411833489987,-2.662916670991602e-05,5.479381640333688e-06,0.02216575423487283,-0.40960347854602475,0.0005044882823821333,-1.0847704823368888e-06,-3.9070370586075744e-07,-0.00021754768833905693,-0.0029302314965351864,6.863973529505567e-05,-0.0003743636905492767,-0.0015209521379467047,0.0019870957981427823,-0.002985148626262916,0.00035523717648831425,0.0048557102979868245,-4.4916240532465956e-05,0.04245342724105464,0.5893015471919857,0.010200396979207622,-0.2424425638559241,-0.5170975784868839,-0.026448327316259797,0.000615512556966008,-0.002245483729371703,-0.0035719697153796855,-0.002825591653285821,0.01750513579714111,0.005093921489923469,1.5685409531895911e-15,-0.0005941671239882749,-0.016444688864795026,0.003829744542363082,-0.0006103949538549556,0.024639350259687227,0.05011972372485911,-0.009335732875101232,0.03581110794843597,0.05197632276824202,-0.3826291988729745,0.008976590812207707,0.02456452877179157
85,-1.072583915037398e-24,-1.4995250404242225e-24,-1.902553290063696e-23,-5.969864313147362e-06,1.305894607024829e-06,1.3395217198833918e-05,2.3276749829141924e-09,4.418849993099901e-08,4.260864027695868e-12,3.3328313112970325e-10,6.288376262842513e-09,4.062267406751879e-11,5.1904605104223245e-08,2.497238747449438e-16,-9.44391105794327e-08,8.695413580503256e-09,4.3191233839655705e-09,4.858022023648918e-18,8.184984009698779e-18,-1.5158001949629753e-08,5.427436073646035e-09,-1.1656800067097128e-10,-5.381504836625285e-10,-2.04865922982269e-15,4.1051092146596615e-09,2.574633024828417e-07,1.3789138101303726e-08,1.5568330096650886e-06,-3.604182035084648e-08,-1.6650675104968566e-05,-1.626050247888731e-05,-1.6007446466626361e-06,0.02415645344480854,0.008734259660354274,9.339414845361613e-06,5.18767953730064e-13,-7.920647791768872e-09,8.008752086379484e-07,-3.252852605543869e-06,-2.1083134453364452e-05,-1.4717478513510147e-07,1.6376614932099717e-10,2.3115937959718983e-10,-1.388961842037093e-10,-4.348583881697456e-09,-3.0321539997734357e-05,-0.001849399780299888,4.5959476915228065e-05,-0.0036111241742333706,-0.0027735983702270105,-1.878565422074135e-05,0.001163665886983147,-0.005223505264261807,-3.38875344949345e-05,3.5611175318542283e-06,0.02613799383127402,-0.4592667079476015,-0.00038727076725727475,-8.539792538553232e-07,-1.396294293713364e-07,-0.0002670776173960075,-0.0005904466616421866,-0.0037852716085630842,-0.0003198630207562501,-0.0003972424592774263,3.761449377691703e-05,2.6870959777737407e-06,-0.0003680921418949417,0.00299976341153787,0.00030828810915901986,0.012628962323282802,0.16457566626129289,-0.016537613565918277,0.3311859896327011,0.6982588870348679,0.026055085689967956,-0.00011083898843055606,0.005135554558454668,-0.010924695256612145,0.00039524862099592206,0.008613763699876835,-0.016526754584933415,1.6553041196615084e-15,-0.004327163066150129,-0.018001272508056748,-0.013295119730538207,-0.005702090942351668,0.022495979256953937,0.05786024422337093,-0.0019297421538138043,0.05051282574242391,0.031146492888463644,-0.39089940966317455,-0.017681973414471596,-0.025840597407740362
86,1.0222939831040041e-17,1.4259188327044233e-17,-2.3017255554591212e-17,1.020943297940297e-11,-2.1017911923745478e-11,4.670050269579792e-11,3.837353168067297e-12,7.878737094558618e-11,6.713994148466356e-07,6.770129674374058e-12,1.4204448543635337e-10,2.920898442725573e-06,0.004835509613512692,1.0443910600700921e-11,-6.427765456081565e-10,2.1417355101036864e-09,-7.849130638953036e-11,1.6048201718649015e-13,2.471151795124909e-13,-0.006779508954958325,0.00024811931313741366,-3.7043891731573707e-06,6.351525228000708e-09,-2.6145520579518973e-11,-0.0003196539935010973,-0.010561248552985335,-1.4060846576392164e-08,1.6042677528645006e-09,0.0002598140366495365,-9.217333886985222e-08,-1.2218439503656028e-07,-3.283859813080478e-08,7.393390039522558e-10,3.432301623928517e-10,2.9620257670628375e-07,8.752145783502867e-10,-7.606671877685441e-06,3.1127757077553706e-08,-3.502500387450116e-08,-5.765871350042847e-08,-1.3174361784679652e-07,5.153314704991962e-08,-9.282691914063025e-08,9.967091268950176e-08,9.748515584115312e-07,-0.003109471765361591,-0.0003670536179972209,1.244920733532017e-05,0.0007472724272733155,-0.0029418441062934535,-0.000483820063454018,-0.0008758614370334595,-0.00319181490365029,-0.00015422724841332363,-0.0001418238234228283,-0.006871212493219075,-0.0002765947323723751,-0.0011186333097133142,-0.00011465917553863369,-4.9459852408853926e-05,-0.006024149417758527,0.005874680028777671,-0.011883873557241766,0.13630741668603644,0.34982471990566244,-0.29839551852245666,0.3179032815913299,-0.25124398428365174,0.21712912457050115,0.017910458534009247,-0.03156847500460192,0.006975115211448554,-0.16883494169098032,0.10748818594102406,-0.055550615479976084,-0.10516647898670982,0.1606337579194265,-0.4454604635263785,0.0993040040611303,0.191408705991742,-0.15744000016361712,-0.23684747021214506,2.6716858740619554e-15,-0.16764776661957148,0.044165508831471675,0.03681021521211111,-0.059494298173444454,0.22983515469453245,-0.013552909438472083,0.0031899134765981264,-0.08507694014724122,0.03417159943083263,0.0029337796648477047,0.1278300991863585,-0.19566404489547434
87,4.9353800538363276e-18,-8.938981178705665e-18,-3.709267662969024e-18,0.0002649706579867876,0.000700051745856579,0.0003736290530811417,1.2027888556556651e-07,2.283646122271613e-06,3.360267127882065e-07,-3.375757749569455e-07,-6.724878539508424e-06,2.0216666982931375e-06,0.002382750816539594,3.2951277140286663e-12,4.424525257841237e-06,4.7601214167629347e-07,-1.9263760423091606e-07,5.460618597387331e-14,9.672996266309761e-14,0.004412557333000518,6.468278939791816e-05,-4.571383824521441e-06,-1.74680628234894e-06,-1.618761013688582e-11,0.00018832952083714145,-0.001751188293273817,-2.1474202768196956e-06,0.00017616493425857667,0.00010098012563136099,-0.003088026998968418,-0.0048916864564730374,-0.00019917997272851586,-3.946956898795238e-07,-4.486960474383186e-06,0.0007912263616948604,2.0498301792990957e-10,-1.924652884385767e-05,1.0597132893806427e-06,-7.167609592341789e-05,-0.0004459304216583119,1.5818997968711005e-06,1.3502109195171703e-08,1.1450581423962622e-08,-6.603096399641168e-08,-1.9699886274947872e-06,-0.0011193850148336125,-0.046578024127239076,0.0011755074913796582,-0.4246903928331585,-0.03462372883711147,0.0004013087695348474,-0.5830987675634116,-0.06330783701639024,-0.0001608551844012671,-0.0003880062616282605,0.06470092857441485,0.01044273280933193,-0.15283237921371606,0.00011976120002646044,0.0003440800220072121,-0.13195199302288324,-0.342024822532279,-0.28105737089539734,-0.016228002828474343,-0.0021408077549741754,-0.0072554861389055895,0.02078703408462344,0.026908952562367257,0.004598948353957584,-0.0006123846027958538,-0.037031531153186886,0.016420497720251233,0.08238504680094232,-0.10992253708764206,0.058192893604557545,0.06958526458647418,-0.012392687259926056,-0.01604509383461321,-0.019848745374907707,0.02626332749018874,-0.2636569182819647,0.16209050885207898,4.597806071055908e-15,0.002687665845613354,-0.17080151177683453,0.09766398740668929,0.001433326712293655,0.05352149119493642,-0.15675465095469404,0.13408873826884607,0.08918491445546078,0.06744903094459978,0.0037124794448422493,0.0770650684573387,-0.03222475552814984
88,6.143516419526155e-18,5.820108872749862e-18,-6.85770251524121e-18,0.0003298243194725126,-0.00046245295419990146,0.0007258474668469921,1.4016846497588064e-07,2.6535192467652263e-06,4.1573420376547376e-07,1.872037137758393e-07,3.6822759552878193e-06,1.9253433782281712e-06,0.0030131342629264447,6.338601800259198e-12,6.118979110156824e-06,5.010444593497891e-07,-2.769829818900383e-07,9.979297849105088e-14,1.5585985455721372e-13,-0.0029292702038323866,0.0001480067009712041,-2.4126564995007786e-06,6.619821292055625e-07,-1.750776473277918e-11,-0.0001208910974627854,-0.0033192457145302715,-1.3081258708267358e-06,7.538750490812445e-05,5.2680350075347593e-05,-0.0006077414297559912,-0.0002832067633543082,-0.0001248871525697073,-1.8721073797756135e-06,4.119109607588459e-06,0.0008414433660960957,6.423375640090807e-10,-7.807309523682494e-06,5.8986746677325574e-05,8.578369859851956e-05,0.0008660395101946284,-0.00013778314238848633,5.116187260541463e-08,-5.481863202083776e-08,6.869492998186969e-08,5.040384820796316e-07,-0.0046220272536954005,-0.1370624202683282,0.004240410255869749,0.29107328699809826,-0.4113005749162205,-0.0020224636725393757,-0.2117891510523047,-0.21578008734101747,8.550197939001167e-05,0.0012083366860820548,-0.4914292928308249,-0.022261471644744568,0.11961414045748815,0.00023111536141775575,0.0006758777892517419,-0.27097438877119445,0.1450713545682999,-0.10590889053804181,-0.003525105133908051,0.006967213624877711,-0.01139020312833881,0.0332968749300908,0.05164086264705504,0.004864533759894441,-0.0008655299307794013,0.07251185596814712,-0.0205290407215813,0.1381419044607177,-0.14687419232834217,0.08949666015417786,0.009544419656355331,0.01506015341679378,-0.07406612237659867,0.029600113229235253,0.007218680342124826,0.16330934306237715,0.04339368142925384,2.8949708847567165e-15,0.015656022611803776,0.005872250963353754,0.1151123904214608,-0.12841396586400447,0.13195183557007983,0.08576773891887132,-0.09119079791513496,-0.0798078665309604,0.19412938981118916,0.023026705412919474,0.16143609317605007,0.21555318337132418
89,7.225450178636045e-18,1.012990687277679e-18,7.332289228650775e-18,0.0003879766351692203,-8.49667872498588e-05,-0.0008722242628823959,1.6584498063000452e-07,3.140906645356704e-06,4.872164751066968e-07,2.541040355000956e-08,4.810013890781322e-07,2.4539957100026877e-06,0.003507353043368301,6.6615522627014024e-12,-6.942490441430286e-06,5.997006706411881e-07,3.177211355191212e-07,1.0892464849680695e-13,1.7418668529782927e-13,-0.00048431404553783794,0.00015023952163564915,-2.841865712880507e-06,-2.3165000701180725e-08,-2.0088206100045725e-11,5.148040651605324e-05,0.004006041593236694,1.0553999384913584e-06,0.0001059798436219378,-0.00021521351405111107,-0.0011161896316638949,-0.0010601447400446157,-0.0001082613535799604,4.282440140611348e-06,1.5995873381787999e-06,0.0006413841065196455,5.132411407113565e-10,-1.2410616894596612e-05,5.8289439463001685e-05,-0.00025100894551591333,-0.0016782450344622383,-3.128510007592335e-06,3.41096846059146e-08,7.673212304405273e-09,-6.184042694972438e-08,-2.1516916302248534e-06,-0.003394193807060184,-0.14443089164915812,0.0035115553352080696,-0.34055826313197846,-0.1670670888275938,-0.003764553626951775,0.3650152456369534,-0.3970800500326037,-1.5309690068636827e-05,0.0007343100142497065,-0.18008290173325514,-0.0037893640500808543,-0.4578640734613677,0.00016731911480922338,3.362965407423696e-05,0.04483452678993634,-0.05592898154634829,0.1495000354733918,0.003829580192284053,0.013342943152953271,-0.01147446939093535,0.0267571019822302,0.039678492448872185,0.006322126444139727,-0.0017569587437646682,0.03202803190135833,-0.007357374796193499,0.10334718178628163,-0.21481015210106782,0.07457402648764738,0.1371050366441364,-0.000524620692985851,0.05650244176502176,-0.10474201154617854,0.02233060530431585,0.04822494170105507,-0.15383714444772922,1.065490663223318e-14,-0.015724406109343225,-0.028369205209161856,0.018585848445558505,-0.13557620777249682,0.08549477550339103,0.16423861557131916,-0.013165947850208923,0.128412665148756,-0.12141638022464117,0.025728728397194096,-0.053805833030098296,-0.24514239630213602
90,1.8954524254907567e-25,-3.2875954546754867e-24,-2.9198274339570412e-24,1.0916602020037023e-06,2.8903580618236838e-06,1.5469754918015942e-06,-3.926128228052691e-05,-0.0007254350226445866,-4.448075939537477e-11,0.0001096537133010187,0.0021218357134143682,-7.757429422339433e-10,-7.925686386887445e-07,-7.475369290065546e-15,-0.0013166763242515483,-8.280584044636013e-05,5.974686196104454e-05,-1.813555912057371e-16,-3.469033191798043e-16,-4.326742112937499e-06,-1.4388699933608075e-07,8.892469885148465e-09,0.0002972212566888537,-4.3958526018749704e-12,-2.0577418477826395e-06,6.8996287141875515e-06,0.00031036964614665523,-0.018651541153176604,1.5858567808753516e-06,0.32825337679325156,0.5262600348208576,0.018463103946715898,1.3216624808225395e-06,-1.0715141608237956e-05,-0.06900519555246572,2.508881768140544e-11,-7.810393174391607e-07,0.0014317893517129493,0.002053018730343012,0.013323141524280284,0.0013249142459337054,1.0141037814849735e-08,1.8938210893433635e-08,-6.878612729910223e-09,-8.272088056029569e-08,-0.0020751513165238886,-0.13270289567178925,0.003038445532901445,-0.16469374580415624,0.056260716564213616,0.0009194689604418888,-0.13147428666943436,0.07046979267060335,-8.225763780949974e-05,-3.01365202794295e-05,-0.12280998475262504,-0.006518560187040073,0.12104077342693358,-0.00013110024371862855,-0.000525018137272704,0.22336520143070976,0.43437472293455615,0.36040670297988586,0.029135497666077523,0.018830804465546448,0.005121406771781571,-0.014249798030699128,0.0078653117655997,0.032330978998296886,-0.0009401865039769822,0.010485112784614573,0.012449336069185878,0.053991694036490706,-0.08671089581189306,0.046192603368202,0.06496439815490039,0.017560273325166288,0.0004380147138725122,-0.02264277451523701,0.01913529717430324,-0.17232479316478835,0.04553671267580291,5.651966589862415e-15,0.004501749775527534,-0.1573616064893461,0.04237169574109298,0.027022799055638556,0.05905573675008996,-0.16375510256389678,0.07336478814966306,0.1312535376009203,0.08413089730985757,0.012550591307243775,0.031345024354635355,0.016099637034608875
91,4.977815270544451e-36,5.110428149919215e-35,-1.2396169359462234e-34,3.324365371700724e-17,-4.627291656513896e-17,7.39560543635485e-17,-0.009684053759130775,0.0006008325402614624,1.4352711229977737e-15,-0.013729262304756427,0.000823944976058232,-4.292693788258991e-14,5.611053329051011e-10,-3.155217582148699e-18,0.0011760064567130904,-2.0410237679901676e-05,0.021495182706610983,1.8418530002024068e-18,-4.4871878602559336e-17,7.98130251417241e-11,7.86662854994031e-11,-3.444872487239887e-12,1.1650976688796867e-05,-1.8620928618298482e-13,1.0380000150694941e-08,-6.552166525544204e-09,-2.137639662623231e-05,0.05034592641438792,6.048430534440453e-10,0.010880134000893294,-0.004471817677064245,-0.07394250695556193,5.104121027529922e-09,-8.550609697988142e-09,-0.01680882839107108,-5.895975617945399e-13,-1.0510517333964341e-08,0.014929791009565603,0.11003924887518823,-0.023608104976808923,-0.01648212449432864,-1.3280487930249734e-09,-3.913355453485244e-09,-1.063089266047111e-09,-1.2093759572476333e-07,0.00035751809864030743,0.025423393468606025,0.039749940831193466,-0.124573964795984,-0.3528715008383373,0.005886013082200865,0.10018685220322249,0.6329140491808919,0.0007754559158349083,0.00028497172271046956,-0.07016302325968707,-0.007558837625039492,-0.29885566152019066,0.00015231705167382566,0.00039805111168186906,-0.14768968164580212,0.15286580892877033,-0.09187033380513213,-0.003551784215907128,0.002381630519198629,-0.01770714705611472,0.09071071658985573,0.18068826677715966,-0.008413406033118008,0.0005118415372711789,0.1797774008419896,-0.008524784053795377,0.03907169411316728,0.07073954801229819,-0.029615571189685466,-0.21193745319308768,-0.040879884857646966,0.1024230631079636,0.0032897014087666238,-0.005263713085130959,-0.1135195055554301,-0.01450299414178525,3.4251096053795855e-15,0.06886389666757985,-0.012434387108537698,-0.07763094863424612,0.10040263306527562,0.09028726967911987,0.12064230379034686,0.06241771666529315,-0.04597951777790482,0.20636069510828464,0.041646441075916904,-0.11031225011956523,-0.13904982836730967
92,4.344210595042698e-28,-4.2195997781520954e-27,-4.489959346364403e-27,2.5012973422803907e-09,3.71019731203859e-09,2.1638526623540137e-09,-2.4445390525377835e-11,-4.789911956483854e-10,-6.993624322293056e-14,5.1426407857612714e-11,1.0712060621448246e-09,-9.97505488216569e-13,-1.076985143272092e-09,-5.977427161453638e-18,-9.402279215319468e-10,-1.9651865580694585e-10,3.825516938098916e-11,-1.2113177396231136e-19,-2.2386774814020906e-19,-4.429551966762359e-09,-1.1715422216481532e-10,7.542729525403367e-12,7.893243357298325e-10,9.894480896375315e-18,-1.2230413857043762e-09,5.162784027457418e-09,1.682206911540367e-09,-1.79634104809308e-07,-1.6710043054758317e-07,4.728505972363203e-06,1.041731925061237e-05,9.616587256736713e-08,0.22801007573886178,0.7806779548787919,-1.6125616070805691e-06,-1.1555445270061956e-13,1.2807126784838232e-09,-1.518408115662113e-07,1.9977337358992957e-07,1.125528750179969e-06,1.8747330848888508e-07,-4.743851380347629e-11,-5.63166498316431e-11,1.3494001628513185e-11,8.442501754775447e-10,8.842699717309135e-06,0.0005325999606666575,-1.4960449005966753e-05,0.0012477002408942323,0.0018249984336580452,7.4329036678365775e-06,0.0010722838557728769,0.003139057486349714,2.653889970355479e-05,-1.3842978500926816e-06,-0.022901555402109166,0.3996331792003537,-6.344445563687882e-05,1.5644391260709528e-06,2.857092497125737e-07,0.00038741920660692315,0.0009036545636793883,0.0009443752355861072,-0.0003947894916881775,-0.0007249835377483462,0.00036095104592894915,-0.0005596518326438329,-0.000713016866959187,-0.0006111779753785572,5.166008810164614e-05,-0.0021955219810496397,-0.02027633987241985,-0.004762367168649914,0.010393415693768244,0.0040351316848739344,-0.0031617115240871506,0.0003665866990853769,0.0014128716784421046,-0.007114645664167101,-0.0007932843115718566,0.0005463280736527945,-0.0017987595281782802,1.6731400914765472e-15,-0.002634399011285462,-0.020228771868584426,-0.0042166169778059814,0.0040427891757085395,0.0232700151971876,0.051272143512509354,-0.00032125414125587146,0.0465895828337697,0.04418716994339367,-0.41220517094468223,-0.0039223746048236054,-6.978621519140586e-05
93,4.928769826737115e-28,2.3521660177344934e-27,-7.426153843320191e-27,2.8379494305882733e-09,-2.0662003845688703e-09,3.9155069281981595e-09,-2.757557113709708e-11,-5.400074777905611e-10,-8.246999419197118e-14,-2.2063925378117603e-11,-4.504837159281808e-10,-1.0389278431952543e-12,-1.3093301612391227e-09,-1.0692775409468404e-17,-1.1342181954884571e-09,-2.1591597377212953e-10,4.8221073855711986e-11,-2.2179335672924304e-19,-3.7658454145153514e-19,2.8859997328034905e-09,-2.3357869857059347e-10,4.797326666280261e-12,-2.4292603554591974e-10,1.5678408556511896e-16,8.210826750436321e-10,9.998388056612257e-09,7.415615235681531e-10,-4.668360943423123e-08,8.00406588970897e-08,-9.200163593597972e-07,-4.185350020828383e-06,3.995637666407886e-07,0.5586010960815904,-0.5934089209420697,-1.3373561967168493e-06,-8.715624833550801e-14,1.6344977165098786e-09,-5.295868643184336e-08,3.5819713368188317e-07,2.2275188179864535e-06,7.699911428364282e-08,-4.06250463021e-11,-5.554225212144899e-11,2.9588982357784694e-11,1.245331115771697e-09,7.716966585875811e-06,0.00047125393462982187,-1.3047435388798159e-05,0.0014502465437866336,0.0016911321264639328,6.749889352574845e-06,0.001176891809447809,0.003068211073252075,2.642780598189568e-05,-8.725976452657596e-07,-0.022753907555409483,0.39572708815395985,-4.7813437830016306e-05,1.5502104627471161e-06,2.691815219574277e-07,0.0003879352289301792,0.0006610516511967452,0.0007697053931560825,-0.00043126420261752144,-0.0008331292080290158,0.0004938722419656744,-0.0007543840721306033,-0.0006748838311456068,-0.00010265792132329255,5.885908595435324e-05,0.0014753748756994602,0.02972363763716077,-0.004407703555634825,0.006736889955284641,-0.0028749324281590032,-0.0036753533843117783,0.0003684090915384009,0.0013348730675383168,-0.007042400842059479,-0.0009116463059733965,0.002054975827632235,-0.001963341619410825,1.666431724433868e-15,-0.0025869310013870456,-0.019946252692016084,-0.004144125119611818,0.003452873403644471,0.0233820625276594,0.051750917998496175,-0.0010108454809269233,0.04626419453374682,0.0444126518314334,-0.4121585313285678,-0.003692109757996456,0.0005493880369229686
94,5.658231333109412e-28,1.8885286725192159e-28,4.998052530391471e-27,3.258061447797863e-09,-1.6445611826663313e-10,-3.984201603054087e-09,-3.250349171646997e-11,-6.372132509223819e-10,-9.844446657872281e-14,2.184413420117003e-12,5.2188456271505754e-11,-1.3282345656048146e-12,-1.583955902617863e-09,-1.2691602448407551e-17,9.337439008398662e-10,-2.664889296806853e-10,-4.148598516180193e-11,-2.73103994800022e-19,-4.76545706515139e-19,4.2746683585328466e-10,-2.692299288805366e-10,6.991193209225613e-12,1.060213675341044e-10,2.550997615637839e-16,-2.510119697327678e-10,-1.2875711469861345e-08,-4.5608560423913207e-10,-1.4649857087274468e-07,9.026399922898198e-08,1.667629316361453e-06,1.0885838003894087e-06,1.708808659817029e-07,-0.7970339614186784,-0.192535995132336,-1.0367301124290418e-06,-8.219730570789418e-14,1.2176564804125116e-09,-3.852975550307277e-08,8.506688032092068e-09,1.6335192400786744e-07,1.4639396221623354e-07,-3.887220194465286e-11,-4.773516316881861e-11,1.6269350257540605e-11,9.054274456516466e-10,7.3071376085660865e-06,0.0004416957074833448,-1.2623241215476258e-05,0.0012393633772871707,0.0016900440848630588,6.363925285801436e-06,0.0012404801822618553,0.0029448717542163074,2.5529446302638024e-05,-9.504634498942954e-07,-0.022085598359515908,0.3846877880150809,-7.3798904101478e-05,1.529084611262047e-06,2.725316130955157e-07,0.00037899781529323934,0.0007368609234752437,0.0006741025082847922,-0.0004224826253433223,-0.0007875317879656119,0.00042805199953837946,-0.0006545923766388321,-0.0006921475116155291,-0.00019519531603451743,6.685553285855754e-05,0.00038094513716024805,0.014277893582787016,-0.0050927293137732026,0.021445551664633536,0.028274249009396957,-0.0023025032723025104,0.0003500548648353403,0.0015211843308216375,-0.007226390271494169,-0.0008175623361875793,0.0016908712599166117,-0.002476769505381622,1.602571360059914e-15,-0.0026803937259097066,-0.020004862691480024,-0.0045645587871720565,0.003369058308025896,0.023314649589637516,0.05186678944456046,-0.0007618191110571802,0.046629656853867905,0.043863168152030965,-0.4120991604642903,-0.004363232466318501,-0.0007511836565003092
