,0,1,2,3,4,5,6,7,8,9,10,11,12,13,14,15,16,17,18,19,20,21,22,23,24,25,26,27,28,29,30,31,32,33,34,35,36,37,38,39,40,41,42,43,44,45,46,47,48,49,50,51,52,53,54,55,56,57,58,59,60,61,62,63,64,65,66,67,68,69,70,71,72,73,74,75,76,77,78,79,80,81,82,83,84,85,86,87,88,89,90,91,92,93,94
0,2.088494421581099e-16,5.977104197786856e-17,-4.482787415864424e-16,2.828563877971414e-17,-1.0631983791492476e-16,5.1638310325568087e-17,-1.888718053111558e-16,-9.51893258200153e-17,3.4960017633114883e-12,-5.3512729557729e-16,3.1664143414608084e-16,0.3062206646590281,0.07445437818795184,0.003079636613969153,5.243499749094071e-14,2.4660465755779276e-11,-3.2306393837986045e-16,6.371555942972173e-17,5.5242508722626745e-17,1.3503089124935127e-10,-4.4211980979505794e-11,-2.525663484558108e-13,5.534895514890185e-17,-2.075529291657209e-13,-2.667389471628913e-12,-1.4960513178910828e-16,8.650067865762461e-18,3.8132803887092434e-10,-5.510766214191747e-15,-0.21592057906665943,1.6429591645771822e-13,7.71770653522736e-15,0.08324686866104448,6.564469851378275e-14,-0.0964210288874507,-5.481375100742533e-13,-2.672308301886519e-13,-0.10541446401946727,-9.140920948066144e-12,0.6989310124345338,9.840364299598161e-05,-5.188046886520756e-12,-3.1025194010401456e-08,3.5910282317313246e-11,-4.327309832940486e-09,-1.3486671857767618e-05,-9.544686560589895e-05,5.515810774610037e-05,-9.45399724513348e-09,2.0396377573083087e-07,-0.006303728875328809,-0.002119491253041718,-9.079310790565908e-08,-3.1646724903579985e-09,2.1821959064370497e-09,-6.173044617366215e-09,6.3066822771851695e-09,-9.093955858451497e-08,1.0318619193620795e-06,7.399091423184716e-05,-0.026355427941899472,1.7452149557922471e-07,0.06250556596936223,-0.0016144621307862947,-0.0012479687766640767,0.011317604866403576,6.487165498393911e-05,9.322846702226649e-05,4.419386603236376e-05,-0.00144071000402799,4.1150666200985895e-05,0.0037375195149335454,-0.0063127805297754965,-0.0014413817034857148,0.00040913622670039527,0.002621958131412465,0.0017807095411907048,-0.00463447743645219,0.0002968037483242843,-0.0010995843587341886,0.0019523132743704966,-0.0005160797406881182,-0.000399142392227696,-0.5773502691896258,-0.001690716057527925,0.00030849549362801617,-1.6077651720630616e-05,5.724084290662221e-05,0.0001110184533758891,-0.00031798025022546024,-0.0008702882583114956,-4.60487917443169e-05,3.7371912194157576e-05,8.7059579445078e-06,1.5311386686852538e-05
1,2.623622717294623e-16,2.757574442266139e-17,1.0067425176562567e-16,7.478857604904074e-17,-2.8819901773169765e-17,1.009996579917252e-16,3.203298907462064e-16,7.525215180742146e-16,-9.961384669224415e-13,-3.308342651164049e-16,1.4792679306561184e-16,-0.09072448209902816,-0.3102697780194491,0.014171633618901273,-1.4447802575669755e-14,-6.792306883933176e-11,3.9041188588036914e-16,3.1469708207878004e-17,-1.2644881216497956e-16,-2.591401660950739e-11,1.2733243288128358e-11,1.35429033346021e-13,4.228338753805305e-17,-1.3004863803898623e-14,4.434225295376772e-11,5.775649907101333e-16,-8.973007824854132e-17,5.925592933047461e-11,6.696921703463034e-16,0.05742235076974784,-5.358508863689639e-14,-2.6771253503499855e-15,-0.11093020751994173,-2.5404992649843395e-14,0.5101209266343364,1.2685917512629919e-13,6.0536873661834e-14,0.48141684931142065,3.2297746760909383e-12,-0.2274631775993085,-2.7738156050590447e-05,1.86259651799204e-12,1.913697002795575e-08,-2.4991043836296434e-11,6.343910414965175e-09,8.13725631361349e-06,4.865618914538499e-05,-4.44220888588223e-05,4.3733393244989725e-09,-1.3087412248814784e-07,0.004079208056489931,0.0013568717300253203,7.98654769092848e-08,1.9038893880076194e-09,-1.8920766209611253e-09,-2.6889816727849504e-08,1.2650336761060308e-08,-5.119204519961177e-08,-1.209690819159702e-07,-2.1989964156650222e-05,0.022346702963437597,-5.6244114516847005e-08,-0.01307861288269001,0.0003407226156947463,0.0011430018180485094,-0.04342879891822616,0.0003933393172146091,-0.0011232328328599534,-6.416195778172102e-05,0.0007819363857830868,3.442729946883228e-05,-0.004299440762293143,-0.0013919754998174927,-0.0027714298060524303,-0.00033577982137785546,-0.0002494737648191968,-0.0019347391915212888,0.00013376773332012142,0.0016410733736470357,-0.0014962157145742287,-0.002661922229408765,0.0007474297535730055,-5.929684595814278e-05,-0.5773502691896268,0.002115853453555167,-0.0004477424526205456,-2.3894799643135025e-05,-0.0014612204614229364,0.002274837633843992,0.000734698079534722,0.00018187889599073623,0.0016606074846451766,-0.00011904348226236003,7.701354355442898e-05,0.001140806636820439
2,-8.343686634684005e-17,-1.8732049925772502e-16,1.4074823709829299e-16,1.1884622811829898e-16,9.740660918256034e-18,6.67582045260586e-17,-1.3402082039677727e-16,-1.053920623981831e-16,-2.4995188617469223e-12,9.655558263207748e-16,-2.360790724072529e-16,-0.2154961825600005,0.23581539983149766,-0.01725127023287053,-3.877940815324925e-14,4.32620959510163e-11,1.8828074993070174e-16,-2.088134331709214e-16,2.3599054976635465e-16,-1.0911703659149045e-10,3.1479024073727774e-11,1.1742107323319728e-13,8.451256822604206e-17,2.2083483395043596e-13,-4.167459535016133e-11,-3.3525304983303e-16,5.18268070729708e-16,-4.4058390031766754e-10,3.6207987454099405e-15,0.15849822829691182,-1.1103209301762766e-13,-4.681233780251319e-15,0.027683338858888226,-3.9416758763523016e-14,-0.4136998977469111,4.208280967732495e-13,2.0606849271330479e-13,-0.3760023852919117,5.911960304281109e-12,-0.47146783483522303,-7.066548694486688e-05,3.3254385482587913e-12,1.1888223766855347e-08,-1.0919462260033909e-11,-2.0166005643148146e-09,5.349415544522641e-06,4.6790676457661056e-05,-1.0736018885853053e-05,5.080658293937312e-09,-7.308965378629862e-08,0.002224520818832034,0.0007626195230149733,1.0927631702043042e-08,1.260783048444771e-09,-2.901193069078968e-10,3.306286137554541e-08,-1.895701937998199e-08,1.421316031768954e-07,-9.108928386052799e-07,-5.2000950074452626e-05,0.004008724978411146,-1.1827738061405918e-07,-0.04942695308667429,0.001273739515091855,0.0001049669586075681,0.03211119405186104,-0.00045821097219944537,0.0010300043658378383,1.9968091749034317e-05,0.0006587736182463082,-7.557796566946456e-05,0.0005619212473440321,0.007704756029615904,0.004212811509543599,-7.33564053239211e-05,-0.0023724843665725234,0.00015402965036765792,0.004500709702992455,-0.0019378771219709695,0.00259580007326916,0.0007096089551766679,-0.00023135001292123045,0.0004584392381352229,-0.5773502691896246,-0.0004251373961040633,0.00013924695902758807,3.997245136370155e-05,0.0014039796185151576,-0.00238585608722037,-0.0004167178293334261,0.0006884093620858897,-0.0016145586929012753,8.167157008127026e-05,-8.571950149556565e-05,-0.0011561180235068432
3,1.3028544214224561e-16,2.4302582574586714e-16,3.162825314836387e-16,3.034011374101721e-17,-6.583387782385428e-16,-1.813436673199948e-16,7.574710530277542e-16,2.330874546441468e-16,-1.2954020230491753e-11,9.108784746784688e-16,-5.697303300763532e-16,-0.7072145880109998,0.18946390745284467,-0.5963469378442188,-1.3943724984651598e-13,-3.424495602379618e-11,-4.102985834031965e-16,-2.0427109132210602e-17,-7.545699652893637e-17,1.6540546939539098e-09,2.4675399848740732e-11,-1.4758964180296817e-12,4.188968541344972e-17,-9.34949650183786e-13,3.764689192699075e-11,-1.0662973864365893e-17,-3.0028979725165917e-16,5.54823249046827e-10,-5.244355012533162e-16,-0.038696224363193484,-3.24019047777887e-14,-1.7374062918774689e-15,-0.04027734886710323,-1.812740813515588e-15,0.058283041443724724,-1.4104963760560642e-13,-7.147663043198708e-14,0.08324775696900343,-2.4104621178386134e-12,0.2994683943446041,4.204001574233425e-05,-2.2099336288877854e-12,-1.2319864010184283e-08,1.30794537741782e-11,-1.0714326447037484e-09,-5.7309698317770166e-06,-4.180400558507981e-05,2.283310935786961e-05,-4.95621631481726e-09,9.454991875507764e-08,-0.0025966392278234524,-0.000894861419798362,-2.60163134520581e-08,-1.6857296272342206e-09,6.376480871076926e-10,-3.420773029301739e-08,9.360021689559797e-09,-9.477567799956605e-08,1.1567574239057322e-06,8.220057953830068e-05,-0.043012687958965325,1.8903804007291346e-07,0.05281850427120615,-0.001372456838429424,-0.0007243823150410648,-0.018584267326749712,0.00030255572790133847,-0.00036870499348829676,4.222028939636173e-05,-0.001971098882209449,6.780489455814917e-05,0.005499340610003634,-0.009201499103703523,-0.002677739432816088,0.00030584559876184193,0.0036737647944379693,0.0023928429880070326,-0.0065067837749421265,0.0011111711187214122,-0.00042738071499411414,-0.00026370368572520525,7.417319272207453e-05,-0.0004992333216897665,-7.231703026926185e-16,-0.0010774844095583502,8.608998745840161e-05,-3.50939666067588e-05,-0.0005411315515576478,0.0021721745618254575,-8.596912411202257e-05,-0.000897151117706619,-0.0002772187267465764,-0.00043306044088175426,-0.00015427501780716928,0.0010489931149649052
4,-5.640710324011412e-16,3.0763657205929367e-16,5.766034232632465e-17,-1.9236822865551414e-16,-1.9702744156960641e-16,1.4637207546873444e-16,2.7495455718115335e-16,-9.14272089172841e-18,1.2141389085407542e-11,-1.5311565387058696e-16,6.56036267306324e-16,0.5567162346175081,0.48679422626283825,-0.5860439665076612,1.2249044452585154e-13,7.387688949702299e-11,-2.424224407682555e-16,-1.0039969584945912e-16,-7.139277467454737e-17,2.068209176165383e-09,-8.853614683385996e-11,-2.2453074847076548e-12,-7.340966398164281e-17,-1.3058675131671631e-12,3.422820053101584e-11,1.4044199572718372e-16,1.2248803705218043e-16,7.623361742145048e-10,-3.0474628082169333e-15,0.006200309711242361,9.280699260234572e-15,2.609001404037099e-16,-0.07500986540830562,-3.749745187925643e-15,0.12168661468732521,3.276993957093786e-14,1.7196988151041173e-14,0.17332775979878784,2.2484555923415763e-12,-0.23371833632596697,-3.164044702839844e-05,1.7820018338732271e-12,2.190623313635691e-08,-2.5092273864425345e-11,3.8610489499023394e-09,1.060428129191051e-05,7.973198487207816e-05,-4.778464230307569e-05,6.3649927471441106e-09,-1.7594304838624792e-07,0.006005315600040228,0.001995861062444495,1.0015952428656763e-07,2.556195324186968e-09,-2.3916814295896784e-09,-2.5062236328384356e-08,-4.130204896936543e-10,5.1650355098211545e-08,-5.33348356720611e-07,-4.159988020418498e-05,0.0023747314123886017,-1.0546130671686109e-07,-0.054094355339436684,0.0013885739780459,0.001463478462364575,-0.03859152501434637,0.0001868472374970306,-0.0005352984906404346,-3.692761818812589e-05,0.0006231665378814462,-6.655605925380922e-06,-0.001316346542924561,0.0022842551425204137,-3.1184899139144166e-05,-0.00044898703806754285,-0.0012142290628835927,-0.0009468212418158108,0.0022124283728310813,0.0005604486246244632,0.00164397336222747,-0.00396603436822851,0.0010525166138152587,0.0002637226706792375,-4.796598510596955e-16,0.0021160498489749247,-0.0005036878649182166,-5.884070464439802e-06,-0.0006464649990726564,0.0019663553805654875,0.0005207725082965706,0.0007625093885941458,-0.00019102837542532994,-0.0005044144210933852,-0.00017092211177489696,0.0010200204539045868
5,1.8155812248884627e-16,1.8324967669088406e-16,-2.632613648262269e-16,4.593934682623859e-16,4.43983024846787e-16,-6.726521586370644e-16,-8.288943218667112e-17,-7.123881204544339e-17,4.990873480253371e-12,-1.6104966223532165e-15,9.584961143473448e-16,0.18224944473038623,-0.7522546283625753,-0.5386325497497716,5.1381859709286654e-14,-2.2392887062170732e-10,-3.7315625486649e-16,-1.1776556152457305e-16,1.499318295734166e-16,1.9887343943593584e-09,-5.593490861033555e-11,-1.833220735587994e-12,-5.2274194032340794e-17,-1.3300995413527382e-12,9.1061972084366e-11,-1.7266890442506282e-16,2.305871584175641e-16,7.945836189798896e-10,-2.6157080122696747e-15,-0.0057395643809519245,-4.5394050740506195e-15,-3.9735717211831934e-16,-0.028727220432264076,-3.027547055747384e-15,-0.21375358863916863,-7.503422855834529e-15,-3.1910384622082368e-15,-0.23805820655460702,6.018243443131093e-13,-0.06019570554490582,-1.0871295480659817e-05,3.4887127983069735e-13,7.948809526186618e-10,1.4724332721972939e-12,-3.370053580781306e-09,7.48319291740118e-07,1.7776276820932165e-05,9.088012824559679e-06,1.127897217466671e-09,-2.380220884327418e-09,0.00043890179490956434,0.00014525676772076076,-1.083010525964754e-08,4.223140330526494e-12,2.3490382541866875e-10,1.4775586424101833e-08,-2.0016398226021388e-08,1.3407705928845465e-07,-3.352108539568369e-07,-4.806610373561736e-06,-0.03610915058740013,-1.0551192763995652e-08,-0.03172399709463029,0.0008058748711024229,-0.0005403608106883348,0.038181889615135335,-0.000514733423928628,0.001471849022551671,7.798164775404311e-05,-0.0007848548686984479,-6.895044062435045e-05,0.006524052163000889,0.004816877404981939,0.005057501949205156,0.00017050728050728905,-0.000749146796533112,0.002681720708785005,0.0019607604638276605,-0.0024845803766396202,0.00446248609949825,0.0010819855751699847,-0.00036440198328304807,0.0003770678948951607,3.4581201136121674e-16,-0.0018805115251614177,0.00035230059389418616,3.752802901660114e-05,0.0020424434964077076,-0.00225100853560506,-0.0008811130232870325,0.0004156619873106168,-0.0032992172569799747,-0.00027712537484741773,-0.0003181835279972487,-0.001138647777801908
6,-1.614484857747366e-17,3.842299379237031e-18,6.17718542181418e-17,-1.4651722248884143e-16,1.0806591300201383e-16,2.6948931260843997e-16,-2.7927755791179715e-16,-3.6066752115783015e-17,9.36747751395279e-11,5.995607600364481e-17,1.1163339956212543e-16,0.06764622041441488,-0.008583553222250408,0.055056802638974424,2.9623232372670087e-13,1.0007300296889039e-10,1.672703164625018e-16,-6.66719332144584e-17,-8.717854212780967e-17,3.2275689894953147e-10,2.0339431738446793e-10,-5.960381435253088e-14,2.439936831219764e-16,-2.6677128402198076e-12,6.285965294761043e-11,1.4927085763955933e-17,-1.1439040784557438e-15,2.0522084799607967e-09,1.489256359241361e-14,0.5077856407756459,-8.271938476965754e-13,-3.984900279807559e-14,-0.47948748775862926,-2.400794525655517e-13,-0.28061426431415754,9.626297281534598e-13,4.4615958286473213e-13,0.20381169236635466,1.2657125744183773e-11,0.13323900865880553,6.125975592097256e-06,-1.3106609223534273e-12,-1.715294821353264e-08,1.3974752139203842e-11,-3.7395926362060105e-09,-1.0904016552908904e-05,-6.957236499611202e-05,6.192023664723075e-05,-1.537404524824987e-08,2.6894655408446695e-07,-0.004434543477925086,-0.0017193297501918278,2.7076635035238557e-08,-6.476377836230724e-09,-5.603582839406815e-10,-3.25554825477982e-07,5.2771762353132557e-08,-5.482454380384018e-07,8.736524819120046e-06,0.0006480572249849774,-0.438146150775636,1.4790661444492715e-06,0.32656739382785144,-0.008545676171461092,-0.0040067389097108545,-0.2264541869110078,0.0027883693564343492,-0.00322133613819841,0.000402850152406124,-0.018408525770268937,0.000569136048777811,0.0572830133634775,-0.079164875069137,-0.02111763792404141,0.0021264860316009765,0.03278077173262378,0.024219623416448486,-0.057734261056234616,0.009778292601420723,0.003948159005066763,-0.010859789963965034,0.002849004772867249,-0.004054789232355304,-2.2785155326108624e-15,-0.0076513159878769995,2.754341108190805e-05,-0.0003158164058304412,-0.004739570999884595,0.02376023805371396,-0.0004915867019632538,-0.006845926195147117,-0.006465709485828601,-0.005800955315587606,-0.0022562607061037522,0.011771691703458648
7,6.831364694234818e-17,-1.2401702456722721e-17,3.954896450491004e-17,-5.939486464038597e-17,4.4012776362521356e-17,3.048199480402082e-16,2.3109764095063796e-16,-1.4668243567331638e-16,-8.83247457958676e-11,2.0654447526714763e-17,2.8515241178266114e-16,-0.05621006628688598,-0.02829698192849002,0.05659833522250369,-2.713883641675992e-13,-3.1765834046887185e-11,-2.9852648442572714e-16,-8.743115241227725e-17,-2.7430401578780614e-17,1.4522865214128284e-09,-2.708297528190307e-10,-2.226370171615385e-12,-4.260563459054688e-16,-5.0940971263591105e-12,-2.20132681916601e-11,-4.0068483323770037e-16,6.359336446303532e-16,5.494906044934059e-09,-2.939744944146161e-14,-0.5286010480998036,5.080671474738333e-13,2.3496098216521464e-14,-0.18715163835804702,1.676343187601529e-13,-0.42357775966277994,-1.1645145215913788e-12,-5.55066158869554e-13,0.3563391721489125,-7.631391375678556e-12,-0.07662268777615257,-9.14224954698652e-06,6.002943967477237e-13,1.1224186308302203e-07,-1.191157580446794e-10,1.7678895305847893e-08,6.335212510437223e-05,0.0005263611022950598,-0.000296881630597012,3.458641171194235e-08,-1.1619965089129237e-06,0.04294510262994176,0.014185446480238758,7.532204874909627e-07,1.6280016079863976e-08,-1.7950312800767702e-08,-2.891169060025596e-07,3.964214031645106e-09,3.421564160092068e-07,-2.5165585216568173e-06,-0.0002100468041720492,-0.09315521853003823,-5.84326447798553e-07,-0.4210463518271391,0.010763814418685132,0.012715365348152761,-0.4171118697395501,0.002417206610450543,-0.005780931278775612,-0.0002504760728736469,0.0015168416553203018,6.827946737363361e-05,0.0010904689597984,0.0035050976362887842,-0.005171793176402403,-0.003905040819770005,-0.004363148822171314,-0.003835732602978771,0.008643768744846217,0.007810942734507387,0.017225629554313268,-0.04237696695918804,0.011238408426082052,0.0017170654910806306,-1.5710560862644421e-15,0.019472528054455675,-0.0051048314478342625,-0.0001307023588083865,-0.007410395169192011,0.024949882009550617,0.005188289870793709,0.0061022315217205605,-0.0033639785926988927,-0.006409085051212173,-0.0022272598203096194,0.012982362640910383
8,-7.947602733399617e-17,2.2570743684042387e-16,1.1777641063412768e-16,-1.8473175873548008e-16,4.522300135420755e-17,3.104703990011569e-16,-1.7002351944045946e-16,-1.6853401741419414e-16,-3.5771853568727125e-11,-6.889454119698492e-16,2.4959157202905588e-17,-0.01954212613886031,0.05402385644739735,0.06217300595981238,-1.2084695677941879e-13,3.566930847190167e-10,-3.9945537971787926e-16,-3.815727706897815e-16,-1.7053309487335668e-16,1.4134740360083023e-09,-1.3148672552672906e-10,-1.07590500831616e-12,-6.173901629866436e-16,-5.091319335480817e-12,6.887221839745216e-10,4.8474500423721775e-17,1.2606609031078823e-15,6.1148764096170086e-09,-2.1193238892961376e-14,-0.25461163698374706,7.104769374926241e-14,1.1328701486478107e-15,-0.5931329534621824,-6.660747514055083e-15,0.29469893024488775,-6.929564190933736e-13,-3.3948974460762944e-13,-0.3511553132805219,-2.011150358990523e-13,-0.013796005341480767,-4.009857767770147e-06,4.3439953295308823e-16,1.5291192559079507e-08,-6.8854297198541126e-12,-1.8401895802107883e-08,8.706648734822248e-06,0.0001514160639036849,5.202410128513241e-05,7.597170472012891e-09,-4.7828283154102257e-08,0.004986151566621551,0.0016122948617549458,-4.317545435818014e-08,-3.030546519101127e-12,8.536485960909512e-10,7.19733090051317e-08,-1.6765084811314357e-07,1.152815929668421e-06,-2.174513192519178e-06,1.9335958370335453e-05,-0.38673699527164923,4.537394130040334e-08,-0.27017897047874523,0.006838300576213062,-0.005687102185000107,0.3563960499482063,-0.004851563437445981,0.01430503484036561,0.0008088967186677029,-0.009398604128777866,-0.0006402588355886333,0.07028820369962378,0.041571321582557726,0.049397090270570085,0.001960774992483299,-0.004966994391330346,0.029520979868151553,0.015511746144785368,-0.02463790706038092,0.04598155828856256,0.011216552490273604,-0.0037777699798213216,0.0035888932534880666,-1.6166023463668639e-15,-0.02039096593951243,0.003784146392509571,0.0003506199871096127,0.020378678754381162,-0.021384058467217734,-0.009320134380015598,0.003679301634148312,-0.034284450372383014,-0.00319205719449688,-0.003441704870821095,-0.011121000093330986
9,6.683861852621359e-16,-1.8384360882841525e-16,-3.778100359553142e-15,9.200700612627418e-17,2.8573097127437786e-16,-3.9012140386930463e-17,-1.460747212094334e-17,-9.570094242452052e-17,-1.0639300440193213e-09,7.49273880331355e-17,5.820163786572906e-17,-0.0087537078047925,0.00038860370904462944,-0.006889883993531214,-2.3711986483934653e-12,-5.95948809128627e-10,-1.8008483205405025e-16,1.4179253267426267e-16,1.6556019276779052e-17,-4.052368325857676e-09,-9.374039549993918e-10,3.1897472636162046e-12,2.069867252922081e-16,1.4305459782177101e-11,-4.756949986520819e-11,1.7048748585382752e-16,2.7784313374969016e-15,-6.567691410895657e-09,-2.6157263444457758e-14,-0.36671379688123146,1.301219732653306e-12,5.812151717902028e-14,0.3617400295107415,2.630881284626832e-13,0.1968192704539315,-4.735940783390064e-13,-2.0538554261833124e-13,-0.16931863166992303,-3.5822972825735904e-12,-0.20750031584106965,-2.761056618473551e-05,1.5579259487125466e-12,-1.5666382443351986e-08,1.5733067988579625e-11,-4.849005303187466e-09,-1.067653670543922e-05,-7.763374110383919e-05,6.632753297516433e-05,-9.31254989836486e-09,2.6956200817050786e-07,-0.0063518620963694565,-0.0022758229482965865,-4.249750855419977e-08,-5.639645699588101e-09,1.070910628460095e-09,-2.6726442414892065e-07,4.579145457905285e-08,-5.780986479614069e-07,1.004961241644938e-05,0.0007883633764393688,-0.5710539978641137,1.8356272677122719e-06,0.41670001938253964,-0.01090091057785927,-0.005665807714133639,-0.2963839191636959,0.003759948898184289,-0.004185101644025478,0.00057979719902622,-0.026222736670491745,0.0008035609270572217,0.08424612316518491,-0.11389664921582064,-0.03047525272710691,0.0031784264918489186,0.049738237357930065,0.03750098724141183,-0.08913671202588952,0.0144766291008593,0.006702426703217961,-0.017517415206552856,0.004586019796181115,-0.0064267593916616204,2.607156333423221e-15,-0.011890840828001159,-1.1210349087176964e-05,-0.0004498132633576094,-0.00676823583275092,0.03556939888699404,-0.0007669931005200047,-0.01077006336674341,-0.010269844230784727,-0.009359574695841522,-0.0036614139855198524,0.01849122567971468
10,-4.47410779369354e-16,2.9569656291112924e-16,-4.7807958576745775e-15,9.631185416882834e-17,3.009889736830077e-16,-2.1082442124701745e-16,-3.968362658623758e-16,-2.8729614820597904e-16,9.796458011082338e-10,-2.371044530748961e-16,8.2001357694029e-18,0.007570319661995486,0.0021885040708599607,-0.007570992528885661,2.077172269595537e-12,6.536588293174207e-10,2.1154886506240165e-16,-6.363336524120947e-17,-4.1767223835641943e-16,-1.0097919718284157e-08,1.3731257621738845e-09,1.5657387153059124e-11,3.8624244833548514e-16,2.2403645961742273e-11,5.49176586264992e-10,-1.2119847399174295e-16,-3.156881063850225e-15,-1.2085056260165998e-08,6.661383725290493e-14,0.3883268990790637,-6.533495802613481e-13,-3.055157881135561e-14,0.15505833481194276,-1.7545143066753327e-13,0.2903177942665162,6.628732894613891e-13,3.0458748193259024e-13,-0.305781191921336,5.389578749244587e-13,0.14573490433488653,2.1746235401363795e-05,-1.0703746909271392e-12,2.1685105079481786e-08,-1.1163472117477025e-11,5.215480451198997e-10,2.500107274534632e-05,0.00027700802200727217,-0.00013978770744254,1.4345015242416209e-08,-6.853332820119422e-07,0.028222961293733417,0.00932153581524135,5.026111419424255e-07,1.015267975767425e-08,-1.1958701919260445e-08,-2.147405293891639e-07,-1.4124456190155984e-08,4.760759229444455e-07,-3.289530630353639e-06,-0.00026698966180661475,-0.12713488505441792,-7.444380295308195e-07,-0.5469785042042037,0.013980183067870956,0.01667903062934652,-0.5477182031157165,0.003151761136153105,-0.00753264319218777,-0.0003276783434299156,0.001996287855987878,7.84705095336549e-05,0.002983745407254392,0.006212151246501685,-0.006700312755077911,-0.005766767046074513,-0.006500279556157763,-0.005455765318053162,0.012989777378262055,0.01145548949503585,0.027120191350792605,-0.06689626628502982,0.017723683020289736,0.0026918952171053933,7.147718545069213e-15,0.030249824692686465,-0.008186251978400666,-0.00017856143243858308,-0.010599458694549112,0.03726007200487173,0.008272710101669639,0.00964212202010719,-0.005536087868997519,-0.0103341543249282,-0.003605685934412198,0.020451581298743325
11,-2.239829501527166e-16,-1.4866339760948592e-15,-4.967404975093668e-15,-3.1473444470056044e-18,-1.1227250533094823e-17,1.7192085318110698e-16,5.628868415427561e-16,1.5809191995066757e-16,3.8046701058453033e-10,3.2525312690052516e-16,1.0680712844822537e-16,0.002765560269120629,-0.0054932442719394315,-0.00921656752204259,9.259637343652603e-13,-3.163231923383682e-09,7.972602765909561e-16,6.336138751556734e-17,-3.543006567522563e-16,-9.365101052733001e-09,6.261748153713472e-10,6.052024712815674e-12,2.2977473566307745e-16,1.9837724424885048e-11,-2.7434527827259092e-09,1.154898556040804e-16,-2.1893945803559887e-15,-1.2831077534169843e-08,4.790255932478829e-14,0.189222544384623,-2.959406909916034e-14,3.870173319342405e-15,0.44729857395391737,5.2245466957749557e-14,-0.16519634450690276,4.5310355067761515e-13,2.1797987588002112e-13,0.32842333914888727,-1.3618717310138051e-12,0.036372534921602605,6.750234559281856e-06,-1.9229644267691336e-13,2.412886778058779e-08,-2.5626442829294926e-11,-6.72193126720249e-10,1.3447631603676381e-05,0.00014958365687979544,-1.8325854450727588e-05,7.50828847060229e-09,-1.8008138448613577e-07,0.008726654277378348,0.002846361431517217,7.015656366035885e-08,1.9268046853874598e-09,-1.7947368064372006e-09,1.4849948533723261e-08,-1.5877881571162564e-07,1.240123281321004e-06,-2.3363952316913385e-06,2.818481956071277e-05,-0.5048033275642243,6.097962471511304e-08,-0.3499974693603395,0.008854400840013254,-0.0071274836365902506,0.46283750817349417,-0.0065673494266202635,0.019576975895154863,0.0011246199987766448,-0.013475467494713234,-0.0009020209568349895,0.10261857288931217,0.058954703410436946,0.07233896312348573,0.002879780961076818,-0.00729698497523075,0.04566167864904641,0.023673252864610073,-0.0368994659056102,0.07165750346291351,0.01752403399502859,-0.005908510788435025,0.005736727487565365,-1.3028349710164648e-15,-0.03187452793642892,0.006081072937200835,0.0004966886275432239,0.02995443237766478,-0.03157106863665275,-0.014904927460993918,0.005837444991718257,-0.05268826474325667,-0.005135914987206989,-0.005535092785333274,-0.01734186419652933
12,-6.29875773220111e-12,8.344857106301979e-13,2.4277379400950985e-11,-1.37814344307165e-16,3.0894141659361104e-16,-1.7155023575028068e-16,2.499987332429107e-16,-3.3917166220173745e-16,2.378973204898462e-07,-8.669715775108446e-17,4.0159564621883407e-17,5.4259902064636844e-05,2.1441262766228254e-07,4.1276907407469174e-05,3.914919447919889e-10,5.248662794419091e-08,1.3628180563971047e-16,2.0305135807928565e-16,1.8408824952178926e-16,6.383174191341599e-07,8.405711315859567e-08,-6.599633188246016e-10,1.1390824540914757e-16,-1.4542156222525395e-09,-1.7652500038569644e-08,-3.3767299085836034e-15,-1.0513335560553006e-13,3.8042431298496155e-07,7.580475666794579e-13,0.008432362452645946,-3.791554716266077e-11,-1.4958623869095956e-12,-0.008489215476989304,-3.798133754678576e-12,-0.0044609244581829705,-7.551578774464242e-12,-3.941315425780942e-12,0.004137583106587263,-1.6161808266593134e-10,0.007025807289350157,0.00022075805186678627,6.0503191240713536e-12,3.5445791118042967e-07,-3.486424166981248e-10,8.429070224768326e-08,0.00016526576066186439,0.0007289361554847495,-0.0007877898919016017,2.7202977957747797e-07,-3.080858924216899e-06,0.010508296365961583,0.0076379374517441,-1.618841852321064e-06,8.61006168827595e-08,3.7108172259124735e-08,4.631831631670777e-06,-6.507638934385292e-07,4.1311351260137455e-06,-4.578557067839532e-05,-0.0020049767391217906,0.16304496915773503,-3.259690119952361e-06,-0.11922252334893314,0.003404452924678043,-0.021286600056022703,0.09456234285773654,0.004442242887365704,0.0010313272339719732,0.0021144230877255805,-0.08661775009482305,0.0025021295985973215,0.37338238941339624,-0.43497488999562767,-0.12405906535631443,0.018050377210195628,0.2932873700000503,0.24579316984192195,-0.5893505945241008,0.0712859587887965,0.05228060444388803,-0.12820314427101712,0.03326666721531485,-0.050256855521819466,2.4296657575150844e-14,-0.08600017495459696,-0.0007155214521996764,-0.0015101183314385033,-0.023537439457404347,0.1812654464781619,-0.0060024257145065854,-0.08197904364176078,-0.0707773479591484,-0.0744309789525721,-0.029708948622251544,0.12990726641145328
13,5.8087793852421005e-12,-3.428723507322244e-12,2.6998355179153156e-11,-3.9095845091221415e-17,2.622393723723148e-16,-1.0371560122209544e-16,1.1760115657655148e-16,1.9990413809152323e-16,-2.135216567172157e-07,2.6880243151589396e-16,-9.479725175219432e-17,-5.064621079042983e-05,-8.107643322243649e-06,5.188186500568082e-05,-3.2406737010137933e-10,-1.9394412458880612e-07,7.33186203462414e-17,-1.7194607276087498e-16,-5.408259384171076e-16,1.2620675930608748e-06,-1.3723887553381247e-07,-2.0788476754961386e-09,2.8509640561352074e-16,-2.0049226394173426e-09,-8.393195557113287e-08,-3.349213790951274e-15,1.5703949362586524e-13,5.367808551507843e-07,-2.963943986961036e-12,-0.011025328715699043,1.2211146704872386e-11,6.208966178865568e-13,-0.0048881972171993925,2.6486669832240168e-12,-0.008953540115858631,6.774149218721635e-12,3.593503063015315e-12,0.011656635734684544,1.3902462347066004e-10,-0.007524041500078504,-5.967689418684725e-05,-5.855187002767114e-13,-2.0944985308872433e-06,2.1568048417028872e-09,-3.2010942481612895e-07,-0.0011829961221425263,-0.009449435714276403,0.005419199259697096,-6.434228265768733e-07,2.0050532108676822e-05,-0.7090100225190433,-0.23411278891120432,-1.2373054109780333e-05,-2.7366862987942046e-07,2.9507927845517e-07,4.617606831751365e-06,-5.075378525266986e-07,6.87071560340779e-07,-2.0680236177449277e-06,3.473562584594146e-05,0.0045101820876307,1.3887359762117897e-07,0.020912275216898417,-0.0005648706436060317,0.0034942890157600003,0.029293967124358132,-0.001849735449418058,0.00321611913405557,-0.00014616396245897557,0.008295747029137844,-0.0007250844477641485,0.041675116239808345,0.10341457892897407,0.014892869282660409,-0.02792822412241906,-0.04717354365916768,-0.02706883684836839,0.09523448108740132,0.04587104117654376,0.19506935675134038,-0.48730548548321423,0.12841164293148388,0.020862764318818162,-1.904591937331448e-14,0.2060939429324147,-0.06547813537147518,-0.00014374173759590335,-0.03387536125754032,0.18039227972264757,0.06438733986966846,0.0743941472550939,-0.04674691815823312,-0.08242889901147475,-0.029272618644680948,0.14342217874255506
14,2.2338910683806936e-12,1.3444635631154475e-11,2.4891616652923688e-11,-7.977262003886239e-17,4.703602136981788e-17,-1.9355186322766403e-17,-2.2898308170520155e-17,-3.9974295949449347e-17,-7.906055033550238e-08,-3.185076570004146e-17,3.4943362153352836e-17,-1.8395842030979223e-05,2.7866877907126492e-05,6.34201655643021e-05,-1.4771004233554407e-10,5.90420257513319e-07,-8.864815812197714e-17,-7.058093630367178e-17,1.0738323324787728e-16,1.0474904391526812e-06,-5.509230545664609e-08,-4.638557557184142e-10,1.3427802407974004e-15,-1.44384210520648e-09,2.2534855533265185e-07,-2.727451374089067e-15,1.2665909598321632e-13,4.997036273388658e-07,-2.0942451768726193e-12,-0.00442062697260024,-1.8380387853895285e-12,-3.259965626395429e-13,-0.010552947252449263,-2.768825011114864e-12,0.0030678757192743105,1.9178660611000662e-12,1.0640386907659702e-12,-0.008749692840961843,3.4733819198575705e-11,-0.0014546255480180033,1.633404818747988e-05,6.0264929581289e-13,-3.8583629139249443e-07,3.097476102549868e-10,3.4255402648862657e-07,-0.0001372866178978493,-0.0022710047081400827,-0.0012841120008087285,-1.32666465182947e-07,-7.731700551806771e-07,-0.012902106000896347,-0.0038718250884223395,2.132689782867677e-06,2.3150039860524572e-08,-4.7785787870156924e-08,-1.8474387333771813e-06,1.8783942773009542e-06,-8.922354712784084e-06,1.5655212114600795e-05,-2.1766674867603175e-05,0.13739438515418612,-2.0793930380550497e-07,0.09215711629775808,-0.0024381173885851767,0.01335679382425473,-0.14575173871070113,-0.00853780206275011,0.033064540562570334,0.0025045198413239486,-0.04410421842312867,-0.002602163220310201,0.4219856713135869,0.19122364534891004,0.3148571241411125,0.01229637486234674,-0.036968633527425875,0.29295691517830663,0.1493445774863077,-0.19305501948778617,0.4872238011480193,0.12076068763047892,-0.040984285874577454,0.045577337452811124,-2.5370157413630644e-15,-0.21879173169555377,0.04874493533182652,0.0015347191598129883,0.13399740435567145,-0.14851776239982833,-0.1167475845979264,0.04514915783040896,-0.3276964301565343,-0.04102896268505126,-0.04450314412287668,-0.11948068574509
15,-4.195966787792632e-15,3.4517797056517513e-15,-3.6327961990293056e-14,5.3332122471204724e-17,1.0749710809475929e-16,-3.774412909123791e-17,-2.708410459480871e-16,-2.532444156028041e-17,6.221881173688956e-09,3.2977870938640663e-16,-7.035531917413753e-17,2.254440082443303e-06,3.69464669002428e-07,-2.670581437930916e-06,1.2579470337454919e-11,8.265972648163905e-09,-2.5457885809291076e-16,3.922684586070945e-16,2.393036196410886e-16,-6.879384633974293e-08,8.379354588038694e-09,1.1373651057856983e-10,2.2675604804965948e-17,1.5008879094089596e-10,7.356114484320524e-09,1.8403063766568644e-16,-1.5107411306305804e-14,-6.282116054749858e-08,3.2094205013611454e-13,0.0019608380175199524,-1.6495098487455954e-12,-8.632020256296701e-14,0.0010163194425182533,-4.1776765617194584e-13,0.00230999085159982,-1.3031487959600463e-12,-6.979286099100704e-13,-0.0037470897922609217,-3.1237975519255515e-11,0.0021702034617372503,1.6945181669534374e-05,1.7027907838759017e-13,9.76484904488075e-07,-9.372910177107561e-10,1.5985895269989106e-07,0.0006857111176537,0.006368066144100603,-0.0037196532858057405,3.617846940658823e-07,-1.5681787229763793e-05,0.6277709639588552,0.20678551390672723,1.1991690644655846e-05,2.2370364237123577e-07,-2.8437308885793974e-07,-6.839630431942243e-06,1.2363180073745647e-06,-3.916286043067808e-06,3.0613932068888345e-05,0.0005001544564066081,0.01737460482715471,1.1115598798798374e-06,0.09761529423322929,-0.0026495700932916096,0.00919428212027194,0.067032733898857,-0.003709894873181208,0.006289358577952717,-0.00027743101335826894,0.014688866236583754,-0.0012107877556485672,0.06374998733683572,0.16218333670909,0.021201821856346573,-0.037910282535290156,-0.05811607855286189,-0.031649069811328624,0.10843717383386138,0.05897922847925504,0.21979743572135355,-0.5203341444889813,0.13749157816962923,0.02096315746523964,-8.046506452398589e-15,0.22714482737966543,-0.06571643616468553,-0.0002291176600781445,-0.04716752601467226,0.23380056271739752,0.06556146169375524,0.07607791318145876,-0.05560399207629926,-0.08354099167597193,-0.02933774337302347,0.1558266789054983
16,7.046115877888113e-08,2.6002851480221343e-09,-1.759800353990341e-07,1.8252446851623193e-17,-1.2836622729207973e-16,5.709603023274156e-16,-6.55732092058937e-17,3.665440636776602e-17,-6.764044582755106e-05,-1.8277503826972444e-16,1.4635112520933043e-16,-2.9111096476398266e-07,-1.014732571160483e-08,-2.098860775308542e-07,-8.52692742019106e-08,4.2114600063635386e-07,3.9466871318047763e-16,-7.487502201539762e-15,-5.93312403580805e-14,-0.0001262925021969142,-1.0779710755072395e-05,1.5168840605747443e-07,-7.778527479743617e-14,2.0476559994568256e-07,4.290664233663768e-06,4.496489176214967e-13,9.29552545519479e-12,-3.4674025797442064e-05,-4.671321187756779e-11,-0.00017126144072315258,2.661839423322867e-09,1.0020940370102719e-10,0.00016877218067014185,2.131395898728864e-10,8.096889394726513e-05,3.702381471220289e-10,1.91378555626887e-10,-7.202571836937762e-05,6.961634634896528e-09,-0.00021191648529854864,-0.008179071104070491,-2.2614968234075284e-10,-5.744286353542043e-06,5.410671739585972e-09,-1.0589074992189637e-06,-0.0022900067777696744,-0.008404535981371903,0.00935080596709737,-5.449735559479961e-06,4.3769888144425416e-05,0.014545515642436517,-0.06404632047232242,2.890809800390481e-05,-1.3727310701865176e-06,-6.684386147390333e-07,-5.6414941161262937e-05,6.814084518360613e-06,-3.444091432003158e-05,0.00030080407148242073,0.010918058896051932,-0.03918265560169737,1.5092510775380808e-05,0.02560891670193196,-0.0020045241071420822,0.07400016074892884,-0.029078598755233536,-0.013593079819937697,0.00469718505780012,-0.004330672970075293,0.1623343824097798,-0.0041586764095350075,-0.43050471474906066,0.5344657968994251,0.13136396183634996,0.013696779566765805,0.09509951958721019,0.19364358903637577,-0.5356080739337841,-0.05255505611920697,0.023825998496457237,-0.10456552706238789,0.024881928339323685,-0.09806378741032064,4.32918072867321e-14,-0.1543586294803172,-0.0008163228999877678,0.002750841194975632,0.060406056080583644,-0.14780412370244747,-0.01474692543275101,-0.1500665264196553,-0.04431520586297812,-0.1373958370572769,-0.058714676928905134,0.1323616122319388
17,-6.352036120211063e-08,5.0109543384636775e-08,-1.8906283523019612e-07,2.682386657423351e-17,2.958914527550057e-16,-1.5791697882900697e-16,5.65614629194154e-17,1.634414478597116e-17,5.680484310617572e-05,1.0934281734271364e-16,-4.204097728177069e-17,2.7575395976210654e-07,2.0844106548623295e-08,-2.938327859990744e-07,6.242701591986911e-08,6.128342047620442e-05,-2.964701782743864e-16,5.9792716338556274e-15,4.3970902588650635e-14,-0.00020683533816735452,1.834603445295496e-05,3.6339062401242207e-07,-3.135507186510469e-14,2.4854894590247387e-07,1.2982618696006718e-05,4.344532754628186e-13,-1.1990108225612108e-11,-4.020720264778433e-05,2.1663684809602306e-10,0.00021351384125662906,-4.853788029110075e-10,-3.041476271368246e-11,0.00010165594252699578,-1.4735954836990958e-10,0.00018463683616316164,-2.437523369982967e-10,-1.2777457292454927e-10,-0.00027534560472665653,-4.1050862459418606e-09,0.00021955942458088984,0.0006671990157134789,-9.360683600793463e-12,2.6451366679254378e-05,-3.145907115153318e-08,5.037679014131382e-06,0.009464646924128637,0.04340969620629813,-0.030404424922181292,4.7794292953968404e-06,-4.6164672612546355e-05,0.03913920092730173,0.014882500417506358,-1.0303195721914151e-05,3.1763772075822617e-07,2.2475575009993932e-07,3.310682075550102e-05,-6.387283642400466e-06,1.7892751676201054e-05,-0.0002161293469089768,-0.002304810509385166,-0.00013975093399938988,-6.363201527556322e-06,-0.011837611853531172,0.0012545368778832545,-0.06143159684678992,0.006064362626550148,0.010891954152435252,-0.007884199610448978,0.0024459864384590007,-0.0634216398545854,0.003267880743274839,-0.21686032206139255,-0.4368772847308821,0.10559015168367325,0.11237992663773703,0.023333645420090886,0.04621272352087475,0.060272713498702085,-0.2152867780927863,0.008564053451091895,-0.33926045368090135,0.08147321611797513,0.04093335192988749,-2.3064557618772935e-14,0.00490211916979181,-0.12714635481102643,0.0026555422738853266,0.2180137643475648,-0.6593727166275937,0.1041831045497097,0.12140873008058062,0.004559941596329705,-0.14452996784011637,-0.05800226856533277,0.031429894766684986
18,-2.333144544368894e-08,-1.3491080156371658e-07,-1.446927119822917e-07,-4.395649902084218e-17,-3.5592870448074e-17,8.182792130491995e-18,-2.440469528632506e-17,3.614686844650925e-17,2.100812537193472e-05,-1.6353775720826263e-17,2.449291806375249e-16,1.060031312408464e-07,-1.2379023991088636e-07,-3.740303125489475e-07,3.173679754377749e-08,-0.00014463795838784102,-7.404103491443808e-17,2.491601037490563e-15,2.1309499757504717e-14,-0.00015813491957370057,6.855620243367025e-06,2.9315332860321397e-08,-2.3518039148970347e-13,1.5314703970510834e-07,-2.807395226357448e-05,3.012611378855169e-13,-1.2145485652229575e-11,-3.755198785065849e-05,1.710280774564017e-10,9.335748126305456e-05,1.192559104742173e-10,2.550105710713057e-11,0.00021764854378351157,2.007458257509037e-10,-3.7198348196456306e-05,-8.797553860223475e-11,-4.8794912481917556e-11,0.0001884335770157452,-1.3805684386435628e-09,5.689425325740427e-05,-0.0004924221293858516,-1.4665408941074324e-11,6.7397861150701275e-06,-4.37823926364424e-09,-9.79331592147872e-06,0.0017173878170797686,0.04037232460260589,0.03265316995478243,2.5881938391367753e-06,2.580640217757284e-05,0.0076783077452097035,-0.0019843199289996047,-4.018882998687002e-05,-5.141930060484108e-07,9.103083116732727e-07,2.468309395084797e-05,-2.059552796250824e-05,7.855891673040798e-05,-0.00010784071452009389,-7.209838253601361e-05,-0.030401984762865167,1.409557053431351e-06,-0.0177358567743126,0.0009698965416754418,-0.03914910013744346,0.04450974875125064,0.028277481098329768,-0.1026370320569154,-0.007277664296556253,0.10396340585851621,0.005051004799801078,-0.5284291949905612,-0.276730958082051,-0.3239512848801746,-0.029557989000708464,-0.00388781051769605,0.16669596728374686,0.11492494807639121,0.08556344170006115,0.49150701256713597,0.07384877253734255,-0.029916367847696374,0.08881717280847727,-3.4133230460955115e-15,-0.18383214815282561,0.0948559921927215,-0.003299331069783374,-0.1489244293798456,0.19478770026525313,-0.2090502049268333,0.08363110382272658,-0.15948196579742407,-0.07999589095590143,-0.08805188266384924,-0.10617539804178705
19,-0.0006258259324612736,-0.00011285977358597605,0.001016656326256531,1.637993578315111e-16,6.206323984774605e-17,2.4622663817272096e-17,2.547440354836459e-16,3.1167209146572744e-15,0.015291263478323781,3.2172432412019617e-15,1.7414321164643899e-16,2.1221147479248484e-09,1.1446996445653096e-10,1.5059596595894483e-09,1.4844489834411753e-05,-0.002715361610979164,-4.248097653013782e-14,1.3833783943099195e-12,1.0391548133410553e-11,0.019633265871928367,0.0010651694618563656,-2.6629794118810724e-05,9.52314109023702e-12,-2.29413040493578e-05,-0.0006428569799008154,-4.950429085098329e-11,-6.625479880157327e-10,0.002505054640076992,1.9364419242284036e-09,6.23558575969326e-06,-1.4997778075682973e-07,-5.344042985352932e-09,-6.673989628580582e-06,-9.209010206405983e-09,-4.091033978980706e-06,-1.4458297114125846e-08,-7.405371491408105e-09,1.039947328587992e-06,-2.393427245495269e-07,-2.2467156396654444e-05,0.24431460433708038,6.7381724706248975e-09,5.007257828094721e-05,-2.804462624441478e-08,-3.772889981032418e-06,0.018427109499880346,0.07140267583895173,-0.048985421069814954,8.818004131808521e-05,-0.0005111261477187953,-0.27201787588879767,0.8193666416450407,-0.0003750738737316001,1.8105831172306627e-05,8.71235740197736e-06,0.0005317941168731473,-5.801397045605831e-05,0.00023749375369591888,-0.0015418463932456833,-0.049230540202246806,-0.0009733690231555551,-5.8873645004562934e-05,0.0005027899815066614,0.004320148023992503,-0.15165542659697198,-0.004337616552631079,0.02093560245272887,-0.023570894756928928,0.002871566459769253,-0.10305650131680062,0.0020223719526160874,-0.00042187361918894265,0.026473434474115598,-0.009931384710016557,-0.045501455264301216,-0.19510981308290526,-0.047293395691532285,-0.022250347524405443,-0.01609483549523681,0.001449624009814976,-0.014840353231832809,0.0003331437028021616,-0.13094593507597838,4.861634667038432e-14,-0.11106429896288506,5.123290775929399e-05,-0.002547788053348505,-0.06645546100250614,-0.012179784955143293,-0.02301608576079917,-0.1797937017667729,0.017517057193688363,-0.17031242734651256,-0.07965875875520703,0.05168429299950148
20,0.0005507975180362453,-0.0005289244519423565,0.0010784878491997528,-1.262286989667015e-16,-6.521782295041499e-17,-1.2921019985577724e-16,-3.561607105414927e-16,-2.865013315887133e-15,-0.012286472471044984,1.1901498202949617e-15,-8.883145236555884e-17,-2.045021563267067e-09,-2.91846135689873e-11,2.401454114918338e-09,-9.69401865294256e-06,-0.015123976443570386,3.3177532852268566e-14,-1.0430822713388943e-12,-6.941308112800067e-12,0.02918817868025578,-0.002108755617606814,-5.496543860251167e-05,1.1034431847194294e-12,-2.7170127535987026e-05,-0.0016273430064141154,-4.85451361667082e-11,7.809832301935521e-10,0.002781312120923795,-1.4262978578878495e-08,-7.337966762066376e-06,1.1116771951585995e-08,1.3282464355442718e-09,-4.0087462691342686e-06,8.15523400515357e-09,-8.393697686446624e-06,8.45588697355052e-09,4.390865454506218e-09,1.6855149655116987e-05,1.2130381960958088e-07,-1.6409424015408723e-05,0.00930939541463305,1.142650790579166e-09,-0.0005485586901629762,7.049659915486926e-07,-0.0001348528146723358,-0.16885316173991607,-0.6143307446219384,0.5774561759287681,-7.117227293198854e-05,0.0006786397512915714,-0.016404187647364045,0.0886995636650367,1.1449120586853255e-05,-3.0684634218079387e-06,-1.2816941774984022e-07,-0.00023924657460145984,1.8310517384975533e-05,5.469551135460816e-06,0.000968274892857428,0.002985347442604037,-0.0006724588065108739,2.049665948301585e-05,0.0004032206843082464,-0.0026275415033377085,0.11184101678271957,0.003068443480295928,0.00037629449833611234,-0.042738013239382346,-0.006207332513320364,0.07598497258985332,3.5364800817164354e-05,0.09655616149713712,0.06956357365365412,-0.20373465011753417,-0.016403559532247522,0.02798027236576147,0.05256325530572079,0.05073879386500083,-0.02128756819342211,-0.08924923156030069,-0.03940261140289861,-0.002140552266080282,0.0559031588540747,-2.917366171168676e-14,-0.16345646576267564,-0.1694902649600697,-0.004991158809034496,-0.11671159172678768,-0.08228953720126353,0.11524331265307154,0.14137342965676342,0.01867156266369208,-0.17570005618315868,-0.07888832852592159,-0.0961818569461747
21,0.00019127333868217095,0.0010939749057399476,0.0006318444592650284,-5.41655491670278e-18,-8.434824539135661e-17,3.8126576565509865e-17,3.138138181498013e-17,-9.265735216247343e-16,-0.0044160962836393555,-7.253464538968258e-15,-2.776469281638794e-16,-8.243853485238298e-10,7.567236112513294e-10,3.0536719969059045e-09,-5.542678946135293e-06,0.028608844964556086,1.3049322027534459e-14,-4.304097123199964e-13,-3.731365719775881e-12,0.018155044808195152,-0.0006351280501907429,4.205053303105502e-06,3.370170080772915e-11,-1.1812623449423512e-05,0.0028256099827319438,-2.4021108669777123e-11,9.391514881010448e-10,0.002167081335675673,-1.0994474571889302e-08,-3.3915928887370897e-06,-3.7210933103244666e-09,-1.5303111394989628e-09,-8.449972583878478e-06,-1.1578321206247326e-08,3.827026407780972e-07,3.272519555372141e-09,1.8163829744551258e-09,-1.0109979641813089e-05,4.551066814070102e-08,-5.547623635343008e-06,0.006043979093832781,6.63470909864768e-11,-6.91808051715525e-05,-5.844903327917266e-10,0.00022389962327662368,-0.007745989410667657,-0.5923071351207655,-0.6304647532860488,-4.2103164799924046e-05,-0.00048244500318408014,-0.0022217676293431127,0.01627193954947476,0.0005554074040879295,7.5220565301612946e-06,-1.2650577091293336e-05,-0.00024875046515452395,0.00017976985854003906,-0.0005575691285790202,0.0005546579003351575,0.0018202646609009826,-5.234517434878771e-05,-7.965768742718898e-06,0.00029644382177860005,-0.0017501185797744348,0.08310689469036503,-0.0009460249395736244,-0.04899880853424023,0.17497175771194837,0.01213186560878958,-0.1330488583290174,-0.003800961305955068,0.0034401863518001945,0.031770420875163345,-0.033335964825219236,0.03086813834273394,0.039372498665835476,-0.10491818477581348,-0.03859414434722878,0.10256135524613866,0.06142611459832341,-0.027157270451853885,0.0012052655587478222,0.11818556796173166,-2.1179380231790493e-15,-0.026153896917151406,0.12612989024011664,0.0038393080201587285,0.025152073907119092,-0.05387587615176175,-0.24724654833913925,0.1001159837230266,0.17087659034858874,-0.10437027897625724,-0.11978332471590641,-0.021780458518717426
22,0.5270808129381783,0.06849910718628385,-0.4582441330666598,-1.1636747389553766e-16,1.1982073760706056e-16,-6.610721356358393e-17,-4.128550963434568e-15,-9.674662854450833e-14,-0.31023527795303085,-7.672800850277904e-14,-2.543818066962112e-15,2.2685478950031915e-11,-3.162477629404096e-11,-5.775037047966007e-10,-0.00022400441539983856,0.0374230214741134,7.298944259943935e-13,-2.2848733971791613e-11,-1.5847186483765589e-10,-0.2080844978211449,-0.00998253875256853,0.0002813745070027792,-1.0151410603253415e-10,0.0001735449278875435,0.004119130776009339,3.7784218593897317e-10,3.810591425515526e-09,-0.011614714214483915,-9.650858250131247e-09,-9.547408433544587e-07,5.898195794288345e-07,2.0302242413970055e-08,1.4837203991120077e-06,3.0150991959735886e-08,2.2993355088225797e-06,3.7410344562738554e-08,1.8926184202025672e-08,1.44607519176629e-06,5.105155443903611e-07,5.5268775370813935e-05,-0.38431256343591413,-1.027924652546103e-08,-3.0987184746830965e-05,1.5606381052188754e-08,4.579889771102028e-06,-0.006966739122190129,-0.018519162313531675,0.007037562067596969,-4.438966406539671e-05,9.600309845810218e-05,0.03227986270903494,-0.09594181797260809,2.2172485895346545e-05,-3.0568627322033254e-06,-5.470221994054782e-07,8.916578982271057e-05,-1.86002830533435e-05,0.00011027528166289105,-0.000844194446258642,-0.03089869302986204,0.00279472951000891,-3.934963006048972e-05,-0.001951505666995252,0.0032069912125826045,-0.12857159007744778,-0.0011672932104792014,0.019253458989965715,-0.019952401283811382,0.0030583812233063064,-0.10978311132121274,0.0022490161006167514,0.03540338689207526,-0.025479876122888896,-0.017421210481229014,-0.04583998929246773,-0.21474337387782688,-0.06897480756060517,0.021837889048092547,-0.014011113488547066,-0.0006759917718123411,-0.010988179839109689,-0.0008729021727438179,-0.14475609567433298,5.273544492550264e-14,-0.10848814689409295,0.0006369194140705413,-0.0025555154562636488,-0.06802840858058526,-0.006141414280272969,-0.025678724438447046,-0.19557718649482198,0.023471190932300788,-0.18620271224659335,-0.08810390056279384,0.04810402096399763
23,-0.43722907789208837,0.30255392465737607,-0.4581752672006138,9.698834386994776e-17,1.7657422270812493e-16,-2.331262975068775e-17,3.4823192886383984e-15,7.736382795642725e-14,0.23489747039153033,-2.372178253963141e-14,-1.5351865527423868e-15,4.224705276010616e-11,-8.366839676363533e-11,-8.162818194234891e-10,0.0001377737846404587,0.19563942836579556,-5.32572192400109e-13,1.6227295996817676e-11,9.970858410233776e-11,-0.2913651466501858,0.01865646399744555,0.0005468464856896924,-1.0845142740572885e-11,0.0001936738895652156,0.009813133352945163,3.4928017764500287e-10,-4.226979244479461e-09,-0.01214537903428655,6.772873313551103e-08,5.723445896780901e-07,-3.985541961269679e-08,-4.7309512549521075e-09,3.814265921655938e-07,-2.533575150201422e-08,1.085442720745154e-06,-2.052874405983974e-08,-1.0528452051604626e-08,-2.5278626609361023e-06,-2.421433806735361e-07,4.5087753299720174e-06,-0.01621572401035743,-1.7131554481723332e-09,0.00038109509103281656,-5.543466550336479e-07,8.552777853823865e-05,0.0767068511394997,0.18727178753009313,-0.18095208211668876,3.3231396957490005e-05,-0.00013518729595889288,0.00150041788093261,-0.01992692623838054,9.956734758934386e-06,4.056592585063255e-07,-2.3557584657527782e-07,-4.467436108172731e-05,8.516647144081196e-06,-8.107238794020306e-06,0.0005146476326225871,0.0024562109564117,-0.0004910859858492468,1.338070979593123e-05,0.001599081706858155,-0.001892797915104079,0.0915396897424891,0.0012218852769487719,-0.0016521026625956577,-0.031373117856520756,-0.005209936854920416,0.06968452949270645,-0.00037084184788771236,0.10537806510962552,0.10390727615168854,-0.19346828699969162,-0.023119152711655367,0.029140726237391123,0.04940968481382514,0.041280722487246145,-0.004217838383486289,-0.09737361748014155,-0.017544473144893536,-0.008038733482067205,0.05883635980894278,-3.0365083075109033e-14,-0.17046449652985568,-0.17610344761070112,-0.0045129345392424455,-0.12357941471264862,-0.03257217237552874,0.11732174917244834,0.1449085478736005,0.02130572658370743,-0.1808599171252695,-0.08239542864454014,-0.10232959402838232
24,-0.1527596670626326,-0.6295702069102311,-0.2700494443034749,-1.5389717564893026e-16,7.716429505347642e-18,3.3969830133052615e-17,1.0868634484252603e-15,2.6862291415684372e-14,0.08493148449055583,1.5721283653284885e-13,5.996847423775606e-15,4.3871140850442726e-11,9.020912878785073e-11,-4.260009849822797e-10,7.93148314730761e-05,-0.37193080360075353,-2.0952242129058343e-13,6.738034191701513e-12,5.395902644180673e-11,-0.1820087030163626,0.005640167659499598,-4.271883693975699e-05,-3.4111366289138945e-10,8.434806579248734e-05,-0.01710383948618792,1.731769858248495e-10,-5.1287019234862335e-09,-0.009487324558963579,5.250291053150881e-08,2.534569409443476e-07,1.3623552744480934e-08,5.527617414593081e-09,7.930023811374134e-07,3.6223812694835335e-08,-2.1958717218228792e-08,-8.015365412214447e-09,-4.395853334465584e-09,1.5890445668245398e-06,-9.188571216217393e-08,1.8642819495347672e-06,-0.008287386638193618,-6.543773958683606e-11,4.259513207418141e-05,8.301307288805918e-09,-0.0001405400719024101,0.0016851484213099845,0.1832251905150588,0.1991217956503287,2.012243228268065e-05,0.00010407186454004451,-0.0016312800936,0.001200866138795994,-3.388032460597174e-05,-1.2650101545129974e-06,8.166477978228936e-07,-3.813082201169777e-05,5.434660996462044e-05,-0.00024439277997982797,0.00028788209387140804,0.0009413153247216192,0.0023787926859567712,-4.8158034721023525e-06,0.0016086761871887496,-0.0012398191059993595,0.06642005714835957,-0.004104065698676959,-0.042216269565181506,0.15166591733597468,0.010596026816760631,-0.12098132844667682,-0.0037284553148716516,0.04780213276989201,0.05353499556311611,-0.009980084208717084,0.030236176793689597,0.03887203146854777,-0.12058848388262697,-0.04752448989263386,0.09587177883691667,0.025376741465392146,-0.03136215308977615,0.0026459905114242016,0.12369529482846738,-1.9266677180439735e-15,-0.015122326456476404,0.13158151099068296,0.0035815843118068074,0.03132768166868541,-0.06107368119599033,-0.2548917750362145,0.10321189639311745,0.1858080985940456,-0.10894946617991086,-0.12589448023404412,-0.016511881132253506
25,-0.5352016055106446,-0.06952483794446249,0.46486031957417895,-7.59454788826004e-17,1.1068550425026613e-16,-3.3709482322001004e-17,-3.9020880078045526e-15,-8.911382741588108e-14,-0.29452039282292497,-7.207108369379343e-14,-2.243485191013549e-15,1.633266778686405e-11,-3.048538773280736e-11,-5.536918786463283e-10,-0.00021521356863958815,0.03548544110858739,6.983603633338484e-13,-2.189170068219086e-11,-1.5220478260271387e-10,-0.1970307451691947,-0.009855114832809363,0.00026633877701198126,-9.618768430934985e-11,0.00016753846704452876,0.004021977665172277,3.6518734515516183e-10,3.772615760051824e-09,-0.011366923219226041,-9.914156066616958e-09,-9.586355028830186e-07,5.82309591748283e-07,2.0056089800237272e-08,1.4989957879993956e-06,2.985297938520822e-08,2.303446672357879e-06,3.7159270995277334e-08,1.8801649861096244e-08,1.4257197415660957e-06,5.077469921989058e-07,5.502649876345027e-05,-0.38278388494436993,-1.0239680852311835e-08,-3.080684778861881e-05,1.5446923769190472e-08,4.594052733324378e-06,-0.0068860194684527065,-0.017963183715679232,0.00694761353145876,-4.45037187764979e-05,9.712138239348432e-05,0.03315049596928147,-0.09860411865728783,2.3114082540306796e-05,-3.1124093680300203e-06,-5.691079043571729e-07,8.77383621657182e-05,-1.850941531054057e-05,0.00010978672233925065,-0.0008408510728449111,-0.03077524995612588,0.0028032391941276227,-3.921734868540346e-05,-0.0019553080756243985,0.0031995503708971596,-0.12837571711288642,-0.0011582630414707206,0.019231417282947392,-0.019928006989186706,0.0030555641186442908,-0.1096837197513798,0.0022475369220150056,0.03548801577198439,-0.025611251956441164,-0.01737176101521248,-0.045810098190314355,-0.2146747463368524,-0.06901670404147436,0.02195651642696249,-0.013987141054993596,-0.0006998469276067466,-0.010949659254603845,-0.0008812057840948651,-0.1447592989792233,5.277084446390646e-14,-0.1084183725642386,0.0006374647514620493,-0.0025519544759107136,-0.06796099672383536,-0.00606215333130868,-0.025680321785037357,-0.1955704260864605,0.02347338030992702,-0.1861990924309808,-0.088109687513807,0.04807583392144688
26,0.4439041088709052,-0.3070249598313818,0.4646680898968361,1.0580131110218091e-16,2.1057496122932443e-16,9.25934489018623e-19,3.311338810083311e-15,7.153406560600934e-14,0.22397811843124268,-2.07077192958487e-14,-1.5042324692341434e-15,4.561066088046141e-11,-7.98804713407637e-11,-7.880202189917804e-10,0.00013353531515988392,0.18671260007741045,-5.120845913095558e-13,1.563301330301959e-11,9.656524997421562e-11,-0.2783166674120484,0.01813030750906771,0.0005241922284657092,-8.836377723731002e-12,0.0001873012129439852,0.009591840829553697,3.371895014394434e-10,-4.1596155421994e-09,-0.011898812068529467,6.657319493679824e-08,5.907265764589133e-07,-4.1486922186434196e-08,-4.7458886381903424e-09,3.965122500455426e-07,-2.517446840247853e-08,1.1083015507611831e-06,-2.044814652797204e-08,-1.048715498645391e-08,-2.5784746110790374e-06,-2.415648952912277e-07,4.472157683531245e-06,-0.015728774689368365,-1.6968019220442024e-09,0.00038193592596675853,-5.55056751909967e-07,8.576734944880136e-05,0.07714871959175684,0.18924293767437428,-0.1826435714910187,3.337191813631371e-05,-0.00013699946098704447,0.0017993660361729715,-0.020958952514030574,1.015360675117372e-05,3.997332106742006e-07,-2.406803446764403e-07,-4.42578466467202e-05,8.477973660729779e-06,-8.25127746738687e-06,0.0005129234141403872,0.002484395697649077,-0.0004872789482576621,1.3370162410363464e-05,0.0015995061306402238,-0.0018893042787262067,0.09140627376081643,0.0012166643801902013,-0.0016625737112442736,-0.03129826063136177,-0.005202315317987991,0.06962815219131746,-0.0003722678183788784,0.10535311684127438,0.10390487295662272,-0.19329012170391974,-0.023119911901726475,0.029150506611511313,0.04936899557383418,0.04126853089041149,-0.004152066054332356,-0.09737964898176499,-0.017456088157903598,-0.008059240193053666,0.05883975196891722,-3.02949801195475e-14,-0.17042259174481414,-0.17610901470286,-0.004506708854467244,-0.12350540836226429,-0.03236430393517696,0.11731414193988954,0.14490347687369257,0.021306485719810215,-0.18085591138744375,-0.0824014520203442,-0.10233331839695342
27,0.15509413577081524,0.6388871965293084,0.27388412439767834,-1.2258677325550276e-16,3.438193421502656e-17,6.347741356306448e-17,1.1092410430826267e-15,2.474461347185905e-14,0.08098414254977815,1.4584350255365462e-13,5.6310764056088285e-15,4.405999205488708e-11,8.375397024379051e-11,-4.1701540115188954e-10,7.633500181271386e-05,-0.354954447064699,-2.0120499050495162e-13,6.4768355043811075e-12,5.1936650331259187e-11,-0.17385463429041315,0.005470406283886561,-4.342455827964613e-05,-3.280174424374553e-10,8.132790772381602e-05,-0.01675158209230888,1.669045519897067e-10,-5.033518573804165e-09,-0.009306156667658126,5.1570000608877496e-08,2.6270412874038116e-07,1.2448685014722362e-08,5.426750724163345e-09,8.186088209022513e-07,3.580628454451208e-08,-2.2365410105484004e-08,-7.984272577102994e-09,-4.3776684122672636e-09,1.6139176773419595e-06,-9.168923144470173e-08,1.8413416051718392e-06,-0.008055123312760353,-5.994162167342031e-11,4.27474766416985e-05,8.246225469100603e-09,-0.00014095212897367952,0.0017251015440741676,0.1851333330243612,0.20102196074096804,2.0214091537288827e-05,0.00010578991125601132,-0.0015046100775673694,0.0007817423626900329,-3.571358474475232e-05,-1.2977706195481552e-06,8.582708619845631e-07,-3.742417076673184e-05,5.3746248672970463e-05,-0.00024272117186950598,0.00028667957349497614,0.0009527155126752815,0.0023847350562416934,-4.778209664375103e-06,0.0016100867485914917,-0.0012367770273355593,0.0662921303197412,-0.0041090066193701326,-0.04214670835642978,0.15141709120949767,0.01057874982486746,-0.12080388682204737,-0.0037249061745594004,0.04793177780741551,0.053549546332362495,-0.009880825633627887,0.030217999771857587,0.03885984961002389,-0.12060081799210952,-0.047523755593310055,0.09579710968055252,0.025236093055863135,-0.031363412613691424,0.0026491416512574267,0.12369935898009847,-2.0814604441927796e-15,-0.015068727536346475,0.13158509120553494,0.003578052126944194,0.031337709852261184,-0.06105087148564504,-0.2548811037756612,0.10320737689390597,0.18577974214139534,-0.10894996792541664,-0.1259022915938773,-0.01649221688570539
28,0.008721822582841375,0.0011339190931647565,-0.00758938425734335,2.986157060348038e-16,4.314984015892823e-16,4.490483313615881e-17,1.5526840414689965e-14,3.656318493599429e-13,0.6753366250718347,2.1439537940326436e-13,6.787074549427466e-15,-2.3151298274699213e-10,6.409288677832705e-11,1.235343592097899e-09,0.00033481560833107207,-0.08579076364882868,-1.2608897683274407e-12,3.775732890267849e-11,2.39733501780056e-10,0.5031625533086084,-0.0015694079127258958,-0.0006864892274278347,2.409138262219134e-10,-0.00022406523933395496,-0.002427435607299112,-4.5927382164596613e-10,1.2321521619761453e-09,0.0057447055050492135,-2.8014943840474796e-08,-7.686806689658515e-07,5.168516815996215e-08,2.564285717460665e-09,1.3536640790343873e-06,8.081406745861114e-09,1.6421056503747067e-06,1.772646846407958e-08,9.128540031046733e-09,5.610841516873417e-07,2.7757375463822956e-07,3.187498356412098e-05,-0.22664566060637692,-6.062858375726763e-09,-4.123499980121012e-05,3.900847895614945e-08,3.206899332706835e-06,-0.006919669596828644,-0.009961031370620911,0.006815698191337984,-4.24576618471711e-05,0.00012150820455362885,0.05572490276406144,-0.16734099249780185,4.96356582078706e-05,-4.397019958150547e-06,-1.1878618123278717e-06,3.618773761285374e-05,-1.4911208748795197e-05,8.917440723013375e-05,-0.0006935949396142122,-0.02521861906877845,0.0029297322714770353,-3.315543765748638e-05,-0.002010215134738681,0.0028465742543963024,-0.11868853435285913,-0.0008304890582677524,0.018138821964632686,-0.018914936086413262,0.0028795946589858113,-0.1037222687571065,0.002160598371074909,0.036567827986729,-0.029926645915397638,-0.014483003662210992,-0.04408944511132365,-0.21017031100786107,-0.06966586111157515,0.025424886291493084,-0.013211611614451663,-0.0012637093701642309,-0.009673655834304112,-0.001126782164160029,-0.14480841319520546,5.226560616786797e-14,-0.10532287840306985,0.0006661539479893761,-0.002364029809862631,-0.064138444642173,-0.0032716019985332746,-0.025695966844383508,-0.19514602894828495,0.022997174603843356,-0.18584105603364948,-0.08825187964130185,0.047115050808927986
29,-2.1390798988198865e-05,-3.86126279555651e-06,3.481551288582067e-05,-3.438147342146699e-17,-4.718760416612087e-17,-4.76812397800909e-17,-8.88775125669119e-16,-2.4430273771591548e-14,-0.07208167253522857,-2.006955274134123e-14,-8.115101944780877e-16,3.939393419491543e-11,-1.1198377878669997e-11,-2.4797147720764675e-10,-4.888726118588465e-05,0.013902534973512778,1.6060556889346078e-13,-5.007209644178405e-12,-3.4612341811190453e-11,-0.10790213161374915,0.0003843329573532727,0.0001478495759953958,-5.1226772493498504e-11,7.015964526878283e-05,0.0009266643987367663,1.4230193484655014e-10,-5.302253854698581e-10,-0.003235984807864099,1.417287802148384e-08,8.408375929645694e-07,-3.591990980305288e-08,-1.864470667928769e-09,-2.006836700917795e-06,-7.180649578942999e-09,-4.112926651732713e-06,-2.2461611052379652e-08,-1.179657589491224e-08,-3.232067096006085e-06,-4.881543801506843e-07,-0.0001143962235121498,0.7688275450101993,2.236551459210068e-08,-0.00036994740780799405,5.969250902249407e-07,2.0885401450266676e-05,-0.02938574795125941,-0.032461037195292336,0.021647906551934642,-0.00019322400341855876,0.0003304938675586959,0.1352890842486977,-0.4070757452884304,0.00011258358845649523,-1.144971320554085e-05,-2.704964838201464e-06,6.612760730625648e-05,-2.3772546733339617e-05,0.0001270804190085051,-0.0009352713643026749,0.002096386418529907,0.0036257452110001116,-4.5005403203747165e-05,-0.0025430902458472644,0.003603122856428182,-0.13977522116475322,-0.0009572947453507861,0.020445393091046125,-0.021223107111641562,0.003213234239088292,-0.11420196930939183,0.002350693212833966,0.03903152443571989,-0.032122556163135856,-0.015196568898822831,-0.04569552590599806,-0.2114617185793736,-0.06847684689592538,0.024497795828067367,-0.01348237129677123,-0.0012023695506134437,-0.011046943887930575,-0.001339602386722879,-0.1438229614343192,5.3309914707686795e-14,-0.0940713332590082,0.0006611275135490081,-0.0025465869400583506,-0.06692131412150482,-0.0033467206400921087,-0.025766410997115463,-0.19640349487002484,0.02280805314650436,-0.18567526656111225,-0.08750856836670902,0.02914265778285065
30,-0.007215839960344118,0.004989436076342497,-0.007548479214456782,-8.315751943728038e-17,-3.94707212961621e-16,2.5725615700180226e-16,-1.2297588372665902e-14,-2.7985589019174157e-13,-0.4564329930021244,1.5300265163632703e-13,8.77299477182492e-15,7.049187323142506e-11,1.6294378981002245e-10,1.3570236992205683e-09,-0.00013619010135117025,-0.3753635786166654,7.772961481487899e-13,-2.185744069186065e-11,-1.0324363272585088e-10,0.5527009084745492,-0.015969464585016333,-0.0009215702102020085,1.167798299523834e-10,-0.0002304555999719876,-0.0052362679050274585,-4.541242477757815e-10,4.3969942879622984e-10,0.005285867163663491,-1.3357269076143534e-08,1.0113761915434043e-06,-1.5484744488929632e-07,-5.675935535907065e-09,5.483255865316902e-07,-1.2780823527629772e-08,1.2704876780395915e-06,-1.3565705158659633e-08,-6.944767448080799e-09,-3.58056248593133e-06,-1.8465639313492036e-07,-2.264172481020261e-06,0.03422033657670798,9.230557227812725e-11,0.0003311616448121825,-4.5888632540021276e-07,7.750353633253624e-05,0.07748441941609559,0.21914074396254918,-0.20770165805540744,3.367771872725926e-05,-0.00017746134880270464,0.00959822954175899,-0.046389119804438904,1.43191395846254e-05,2.8753377958238315e-07,-3.5218202097454353e-07,-2.8888815333655373e-05,6.7229874043449485e-06,-1.345854311413204e-05,0.0004385164520565839,0.003704142753912125,-0.00038737896461415794,1.2892128552695694e-05,0.0015536536154101314,-0.001725032052211806,0.08483667153930635,0.0010286152763398784,-0.0020362423104973745,-0.028036337382051385,-0.00484594148564458,0.06689687105322312,-0.0004178823536031685,0.10192581396876754,0.10146976558236075,-0.1838987333329868,-0.02255699880237894,0.02978184451694721,0.04786645287281476,0.04052809903615989,-0.002063740668210163,-0.096846565526383,-0.014622458127545772,-0.008658574846139905,0.05893267805544328,-3.080774131661739e-14,-0.16788606807545642,-0.17621434376111242,-0.004191325749325816,-0.11862100590825717,-0.025367264307747276,0.11694796445367131,0.14459051811658752,0.020948014299900602,-0.18048987551575082,-0.08255406342831044,-0.1019674710480339
31,-0.0025211477799686804,-0.010382728402426024,-0.004449392905205348,2.103024298111344e-16,9.288760401469602e-18,1.3750378073465374e-16,-4.343898535293548e-15,-9.567823987101594e-14,-0.16508432772263695,-5.548477129911899e-13,-2.3031869202383766e-14,-2.367276204645053e-11,-2.297109655355554e-10,5.576743359216069e-10,-0.00011188481705714502,0.7139114787313858,3.236113169175742e-13,-9.97572853915625e-12,-7.578787357770444e-11,0.34538345740117116,-0.005509956751635768,-8.445253330324092e-05,5.089206531089714e-10,-0.0001162967637878681,0.006888824223399108,-2.431510946802498e-10,1.4338767968671215e-09,0.0033252993570131394,-1.2846364253526584e-08,4.770313582384592e-07,-7.026640821593889e-08,-1.8279455102618026e-09,1.2242540590905537e-06,4.545095148575847e-09,-1.3758187597056655e-07,-5.327684070914994e-09,-2.8271457700329202e-09,1.93786948874104e-06,-7.2054354549614e-08,-1.5036979210276034e-06,0.016082538107560402,5.279649263023449e-10,3.585855726359762e-05,9.961390298121571e-09,-0.00012713215456745938,0.0021695348428980637,0.213331809670406,0.2290645409504723,2.0147684074525648e-05,0.00014250372418374754,0.0020329014697919017,-0.010437907016305877,-8.828102670630448e-05,-2.0711193877226043e-06,2.0460374250755173e-06,-1.2434700865096675e-05,3.038484093940003e-05,-0.0001733822576884072,0.0002352635321407467,0.0014793055001386774,0.0024377835543279874,-3.0912696267647747e-06,0.0015803349340532808,-0.0010954644362095054,0.06013573113384369,-0.004108010460586274,-0.03868935498601645,0.13900396066033283,0.009712044136536657,-0.11156579137532947,-0.003524336943435955,0.05065049276529825,0.05269367078823128,-0.006390580451339457,0.029252839753314757,0.038323351868348836,-0.11976879756938728,-0.04715602489744844,0.09211367604137395,0.020722570006627666,-0.03125867121400851,0.002737235067280728,0.12377444759943151,-3.1156480602744072e-15,-0.013178934805345311,0.1316472473306137,0.003394531874222738,0.031337852771038496,-0.05939409609965997,-0.254216051795544,0.1029313887278123,0.1829076896945969,-0.10882079045339932,-0.12610149345814956,-0.015801736482963437
32,-4.259093629400349e-06,-5.541305554140804e-07,3.7156624394067343e-06,1.1254005108742224e-15,-1.9362517851773522e-16,-2.164065554253975e-15,-5.627949420343273e-13,-1.2307699003589625e-11,-0.018247949430379086,-3.368297967155843e-12,-1.4581855698145405e-13,1.242324136530527e-11,-1.2877867174818447e-12,-2.3806103421661087e-11,0.0057389462348220975,0.001650615182905462,-1.4300567431380772e-11,5.007132744607881e-10,3.992717697825055e-09,-0.0055405935911795766,0.498543829923833,-0.0002340223411194894,-2.1476836227380366e-10,-0.006245644960780315,-0.16273574825311993,-1.3495223759757461e-08,-1.062434579413403e-07,0.4820786282417871,-2.1761210677627517e-07,3.194733448326992e-08,-1.6797469961419266e-05,-5.54995409099061e-07,1.3516751713483755e-08,-6.796954448009473e-07,-1.2947155123489026e-08,-5.111099995354444e-07,-2.4989300169582185e-07,-1.1207533538792928e-07,-4.406240737586511e-06,-1.2181923093988896e-06,0.008941911169878986,-1.1174933751432953e-08,0.0015269428285766319,-2.44942595494451e-06,-0.000213566788230705,0.0632605236199803,0.0029193203749734126,0.004419254786522939,0.001240092263422357,-0.0009435780210086167,-0.006514486906835994,0.01895316096834344,0.00031398528388433083,2.2947935324602067e-05,-6.854920084011804e-06,-0.001959179266493571,0.00019071716379571527,-0.0010013499933148428,0.007004590099412105,0.014379807257935402,-0.0024881952132325444,0.0003020868902481158,0.0020583102537850774,-0.017579540288656107,0.4564537347018692,0.012101295217458698,-0.04653163470731322,0.03860303019202173,-0.007959377799158927,0.2542836149455825,-0.003311182611451617,0.0039022650005240424,-0.16104660890300063,0.1265716360225041,0.0488954017970539,0.023615856685338357,-0.07757749472995155,0.13835558492958305,0.014865661069795215,-0.014244662378902616,0.044272892272866265,-0.007297061311326778,-0.1515975976092756,4.521828627918252e-14,-0.05132417876236561,0.002009899335297672,0.007449071345337429,0.1350651565906271,0.09779814000117103,-0.02457803971174291,-0.16540259149034484,-0.008993019290808629,-0.1671209719959583,-0.09684832491895916,0.13710361896432552
33,3.5325029815810965e-06,-2.441126784758688e-06,3.687967509935311e-06,-9.890641936304404e-16,-1.008801356347761e-15,-1.8809206520990256e-15,4.848034770408404e-13,1.0624281795024455e-11,0.014863418171635534,-9.135756362605218e-12,-4.487197640732794e-13,-9.123345428214966e-12,-6.050539762188625e-12,-4.894742871717139e-11,-0.005303332186674813,0.01320942758157731,1.1185925824784828e-11,-4.119275481205149e-10,-3.683237016445706e-09,-0.025895822141884947,-0.523553073671862,-0.004388312093322958,-3.735987007095319e-09,-0.005467084588217322,-0.3523991457693789,-9.454269193452819e-09,1.349086546742947e-07,0.44611287552990325,-2.258045735568836e-06,-5.381879018701209e-09,-1.1217907916523623e-06,6.126922783904205e-08,3.646459007096395e-08,5.885503964485227e-07,1.5504635384030228e-08,4.116447062133936e-07,2.1139987479442126e-07,1.8157566561115168e-07,4.505911748683292e-06,9.743584469457269e-07,-0.007340794322212381,1.8066721130068006e-08,-0.002869665478629717,4.790950661018708e-06,-0.00069435933871678,-0.3098632339501019,0.04217947252594464,-0.0352326508779163,0.0001984032690357187,-0.0012417437801767724,-0.0004969532672932258,0.0008897812745138311,-7.287855428473956e-05,1.5005701214645959e-05,1.4284809157618476e-06,0.0004901346305033776,-4.6455339673398914e-05,-0.00026421380810677715,-0.002146668509503788,-0.003283761458695556,0.000734886571561954,1.2920213653642446e-05,-0.0007595669312890368,0.003928421585940654,-0.16499942305765172,-0.005657225756387611,-0.019881445953117305,0.1117007148910417,0.009917568931696204,-0.03432960630026995,-0.002283225340290007,-0.10087760115890053,-0.04934991412830397,0.24747507906721739,0.0178365000192096,0.06314945213515252,-0.0112709736177037,0.00599697652415345,0.06779856410124085,-0.055796838712186096,0.08402022812312754,-0.026695350800502723,0.059638981446658114,-2.834393521351235e-14,-0.06624712009316863,-0.17762032667933358,0.010291120949869099,0.12929557416084939,0.21959939805515255,0.10094257586569666,0.1316309974425031,-0.002942856640384704,-0.16084463201475324,-0.08787689744838503,-0.03919609832626065
34,1.2327140939550174e-06,5.071555566295068e-06,2.169352901919597e-06,-3.343947656824592e-16,2.0622071020384613e-15,-1.1328638489944792e-15,1.630351064088128e-13,3.5576452158989655e-12,0.00497076010789951,2.0174975669860886e-11,9.59031065202541e-13,-1.381949163006746e-12,7.927381193108796e-12,-1.2238348554905148e-11,-0.001630917577818471,-0.021404143957110888,3.4645654983455526e-12,-1.2711109088676836e-10,-1.135605211390975e-09,-0.011644214015059773,-0.12875405211774985,0.006678058712736358,5.6331356711028276e-09,-0.0021145801612683698,0.6143453463998093,-4.302207487907414e-09,1.7675273404482573e-07,0.3397267847909373,-1.8004873598237943e-06,1.289920601219134e-09,-1.4377605673598035e-06,-2.0569412553632042e-07,1.4698994716996015e-08,-1.088993889092738e-06,2.2487062595052432e-08,1.685256678110595e-07,9.378454711098006e-08,-6.384744269287284e-08,1.812634349419301e-06,3.522865674384245e-07,-0.0025574112459260346,-4.151917145056579e-09,-0.00019762295237134934,-4.0290119311981935e-07,0.0011022722081592633,0.008769019221853146,-0.019416175689707226,-0.01848691406146876,6.062782636027351e-05,0.00042834495154758605,0.0010600617232009789,-0.0026839647800454684,-0.0015244985896169952,-8.544330987116268e-06,3.4381402968519835e-05,0.0008157927557922614,-0.0008178187615559318,0.002484730182017246,-0.0016173220252572223,-0.0033632446225082603,-0.000895805723069171,7.604164398415424e-05,-0.0012602858465271072,0.004230828910984497,-0.18829478849369782,0.0010759857874538463,0.11231573817929938,-0.40964497956741763,-0.02915314808783081,0.31616632669721206,0.00572425039132333,0.09304793077712574,-0.015344197280935393,0.12016731845783345,-0.013840413070971991,0.01659457125625296,-0.053773407976146825,-0.02307634656913481,-0.07230481818952637,-0.13185911320115853,-0.02186626088247405,0.0055217558924031615,0.12369118908964027,-1.0757442390876818e-15,0.04574668794167192,0.13225270223522784,-0.0047985911336886075,0.023329418982786947,0.02534539571456497,-0.22146282517467464,0.0905217000704022,0.02395582155932169,-0.0999216794860393,-0.13195717910357452,0.026198539376793728
35,1.859180561157227e-09,4.6557826166996367e-10,-5.649504227945463e-09,-1.5713439600170873e-18,1.2285234076128786e-17,-2.88592665324383e-17,7.766433655608584e-18,8.111036677415514e-17,0.0002500626800217036,-4.1180513131121493e-16,2.3974403720114433e-17,-2.0744355410737667e-13,6.034254061970725e-14,1.5056896471848867e-12,2.250018864585937e-07,-7.015001475803022e-05,-7.379770639238624e-16,2.113715576097035e-14,1.57881222963955e-13,0.0006929551465861672,-2.757404951941769e-06,-9.529447672992906e-07,3.2631064549185685e-13,-6.137689589484333e-07,-9.443423430453178e-06,-1.2343807409064094e-12,5.905187005167274e-12,4.354176789225244e-05,-1.7715936467288871e-10,-1.6815813328365616e-08,5.540917836845664e-10,2.957968470903214e-11,4.64315570161216e-08,1.2828518890401017e-10,1.1612733880971338e-07,4.833881224076837e-10,2.562661655455804e-10,1.1145035232382894e-07,1.2136738196309278e-08,3.5759826834972157e-06,-0.023692976966669988,-7.038661702509522e-10,1.774943691376421e-05,-2.6927057973580512e-08,-1.0639401538190569e-06,0.0017025208295041337,0.0021381961693598133,-0.001448206266684299,1.0906299603683707e-05,-2.4668368536163136e-05,-0.011191336181151465,0.03360673870025946,-1.002952962268947e-05,8.865919164978556e-07,2.3986316264667266e-07,-8.268671558291498e-06,4.34200970808688e-06,-4.185374876325937e-05,0.0005212088787082259,0.7550939993849266,0.0010365268186978821,-5.2995077372620616e-05,-0.0010286423085531379,0.0014701874745104285,-0.017876740169694698,-7.884297419070051e-05,0.0008192765078722929,-0.0006722241652832325,6.911095264165554e-05,0.00042899263572581477,-6.532714508012786e-05,-0.002820842222693814,0.0018693270211504079,0.0018749216001994725,0.007844066227955557,0.07760872532102542,0.04563686440590982,-0.02578674715693285,0.003441397489980927,0.001619313199453853,-0.04415332977197124,-0.0066291406897187695,-0.11367745907534625,5.4441793984375314e-14,0.29290491940057195,0.0005149517554548612,0.00012660719397380652,0.009629367563456996,0.0008032831849235436,-0.02451605107264824,-0.2002791971670763,-0.012131088477657311,-0.1647837559813224,-0.06698505209184254,-0.49549579347118705
36,-5.662213781710453e-13,-1.9670294683079051e-13,3.212060823418276e-12,-2.7622293460483583e-18,9.013194218676034e-18,-1.2790078109210489e-17,-7.666010875938156e-17,-1.3389951811324254e-17,-3.028651671915458e-06,8.457423236400376e-17,-1.3053271357296181e-17,3.805867256676193e-15,-1.1326973717437054e-15,-3.1823023584991033e-14,-3.6107166216585815e-09,1.2335476924878905e-06,-1.238610678673522e-16,-2.6366162883986524e-16,-2.5763616056361264e-15,-1.5483603634863222e-05,6.876910136705308e-08,2.1369538613184902e-08,-7.0985061965313835e-15,1.8628803280455343e-08,3.3328098179750247e-07,3.7101011213727305e-14,-2.2775777183410914e-13,-2.020335032326553e-06,7.645857248328601e-12,1.1490270565663911e-09,-2.939541766617112e-11,-1.6127727519065134e-12,-3.6531376080291627e-09,-7.855142885551342e-12,-1.1060091042333041e-08,-3.5463041961707216e-11,-1.8971773311971284e-11,-1.2827646377742848e-08,-1.0233708093107994e-09,-3.751807758328531e-07,0.002452420692333678,7.432059221818683e-11,-2.772632764740203e-06,3.976612689647333e-09,1.754420799422921e-07,-0.00031481392314253295,-0.00044207667470272757,0.0003034249254331831,-1.97074399609486e-06,5.6699557469277096e-06,0.002799540891960297,-0.008393171468068497,2.6628288310663805e-06,-2.1009487806767958e-07,-6.345025818464937e-08,2.8296815908252215e-06,-1.8913490033504853e-06,2.4064961632594946e-05,-0.00035126811481535065,-0.6512440305319793,-0.001461231974430059,5.154610589075259e-05,0.0012594837712743513,-0.0017947167301510893,0.04214528711602256,0.0002725048032658146,-0.005707884565942734,0.005932183249071884,-0.0009016398279194222,0.03272184812086333,-0.0006963717894699819,-0.012609049435523639,0.010070106729501297,0.005530431100650631,0.01867093339218388,0.12984154230686618,0.06511559466285098,-0.034144450629662676,0.0066524060703501125,0.002083726149920342,-0.04943332269622887,-0.00747265736513341,-0.1101396762470375,5.259826652148304e-14,0.35543993857794964,0.0004975986582863443,0.0007848161800715311,0.02558784641084879,0.0015980141410037482,-0.02449003779238343,-0.20208503095568822,-0.01820475278728941,-0.162838760055502,-0.06452018562030824,-0.5795219431688682
37,-4.883762194227859e-09,4.683766995391155e-09,-9.52729668389347e-09,-1.0661515058885068e-17,-1.8570155958631336e-17,5.819823516747007e-17,-1.7383343502877075e-14,-3.880520816769221e-13,-0.0008524612238000506,4.696865668283047e-13,2.2335189249013194e-14,8.111005618924844e-13,5.512403594137e-13,5.0658932176491135e-12,0.0004088880844678987,-0.0011223874679480211,-7.605544752983842e-13,2.9017081944158022e-11,2.810000062904768e-10,0.002846466653610459,0.06487301747203468,0.0004842471200792273,4.075053277982517e-10,0.0008418870355240729,0.06434564357574561,1.442574036833342e-09,-2.723922049563241e-08,-0.11206466019864457,5.205675265911955e-07,2.191761979518129e-09,3.3140292740130964e-07,-1.8723121160815138e-08,-1.7953622390060064e-08,-2.079901422980718e-07,-1.00444464459177e-08,-1.8425386210870686e-07,-9.578984779177097e-08,-1.5869919162622505e-07,-2.4442269185876743e-06,-7.325638825898015e-07,0.005402935479906856,-1.372131005095023e-08,0.004484615014101543,-6.641007998532243e-06,0.001227857388649585,0.7364169182263749,-0.1430864859790245,0.12551531397291876,-0.00044229661557941867,0.0066187498967498915,0.004528837819245342,-0.008004266495191417,0.0012399573584088532,-9.450918428868314e-05,-2.3104476701602706e-05,0.003846317594538483,-0.00017492969085628181,-0.0006804507463718456,-0.004828144870341793,-0.006362180359212997,0.0011941639187604911,2.370227301626616e-05,-0.0012836559032060695,0.006645056109794111,-0.24325869582251178,-0.00799016244004112,-0.026860478563069015,0.14956484631755648,0.013137172222900366,-0.04431235937641601,-0.0028809871798540004,-0.12284736764304896,-0.06071865930248261,0.2923201280668276,0.020632769403140714,0.06988351511647503,-0.012166636423513367,0.006390825959479702,0.0765300232708014,-0.05915683634372274,0.08672633558519671,-0.027593275120311588,0.05967270555314275,-2.781759531085954e-14,-0.06947397059762718,-0.177612883177876,0.012745960847827004,0.1512553931689704,0.2487872376685653,0.1016965884949428,0.13290947770526745,-0.003203012199582111,-0.16165526357316284,-0.08780874824804898,-0.040813234325043586
38,2.5284585557576912e-08,3.2838387002568153e-09,-2.2132491416923355e-08,-2.0885955834381317e-13,3.761432769058807e-14,3.385531040239135e-13,3.238598966410009e-12,6.832787694841857e-11,0.005546321508805437,1.6723086614648577e-11,7.678306207426941e-13,-6.494528916424171e-12,1.4985922303034115e-13,2.032442174384094e-12,-0.012431365196100243,-0.00010067809786927944,3.9697570460738466e-11,-1.2982359861144806e-09,-8.779928891010357e-09,-0.003341912539256334,-0.48803296741264457,0.0012144269826684945,1.0398113650708703e-09,0.012115087336641404,0.16006015282683878,2.5062820487145386e-08,-1.490122832283624e-08,-0.4737998610373854,1.3910426586262954e-06,6.311501352841329e-08,6.085252560484569e-06,1.8303132890398066e-07,-1.1690169352435706e-07,1.4883241035734165e-07,-1.422340546408648e-07,-1.1280067544277396e-07,-5.98596975131326e-08,-8.865519204311192e-08,-1.5122960209980696e-06,-3.113734211855939e-06,0.02221039648260467,-3.759596007617829e-09,0.0006246782646595457,-9.793795827042678e-07,-0.0002735250208821785,-0.015155156096163113,0.01563941047716841,-0.007017504650356521,0.0007952238284734577,-0.0012685310390156495,-0.00976002068564366,0.028335605115805258,0.000186686121818664,2.537268244434604e-05,-4.472681389941161e-06,-0.001944294696641276,0.00020305299250089907,-0.000906766273175969,0.006769176651611877,0.015878799261134755,-0.0026758976108805896,0.00028219810615277033,0.0022184762871090245,-0.01739767510102504,0.47059975184337405,0.012363363296205658,-0.04809323668131432,0.03870037622691718,-0.008414863831509911,0.2635605191464376,-0.003492313288415781,0.003869417303601918,-0.15999266025373893,0.12352383942870579,0.053977568568187854,0.04086657325128771,-0.07597993679341163,0.14475888879819823,0.015493669195887839,-0.01410939491056881,0.04777327291590274,-0.00757000023334407,-0.15199648608198696,4.3452061450640555e-14,-0.045591228729540335,0.002098795036690899,0.007427659458329753,0.14118863337290857,0.09723515653402938,-0.02443730910894211,-0.16255110028053102,-0.011422713247470555,-0.1649587487973757,-0.09747932266999629,0.1428573808575959
39,-2.0971205613357073e-08,1.4485316037413384e-08,-2.181981227213279e-08,1.7323073006937568e-13,1.6632833702114841e-13,3.3898109421832156e-13,-2.6789101102687918e-12,-5.653017490982444e-11,-0.004566231115228353,4.954547700514718e-11,2.49916758411982e-12,5.194681426913136e-12,2.142264403063558e-12,1.817535133718385e-11,0.010456674350083801,-0.004434702142189794,-2.377611194946983e-11,8.622261896616201e-10,7.379628442975869e-09,0.01192093376113008,0.4481287014608269,0.00771989697249286,6.648156725280908e-09,0.010270833137708366,0.28016201787502276,1.993903519896838e-08,-2.981152164754373e-08,-0.3225890929235933,9.429373881081479e-07,-9.536034469226657e-08,6.7215352310772066e-06,2.33654148771231e-07,-2.8981259588815125e-08,4.4802669520266015e-07,-9.03638475444103e-08,3.3928998158789095e-07,1.7194934944565203e-07,4.984651551402775e-07,3.964925521594307e-06,1.2943184273788872e-06,-0.011029153915736084,1.8644313167106477e-08,-0.004247669498226303,6.68960032575575e-06,-0.0010368662578545994,-0.5544785230347113,0.0717480336515162,-0.06017714197532381,0.0001672094535000079,-0.003389850513238124,-0.0022009448482176184,0.00558696621878566,-0.0005011359539519694,4.5040810725517755e-05,9.413713721964094e-06,-0.0005998641432021121,9.26057400846591e-07,-5.8749306461577106e-05,-0.0013917095148087797,-0.0028907145704947846,0.0006696787867317543,-5.744597999775635e-06,-0.0007367201691843722,0.003561760948393833,-0.1536710760824857,-0.005191120083072741,-0.01662324563485443,0.10168492189685648,0.00952149536970917,-0.04308905625309177,-0.002031804684993005,-0.10440927050664704,-0.051993579227406855,0.25295233834376135,0.018820761182853307,0.06133457210973297,-0.014949069630427919,0.0021135256425561257,0.06797550308721853,-0.05001184119986978,0.09021770803117439,-0.027564382714445397,0.0597166091979551,-2.649538425104539e-14,-0.055569525631958695,-0.1777610977182652,0.009870045984161383,0.1340946627477457,0.22011523924242216,0.09919298071092075,0.12988206932838042,-0.004704694385483904,-0.15854870666694282,-0.08833302169302094,-0.033513344310839396
40,-7.320851896252805e-09,-3.010249899171039e-08,-1.2835847656129356e-08,6.051187703593491e-14,-3.459545071906285e-13,1.9966095046193912e-13,-9.365324022986081e-13,-1.9755128818721647e-11,-0.0015532705862747393,-1.1140750337365079e-10,-5.4930291882801254e-12,1.2275090975690044e-12,-2.8100588341057366e-12,3.215051215149037e-12,0.0035601189998212103,0.006856042305861693,-7.554894326201927e-12,2.793376781754069e-10,2.515863358899497e-09,0.004720353913220584,0.12628930647985498,-0.01468866520939668,-1.2619159656808776e-08,0.005628090500047528,-0.601982611467334,1.16679758439386e-08,-1.465014492948962e-07,-0.3329302690569793,1.4899826050720535e-06,-4.39317283350746e-08,3.8016359661500315e-06,1.7304526470882131e-07,-1.02498192311251e-07,3.162727206424503e-07,1.7558563642432978e-08,5.849115971819038e-08,2.890858426472964e-08,-1.7277729825202476e-07,6.754512244719765e-07,3.4133732992492717e-07,-0.0028915736541708726,-3.3736232525902724e-10,-0.00025733908550598444,2.934982063320128e-08,0.0006220843660522586,-0.008387218182855875,-0.028164036626749565,-0.03293819565736313,-3.753752774447689e-05,0.00022695596918965327,0.0008234558185447004,-0.0018216142737026216,-0.0011313152786403924,-5.416361977313542e-06,2.5387682384245104e-05,0.0006569668489920343,-0.0006879107192957199,0.002224616331890913,-0.0015722271956575243,-0.003437152511805998,-0.001023444738179152,6.460610541116622e-05,-0.0013425748232174179,0.004324998047756797,-0.19243163639827607,0.0013055071782754504,0.11552121807507001,-0.42093685111479406,-0.029921095524733474,0.32484378078708426,0.006126731006657451,0.09145147126904725,-0.01831017875877424,0.12207560237421092,-0.017116285211200958,0.013944912089909818,-0.04667528971175327,-0.020992873601910805,-0.0833242166725774,-0.14162249727691903,-0.020997074146201066,0.005725599490207512,0.12356624094176585,-2.0993511496141147e-16,0.050048628732708995,0.13218799612197127,-0.005290459894376026,0.019992182966343655,0.029901453906001078,-0.21802489034741723,0.08916794819954695,0.01024118129760375,-0.09883537328737754,-0.13233827146167979,0.029079083307508156
41,-6.191971786497641e-12,-8.029149389449043e-13,5.456431004978428e-12,8.494965664648962e-10,-1.5307027014672226e-10,-1.37817718452003e-09,-4.44118587757045e-10,-9.021112562718562e-09,-0.00013530830965948734,-2.009701527919572e-09,-9.796722438526674e-11,-2.735072785440367e-13,-3.4587766000522433e-14,-3.854922373893074e-13,0.530537165268916,8.64509166040909e-05,-2.5780742172717864e-09,7.597304724719659e-08,3.8317548990388846e-07,-0.0003172337007218844,-0.004291947032238907,-0.07502160060769994,-6.529015484481324e-08,-0.4645155196152322,0.0016718510634471067,-9.407147850939612e-07,4.2049758519706025e-06,-0.0034428863439683586,-3.693940290886903e-05,-1.5047255397936023e-09,0.00027188909791590573,9.054963988199905e-06,1.1575787686616542e-09,1.0809161533430454e-05,2.17165364401024e-09,9.823278149084764e-06,4.7568964643302616e-06,6.560608991112124e-09,7.575622130754347e-05,8.588968566799466e-08,-0.00062017244694965,1.506719853665111e-07,-0.013580162155719172,2.259955215327325e-05,0.004172605206626037,-0.007798029895355723,0.0002089896701859811,-0.0009285124180655038,-0.019529384889186353,0.011213677427284978,0.0005746647760841075,-0.001676277778107301,-0.0020339447858338695,-0.0002544067288925405,4.04023858448732e-05,0.012274993680217504,-0.00013753611034859997,0.004398577268561276,-0.02586809419284646,-0.003204416797653529,0.0007036963482715538,-0.0012365090009404684,0.00023162430813782636,0.03791284095087642,-0.20363537122688097,-0.006777861994335058,-0.009557283986429419,0.01922919886909178,-0.0006248165758813475,-0.03638779641410679,-0.002570704131625785,0.021934061454844594,0.1285969459052693,-0.208374746950201,0.11606925130360585,0.4141293681899018,0.014467992646818884,0.2289293599129901,0.009320393887988053,0.011185530989655114,0.11422860983854756,-0.010175094516016586,-0.15881826448766306,2.1201128872565695e-14,0.11489216568184937,0.005065996677103672,-0.007595499006376257,0.0801763645575391,-0.06972363973701497,-0.019051838055243218,-0.08239448390871364,-0.06308301210099353,-0.09876052084847535,-0.11062976244693937,0.23749905564231102
42,5.135612943679693e-12,-3.5459758632041773e-12,5.3106261680716735e-12,-7.045973576386044e-10,-6.765298618729372e-10,-1.3788372618717955e-09,3.660581644310698e-10,7.4346488372921175e-09,0.00011223614428508566,-6.7110672683231114e-09,-3.4862674359798903e-10,2.277536768863161e-13,-4.6645497816928076e-14,-3.033861375449777e-13,-0.4429378835414078,5.0457831468261e-05,8.673152492248323e-10,-3.399091805135193e-08,-3.196656527409484e-07,-0.000393636866633033,0.003710779817604993,-0.30504858456010714,-2.692316496594861e-07,-0.45453654962704143,0.003492802431773332,-9.515463176670826e-07,-2.0484511123985604e-06,-0.004173961709845459,1.8107299956294135e-05,1.429687166710689e-09,-0.00010959439743753423,-5.775470096294689e-06,-5.54913385094038e-10,-1.8786712076911012e-05,5.099898927260551e-10,-9.707301485705459e-06,-4.93208432928365e-06,-1.391439381420299e-08,-9.312251093740773e-05,-5.9435504192376996e-08,0.00045722198844954775,-3.0283080515170463e-07,0.017411686874445137,-3.810795022888616e-05,0.004543090841451257,0.025376845903906355,-0.003514348086334144,0.0030814615905613773,-0.005097976842704819,-0.01931824107137266,-6.791607809344804e-05,0.00024848291564552973,-0.00652495790887708,0.00028405952425394356,0.00012144034929145094,-0.019296099560757726,0.0010156613764409135,0.005932302964008327,0.015401547746053722,0.001907564559631844,-0.0006190764791282809,-0.0007333737321318319,0.0005183474200774117,-0.0023695406870772135,0.22065946731175606,0.010577627131137395,0.11453875490469706,-0.3360635909993946,-0.012071440108171693,-0.3360473015482164,0.008713282684954292,-0.04230618144726917,0.033030367294925964,0.011330473059488365,0.005872006710788286,-0.04238095409762803,-0.08091132746233025,-0.11342513720911912,0.006628210026971288,0.12050530629874737,0.2122554763946256,-0.04011278140889431,0.06065831226999772,-1.5511812827823115e-14,0.2308679473338428,-0.17670101294864468,-0.019024293333661856,0.04055006551762105,-0.012114827607907875,0.04936858297040522,0.07758510330435936,-0.04254400564984912,-0.08887712927778327,-0.09714501664777307,0.10280697783866342
43,1.7932661085466275e-12,7.370261390631828e-12,3.126512596922868e-12,-2.4615616538118435e-10,1.4073232642146375e-09,-8.122982092174399e-10,1.2801505050854597e-10,2.6007536199622232e-09,3.867656748814331e-05,1.462376222248554e-08,7.488373692772314e-10,9.538079133925586e-14,1.2189159661053327e-13,4.462507984080304e-13,-0.1526855003707137,-0.00022162471251147993,1.8910386110634123e-10,-9.055084500056072e-09,-1.1029706930397029e-07,0.0007625534347232326,-0.0003290139601830639,0.6347781891622553,5.584115259729659e-07,-0.276772919964174,-0.0040212564338469115,-5.792009416594279e-07,-6.966328232895077e-07,-0.0024604491248526985,6.587802326233373e-06,5.229010836685419e-10,-4.483916832721673e-05,2.1174695234305245e-06,7.938664406823272e-10,2.3310912108939062e-05,-8.791384041248933e-10,-4.214035150067765e-06,-2.3229161635036124e-06,3.623449446072441e-09,-4.261937199155452e-05,-1.8946002747797585e-08,0.00014110172726984477,9.130200559377352e-08,0.003380789750100528,7.438651372219633e-06,-0.017984610263411232,-3.805975750581786e-05,0.0013938837570803455,0.0013923317223539864,-0.003281430255997781,-0.0037473901295765897,-0.00013397439987098423,0.0003564946383394498,0.018282899477669427,7.120250642585572e-05,-0.00041399404004071266,-0.005939289017153481,0.00647522268566359,-0.014718662255870344,0.0030685501164552233,0.0009404018500861936,0.00010685712648224361,-0.000590319781726028,0.0003444371725779701,-0.0010580851097444536,0.07861234293392963,0.0005133860217756902,-0.040433959489094215,0.1676506687949401,0.013498861034158439,-0.13086797772406314,0.006285133787922813,-0.07705965551400966,-0.026302624941094643,-0.023455209396113005,-0.08621922150735538,-0.06847808702415648,0.16184127454342692,0.031018108988113254,-0.27650748108174417,-0.30783266245933627,0.0031304681072751635,0.009681972074111617,0.1174377784957942,2.3354019696878565e-15,0.13788837163579915,0.12772603763375046,-0.011044209139084172,-0.11503542181091561,0.08881670916296099,-0.11607556779509969,0.04851559172100745,-0.32938928857085537,-0.06415589749700662,-0.1390285277866636,0.08326525549222119
44,5.959261504128156e-14,7.715480814729434e-15,-5.3193085429117574e-14,-8.756781612058936e-08,1.5787656592024548e-08,1.421592784865321e-07,1.4302199502542396e-09,2.7915064564132403e-08,8.17171899777537e-05,5.817141945328992e-09,3.0003974992651395e-10,3.640845907156748e-13,3.543354476638619e-14,4.249447943425835e-13,-0.5272964351284058,-8.896205560711644e-05,4.570543917692163e-09,-1.1917984707901344e-07,-3.886396384637055e-07,0.00041384517577434157,0.01395699726892169,0.0744902497182571,6.672876096954817e-08,0.46165216834228806,-0.005081781903878409,9.669640479487291e-07,1.2497390178119925e-07,0.013424875266439975,-5.030777846490539e-06,-2.43878317498783e-09,7.357503067183814e-05,2.722111988079624e-06,3.4926476156841273e-09,4.4835140130069e-06,4.733385688637116e-09,5.8755622862619135e-06,2.9281914181110792e-06,7.645797148403446e-09,5.291798203786338e-05,1.3639736648358432e-07,-0.00097917224976905,1.1874824358098917e-07,-0.01125732821123164,1.8787514669497038e-05,0.003342763826951341,-0.007424764265448658,-3.08473512023304e-05,-0.0008060911298413726,-0.013873421345306653,0.010286230655431461,0.0007188381825314687,-0.002095083035226366,-0.0017956579748499455,-0.0002235125826793294,3.7612357101456897e-05,0.011589066362492607,-0.00029682310858800587,0.004037878543487249,-0.024363139357792205,-0.003445257210135088,0.0007480103884058379,-0.001136822572467489,0.00014640565762943293,0.03629520449661357,-0.21243244606202072,-0.007048994534593247,-0.009478191101591501,0.02141014265721864,-0.0003204344615906512,-0.037239573583732935,-0.002580560829948713,0.022434391276609268,0.13090764999056076,-0.21041039935177228,0.11478873819484248,0.41603412015276964,0.016534876741340993,0.2285710406991732,0.00983868047520936,0.01185739971065722,0.11476035372550593,-0.010102293787193092,-0.15899691774390554,2.0808364409757297e-14,0.1170166729080658,0.005140019963055196,-0.007415367428401329,0.07643581907597767,-0.07255368452746143,-0.018853144975987897,-0.08026872913829548,-0.06233814635311523,-0.09687992029496076,-0.11089429922370514,0.23761485323953607
45,-4.943444155786365e-14,3.412539704292485e-14,-5.054581244790591e-14,7.263712831612269e-08,6.975481336824852e-08,1.4218809146012197e-07,-1.1710622069333125e-09,-2.2850415689838623e-08,-6.843016044743535e-05,2.1132370690595033e-08,1.1355361692367938e-09,-3.0542564343608905e-13,2.309733964521381e-14,8.468354231887787e-14,0.4444918918014416,-3.8024422682256756e-06,2.7911220845006123e-10,9.815846108499756e-09,3.269606458483012e-07,0.00022631538766321394,-0.012419224187973402,0.3072491724064346,2.7659388428896923e-07,0.46010851760209054,-0.008618997472694609,9.653382990392018e-07,-9.113262276780127e-07,0.009349299038820744,9.032050668732865e-06,3.1327926727373044e-09,-7.688511626437758e-05,-3.0263174440135016e-06,2.996224646501143e-10,-7.442806726960904e-06,2.263894347335492e-09,-5.045256495313204e-06,-2.5366156300108972e-06,-2.1577847822736876e-08,-5.11097277866769e-05,-7.569076366570045e-08,0.000602590331761388,-1.8601110357145632e-07,0.013184077399450154,-2.7837611919682515e-05,0.003112742527243669,0.033209271206985344,-0.004510464487925034,0.003914085170600062,-0.002056032242609903,-0.015625413017137935,-3.212484671226351e-05,0.00015529738140256864,-0.005306042407775535,0.00023696654454246268,9.931177992662247e-05,-0.016795319657863784,0.0008428203891333259,0.005264611803550032,0.014825133190707641,0.0019185108546491136,-0.000617517735466252,-0.0006474749050839875,0.0004990629470798257,-0.003185050871748215,0.21868424937627776,0.01043897746196476,0.11185827253533301,-0.33000008477260595,-0.012023828091153026,-0.3267503160926566,0.008621096780834238,-0.039197884557264744,0.03257274933970826,0.006676619987363115,0.004607320986030472,-0.04636727910585219,-0.08151829263588779,-0.11570202619277727,0.005211357341466671,0.12355239113510902,0.2136545605680358,-0.040124881211802056,0.06065323302415821,-1.5206044323981644e-14,0.23539605297313473,-0.17661649090960743,-0.0188789714635767,0.036444894698415185,-0.01737173512687528,0.04804360428082977,0.0761050771827493,-0.04213822268709199,-0.08690820992541151,-0.09729718660089824,0.10475968482376527
46,-1.7261652961286316e-14,-7.091573040032236e-14,-2.981909744681587e-14,2.537512919932061e-08,-1.4510590941165395e-07,8.377847019239064e-08,-4.0907932215916853e-10,-7.985501249389725e-09,-2.3472951497946485e-05,-4.495375879979845e-08,-2.3945458076111536e-09,-1.1532206059227466e-13,-9.152603596932367e-14,-4.755314462644508e-13,0.15173108520722256,0.00015293755556916502,5.195296724249003e-10,-6.268665019782428e-09,1.1178735361012034e-07,-0.0008200008432522783,-0.0022211965593685796,-0.6308988936814083,-5.669698475092044e-07,0.2752071715947073,0.016113213722080716,5.789805542934833e-07,-3.930179945279046e-07,0.009166882976246456,3.6891174927263294e-06,1.3668834471643986e-09,-3.2138338893927504e-05,-5.103111392689659e-07,2.8422882100312205e-09,4.8708827071735345e-06,-1.0420673403406491e-09,-2.0172697202785146e-06,-1.0794694436881988e-06,6.4082512109587394e-09,-2.1568933902453086e-05,-2.288195986525372e-08,0.00017725474668282598,4.70858987765186e-08,0.0026295620996333305,4.561628021753372e-06,-0.012825023168488294,0.00012465226757618882,0.0018069402917647534,0.0018859767797185709,-0.0015385433145514427,-0.0030485103486549425,-0.00014368442823319547,0.0003765292490568564,0.014859926387548282,6.056717044781627e-05,-0.0003357834196660515,-0.005144688937434483,0.005658614697781334,-0.013376468375690582,0.0031342873086202985,0.0009894677337500843,0.00012201465513948283,-0.0005320261080709003,0.00035316254899534535,-0.0015190381216245667,0.08128359159044958,0.00048464928447077867,-0.04243770346172132,0.17446847317123523,0.013944227534150045,-0.13524580708029335,0.006011054005536083,-0.07847782835785118,-0.026216820200827405,-0.02550270614469442,-0.08597560780232709,-0.07032055573946203,0.16464674008797767,0.03157185981355073,-0.27479268676226465,-0.3084210437074803,0.0034963000966446423,0.009744523508603647,0.11727255227883235,2.535064347352672e-15,0.13842594020193724,0.12759728689331168,-0.010663198721694758,-0.11534856406566225,0.08836866015585332,-0.11326659241327086,0.047396242416042435,-0.3321474188839002,-0.06312490989634949,-0.13913142084346272,0.08354990977719909
47,-6.173905654418499e-19,-3.463862935550193e-20,-1.397647691278997e-17,0.5312024666536104,-0.06899275582612087,-0.4613138825378694,8.943275446277538e-06,0.0001616245461354203,1.1505648849003567e-08,2.253383497666147e-05,1.273890804178119e-06,4.538131173987083e-17,-6.664883611202556e-17,1.7118531264742337e-16,-0.0001331900826640532,-2.57506220941961e-08,8.433789493548502e-06,-0.00017100083745921836,-1.6587462927474612e-05,1.818410221227058e-07,9.003782457387154e-06,2.7008936014396064e-05,2.6300952833006827e-06,0.00023862621388158765,-5.144632238814592e-06,2.5627647685257474e-05,0.0015392113762123269,2.0475917191270968e-05,-0.01187713505622053,-1.8064838303430287e-11,0.0653674599467127,0.002071878425480434,2.3298260728249495e-11,0.0019704239661258293,5.7294180990430057e-11,0.001183735358997036,0.0005538400849164614,4.0525914916362894e-10,0.006268813237037384,3.1997820676667235e-09,-2.2237829448076375e-05,6.7242153763350284e-06,-0.2250598520827223,0.0004248860995503474,0.0673883998949582,0.001783707709779095,4.1669550193402715e-07,0.00012750746191098454,-0.35939544720140326,0.019818066039228543,-7.52428564368201e-05,0.00022118003126865254,-0.0004824482826985833,-0.0006220468532140149,-2.3124097331291458e-05,-0.029135763292385868,-0.003904517016408599,-0.023506564594438423,0.13333041211930344,0.0002872691587964181,4.6784318391184184e-05,0.00895571897065469,-0.005074786386377303,-0.1974037911229348,0.020571962105665715,0.0010793625117173807,0.047923211661498356,-0.004160708135051995,0.013246430045605452,-0.01948535008591621,0.006267190102058278,-0.018862010683163167,-0.029728563495359545,0.15449608843674467,-0.15531620986173514,0.04552099396811719,0.21492300383905139,0.06314290119487599,0.06388852282150848,-7.87712277703397e-05,0.025945567194415712,0.014227808568647622,-0.17873288459877865,-2.6742133339525086e-14,0.05256881843979579,0.014881889490111981,0.015495341782745871,-0.1981447168597507,-0.046239757291005636,-0.0023778535380672198,0.09886275591923974,0.18063746154945085,0.0669664417740133,-0.13424098533574644,0.038824876905561675
48,5.120305188725131e-19,-1.5291867975402527e-19,-6.22388221604445e-17,-0.4405497763860899,-0.30475303713791807,-0.4612481918015387,-7.141447764006742e-06,-0.0001288624347525069,-9.597719021088918e-09,8.713247356427627e-05,5.029870631758101e-06,-4.954899329301018e-17,4.741674821188712e-17,1.061669463020476e-16,0.0001115054653444125,4.490256583772802e-09,6.188059459519156e-06,-0.0001235671631126238,1.2545768816882794e-05,4.4044702756778866e-08,-7.868509653193297e-06,0.00011155117106067762,8.118038865550603e-06,0.00023694522653668198,-7.4594351314408685e-06,8.875897204338673e-06,-0.0008819596729186113,9.84500233422924e-06,0.006094083875879757,1.9552746328126928e-11,-0.022602843825700852,-0.0012359687346416405,-6.399273835314098e-12,-0.0036219845245374603,8.71753274690556e-12,-0.001235001172181396,-0.0006221787124501483,-7.042468215043879e-10,-0.009285882781630731,-2.4386385494566306e-09,1.7659068052362334e-05,-1.944346915681757e-05,0.3660799190934645,-0.000996051721162738,0.11293862613068867,-0.0032984127888354958,0.00025566991772050883,-0.00014704958484594165,-0.1898229841320826,-0.08998280071789273,2.9237747601186098e-05,-9.206340027316335e-05,-0.009833430706914321,0.0009017065007263771,0.00018257113882809916,0.04957348618277866,-0.005870245865077597,-0.03593853454208126,-0.03817401007198212,-0.00011129204008700386,0.00011329534531049937,0.006195170615267837,-0.0018071847939568147,-0.06687352317646462,-0.03599889046790354,-0.001826167825489278,-0.07119147615409074,0.03730447143834901,-0.012601732575260056,0.05663815650361302,0.01732657774726144,0.019663574375184133,0.010908922165504435,-0.1359340637486438,-0.00036873953972601744,-0.12547302453909684,0.19446448873585478,0.005499094809379587,-0.18471752207873918,0.03175314179507654,0.03246579760203445,0.01428704125918955,0.060156987107687326,1.9415437697681546e-14,0.06968758541069336,-0.16637317526275952,-0.05042788270512385,0.20365793239873203,0.08718894802140939,-0.07324848773479022,-0.07309941854715193,0.24146150772440464,0.09286811394193187,-0.10845802723475816,0.036230440388277524
49,1.7890429011713127e-19,3.1819026585347185e-19,1.2990179810700776e-16,-0.15393024735189906,0.634116995605533,-0.27186487163330414,-2.5076371605413507e-06,-4.529105528311804e-05,-3.3077603217821382e-09,-0.00018314387960665943,-1.0525217691085901e-05,9.777498419426035e-17,1.1329079279815323e-16,-2.1140979613052345e-16,3.8283474641786574e-05,3.534000251229108e-08,3.6829604100086345e-06,-7.449356298460533e-05,4.440129660862461e-06,-3.11734550794807e-07,-1.7825091115305556e-06,-0.00023053690402335253,-1.7462955455050554e-05,0.00014250305472626788,1.6234602861044923e-05,5.887643804762014e-06,-0.000326336403037699,1.2805380803131124e-05,0.0023409011886959025,7.881270975977909e-12,-0.009864439672351488,0.0006295244986414403,1.6022074922945362e-11,0.005156406562983534,-2.266692233390165e-11,-0.0005735826272840711,-0.0003172156047546346,1.2613704461979813e-10,-0.004615064874189884,-7.955377273682312e-10,5.6169676887607875e-06,7.529489867084507e-06,0.0660281100776492,0.00029344579941053644,-0.4157809124934684,0.0002786544348926362,-0.00018393169786667037,-0.00012995693788108345,-0.1093213530580955,-0.017976590436366485,1.2361867825503253e-05,-3.536755826733316e-05,0.030908318666021884,0.00021482602721977263,-0.0007457779518652071,0.01687189630022575,-0.03477417442904852,0.08954620016461651,-0.0012703846209505079,-5.5158363101549e-05,1.8100703796268727e-05,0.005079061116960753,-0.0008754526507173146,-0.03220224222521054,-0.013114600293225804,-0.0002633081786618001,-0.010031495084592846,-0.027553570380235103,-0.006259396794364513,0.019750394176504926,-0.02834668021887226,0.022747251260694924,0.014564310271101217,-0.04691973670588876,0.09332091076932086,-0.15661377872766535,0.18708942419821933,0.029454971421222727,0.3453924090909684,-0.07617118273360832,0.009989575011053162,0.012434992257195469,0.10619438160526129,6.874818017479968e-15,0.03697254991633236,0.12067192712362546,0.04487220812516208,0.12747655870347768,-0.0719195407648055,0.1275049378606831,-0.05151777438615032,-0.07572090192824599,0.026438464416167123,-0.15158444502067228,0.02187074699445522
50,6.272660894515603e-22,3.461930489186105e-23,1.4330858003580746e-20,-0.00054390434075826,7.069965781832112e-05,0.00047319727005480617,-0.0007357945877697259,-0.012880659747305893,-5.607530145902671e-10,-0.001734708454655286,-0.00010172682554338748,-1.3909373869481812e-17,6.019927682885824e-18,-1.6676402159353065e-17,9.301099712839246e-06,1.951625421582849e-09,-0.0006265385881637333,0.012220604833144279,0.0006355240410482472,-1.8385416991474428e-08,-1.2178794657548071e-06,-2.1111936607993353e-06,-9.286313683866516e-05,-2.273815396541656e-05,1.1057079881944762e-06,-0.0007551892013390692,-0.024289740119142252,-9.128485131306082e-06,0.1686093893548491,-9.072907494039174e-12,-0.7777730678707969,-0.023561926058718305,4.688044681746857e-12,-0.018441384096972577,6.366468420000211e-12,-0.006426056311975286,-0.0027775830848055915,3.3773216408649904e-11,-0.019219523660456345,3.381151729599065e-10,-2.509860024459393e-06,-6.9103561747334335e-06,0.02453806493210504,-8.15705516104245e-05,-0.00685772535401401,-0.0006728347488750301,0.00010443343855760429,-0.00016758153011829288,0.018151181255357543,0.07642637647832429,-2.8429565385513158e-06,1.2123937820296885e-05,-0.022979033145040715,-0.00048503560514440516,0.0006797702896847136,0.032778354505507284,0.0726495304335184,0.06956023605036732,-0.3140539284389958,0.0002846209910030039,-0.0002776561555336608,-0.00840719993999347,0.008797892018345004,0.33421722230444295,0.04211613199568997,0.0014399203756646235,0.017331785156972937,-0.011425833849667947,0.017204035531153704,-0.013905007155118313,0.006912190539561416,-0.01376414548255938,-0.025716677657506907,0.10759588991719882,-0.08095930810721012,0.004123556514873931,0.1179074993796062,0.01942412327201361,0.03404968361396646,-0.0012119005855798697,0.005519185424935977,0.000968165185152029,-0.17701769008896454,-3.0550798954148464e-14,0.024355987749695805,0.016194693969873417,0.011108669745788724,-0.13235926413801807,-0.022116079620041387,-0.0002769656347313224,0.11368681515640909,0.10249319051998328,0.08139956150284314,-0.13337627676182884,0.0038455716239928824
51,-5.188719366327916e-22,1.5227003417442016e-22,6.3554077608998e-20,0.00044990566992232856,0.00031115754245850363,0.0004708122454114329,0.0005675019232423674,0.009906672276187651,4.117375304895243e-10,-0.00684792018008056,-0.0004075296377997455,8.143969216039656e-18,1.5102495215983397e-17,8.341837191796059e-18,-6.4935223237814645e-06,-5.737007002457351e-10,-0.0005341314526913113,0.010332951243638018,-0.00044268585904124754,7.612190404110533e-10,7.519347976776221e-07,-6.429079306483771e-06,-0.0003037061952517044,-1.3263289194170442e-05,5.655887228916254e-07,-0.00044706670570507915,0.009617681364310062,-1.5501158697852313e-07,-0.051765539893048586,-4.553922515432237e-12,0.06144321113141424,0.008417193291172643,3.027733495191771e-12,0.03353803932438109,1.0270901300686188e-12,0.008716509127517445,0.004469173047393685,3.9234855723411906e-10,0.05992071710777437,1.2989908701884254e-09,-9.072325739631768e-06,9.18525601303321e-05,-0.4204772120506895,0.0017353743482452371,-0.11017807944868525,0.007213278236495279,-0.0011637576496655794,0.0012552330922744963,0.11678425311045577,-0.5110510981265227,0.00011940179867913061,-0.0003526804441421453,-0.21945137194757666,0.0034269459016231293,0.006291392179503224,-0.4972876405112024,0.05799896141455098,0.141052690660444,-0.049773545831851326,-0.00041649895792297305,-7.761497765854385e-05,-0.005798507730122823,0.006654192993796062,0.2580657485130211,-0.014600158206362351,-0.000959529668233207,-0.006129523641010246,0.03971887405012712,-0.008329232581604036,0.041553044464608356,0.012195529376842639,0.011026879786507725,0.003411855889984423,-0.06581432412120242,0.028907449753700406,-0.06788763800957506,0.11559181217581951,0.011314164577476797,-0.10598322156616259,0.010784516261368587,0.00031941379621550694,0.004877345470161622,0.05929701152897874,2.291432126356584e-14,0.026171777003714043,-0.16141899435178025,-0.002794799620334949,0.09029873069674255,0.05098196634844484,-0.08284932819869954,-0.08596073273510614,0.1394054344746856,0.10803240084949225,-0.10669595216647841,0.01681831580930021
52,-1.8129530429326176e-22,-3.168528104564457e-22,-1.3262736009595194e-19,0.00015719936934148408,-0.0006474432138589181,0.00027750184541371623,0.00019825734719510618,0.0034647337079253774,1.4252840274249282e-10,0.014249568754941887,0.0008452704320519134,6.320303732836053e-18,-3.0822129362368457e-17,1.072698318070288e-17,-2.243867020980358e-06,-1.7127876232173583e-09,-0.00031264263822394566,0.006097809976647016,-0.00015484606259233893,1.927902423058314e-08,2.0096253246591028e-07,1.341751135290702e-05,0.0006343435058458524,-8.116377517922234e-06,-1.6265276475727245e-06,-0.0002664385400586906,0.0033741541896736135,-1.0961696169760408e-06,-0.018878692036904243,-1.711292997427426e-12,0.029088066329636196,-0.011816117374203147,-3.392946966327306e-12,-0.06312233479794283,9.141966565935938e-12,0.004485045929938744,0.0025542416089330187,-4.36292494353518e-11,0.032977861403872974,3.9497076245028786e-10,-2.695349026181219e-06,-4.057225143600218e-05,-0.07211193008270449,-0.0006630298503877324,0.3841048242156382,9.963938031974472e-05,0.00026545777273812157,0.00042728390829643257,0.06186098718546362,-0.10850863262998343,-8.431250582931393e-05,0.00020661240355627453,0.7042458213993482,0.0005569246511529431,-0.020369958001995123,-0.1913178789658498,0.21105018036313022,-0.29852708073886797,-0.0648787673824869,-0.00019973094274546656,-7.906735090268697e-05,0.00023898114639699507,0.0033641153208532194,0.1307312168832767,-0.003842788693165355,1.3794453603254617e-05,0.006574572865068687,-0.017886100794962702,-0.003764934281901373,0.015336511507461442,-0.017796462676934025,0.014024992049909424,0.007295410727446811,-0.01876553941954663,0.05754303335448329,-0.07874973104827139,0.09302065680019056,0.015283575146750399,0.1924735791920182,-0.0224165637291388,0.005310160745470004,-0.0012998479801065665,0.10248710573380905,7.309093967950006e-15,0.012093174411619615,0.11722486370208024,0.00036798415743384376,0.06338618125153586,-0.04136780029415231,0.1473084642899742,-0.059477111237339154,-0.02270037513036816,0.03477807918949683,-0.14943514927785703,0.008132094071901099
53,-5.445932363208603e-25,-2.9545795906755166e-26,-1.2558620334530501e-23,4.7596096246797467e-07,-6.191624787581041e-08,-4.1514164844241674e-07,0.030964118830282498,0.5238346017239506,-3.5680384552113725e-12,0.0680657382741133,0.004149404004277275,2.314065728556508e-16,-1.964161589795591e-16,1.9780550094511524e-16,1.0605203312146611e-08,-1.3679200276692136e-11,0.02432766744876695,-0.45518827026391395,-0.010964746885002527,4.1227255894759413e-10,4.449054733557358e-08,1.9762588663011123e-08,0.0014335202373345762,5.195113446045647e-07,-9.87100084793234e-08,0.009573597051958833,0.07797706281750111,-1.7361276196238913e-06,-0.3389758364914438,8.119033127137979e-13,-0.032134490381242733,-0.011597690077938178,-8.69656650291985e-13,-0.04360786857571431,1.0255728726314005e-12,-0.05459721601560207,-0.02606116757953987,2.2882354619428115e-11,-0.2962508728312876,1.1068321101895059e-10,-8.133330915485449e-07,-0.00024155079152644897,-0.03952448017231969,0.002118189611654643,0.0055359078423296865,0.0010111592551727887,-0.00021811866066433243,0.0003168315687260568,0.013061294780249649,-0.19756170058217226,5.259422744403868e-05,-0.00016391272705099496,0.05268689346683952,0.0015631847910750464,-0.0015508910474491047,0.24515384283372518,-0.226381591668214,-0.05635569060707185,0.13027820912443833,-0.0002887907818302188,-9.310218763311108e-05,-0.007488217886276759,0.004766639728569895,0.18367296981186046,0.00373257723235308,-2.532141342068456e-05,-0.04053900455594575,-0.010987631391265748,0.003015355426117372,0.0008564383284514843,0.00030857041808197923,0.0020216691468352395,0.0012605589386600305,-0.01923886833213242,0.05451371340109641,-0.0403684738310706,-0.04632929331304088,-0.03903992781850403,-0.01889351126693768,-0.002219607004099567,-0.019693946686784355,-0.015056576971973632,-0.17266821810548816,-3.353504110400261e-14,-0.015635401999605156,0.0176815423296147,-0.004036167133795642,0.025776229080398092,0.01651128032963487,0.002208572004414197,0.12598089917795796,-0.0365791724031062,0.0950656462660995,-0.13076795941566213,-0.03907028338295721
54,4.510195696230762e-25,-1.298350691762226e-25,-5.562457461804312e-23,-3.9417521738911694e-07,-2.7230512282129e-07,-4.111822265652274e-07,-0.02568347840688021,-0.4343108615883831,5.736935467323877e-12,0.3006515863695999,0.018441230142990032,-2.1297644667655056e-16,-5.617446212795951e-16,-2.368826491093454e-16,1.2849579267005396e-07,3.108471236471247e-11,0.024342712947390408,-0.45511994410712936,0.00911936391759225,-3.3277871878091305e-10,-3.802054725042006e-08,3.573499462096938e-08,0.006302103957335411,-1.96119167074329e-07,3.227437675124075e-08,0.009540125416004101,-0.06505351273952426,1.7386927074988472e-06,0.2775825599756485,7.887167945835348e-13,0.06588464959449733,-0.04471909641692204,-7.079464632922249e-13,-0.19429976648006186,1.1126956191824729e-12,-0.05189689885549533,-0.026172171650471435,-2.7970791309557185e-12,-0.29875448395240306,5.3825215052143456e-11,-4.45685933567255e-07,-0.0002957690349616317,0.04063602171934806,-0.0006739328140027917,0.010459092135325185,-0.0012177308968442917,0.0002814734041509689,-0.00034390785834945126,-0.01537715507446274,0.21244040054932847,-6.694048415201501e-05,0.00020182286915294573,0.04384936925296731,-0.001673043386814962,-0.001210256535836679,-0.16213942344020937,-0.07246349611643087,0.10263477517991336,0.2720064911686706,-0.0004984748382481588,-7.845477346739711e-05,-0.00826414627305669,0.0049907129935788325,0.1931886960089371,0.003154870049320263,0.00015103722152126167,0.06867625857541235,0.023284187338672442,-0.004063650783959832,0.005278705314181074,-0.0014160155192070507,-0.0009271659989040539,-0.0007097973826616379,0.01996420288583655,0.06805635415758765,0.016791964265900735,-0.01134737289641301,0.014802975761496594,0.00881620392112369,-0.015401715742716413,-0.038217922625691715,-0.006757732726453606,0.05845333670835115,2.5992653865538725e-14,-0.030222488402688322,-0.15474164724650383,0.05226701125284179,-0.05131242864301953,-0.0023795291706780416,-0.09263441662410869,-0.10043490015222425,-0.020242360582585255,0.12323668940406503,-0.10355061695959664,-0.008199441534782059
55,1.5761710710523903e-25,2.7026184212978267e-25,1.1609822229420911e-22,-1.377526771285692e-07,5.667718196124516e-07,-2.4247793993754284e-07,-0.008968808054767208,-0.15189386455513612,2.894489904517651e-12,-0.6253075453836715,-0.03824744685227608,-1.4393283921643325e-16,1.3852592417523335e-15,-3.4567189135067636e-17,6.100518041768022e-08,2.4919377457307665e-12,0.014266694085414058,-0.26831758008600143,0.0031860048140255827,-2.5824125490326804e-10,-1.3028232722192181e-08,-1.0629133774060818e-07,-0.013118761671855666,-5.8704791730604846e-08,9.184841077717586e-08,0.0056349355620436605,-0.022108242444371606,6.538818461510927e-07,0.09812088258468665,7.966543613214228e-13,0.00965839078729693,0.09423173938668376,-8.626067470147319e-13,0.4081422140473452,8.077570953468559e-13,-0.028849029145333237,-0.015839853961465644,4.733372130722694e-12,-0.17560284250349348,3.7660207904361145e-11,-2.959773311722881e-07,8.352816989330104e-05,0.006030435692939362,0.0011207666625697359,-0.030352575346949177,-9.990731774966117e-05,-1.024587247762635e-05,-0.00010163438698071586,-0.006209532093427775,0.05136414357943795,8.465243208108828e-06,-1.3898019818761898e-05,-0.19230566381398143,-0.0003780320701660286,0.005516051907057971,-0.023752247072924827,0.09262547519075076,-0.37304906440053986,0.07440310081357943,-0.00021936348604739125,-4.687323635989484e-05,-0.0027998143630073,0.0023980705787136386,0.09288213896652817,0.001585003331854107,8.774794401834898e-05,0.01952989365359134,0.005040326088929736,-0.001137641085278083,0.0028709269322538325,0.0022676025592320713,-0.0009437007337458153,-0.001558779320402956,0.0121853133339043,0.00296722314923115,0.03263053530812114,-0.042108183212857093,-0.004732593743844677,-0.042910889140427615,0.044606303992623164,-0.0007933978992112585,-0.01758044026485962,0.09778873312312689,7.256017583203152e-15,-0.019801612511179692,0.11264785015630152,-0.05406865395898647,-0.023997526120946324,0.007497163161521121,0.16767232405656282,-0.06801458332908432,0.03805053984528049,0.04345760145287064,-0.14592576520255215,-0.009209276444400631
56,1.3416245376237861e-27,7.155783241246068e-29,3.123172957378875e-26,-1.1816785967725143e-09,1.5386847392351344e-10,1.0352233687905387e-09,-0.03192723145345839,-0.035077330317585385,5.073749024021812e-13,-0.004513808761753779,-0.004790094257937733,-2.2450559580564568e-17,7.719065800101804e-18,4.903991211053743e-18,4.785209372287209e-09,3.378018466596354e-12,-0.028190342854905306,0.030591256101708392,0.0017727144206912881,-1.0892696834362992e-10,-1.3525566764515137e-08,-4.506169669689295e-09,-0.0002328555511409082,-1.8589376639067008e-07,5.3571163002508044e-08,-0.001549527939886871,-0.15489162628677935,1.661935957007357e-06,0.2429689917820529,-2.0496924670756252e-13,0.06250121268555406,0.028583394878469653,2.1944120136703308e-13,0.03300593018601408,-1.258098022759323e-12,-0.12595120720330524,0.6068670683610906,-2.479378127195135e-12,0.218305651374997,-6.019209446663425e-11,4.700790947836231e-07,-0.07893732847376003,-0.022039649181871637,-0.5235544737576573,0.0021669204586259668,0.0006209772764884386,-0.00013606354430481873,0.00019765152435279664,0.005478352275783173,-0.1233579562758046,3.209707002242912e-05,-0.00010011578266566271,0.03157725844462127,0.0009711426147380667,-0.0009309627576491221,0.14579451587315437,-0.13473288323215046,-0.039126173228267995,0.09711190639537946,-0.00018477668876540674,-3.230175918342885e-05,-0.003638750498383007,0.0020233039000083003,0.07831418649462386,0.0006397555374199638,9.416733969633871e-05,0.09914359328584317,0.03582136178596563,-0.010126254906931819,0.014737428226187784,-0.0007661856643368727,0.007738462251319598,0.008421136179160824,-0.06517075315087129,-0.021067200187821693,-0.04112921086639352,-0.08188923853880836,-0.049355497305100506,-0.017160863095157984,-0.0027461988008403338,-0.02455763039707358,-0.017993617728261423,-0.17250759219870332,-3.40848079886116e-14,-0.02375985699651477,0.017769689518194687,0.005000541074667839,0.11044024333097824,0.015419883122333052,0.0025317734844935605,0.12797613263423557,-0.06933648027293342,0.0981734403074991,-0.13146356843162646,-0.04686601095046423
57,-1.1118014858950656e-27,3.139897157018024e-28,1.3808270513744421e-25,9.792480449635834e-10,6.759084647436925e-10,1.0168076722438396e-09,0.026625385127987962,0.02907014431634518,-5.743927330300458e-13,-0.02010310090078728,-0.01820976319844194,1.8365723795109208e-17,2.252401571989052e-17,4.128183555867683e-17,-1.4487402650374479e-08,-4.665602201733175e-12,-0.026346391218945067,0.03068973990883133,-0.0014731352479435272,8.601305608814845e-11,1.137967782340188e-08,-5.093608454732412e-09,-0.0010185841859614156,1.1528728826038275e-07,-3.051657676044693e-08,-0.001540518103907625,0.13552506497355535,-1.454037881506313e-06,-0.19820718265739595,-6.5604820825368e-13,-0.06959161591783396,0.09380204714751388,4.0964845376045105e-13,0.13756571386634758,-6.999581590698564e-13,0.320148581104413,-0.4003625873746418,-4.528131495227613e-11,0.21905007809562532,-1.7279105469718582e-10,1.2192941072428355e-06,-0.3464170157681842,0.05490672618975032,-0.5195651652332612,0.01273082642941087,-0.001180953862728498,0.00022980160395183995,-0.00026868365802209274,-0.01732802927456346,0.14298613906839916,-4.081839821080428e-05,0.00012260258324265274,0.03691079992517636,-0.0010723116960721427,-0.001036910988039959,-0.0050759946052687235,0.07525796999031162,0.09767421167196068,0.23260989820694242,-0.0003650473614953304,-5.1039193835919196e-05,-0.005855199708784802,0.0032736842266335967,0.12677986417676665,0.0018800705966583895,4.103569181176158e-05,-0.007080703249667576,-0.003352932155323909,0.001938802250611304,-0.0028464912135881455,0.0004321235380127828,-0.002637604274919153,-0.0031095502434508857,0.023860031920295177,-0.050083657436796145,0.04382159138052318,-0.04341717834151329,0.01569516238978531,0.053657070714078735,-0.021200102642474822,-0.04606987570698794,-0.009106986630052506,0.058467685290901156,2.682359548862274e-14,-0.04230626820978812,-0.1546629133436639,-0.014126841187666774,-0.02693899470241189,-0.026622234894109524,-0.09504709583204485,-0.10373855025689621,-0.06246299019118648,0.12707239781118507,-0.10412922649512579,-0.013319689563651049
58,-3.885619385212364e-28,-6.538545179630152e-28,-2.8826582199652174e-25,3.4223788522736247e-10,-1.4073058460936428e-09,6.002892235764481e-10,0.009173181244215853,0.010179491540885986,-2.6193514965065657e-13,0.041790364673325704,0.03839132545112122,-1.0521423645412788e-17,-5.1836312444804906e-17,2.4480872153848555e-17,-6.232243855319871e-09,-5.449448350865311e-13,-0.016718358676431264,0.018023694074716184,-0.000515007867791518,5.285158043038081e-11,3.922540356071279e-09,1.764355637053192e-08,0.0021203599334731317,4.0269680129388994e-08,-3.5368938371418955e-08,-0.0009091850823344387,0.04311158150559294,-5.31817293833955e-07,-0.07147989193071368,-6.792751440650051e-13,-0.01214748297309574,-0.18705081494074688,9.215149466520986e-13,-0.2978833427040569,-1.3030505370874529e-12,0.14286799873273553,-0.12708343202908556,1.4890937660748274e-12,0.12845677223730717,-5.35675091188782e-11,4.2320974578050784e-07,0.719471696617476,0.009723110765287363,-0.3111180225038389,-0.047680036311706135,-7.10604321913708e-05,-2.523012220650589e-05,-9.036412142937472e-05,-0.008567205551308877,0.03730636139199731,1.1150861148895274e-05,-2.3447530473165578e-05,-0.16240436860084975,-0.0002561237310980375,0.004670282082179005,0.0012221675249300297,0.04204617301034454,-0.1977285781310967,0.049089096316589115,-0.00011561477716170421,-2.1889314423246073e-05,-0.0017076816573304277,0.00118695208125133,0.045937831973194586,0.0007186854567533557,-1.9369023255470968e-05,-0.034350101669383765,-0.012103232418080515,0.003783218300156344,-0.006518796200694303,-0.002393625496389577,-0.00339941398695338,-0.0019466688464112017,0.004016722046635402,-0.061509343660012886,0.057030686454123444,-0.06971238741205878,-0.008586512792365926,-0.0895633903874124,0.05655138312328552,-0.002031784263150033,-0.020490190056189093,0.09743869691510391,7.189391885250661e-15,-0.025822974484466514,0.11251417578867237,0.11643551915829584,-0.01223328710756341,0.015167235097538359,0.17180463471729118,-0.06969902311464934,0.04679931944059248,0.045339148729000245,-0.14649158366850543,-0.0124488117964837
59,9.847620214816856e-27,5.250522913764589e-28,2.29268382485388e-25,-8.674784379669891e-09,1.1295136660136423e-09,7.600792849014901e-09,-0.02942308475521217,-0.5323720597913362,2.5723545490475536e-11,-0.06906870923737429,-0.003889908352801659,-1.5686823368865186e-16,1.4061010919702592e-16,-1.0616849295315949e-16,-5.169276941504707e-07,-1.0412776693641014e-10,-0.022851573096950593,0.4626050902165601,-0.00123743496234184,1.0800815375813817e-09,8.201887956943808e-08,1.0872476543326746e-07,0.0001653996473657158,1.3678929872196722e-06,-1.240469138833016e-07,0.0010839699806130592,0.07900656125330642,-1.2336571219807874e-06,-0.3023902523787953,1.0049697590342067e-12,-0.0036608264371763063,-0.011339202725055734,-9.026872693860882e-13,-0.03769966609876339,6.910345948625167e-13,-0.021702911286467688,-0.10269766990613752,2.0653277681398352e-11,-0.2578336457416051,9.077102299511401e-11,-6.624775339940308e-07,0.010733289842509685,-0.04023692517709653,0.07470573187925567,0.005868492079805035,0.0010465326651703237,-0.00022554256682112442,0.00032835611554202806,0.012644893784367645,-0.20438805803441623,5.3952383147976495e-05,-0.00016824925988049493,0.05486044017967344,0.0016145747505644343,-0.0016147793690437528,0.2507982312301464,-0.23503912998738072,-0.05959148500314478,0.14326731150966032,-0.00030686068059077487,-8.763801522237007e-05,-0.0074794179189902775,0.004668015785236801,0.18002585578959399,0.002150391469826759,-0.00011320945839677536,-0.062177619211340476,-0.01735745078214189,0.00411126019116006,-0.00042613205126721846,0.00013496974730101838,0.0019565462429558676,0.0015472199660460637,-0.01877346024226254,0.07041274055160054,-0.042091175565416694,-0.04883641784264909,-0.0401836927426334,-0.021390951177248423,-0.0022060184949755086,-0.020123674845990244,-0.015344531139146347,-0.17251654377768944,-3.337152499423447e-14,-0.016285739681821787,0.017718448242224853,-0.006073045669821768,0.02152399146565269,0.018303626403852594,0.002234046763584064,0.12624118565718345,-0.038406055659110316,0.09518746337150971,-0.1304950665096565,-0.039865710131643785
60,-8.160791395694504e-27,2.30394476930142e-27,1.0136695363585118e-24,7.188806921166671e-09,4.961859929718909e-09,7.463498760424873e-09,0.024402677641190338,0.44144527748287743,-2.3083441798308922e-11,-0.30556887220628665,-0.017594180002825952,2.2032526695446764e-16,6.5313566199298755e-16,2.910374926325902e-16,2.5552321810471156e-07,2.5542136524708717e-11,-0.023121147835546384,0.4626326056250586,0.0009972168105292648,-1.7693676932512352e-10,-5.554405965472997e-08,3.1115208195395223e-07,0.0006990654644470326,4.3874341158805713e-07,7.929379130108045e-09,0.0010486493452117988,-0.06616150350149808,1.5410987463563826e-06,0.24438240509264977,8.395668033939549e-13,0.056397614393633874,-0.04564226852607934,-7.072280859587344e-13,-0.17087708691446374,9.598478652887245e-13,-0.0816814334028339,0.03645457053057274,-1.674348790267394e-11,-0.2641391980910605,3.0843939169179856e-12,-8.234931865825145e-08,0.0477557270944887,0.0552021951114291,0.07114616376652788,0.014091646617678838,-0.001475487123583499,0.00032559468972927013,-0.0003930632904464835,-0.01946764537794564,0.23514212669102622,-7.295536341166419e-05,0.00021975330672839496,0.05166304798199424,-0.0018351286204451823,-0.0014323146959045853,-0.15820958166226423,-0.08856917864268064,0.09672043319416032,0.2734598330266269,-0.0004888541108257624,-7.76980802939339e-05,-0.008181786995508998,0.0048541525717774965,0.18786659766601557,0.00403013780608967,0.00021470256448009027,0.08103744236496145,0.025595943602754894,-0.00459866907074151,0.004518104836783846,-0.002297471502526939,-0.0012552705582261903,-0.0005653340442507291,0.02327284637391982,0.08503239812569179,0.017022925287372485,-0.012772031139621717,0.014818279854836738,0.008099642748483637,-0.01577233962607597,-0.038818047677509425,-0.006942524935289111,0.05838775652159606,2.6009251236044847e-14,-0.031059980667665164,-0.1544224181057585,0.0630610713366926,-0.060734315329412904,-0.0016154891599219462,-0.09271325749888071,-0.10056854512573306,-0.02180062616085701,0.12330911374116178,-0.10327260021608936,-0.00860026161931393
61,-2.8520497503935314e-27,-4.7977715008556506e-27,-2.116171291137852e-24,2.512371921042747e-09,-1.0331094545404556e-08,4.406429514380226e-09,0.008523766732612542,0.1543224740131466,-8.984276296375103e-12,0.635464563737582,0.036406721028343206,1.6750764914279972e-16,-1.3750247071638772e-15,-1.2530874947349526e-16,7.364620891931254e-08,8.21226989701845e-11,-0.01342648808341918,0.27281944545243003,0.00035070164248713476,-9.88818390891215e-10,-1.6354391756164895e-08,-6.576279795266775e-07,-0.0014594549882896385,3.157674436393817e-07,1.3329266837968963e-07,0.0006214183798805955,-0.022217148625817557,6.150550677270661e-07,0.08661489012363435,7.571505568572764e-13,0.007485276828007422,0.0948325270032209,-6.453408692466097e-13,0.3594756622479657,4.163604096397398e-13,-0.040326899375414525,0.006057080700914787,5.685973763445141e-12,-0.1549683295253905,1.8881399337936258e-11,-1.6860616109056222e-07,-0.09963763488580807,0.008747056277315108,0.044223594424749574,-0.04273505447112306,-0.0001092084885459058,-1.775631279585585e-05,-0.00011754434688713395,-0.008298234192522555,0.056216663005393,1.103976369531862e-05,-1.997219009694723e-05,-0.21772215606647835,-0.00040672534357785966,0.006250124183220109,-0.019227565501389304,0.08907127044423989,-0.37515184408700913,0.07804582513646803,-0.0002193309673203012,-4.6051250476860156e-05,-0.0028817542628263933,0.0023686752042860427,0.09172624121041707,0.0018842479434145328,0.00010313851767310757,0.02711477922735887,0.008384569384668967,-0.001668237387118929,0.003491288981576214,0.003825332327259538,-0.0013082459862394996,-0.0019006250287180357,0.014625550196140239,0.009055398035749881,0.03430639310319628,-0.044354544244199795,-0.005085135329301638,-0.04717048031413781,0.04589682642768574,-0.0008851428182621452,-0.01788134056856853,0.09766859659058177,7.167029615649343e-15,-0.02036945586305693,0.11246657278583794,-0.07919815260529477,-0.029452511728534567,0.008650477385659175,0.1679622905304248,-0.06816783451260171,0.03947793106781397,0.04353194346972752,-0.14564201780590533,-0.009513486429477632
62,-2.546095057487061e-30,-1.3345324547144408e-31,-5.987567341421437e-29,2.26041450105305e-12,-2.9472980625591803e-13,-1.997347902250093e-12,0.5806229086560372,-0.033555065025092486,4.1257039466871495e-14,-0.005221481407535458,0.0860858602039415,7.646893416674766e-18,1.5132736308606557e-16,-3.5710749245232865e-16,-1.1743716242124521e-09,-7.748316596400829e-14,0.511284576641121,0.026673685320443164,2.7425266461762817e-05,3.0151823988914954e-12,5.777117056609774e-10,8.950972718318268e-11,-1.0424288123717052e-06,1.5021912485527457e-08,-1.1324660951270788e-08,-1.6081194230671325e-05,0.2128531618313391,1.4408657186207706e-07,0.044111651867662804,1.4944398421302585e-13,0.0026727216971417687,-0.04827358143548863,2.3857621965438813e-13,0.011077828167485178,-3.994676670496583e-14,-0.16599516836991451,-0.11931305934899641,-3.1337742567438156e-12,0.035425392795488786,-9.967431265955284e-12,7.04668041464403e-08,0.0037062567352782257,0.009910591954080835,0.03326237234904987,-0.0010967997449951123,-0.00030007389723503327,7.14979400806663e-05,-0.00010354201986341974,-0.0037147129967551916,0.06948185032257956,-2.013009648920212e-05,6.24506540047569e-05,-0.017636230286379215,-0.0005632076007459015,0.000520468543489328,-0.11465984413373219,0.06732110651228111,0.008150064901163151,-0.04306188617921775,0.00010331780563710954,6.788603366852456e-05,0.004033735400066814,-0.0029126102113126214,-0.11171571743162131,-0.003881825516086544,0.00022230059614200765,0.2603931728115941,0.08950217855576988,-0.025343004966073956,0.03022959361316269,-0.0019816038937309514,0.014173400771674024,0.01657034400557257,-0.11732730218882076,-0.11514121762860763,-0.040480242199114926,-0.1213359033267771,-0.060332092448966,-0.012999698728578622,-0.003586606572160984,-0.029868529421709374,-0.021110148510223133,-0.17340152928045302,-3.491792322953803e-14,-0.03265346948715753,0.017667673471916015,0.013305225280340264,0.2082646357549188,0.012806447854072624,0.0024122711848302194,0.13066189252346327,-0.10652222644157523,0.10174840844799492,-0.13249007246870873,-0.055239448999568876
63,2.110684549540666e-30,-5.842927860649081e-31,-2.640404196680782e-28,-1.873851512910348e-12,-1.292379937436199e-12,-1.9299336281674173e-12,-0.4865887660036497,0.028176787932259466,-2.3266134678983376e-15,-0.02004829843981079,0.33378317593110396,-2.1582516903849036e-16,3.5465059974897065e-16,-5.113624711484231e-16,-1.2509451213355977e-09,-6.54336248057183e-14,0.49257400750971236,0.02564258727106899,1.3302548209238743e-06,-3.197284469723662e-12,-6.098492373026237e-10,-9.390528905324464e-11,-3.1364534870309733e-06,-1.520873996732957e-08,1.0559454058310853e-08,-1.4710278433960939e-06,-0.2137929937960439,-1.4788544162043532e-07,-0.0453746512777016,1.8930564436738242e-13,0.002711337542350379,-0.14781624476415398,2.2220763151326668e-13,0.03315892744368455,-9.884759532302281e-14,-0.20622430760757376,-0.055512120665197444,4.116395667151577e-12,0.03864252767241285,6.308539916430428e-12,-3.49790499350511e-08,0.02422632879113033,-0.013371084630076522,0.04080071030151019,-0.0027859805910520224,0.0004224224392972309,-0.00010608735171674082,0.00013405438992172608,0.00542280062770999,-0.09175978959007478,3.1604210390695165e-05,-9.547857730698814e-05,-0.0149022352700482,0.0007513114152663471,0.0004009073734959889,0.17136655361026565,0.2387591622919691,0.04035280371007311,0.02473123560455004,3.0195707464170554e-05,1.0411314207398495e-05,0.0007158248946251306,-0.0007014595826484309,-0.027132465100598108,-0.0005310764053490393,-0.00012532538511627418,-0.11252862154838947,-0.04022088518485342,0.01005562746059994,-0.013811634897978828,0.0028636669763764623,-0.004765713247033356,-0.0061045957714934845,0.02797385836846289,-0.19825279369819693,0.07597714507082394,-0.08048005540352543,0.016784676579818202,0.10789931366056435,-0.02785425295187241,-0.05479410316271625,-0.011681557751042466,0.05840722732456125,2.790756536067266e-14,-0.05587326415869381,-0.1550410093442195,-0.10093448208333597,0.005051835145550767,-0.056110642146487165,-0.09803654041011228,-0.10742847217868445,-0.11178361287462432,0.13146452707377979,-0.10493846123533901,-0.01898576063586796
64,7.376455231324892e-31,1.2173538809063017e-30,5.514040711619719e-28,-6.54879517640152e-13,2.692005672760528e-12,-1.1421824252091938e-12,-0.1663733749048597,0.009585151817338001,-7.467099441869585e-15,0.04164451120409932,-0.6956255480760623,4.675650523692103e-16,-8.767991743988822e-16,-8.389376847115436e-16,-7.826998734506734e-10,-3.140141759579287e-15,0.30632079482344343,0.015960804567406117,-6.426602139598705e-07,-6.534131112643776e-13,-1.7574075512429682e-10,1.3541451169416395e-10,2.1810821441416823e-05,-4.681424572513123e-09,4.184556583461118e-09,-8.53745440378429e-06,-0.05996204777084705,-3.338544143752659e-08,-0.011724008185585976,9.685049986763172e-14,-0.00618068148901535,0.2607793567312809,1.348900502030768e-13,-0.05381906766486702,-1.2041096729660962e-14,-0.12181076407354342,-0.04102415145668863,-5.363454556982872e-13,0.021966512469569096,-6.137099738395513e-13,5.289323445715568e-09,-0.048300742585260695,-0.002048465985514566,0.020446631265157417,0.007862362674971401,3.818949025914301e-05,-7.197147774183072e-07,3.080742192418656e-05,0.0017864387496943736,-0.016979864649854133,-1.2117411842128732e-06,4.0486729478832105e-07,0.05465364134578506,0.0001294320567176065,-0.0015656688899701437,0.015440876119407592,-0.046852361343089496,0.16430442820673605,-0.028110900590512154,0.0001038955209020557,2.307562809793467e-05,0.0009497905018725556,-0.0011271254127966502,-0.043755108291414165,-0.0007389874993633544,-0.0001602646768833805,-0.10020336741894714,-0.03294199854128333,0.009685043609995687,-0.01790320474758827,-0.008035241318348051,-0.006212027160982219,-0.002293815413245908,-0.00605746699150964,-0.13751369168444041,0.08420097166905739,-0.0998057295467006,-0.012632734194487188,-0.14091504432360083,0.06932012284850496,-0.003303470277087053,-0.023557618542076837,0.09796568926958298,7.536421962389517e-15,-0.032262561234258205,0.11294008908166392,0.31907877526788647,0.002838717296952247,0.02337791526558066,0.1768245629055011,-0.07203382726795123,0.055883348331847424,0.04721640889575104,-0.14747299123811933,-0.015805377842398664
65,1.4757164941854745e-32,7.605769991022987e-34,3.5081260463236635e-31,-1.32035671744865e-14,1.7248875733284885e-15,1.1852760998757705e-14,-0.09682191720545992,0.005797904900446761,-9.69028959648133e-15,0.0009163320569560791,-0.014637024296218082,6.208283029344469e-18,-3.5841774162563365e-17,2.855545836100157e-17,2.1133732004360154e-10,2.0193363205895376e-14,-0.08628709467579343,-0.004686421032778246,-8.664098958692676e-06,-2.2397111548232665e-12,-5.24510804902495e-10,-5.4072653032190807e-11,1.691445536571092e-06,-1.9979567896543845e-08,2.1426806677130173e-08,1.2324704871191091e-05,-0.5285865852996617,-7.955089022693138e-07,-0.16919447919675645,-4.3222247948026093e-13,-0.026906111418790846,0.11689923960607519,-5.8902794775993e-13,-0.036174943975414334,4.897867622601821e-13,0.5184976014856283,0.04343111244724727,3.07997728961928e-13,-0.140450395200025,2.158085566951621e-11,-1.7320729396175255e-07,0.026559017924178523,0.011964109043260313,0.15440707812638504,-0.001592308571792624,-0.000374626250756298,8.867040452933602e-05,-0.0001301328469756484,-0.004130172307516679,0.08654990443611472,-2.428200902055901e-05,7.558997905604558e-05,-0.024851360308827133,-0.0006980482606871914,0.0007304357121016867,-0.1337322842791922,0.11622320060646947,0.021260399070662964,-0.0521069799020692,0.00012860093318465028,7.894853521752566e-05,0.0048308363381377,-0.0034384898494924545,-0.1319429897362424,-0.004383262932731027,0.00023951725683923656,0.2804261382851994,0.09617440973016515,-0.027199240367775927,0.03213238459577036,-0.0021511860698442773,0.014925429862174036,0.017530068553724135,-0.12325667865555406,-0.12431140758397694,-0.04069267971401459,-0.1253664940960176,-0.061546160595026614,-0.013039681417862171,-0.003627642973566249,-0.030373744571468953,-0.021425223717576134,-0.17348519369924761,-3.48532125623944e-14,-0.033511184853258616,0.017649387103947322,0.015291760183149311,0.21897191476994146,0.012787593197540232,0.0024042220776078296,0.13097718934779984,-0.11020792025254682,0.10207479039498171,-0.13254852023682884,-0.05610347417536823
66,-1.2235842391179372e-32,3.319669004394943e-33,1.5414219200731934e-30,1.094765954766649e-14,7.544588856644945e-15,1.1113011118640584e-14,0.08078166845406141,-0.004842973664754387,3.3747312160041865e-15,0.003416248644635155,-0.05502507587878118,9.221551213136872e-18,-4.755655231171382e-17,6.806383862532381e-17,2.464487139361983e-10,1.2388853160003953e-14,-0.08005363605586109,-0.004325783383770837,2.490887954425454e-06,2.0912475192549497e-12,4.820255211795018e-10,6.15242151369946e-11,1.214604716572648e-06,1.78530754130985e-08,-1.8334658309847228e-08,-4.674874521376993e-06,0.46465540156789187,6.902258763331057e-07,0.14807151523059336,-2.3937704935759015e-13,0.013108316092391983,0.3077279066665463,-5.613565675044609e-13,-0.10302124774010452,2.9036320634820136e-13,0.3149997309108718,0.3112192765070834,1.6142610356018458e-11,-0.12814453988334512,6.007573227489806e-11,-4.2562911201195533e-07,0.1105834563201329,-0.02693132096801269,0.16773017972069523,-0.005644367317367271,0.0007357930374249909,-0.00017268618867018377,0.0002146726006991253,0.00991489412025595,-0.14032938482082705,4.713936506052172e-05,-0.00014228787976715415,-0.025045913304056148,0.0011342051600423072,0.0006805311836521331,0.23027887710437758,0.32977651100884714,0.05541843321786211,0.0268687817918349,4.446666323116627e-05,1.548450692640457e-05,0.0011035220346596213,-0.000980240952640169,-0.037886823072235454,-0.0007512908911146624,-0.0001331293128312176,-0.11669633819451175,-0.041758708339815896,0.010354570531638808,-0.014326613803026059,0.0030069377355410533,-0.004835196454959455,-0.006206977596263292,0.027644056980182387,-0.21009427213506018,0.07839102274684463,-0.08366733650878826,0.016762171678038125,0.1118950990698738,-0.02835788593218379,-0.05550764051471542,-0.011907501402453865,0.058400034603829004,2.7981497984571187e-14,-0.05699011432105142,-0.15505506409722616,-0.10663456054000639,0.00849274416929781,-0.05829561853346017,-0.0982541723093536,-0.10769186535785236,-0.11583820740796838,0.13182340691785913,-0.10500150351824408,-0.019493909503772788
67,-4.27603288557069e-33,-6.920930290463687e-33,-3.220647783185691e-30,3.825866891620929e-15,-1.5723735382524542e-14,6.6095940646238824e-15,0.02779217773587248,-0.0016602607694798845,2.673101557412259e-15,-0.007199801700787393,0.11620023234319035,-7.452618019923876e-17,1.516355673743692e-16,1.5912662917842338e-16,1.561724116548765e-10,-3.0126804156778467e-15,-0.05116728296862321,-0.0027701449853941174,1.4103475586494915e-06,5.25773710458337e-13,1.4747461101603504e-10,-4.916927678536788e-11,-9.077870178096923e-06,5.736306971226872e-09,-6.771727787799604e-09,3.1199840899872236e-06,0.14559956732018645,2.112718017274829e-07,0.04587111281049871,-8.974231576223796e-14,0.02034430241094203,-0.6413995879040341,-6.185259011056521e-13,0.20634537888355792,4.526442704441528e-13,0.26920611541951417,0.17396354943741366,2.291223228805253e-13,-0.08553968936135509,1.9895731599127766e-11,-1.568381834898323e-07,-0.2066180375566204,-0.004399133859157639,0.09095499128046179,0.01655591544477115,6.262962934249409e-05,1.2008905659900223e-06,5.01704680467196e-05,0.003518537372489795,-0.0257547091688144,-2.493576504695712e-06,2.4391384657787085e-06,0.08364302202808861,0.00019241407695685538,-0.002399560303552817,0.019492349135685056,-0.052353575533682424,0.20980819745198623,-0.036065103525376244,0.0001285114346793931,2.828334168004962e-05,0.0012523938181151141,-0.0013926727985392657,-0.054045820478256575,-0.0009064827788510902,-0.00017559432386635347,-0.10714638684794996,-0.035128090788032446,0.010309412830269652,-0.0191332917578529,-0.008668312473525881,-0.00651330400924834,-0.002319277757111785,-0.0072072666260215605,-0.1456480354394587,0.08709931086369012,-0.10299972400643752,-0.013066337443125657,-0.14657843166190337,0.07069291321987668,-0.0034268541322908324,-0.02387697144249311,0.09802487656476412,7.550043198424123e-15,-0.032931437111604685,0.11295059017267152,0.3416980213214079,0.004502705161373458,0.02431409482810352,0.17731871860026718,-0.07228250884487741,0.05692035296994351,0.04738955482782795,-0.14752336209538647,-0.016151726745942743
68,4.587635209118542e-32,2.3639268715175963e-33,1.0907255354178823e-30,-4.105049577284713e-14,5.362809508819114e-15,3.6863847501064645e-14,-0.4556398427458519,0.027821974780780502,-6.884471784995042e-14,0.004266590735144417,-0.0671913003480584,2.821722928847477e-17,-1.3365649259638838e-16,1.5815388336120279e-16,1.9218373520300167e-10,-3.387487281387393e-13,-0.40003203072133264,-0.0221528549393044,-0.00018504708223665773,1.4226854925853474e-11,2.038161331566209e-09,5.288109022607678e-10,2.1198552145784707e-05,3.928554903047772e-08,-2.3359701005305e-08,0.00014915488677603244,0.4003931778980341,2.3911266774090773e-07,0.07575421164222222,2.959348446187539e-13,0.004828082563341494,-0.0849743273414665,4.064822138543085e-13,0.01876333368550237,-6.61653402824529e-14,-0.30973862288914245,-0.19991040078606012,-3.852542289906598e-12,0.058573788317507224,-1.2925475061528458e-11,9.254919686544616e-08,0.0038994262747279514,0.011548680140210767,0.04322848363335075,-0.0011384489434190976,-0.00034524438204930135,8.183291627169167e-05,-0.00011789599724566767,-0.004237799770600791,0.07881196308923609,-2.288096561265834e-05,7.091917723145852e-05,-0.01878765132879651,-0.0006381354493009402,0.0005556983123653586,-0.1296560344213588,0.06238569867826988,0.006067409697115187,-0.05238365869886428,0.00011863337154245427,7.169216718509853e-05,0.004362433175123239,-0.0031137779233527834,-0.11947400157223556,-0.0040478950810828775,0.00022492015692617643,0.26472458753139483,0.09093746279102181,-0.02577125742265991,0.03065190088010012,-0.00200223115075563,0.014370836201693327,0.01681667895641929,-0.11902148012153607,-0.11916201488311359,-0.04028412410732673,-0.12285628928183824,-0.060697806466661626,-0.012527671414030384,-0.0036538794103040135,-0.030091378400928372,-0.021228170866465612,-0.17346122431872069,-3.469062786676177e-14,-0.033021240285777485,0.0176702100720897,0.012919449819121208,0.21170162659650602,0.012541968222705393,0.0023920864466096758,0.1307592475161638,-0.10804620154377281,0.10189157347643608,-0.13253122314620724,-0.055553046034139617
69,-3.8067759001343555e-32,1.0328385903970537e-32,4.7975193910548736e-30,3.4063443920988595e-14,2.3481806497007353e-14,3.459058475606139e-14,0.3898702094641235,-0.02385407488088381,3.834137242162863e-14,0.01711994440671724,-0.2700465416589557,1.9767949167425512e-16,-3.817251666683385e-16,4.539518499295771e-16,2.1612831078641243e-09,5.140411509788235e-13,-0.40402778327645816,-0.022428164889258657,0.00014129261660983326,-1.149023980957635e-11,-1.7452844444052764e-09,4.497410480030625e-10,0.00010426576593297814,-2.999431918266492e-08,1.863253103434208e-08,0.00016561817474188386,-0.3643267414694463,-2.221918885789811e-07,-0.07191216432258209,3.2665452798401015e-13,0.0053345187530150365,-0.25007535047392443,3.5821101398063227e-13,0.052126838794074586,-1.3128609123293868e-13,-0.3376162151547346,-0.10662396607407415,4.577739868559357e-12,0.05836596798870919,6.569476560965293e-12,-3.4632930475904714e-08,0.0288604366895428,-0.01409491423718593,0.048199585444421204,-0.0030001214783758083,0.00043295569757782754,-0.000106829487777157,0.00013435475938417582,0.005601779566884435,-0.09059127191572527,3.084753145226368e-05,-9.318099839832593e-05,-0.014985695683072535,0.0007380974584888543,0.00040446280050011006,0.1567378295711297,0.20514344985997818,0.025970768312727075,0.0015820514655702984,6.339297527475297e-05,1.3880215743203893e-05,0.001181058995436812,-0.0009548105370384908,-0.03696535466672716,-0.0006523764943986222,-0.00013775316969258104,-0.12081276460552651,-0.043069463781764634,0.010705031743072543,-0.014623885563098881,0.0030264428038540066,-0.0049408435425270115,-0.006348338951240995,0.028591864355058106,-0.20621720699339485,0.07778512249120383,-0.08229262935759699,0.01691508727030603,0.11101508686178285,-0.028226642325736143,-0.05523777306258321,-0.011800663027728428,0.05840957016061308,2.8218702724628164e-14,-0.05656242220558027,-0.15506971207722955,-0.10639466430682938,0.006241702676803802,-0.05779599954354583,-0.09821231844953031,-0.10764157680254981,-0.11432998466564649,0.1316699257971339,-0.10495465749742303,-0.019243574754415512
70,-1.3293132190736298e-32,-2.1510239135705545e-32,-1.0013097575897293e-29,1.189480476288218e-14,-4.8885597837009716e-14,2.054516451524702e-14,0.13049882718827513,-0.007949836376980997,2.0624096977492226e-14,-0.03444285791333499,0.5456445545906913,-3.735436663798354e-16,6.845553344791597e-16,5.305340678437797e-16,1.0374381902797408e-09,7.54251772817142e-14,-0.24034297906845645,-0.013285000813476751,4.7795299941169936e-05,-6.1522759230021696e-12,-5.759281975465065e-10,-1.7946759769714467e-09,-0.00021197566664546045,-9.839282153414603e-09,9.529217826885845e-09,9.081290477302845e-05,-0.1089893089577482,-4.867564994169697e-08,-0.019296226483452684,1.8979355910034176e-13,-0.011379920480582928,0.48244252682142497,2.3820500850148904e-13,-0.09115172548377289,-2.2091665663507778e-14,-0.2212224234297328,-0.08079124750429263,-8.182182847387743e-13,0.03678700191085351,-1.342150263835611e-12,1.1057185545986551e-08,-0.06481815985781335,-0.002252078313796514,0.026971923790341683,0.009499279429795537,3.8472812509686336e-05,7.230998225947135e-07,3.3717225294675225e-05,0.002048708109052825,-0.018131920133077028,-1.80112112170621e-06,1.7533649263423072e-06,0.061740278027468475,0.00013707906529132372,-0.0017690078228773292,0.014730063371833236,-0.052153146678463894,0.1757899358207895,-0.03155526917400927,0.00011233887685108726,2.467066788363898e-05,0.001051524527673356,-0.0012114921357635818,-0.0470261724453154,-0.0007904863229869391,-0.00016546653994674144,-0.10272217192577354,-0.03374454736288652,0.009908688687757669,-0.018320132932894747,-0.008227310041060757,-0.006315328937508803,-0.0023132894488994355,-0.0063812773547751896,-0.14028404389893764,0.08518505932773608,-0.10088189935470246,-0.012770272839925243,-0.1426629642723562,0.0697690756671607,-0.0033506902871528084,-0.02366791294256055,0.0979989309589415,7.453555017944181e-15,-0.032497134726697824,0.11297976716562176,0.32600890000238236,0.0033566034218613775,0.02363737991235964,0.17702769289335918,-0.07212598921587517,0.056177137999199614,0.0472805955607427,-0.14751843463980205,-0.015924756094180502
71,-3.633194546668324e-29,-1.9043297334770993e-30,-8.543056652775586e-28,3.2254351410957354e-11,-4.2052265550074605e-12,-2.8499447074458352e-11,0.0030643362357519583,0.05740170407101137,-4.780379323705092e-12,0.007442261170033568,0.000401130580972945,3.9261370403543894e-17,-1.9762225347368792e-17,1.0611846606894588e-17,8.040063365332761e-08,2.6689447665196865e-11,0.002359287196613406,-0.04991033627233708,0.05229520181944481,-3.8371445115766355e-10,-3.795137873393851e-08,-2.4139046654796547e-08,-0.0068226338686694565,-4.778921865047356e-07,1.0166861092435081e-07,-0.04555223943742555,-0.092685315666308,3.0374702523229976e-06,0.4865701795920549,-4.599635147722235e-13,0.1037432676574624,0.015216394539805918,7.988632278248227e-13,0.06514697168497288,-2.25760337105155e-12,0.2205568880104741,-0.32030907786240753,-8.61786716143893e-12,0.4459124525841261,-1.1866256748553247e-10,9.283858541012112e-07,0.05070207005316341,-0.023697555120252553,0.3351012090887075,0.004148220249936209,0.0007634561194223606,-0.00016995709265820317,0.00024998108771420214,0.006094988291389645,-0.15693870610862737,4.04421293021782e-05,-0.00012638475538574842,0.04330055172391746,0.0012361329826089012,-0.001274217905016168,0.185943670592382,-0.1823992991901339,-0.04896986255577382,0.13944353154699868,-0.00027498171368639404,-3.816751048525739e-05,-0.005035287432469302,0.00284511162906503,0.11035929158035915,-0.0060703446948985286,-0.0005310393992267418,-0.16166925535748908,-0.0468781004257709,0.00906375039167904,-0.006764760836176762,-0.0007021682366764031,0.0015089627286645217,0.002818384709830053,-0.015705231111099175,0.1402514088603507,-0.04873030906632527,-0.05862667614721322,-0.04448414647487687,-0.031899484740551196,-0.002126076271922634,-0.02164934093490079,-0.016374962032341903,-0.17156976942913257,-3.365866162614458e-14,-0.0187158666131638,0.01792044163693141,-0.016001054639924347,0.0009904080665418245,0.025768880934679446,0.0023649807907275794,0.12695391073811163,-0.04551716059051286,0.09523315697342406,-0.12900172828629078,-0.04275195494374937
72,3.0118920996704576e-29,-8.338480666019474e-30,-3.7677256548556844e-27,-2.6738525372099797e-11,-1.8441620698803417e-11,-2.7541499105871983e-11,-0.002541579163135735,-0.04760327546023412,4.105300259977241e-12,0.03296468317500612,0.0018383130710793393,-8.72413454121318e-18,-6.800066191778791e-17,-3.855988719372177e-17,-4.5896262409818204e-08,-1.1875863248023163e-11,0.0024171485421496317,-0.0499359147297542,-0.043384102242457666,2.157258020782875e-10,2.899185781040774e-08,-4.828047875284627e-08,-0.03003468997223283,1.6864300916082873e-07,-4.27621991672401e-08,-0.04549617908331821,0.07721954216972145,-2.7615274755776015e-06,-0.4007430664919994,-1.0591883997705046e-12,-0.12200270130845607,0.052364782597719754,9.052425835567929e-13,0.28284761611597875,-1.3838900229098819e-12,-0.06842411333416276,0.32229025841416675,-7.123919014286163e-11,0.4280646013247438,-2.773019369601257e-10,2.011978442955326e-06,0.22167092561287147,0.0854854268787854,0.33027891531486686,0.020000326868118794,-0.0017914441586917627,0.0003522714839855449,-0.0004137767540275703,-0.02622361975304348,0.22639077487069617,-6.696200232268591e-05,0.00020121011077591633,0.05705459325500342,-0.0017206531016076194,-0.0015967348363894046,-0.09556353851220424,-0.10735722911789612,0.04716701864835174,0.18495525478503824,-0.0002890168024696172,-5.233801736516402e-05,-0.0052229161203208,0.002809903002904486,0.1085383949052036,0.0074235531357455505,0.000491363411633885,0.1312651033130733,0.03377355877673927,-0.006696354970044906,0.0002850016011061926,-0.006309636586897049,-0.0027587107000805215,0.00015620842987264702,0.0376153602267546,0.15904380621535838,0.017733989492802655,-0.01848260762084158,0.014753413960238198,0.004632871235792777,-0.017097490735251596,-0.040887918318582184,-0.007604548080569377,0.05801890154124686,2.5903929393528963e-14,-0.03412011363877311,-0.15263230232239697,0.10897810844880369,-0.10162495332800861,0.0018290340087344923,-0.09260754998774898,-0.10071233393756297,-0.02793443350347211,0.12299461963253444,-0.10175330756225155,-0.010079005800881894
73,1.0525866264448252e-29,1.7372758667017583e-29,7.868184024240492e-27,-9.344535147666405e-12,3.841319917476105e-11,-1.6299661891024838e-11,-0.0008878361304204718,-0.016638545490267446,1.5367071307653457e-12,-0.06854315041052977,-0.0037962110565694014,-1.529368648149005e-17,1.511396269795248e-16,-3.4543236973196085e-18,-1.4523860271328817e-08,-1.8361613369294835e-11,0.0013930233447758307,-0.02945164766778779,-0.015151696240134231,1.891132261218979e-10,9.394347358307122e-09,1.1318152030937348e-07,0.06249617637428927,4.624931038689327e-08,-8.038212389065248e-08,-0.026862751689971768,0.026452833839604485,-1.0033939597678741e-06,-0.14107267044226654,-1.164336483876502e-12,-0.025990907930033034,-0.11351723967476128,1.7078500216355203e-12,-0.5946267804331548,-2.228225855902181e-12,-0.013355516180727434,0.12090086361535275,1.5207214819057762e-12,0.2533644166228435,-1.1034102535982397e-10,7.742835663147848e-07,-0.4598061103818979,0.016314038639408356,0.1986985235347795,-0.06733146644436251,-0.00011915506191391854,-3.20501459850315e-05,-0.00012876480388012053,-0.012391221131144298,0.053024524555595066,1.472360321852827e-05,-3.0504935269146273e-05,-0.22047412338059408,-0.0003642920781265383,0.006342224466222203,7.249942979284502e-05,0.04999664280174296,-0.25934600729484075,0.06257127303872484,-0.00014491802203783356,-2.9300867663085623e-05,-0.002229608112688265,0.001515493371077426,0.05858825199111431,0.002913813092897214,0.00016154077153658188,0.0604053770517271,0.02348363251320803,-0.004043354664363891,0.006030621379882718,0.010909707983996722,-0.002955579421857923,-0.0033703163799132293,0.02525960810394339,0.03675538590906683,0.040780640271248246,-0.05305738206447812,-0.006452673142917121,-0.06456272799323984,0.05066030208922366,-0.0012299553722769857,-0.01894224000719638,0.09691982033429512,7.309789667064744e-15,-0.022464815876650848,0.11140822863994289,-0.1921928738199381,-0.053375769048722065,0.013499720900835791,0.1684162476343388,-0.0685053614090048,0.044823900263080765,0.04362072003231276,-0.1440587774049285,-0.010633941573851977
74,5.000565592868062e-32,2.576999148552295e-33,1.1886618604598648e-30,-4.474156974515571e-14,5.844449766689253e-15,4.016617283346115e-14,-0.00015538881658895873,-0.0030602555983271404,7.08856658495899e-13,-0.000395562645898813,-1.9731819890759815e-05,-1.802676355245452e-18,3.755243932065879e-19,-5.9043302492776805e-18,4.173796482930403e-07,8.458910491015457e-12,-0.00011077343238785087,0.0026490508803761513,-0.5503696000436333,-1.5146182759693596e-10,-1.608138062838765e-09,-6.70636464455636e-08,0.07173514703345296,-1.0383282253696624e-06,8.628036740641507e-10,0.4783906545843972,0.0016985703501026747,-1.4504004237634402e-07,-0.01610566355634804,-4.0512543895602935e-14,-0.00788100239993039,-0.00040167179424505605,1.141600218505701e-14,-0.0023566933314797135,1.396592708087782e-13,-0.019558629051376564,0.04115426721378114,-3.461816555904155e-12,-0.01626571063399254,-3.4823223745271817e-12,1.5712790683041753e-08,-0.005976252054560747,0.01529754821319256,-0.039869486449228726,-0.002110775927544826,-0.0004774069627395927,0.00011381805876417601,-0.0001662237705735894,-0.005747139766478983,0.11143833783568671,-3.185892076384571e-05,9.902932553817994e-05,-0.03103109518968404,-0.0009023300918750069,0.0009127350237180736,-0.1780512103765674,0.16453686948725452,0.03777581651458979,-0.019944663454195485,5.3856293559715505e-05,0.00012409268922647002,0.00567877470619073,-0.004147805461554893,-0.15810837943511008,-0.026716917539076842,-0.0015162470246032993,-0.3907317515151207,-0.11529194046555993,0.020323318672391972,-0.02216705693916938,-0.002694720575139048,0.00022501924107147742,0.005680850462807706,-0.007080698400937836,0.29786340221231633,-0.06249598309924376,-0.07965733370982184,-0.05363243128733098,-0.05505082574495916,-0.0019031307283726936,-0.02522209609531917,-0.018765975625908028,-0.17264125419841916,-3.456650235974176e-14,-0.024096445407066226,0.0181387125246281,-0.0400604274603463,-0.04834113102768934,0.042058422042346576,0.0026809934115094723,0.12999301069561608,-0.060599826171478716,0.09808322888220916,-0.1299422459659172,-0.049196842688239824
75,-4.14623186349758e-32,1.1248957233159162e-32,5.223390325974909e-30,3.7097510096231994e-14,2.5566221920668942e-14,3.765863592493802e-14,0.00012889694878054746,0.002538351221445266,-5.926747356459933e-13,-0.0017587216960267553,-9.388979530378939e-05,7.652506737240622e-19,3.8826055432033804e-18,6.338507573921476e-18,-3.476684818037804e-07,-8.472576127611732e-12,-0.00012934429662304347,0.0026729085552738836,0.45670073152464463,-5.21336786625244e-10,1.9604923493538558e-09,-2.9227125838846214e-07,0.31595682173713624,-1.0282218298153506e-06,3.0016805263660525e-09,0.4781249400736403,-0.0013933158000989446,1.0584091421785359e-07,0.013561993461432165,3.195927004363279e-14,0.005884343805292178,-0.0008734514199783414,-2.4451259911410873e-14,-0.009632860836632513,1.6829863061421618e-14,0.014298536882366554,-0.03512941440203896,9.89116994797499e-12,-0.013691828282504792,2.7607250468227923e-11,-1.9136691357426337e-07,-0.026209545967811155,-0.022000971824366895,-0.03856271441739682,-0.004577283844790556,0.0006161612986332139,-0.00014431805797718788,0.00018037463357244596,0.008109717330058741,-0.11594947458215904,3.745233391041083e-05,-0.0001132822669974254,-0.01683539942946316,0.000928359746123911,0.00045505512995832177,0.13029356322099397,0.0026029416465104425,-0.10528801714244909,-0.22986091754288207,0.0005002049255174327,5.0093788588213335e-05,0.006997103015699578,-0.004768669881578167,-0.1853664625290159,0.013961829217510172,0.0010959355999050492,0.23498248514397257,0.04824744822487191,-0.01089177492780053,-0.010753702852275593,-0.015491311678787057,-0.006235492126447081,0.0019170538642611153,0.06956656783180676,0.32515472847977783,0.0189403146547962,-0.030995459827906118,0.01444786069990885,-0.0037451875831224194,-0.01985758305460978,-0.045718632695599594,-0.009151824017715384,0.05759121629182513,2.6639956035358e-14,-0.04083001695747523,-0.152073893478188,0.20872471569169956,-0.19292993150239166,0.009776680095504794,-0.09392112478984141,-0.10226280587991578,-0.041071780871082215,0.12547806436582742,-0.10201135107980705,-0.01342487290322601
76,-1.4489603183959526e-32,-2.3451754123079586e-32,-1.0913582616222762e-29,1.296429925383393e-14,-5.328191524026753e-14,2.2398496948697744e-14,4.50257494497112e-05,0.0008869963910479004,-2.1300593923454417e-13,0.0036541948340876895,0.00019264514032560023,9.51760136925364e-19,-8.086629823598996e-18,3.978143372780928e-19,-1.2141848900455347e-07,-4.868358270237531e-13,-7.191919157371943e-05,0.0015745434855934913,0.15946977230108256,1.153560961580109e-09,6.391736499299151e-10,6.10460313096567e-07,-0.6572301298341998,-6.0606361670651e-07,-2.048863457411049e-09,0.2821272342489401,-0.0005012256087612363,3.497418730552718e-08,0.004734403700778361,4.051777829776139e-14,0.0016411309926693993,0.002177576781267291,-9.229260941270384e-14,0.02022013142674403,1.540387490596192e-13,0.005002272855323776,-0.012435358770280945,-5.932361253358493e-13,-0.008242090019185676,8.664357142164177e-12,-5.6422189884401756e-08,0.054329058732901406,-0.004245868333264682,-0.023477247093252388,0.014977059763153259,7.101931004847803e-05,-1.4277259719392992e-06,5.514495338938553e-05,0.0033762661266481283,-0.029998464401538086,-1.9719333943009245e-06,3.163997043222524e-07,0.09405959216335848,0.00022815229038033175,-0.0026957051585730614,0.02804447110770603,-0.07791641247272355,0.28047720149951155,-0.04882641010089884,0.0001869340285043716,3.537717684638829e-05,0.0015100959141249566,-0.0019257038981025016,-0.07494894765602415,0.0045944176750359325,0.0002726749050174077,0.13410177490574515,0.05770312591659311,-0.009396572151673811,0.01132549161084265,0.027130106373728986,-0.006726492498308959,-0.0066000194421166804,0.04905910365225128,0.10093551859875992,0.054297502832581675,-0.0717030205840805,-0.009436602419043824,-0.1020492170288044,0.06083766480648228,-0.002060130178075804,-0.021407622533725083,0.09713408672118261,7.399879673822036e-15,-0.027089350154068513,0.11165957307624447,-0.4491895737999078,-0.10727094800086312,0.024171653444111884,0.17265074204271816,-0.07030155524736167,0.055873549149272866,0.04519273347522955,-0.14478011732436408,-0.013172857650990803
77,-4.720168736084165e-34,-2.392996753680935e-35,-1.1358001167635825e-32,4.2563457478194444e-16,-5.575409807728989e-17,-3.935339289783928e-16,4.6834448900391e-05,0.0009594272473018654,-4.129207238777917e-13,0.0001235899749249171,5.7277874425132465e-06,3.4007467322802813e-19,-1.768683779243667e-19,4.776718675318772e-18,-3.9329940779080735e-07,-9.769114954450146e-12,2.8801897004761177e-05,-0.000823742519739784,0.5083642263519131,1.7609922372876082e-10,5.471767119148538e-09,6.426662916339229e-08,-0.06629195202999506,1.0203820043159426e-06,-1.56952957826545e-08,-0.44179322809986643,0.01394360022549854,-4.966215833953643e-07,-0.07666682133388657,3.8883316232125303e-14,-0.018787394663077658,-0.002367668816398152,-9.866560971862767e-14,-0.010356237452392308,4.0398855833584916e-13,-0.04475614019812151,0.07449909617465468,-2.3769460319533723e-12,-0.07131998148160029,1.0724832904755307e-11,-9.538521646833858e-08,-0.011379519801094178,0.018122699990184434,-0.0756491509028405,-0.0025799290839242906,-0.000572834254697127,0.00013587260782266814,-0.00019862644311412217,-0.006581498412471547,0.1324178216228117,-3.750395831632855e-05,0.00011663246410846355,-0.036865592548948355,-0.0010695488757209075,0.0010843917178032624,-0.20657209278860733,0.1918935284855875,0.04469183660251325,-0.032892986852143535,8.018872097122837e-05,0.00013649515240520663,0.006511619189540577,-0.004687829784455287,-0.17884634389454393,-0.028258747239479957,-0.0015893098081316392,-0.4076667338591875,-0.12035343683561592,0.021154233844410415,-0.023314941163236087,-0.002841222596164693,0.00012599442813019372,0.005891739706269025,-0.006411769562577452,0.3095600289306274,-0.0634861892687348,-0.08120330788084924,-0.054293280489916156,-0.05676769942126288,-0.001880469786255229,-0.02548486828845049,-0.01894157084196342,-0.1726700839648674,-3.4665549633957255e-14,-0.024495382398318284,0.01814802519220955,-0.041887028609685975,-0.05205392942704158,0.043259382329253054,0.0027150872229234338,0.13017069702334227,-0.06169558044995903,0.09829504062290836,-0.13001965875175442,-0.049663336683633375
78,3.914141785150552e-34,-1.0399795523612232e-34,-4.964805766627735e-32,-3.529517986471193e-16,-2.430262473725616e-16,-3.4858193971945797e-16,-3.884841630309575e-05,-0.0007957966909817099,3.433831695126218e-13,0.0005517952944947644,2.8521683684929285e-05,-1.4641179477746032e-19,-1.5647304432974552e-18,-4.626438073562089e-18,3.2678643115148104e-07,8.953823962361078e-12,4.268546770463571e-05,-0.0008434614997560872,-0.4217746461546481,4.6185623575516805e-10,-4.986456873867493e-09,2.7484676982078306e-07,-0.29183221973551005,9.260265909201012e-07,5.343019963342201e-09,-0.44142448143103985,-0.011621111284018566,4.5059399170381946e-07,0.06312916969583891,1.7368293893767502e-13,0.020912553399418953,-0.007826662391749667,-1.4363875119722203e-13,-0.04463226561590127,1.8760396130137846e-13,0.01994833914663871,-0.07032610493614837,1.7628441154988834e-11,-0.06685791686743096,5.857811532317566e-11,-4.1693336348706066e-07,-0.04985737437833693,-0.03133827894091953,-0.07382446541100333,-0.006678348387170712,0.0008182136138934689,-0.00018527397358725312,0.0002291968143300351,0.011036074529652076,-0.14370795528346425,4.585742379868243e-05,-0.00013859107185609855,-0.022926316571688293,0.0011423285640937608,0.0006244198711766085,0.1476386368534378,0.011869548764546569,-0.11684261474483448,-0.2622172605458954,0.000561278341303932,5.803724642012937e-05,0.007944920489513715,-0.005353352013298674,-0.20804014491831055,0.014439439284053729,0.0011407097616067067,0.24262618727680757,0.04929838190819889,-0.011200268340519116,-0.011584199181338893,-0.016170879930367022,-0.006495440682104173,0.002048194481030134,0.07194419436901674,0.3375157774613904,0.019031308258464545,-0.03193338926063136,0.014419970195465382,-0.004388425418551919,-0.020051318311341458,-0.046074613577247715,-0.009269443541412214,0.05756512313944607,2.6662904917481742e-14,-0.041327855809297535,-0.15202002349689908,0.21604381864244804,-0.19972371501815223,0.010373571078253908,-0.09399444176885494,-0.10238054084267552,-0.04203534997348558,0.1256740810099145,-0.10206053499477172,-0.01367519795508141
79,1.3678015489437262e-34,2.1700333285404953e-34,1.0381581707585926e-31,-1.2333972193177461e-16,5.068449975234358e-16,-2.0944069930012697e-16,-1.3570172539520623e-05,-0.0002780441683957563,1.2198451750896613e-13,-0.0011454707720437848,-5.807050412883023e-05,-3.0858768901036003e-19,2.514147866452877e-18,-8.724531707157054e-19,1.1408747565554654e-07,1.5898429844620089e-12,2.2605761599967453e-05,-0.0004956451591288545,-0.1472755870271582,-1.088606992459502e-09,-1.6506839175587772e-09,-5.754988549214149e-07,0.6069894340717211,5.533352932876156e-07,1.1832129279913818e-08,-0.26041535383152714,-0.003982771020982747,1.6345263532843634e-07,0.02219921745954664,1.885850696500295e-13,0.004813932061612929,0.017128525577249074,-2.950929796830489e-13,0.09388872435779876,4.0766787317436433e-13,0.005489019435890724,-0.025823291678198558,-6.410148311546389e-13,-0.03970039280189495,2.1272395446282485e-11,-1.4554555157023193e-07,0.10339585377768579,-0.006078316274078284,-0.044694730758022605,0.02213310159950251,8.691129315374598e-05,1.2871733747393284e-06,7.036644879369623e-05,0.0047398312870974915,-0.03672419884753866,-3.390997992622008e-06,2.9952005921916215e-06,0.11972450017012548,0.00027580670223478337,-0.0034334004427251574,0.02999847285785825,-0.08766144689008949,0.32251851613667537,-0.05768322522130009,0.00021282266153747873,4.039046201110702e-05,0.0018055600238063765,-0.002193116559186251,-0.0853253038357339,0.004713981168465482,0.00028078394199371984,0.13955742955622,0.06024012959624251,-0.009793460799130493,0.01171180888283467,0.028333282898230935,-0.007007454005712361,-0.006838229734122374,0.050830959075527746,0.1057758363866296,0.05528530120400884,-0.07308218055268872,-0.009658612695179192,-0.10481736481182378,0.061578239726869564,-0.002129056560037359,-0.021589979670847182,0.09713804147595377,7.45687982362087e-15,-0.027434646047958325,0.11165616932558758,-0.46825036280455684,-0.11129593845904058,0.02496524819054417,0.1729414050662819,-0.07043127555572792,0.056670451986398813,0.045330484459677974,-0.14485210277363939,-0.013364573247291891
80,6.270331640401709e-19,3.637630305861479e-20,1.396729390911057e-17,-0.5312499066968615,0.0690286711910412,0.46180081681687424,9.72458876876409e-06,0.0001752838024591128,1.0940228135239387e-08,2.43602072048827e-05,1.3811605885069693e-06,1.8408561401880647e-16,-8.027518404826535e-17,4.05289110840067e-17,-0.00012831092522889336,-2.4842040314502286e-08,9.088767231578537e-06,-0.00018375161740093255,-1.7245401601639126e-05,1.763596550637927e-07,8.797200324002462e-06,2.601051238506509e-05,2.7249080541190888e-06,0.00022986318027933103,-5.031847645555269e-06,2.6385729727334852e-05,0.0015635077859135684,2.006077207290369e-05,-0.012044295562572312,-1.793114138407922e-11,0.06612020329696877,0.002094623786579769,2.3062037798789207e-11,0.001988003178273626,5.684629912279622e-11,0.0011898614198342196,0.0005565090971353907,4.041769531858265e-10,0.006287732075667709,3.1841516801022086e-09,-2.2128951968749197e-05,6.731920067597923e-06,-0.2248577850854717,0.0004247053990954663,0.06727960589212811,0.001783858599401079,-3.1585434901463656e-08,0.00012777253305838382,-0.35779679512984974,0.019738373121386585,-7.511290910100615e-05,0.00022079605465100452,-0.0004401053177626777,-0.0006134117751060164,-2.249972833583536e-05,-0.02921886313482344,-0.0040320604940186425,-0.023645857955403023,0.1339832890261253,0.0002868147914182632,4.732656734917689e-05,0.009001736186435034,-0.005094160736000962,-0.19814252894752052,0.020517475496866028,0.0010780472279338918,0.04796114910028086,-0.004149196994631947,0.01325956049485017,-0.019494789732113074,0.006276751245970964,-0.018865078754730723,-0.02971861891468001,0.15452602601062304,-0.1553926345221833,0.04560865125563764,0.21503856900359483,0.06321603358714356,0.06392459809182394,-7.648402587140011e-05,0.02597709917199945,0.01422695865115153,-0.17873517610087647,-2.6485649196428126e-14,0.05261383689184396,0.014879445185272112,0.015499515186735306,-0.19820849715550423,-0.046274848379027324,-0.002382130744526729,0.09882958903113154,0.18072239960596223,0.06693384316099942,-0.1342410280996489,0.0388899531890953
81,-5.200288259604627e-19,1.6061727476447839e-19,6.225627721801665e-17,0.4405892041515518,0.3049117626470678,0.4617352235993213,-7.742721982076462e-06,-0.00013934486464862547,-9.124059696909791e-09,9.43427818930737e-05,5.459600416783494e-06,-1.1618600728117903e-16,-1.6296074725258344e-16,-5.934960993677444e-17,0.0001073895740308207,4.538343104706651e-09,6.7471176034339856e-06,-0.00013436030626824146,1.3003737456705445e-05,4.096939155819798e-08,-7.684212466211091e-06,0.00010743148055095402,8.427806662433872e-06,0.0002282014921272499,-7.265884505438562e-06,9.320687800150595e-06,-0.0008917838290441534,9.54679875841796e-06,0.0061473058596867225,1.9392747867162662e-11,-0.022676211926475676,-0.0012444849122690282,-6.42578718239636e-12,-0.0036539598593064546,8.498591769201724e-12,-0.0012430324459158386,-0.0006262720867009452,-7.014044622937769e-10,-0.009337745176525181,-2.431106327695609e-09,1.760019376388186e-05,-1.9509718741392333e-05,0.3656497512569041,-0.0009956200460393028,0.11269345665537377,-0.003303837828800243,0.0002572812368655905,-0.00014929884978267028,-0.18875433536302016,-0.08871543708584832,2.9010516785072734e-05,-9.137719842678308e-05,-0.009369310432748069,0.0008870644474359107,0.0001745789681114968,0.050540258018377374,-0.005975359903382779,-0.0362062730441963,-0.03814453021879437,-0.00011059668049010976,0.00011348870658020686,0.00623354173372589,-0.0018191583405036788,-0.0673362183690267,-0.0360023727359706,-0.0018261262791380054,-0.07126416625247813,0.0372649567634128,-0.012620885306786608,0.05662098402627539,0.01735446115865843,0.01966992829663359,0.010921600935831036,-0.13601656830465314,-0.00040763068102501316,-0.12554373362071455,0.19454889851282758,0.005481705501060998,-0.1848062434578342,0.03178896591167907,0.0325206811413919,0.014278977282426419,0.060158634647466486,1.94075124267427e-14,0.0697614340710206,-0.16638212557600762,-0.05048886718356434,0.20379687831905902,0.08722829340300643,-0.07322658815436549,-0.0730708231978264,0.24157528297835873,0.09283347092977895,-0.10845996522163799,0.03626398588675537
82,-1.8169761373259145e-19,-3.3418803044220007e-19,-1.2997830376716e-16,0.15394400054460844,-0.6344471329189945,0.27215185748761334,-2.717588715894478e-06,-4.895540154916856e-05,-3.145323901091823e-09,-0.0001981439011374407,-1.1416321083639884e-05,2.0147552759262617e-17,-1.289335187601756e-16,3.353076768891778e-17,3.687885868517407e-05,3.376283693852188e-08,4.0101915321663915e-06,-8.086267442691801e-05,4.600275072109451e-06,-3.0080641626609315e-07,-1.7500179037188565e-06,-0.00022208010374939497,-1.811013655313111e-05,0.00013727421307743138,1.5875414993145096e-05,6.1531465199508e-06,-0.0003297943329764603,1.2516330299910487e-05,0.0023603927758059605,7.81085514309613e-12,-0.00989845181774776,0.0006405975338858197,1.5834360438907537e-11,0.005215276632030923,-2.257930982600249e-11,-0.0005776683296000204,-0.0003195261362628696,1.2523881719140115e-10,-0.004643262739588459,-7.932729553852903e-10,5.599755852548635e-06,7.558203470520342e-06,0.06595094702100834,0.00029332035784115614,-0.41488856232110305,0.00027701937255190045,-0.00018395592701989146,-0.00013047419561583245,-0.10871634462329295,-0.017697988602208697,1.2540734585238202e-05,-3.581019481733333e-05,0.029404800123416622,0.0002112738313805582,-0.0007113009034093583,0.01724251941351068,-0.0351710571216824,0.0901298520198358,-0.00117157171116982,-5.481670606346104e-05,1.8252980888713285e-05,0.005106952775675338,-0.0008814338521318197,-0.03243404114405363,-0.013117732185632858,-0.0002636235657687378,-0.010057888350918549,-0.027546764717271188,-0.00626381089291002,0.01974083231506625,-0.028382509441838167,0.022749506717599503,0.01457028088462974,-0.04695626874020043,0.09335284543405847,-0.156711562416956,0.18721608290601663,0.029474776923969742,0.34554390244788646,-0.07626356866860036,0.009992215330973067,0.012438434260415979,0.10620121305615159,7.0437279224400274e-15,0.03701574593974915,0.12067828760093333,0.04492659064634177,0.12754147833094734,-0.07194651385781323,0.1274598146424797,-0.05149950974408205,-0.07581391658030338,0.02641980789332547,-0.15158725204506796,0.021895760609713343
83,1.1333048994159047e-23,8.667901216177959e-25,3.575306070090309e-22,-9.826614356806817e-06,1.7700467365115996e-06,1.5931527225520305e-05,-4.106860741588341e-09,-7.651544539004079e-08,-8.435173526109947e-12,-1.474203935488967e-08,-8.091733363898089e-10,-1.3465638057018196e-19,-9.725303033723468e-21,-2.078148364418431e-19,1.2957429190003512e-07,2.7415290267453392e-11,-7.262512489041838e-09,1.5231108295110156e-07,1.597416622351065e-08,-2.460177666976861e-10,-1.3664216835990348e-08,-3.613591597504743e-08,-3.495685815557831e-09,-4.3913572581088005e-07,1.095626108035659e-08,-4.686522316790326e-08,-3.624896002192559e-06,-5.799753564675109e-08,3.139250017915631e-05,7.690843109009787e-14,-0.00021310743568645247,-6.964330232796784e-06,-1.1421848286082261e-13,-7.566508926816427e-06,-3.4063354849218335e-13,-5.426392572069246e-06,-2.564949031923375e-06,-3.0706713466704824e-12,-3.34586392860539e-05,-2.143154692897241e-11,1.4683836106444769e-07,-4.716982763555892e-08,0.002501525431358805,-4.464774676958601e-06,-0.0007188403122574693,-2.669146336203574e-05,4.7625642439775693e-07,-2.67782543201673e-06,0.004330696984176249,-0.001983730224119913,1.4206567144227602e-08,1.2543939552431082e-07,-0.0008741890797758462,-0.19906134365605338,-0.03114806258580261,0.0003719166489715309,0.00028138415388011723,0.00036494883031390187,-0.006441862028394823,-2.1459440459011534e-05,6.072775599161393e-06,-0.41208817681209076,-0.0001544125289709686,-0.005827298314576738,-0.005230497051766945,-0.0003941087088294932,-0.0520237672212168,0.02134554060860338,-0.7604228000812646,-0.028369388043300213,-0.27013169963204137,-0.005964968693871134,-0.0078114672042477185,0.022757101684535055,-0.017411586862056,0.015878977564031362,-0.019845935211723127,-0.003190091082948674,-0.008798781186152328,0.004547178651434773,0.07886369328521886,0.35138362018954594,-0.00997454025061486,-1.2063969143818736e-15,-0.019315095638334674,-0.001048108972922653,-0.007930937033292569,-0.03234528086558198,-0.0018564488822857246,0.0025844842184108395,0.003623224096879783,-0.0026543527352992946,0.013500317834043851,-0.023465714367912404,-0.023777393238131106
84,-9.39913043781076e-24,3.827155644221862e-24,1.5960074428857881e-21,8.14974283666364e-06,7.820039829700093e-06,1.5929253380963397e-05,3.2806177035476084e-09,6.102816563261287e-08,7.039576492255302e-12,-5.7215401268270805e-08,-3.2069916663715905e-09,1.1044943257944394e-19,-4.757892039807544e-21,1.4686870797344775e-20,-1.0854191057698125e-07,-4.913821982071446e-12,-5.323685182410435e-09,1.0995090655449349e-07,-1.2093561662414903e-08,-5.781877256259494e-11,1.1944270196091693e-08,-1.505827945904199e-07,-1.083716611946899e-08,-4.360410694073742e-07,1.5802276069833933e-08,-1.6095225210340494e-08,2.0880492025016016e-06,-2.7746412836216397e-08,-1.6227713016119087e-05,-8.313756919124268e-14,7.496425871837818e-05,4.155532416222514e-06,3.1542448248768225e-14,1.3499367941922328e-05,-4.4678235963971354e-14,5.6611223112066464e-06,2.878577123536617e-06,5.148080552028238e-12,4.914180554116145e-05,1.645458372441532e-11,-1.1726841493708112e-07,1.2850181298948184e-07,-0.0038502432666344603,9.600754300550294e-06,-0.0010795058598018054,4.3660786830603234e-05,-3.847128964680962e-06,2.7929719616303094e-06,0.0020383419030580666,0.0027737195651484554,5.580115175584851e-07,-1.6510325662043322e-06,-0.002467314645516703,0.1634176744263644,-0.09492569901093655,-0.0009260323324739296,0.0003329109929000687,0.0007057274041468331,9.002219092282349e-05,-1.588548030588642e-06,1.0135046676581618e-06,-0.4299529676829182,-0.0004273378703454295,-0.016652421463895662,0.003656135938492118,0.0003426073824491912,0.04219871295607521,-0.0249271763663682,0.5649540405145184,0.014501688661966087,-0.5663467105501716,0.00034290876144607254,-0.0007449725313193073,-0.01676947118930021,-0.001962307314445891,0.002240626672219143,-0.021542613590495033,-0.0072115814235530935,-0.037322944194215904,0.007147433924861686,0.07962555543249362,0.35283549522621166,0.0019905313194653576,1.2146162247903153e-15,-0.018246194390167392,-0.010962213793870367,-0.0352991309998391,0.0168835612261874,0.012509117373424852,-0.0016671151957817095,-0.00546833170057115,0.003706537411647237,0.015028903971525122,-0.022058905720786365,-0.02400470464617626
85,-3.284117590010807e-24,-7.964040091541939e-24,-3.334211076876504e-21,2.8476004541594635e-06,-1.6272944224937495e-05,9.39035195159043e-06,1.1522710764446258e-09,2.145550002521388e-08,2.4276768507502934e-12,1.2052905374176664e-07,6.725134301175996e-09,3.8101161006178936e-20,1.900100309291118e-20,2.1653332436961795e-19,-3.729911886365484e-08,-3.7585456658852806e-11,-3.1836881119374405e-09,6.661257245756636e-08,-4.2815348645567315e-09,4.2146253678454025e-10,2.720406152048836e-09,3.12611069362267e-07,2.3427676290740597e-08,-2.6448659346389785e-07,-3.472331734620009e-08,-1.0856440117907977e-08,7.703999940576875e-07,-3.644961576217998e-08,-6.200226161003705e-06,-3.365780558394732e-14,3.2141231813219766e-05,-2.0778382716507045e-06,-7.751053664202109e-14,-1.9227966213160154e-05,1.3259065166153725e-13,2.6317529409653274e-06,1.467485389548163e-06,-8.288076722174518e-13,2.451525066460529e-05,5.402577434559575e-12,-3.762043344059563e-08,-4.769935211612575e-08,-0.0007626735113231572,-2.554609798675918e-06,0.004432176663376978,-1.7836979088013143e-06,2.5014344008975256e-06,2.129241762130263e-06,0.001303267236392591,0.0007260281481635016,8.216286038732798e-08,-3.34325477819677e-07,0.0042165091107308535,0.05571338726860058,0.17215132163761465,-0.00038591378841338513,0.0010028804683288141,-0.003152398881431667,-0.0015603022421884708,-5.812439730711023e-06,9.284965008298584e-06,-0.4883915258814128,-0.0005423687357060231,-0.020986749099692007,9.585312009678189e-05,6.358739915118655e-06,0.006682515934574886,0.003855217925832006,0.15328115129500614,0.01205968059386873,0.7483728097084192,0.004789952173133073,0.007598776880664946,-0.004462566468105828,0.01891943105077209,-0.002292765088402803,-0.024594852833160114,-0.005819885497654037,0.032865965584028316,-0.001835827791161515,0.08000516656682191,0.362205258226516,0.005747370958594882,4.772609004805629e-16,-0.021676294687681286,0.006448609241311606,0.038947290135054324,0.010609133705357493,-0.00860087719594832,0.011192339731618659,-0.004725407134686275,-0.029957732427480368,0.010901228172570646,-0.02470153862919121,-0.025993483805328562
86,8.865548820174344e-18,-8.489530725064689e-18,1.6920660033876976e-17,-1.312776766154286e-11,-1.7488687825484098e-11,-4.79691767633243e-11,5.222896679885693e-12,1.0504407341799255e-10,4.854146193473444e-07,-1.3502216114273357e-10,-7.045433057559693e-12,3.272579621739038e-15,-2.531595443775311e-16,-1.044311605681533e-15,-0.00417019680772302,3.906360310104418e-08,-2.3265016710328644e-12,-8.460022410361559e-11,-3.037361735868627e-09,-2.9479659649636776e-06,0.00018035035391009924,-0.004016462625349768,-3.57762367122548e-09,-0.008111571584279907,0.0001762919216042399,-1.68813439488228e-08,2.031650482375088e-08,-0.00025016006225504403,-2.251226331239311e-07,-1.2223821899197575e-10,2.345115709446699e-06,9.481452495685745e-08,-1.33997001989225e-11,2.6106134772538234e-07,-1.2166733163413586e-10,2.1088698435486442e-07,1.0696465871439548e-07,1.3892873409144174e-09,2.4435364062260393e-06,4.462086197594771e-09,-3.5068347148810224e-05,1.1032620227977763e-08,-0.0011317806510845287,2.2675144269587103e-06,-0.00028102934328218655,-0.0033336551783875856,0.0005016225244869406,-0.0004406093255769859,0.0002020492070925549,0.0019133424572545439,4.245438254659121e-06,-2.0493352487468045e-05,0.0007395627894686452,-2.982762207372183e-05,-1.3797009462060772e-05,0.0029255794680835283,-0.00018019574339755642,-0.001410556113163823,-0.004494337705188666,-0.0006981664293973036,0.00031130324370643776,0.00025643647789964225,-0.00023041221976782597,0.001467677295424827,-0.14584538181861648,-0.008216640316218254,-0.10935221408595153,0.3396419496388779,0.013222427985938506,0.431672136075965,-0.013906909410821084,0.09815644098428505,-0.07019886431583573,-0.03279924675866179,-0.06996607447815453,-0.19671982299661497,-0.19842307535584303,-0.2299590000292055,0.052543571667969025,0.2286630588559774,0.2897402173548854,-0.055185290967218414,0.0623170691556686,-1.76013165207584e-14,0.379655034584991,-0.18059414267877358,0.03736301187448114,-0.259922083406796,-0.23373317936065993,0.05218931371570595,0.08422547058246235,-0.11961973411779958,-0.09254992141169603,-0.09891667610550237,0.15576045287383333
87,-8.031809438286311e-18,-1.0383410971898679e-18,7.324383495483226e-18,0.0006393642573637449,-0.00011529704589486764,-0.0010384670804148084,-2.976624346736922e-07,-5.535619582814841e-06,-4.5877394305336565e-07,-1.0817875645219628e-06,-5.948183466178033e-08,-3.1862695308671464e-15,-2.845510515372988e-16,-3.709222117741551e-15,0.003990518342580052,7.024639880812158e-07,-5.334031495292707e-07,1.117324463866451e-05,1.1416512704629612e-06,-3.871139492654409e-06,-0.00017021315414485555,-0.0005758487247931963,-2.573838890235206e-07,-0.003731998133648917,6.746612814222855e-05,-3.4849603917054354e-06,-0.0002739181678352734,-0.00019808108273534995,0.002410181282458427,1.1636690087373588e-10,-0.016960495525236322,-0.0005560655602367403,-1.2868176475628306e-10,-0.0006119283565742865,-2.481503592249272e-10,-0.0004674529375818575,-0.00022162043294267044,-1.2037226470225279e-09,-0.003022887322227921,-1.159263225215973e-08,8.200625029396241e-05,-4.62311007233426e-06,0.32734360562636183,-0.0005480307330803166,-0.10893908886811147,-0.0007056294430155296,-0.0002883693339045707,0.00023208318978195917,0.6853440329559556,-0.15651700182522207,8.343168069387599e-05,-0.00025105313613385955,0.031368896703309286,0.004538564837687936,-0.00041016096531241287,-0.12342835702943539,-0.018300894710316293,-0.050350693314189836,0.24783394462635036,-0.00012110552151138761,0.00018000633735968543,0.014429131537919448,-0.007449452316936067,-0.2849928500326681,-0.006422630962822769,0.00020006302788954422,0.04969971312333881,0.004400449777913361,0.014651840185298685,-0.014146661251879019,0.006394133227160333,-0.015130480417378916,-0.01896164533733344,0.13342659774109764,-0.14198221249544593,0.07595350291235822,0.20594095189242909,0.07877406349691998,0.06435046859757,0.0011128767099374541,0.02858385496837572,0.012857042736313093,-0.16568654126278407,-2.0886902550589075e-14,0.05250385454076643,0.013430433523998666,0.01543702249543301,-0.18504194568616833,-0.05039303076425978,-0.0037740786138800767,0.0757228630360081,0.17134626660519464,0.05416736681398678,-0.12351081173722088,0.051779607734904184
88,6.662120413278589e-18,-4.600403349937753e-18,6.572469301418538e-18,-0.0005302532494903595,-0.0005092872988416006,-0.0010383195787911788,2.3701414475102933e-07,4.400937377260815e-06,3.827031665679385e-07,-4.189075761430094e-06,-2.3510582262640718e-07,2.652594987643046e-15,-9.452926314591581e-17,2.23835750204548e-16,-0.0033413450042968384,-1.2141629018962667e-07,-3.9558458041598867e-07,8.160965272346959e-06,-8.613656979902658e-07,-9.61759673423077e-07,0.00014895994155732199,-0.0023804153982563726,-7.960684851762459e-07,-0.0037138749849204467,9.96009001247866e-05,-1.2258885575391916e-06,0.00015678641939097316,-0.00010203867470255275,-0.0012366714140982708,-1.2108860445079163e-10,0.005897045742861583,0.0003324842477750664,2.9642230547645105e-11,0.0011220279451811008,-4.680593096152448e-11,0.00048584005636772724,0.0002476673419665491,2.078760431405961e-09,0.004419595045527666,8.020901377844382e-09,-5.9629282854925023e-05,1.2923727246580395e-05,-0.5088438913142361,0.0012178818827597367,-0.17060836095850476,0.0006921665109998668,0.00039289756942889836,-0.000638748915452728,0.3344624284340111,0.44138302603777857,-9.336411702730157e-05,0.0002823824797793559,0.1492721483253051,-0.005678044837755746,-0.0027238057816486696,0.3028624737021989,-0.020665976336295265,-0.08115098159275382,-0.05864825900500194,0.00021526131997224934,6.65132175679354e-05,0.010314842301059814,-0.002840055388946909,-0.10924235065956277,-0.016081406762012668,-0.0009361426830156303,-0.0700827070088658,0.01005524316162316,-0.015144634350474955,0.032889482717891785,0.01980677894586779,0.016286327631896642,0.010758373945346587,-0.1293337747684474,-0.005894862298421144,-0.13096968393461128,0.1784211130949364,-0.007206035249273666,-0.177169023125004,0.03849345321105889,0.04313773533438058,0.010161991306948809,0.056062949219206785,1.5278704333110574e-14,0.07945791520775126,-0.15586697502057015,-0.05482302438603377,0.20211635526916225,0.08392237217900507,-0.059459166861443334,-0.054753047910423396,0.22821497824188436,0.0770765954761204,-0.10059280933374276,0.036441120079160394
89,2.3266912314454894e-18,9.559608262063543e-18,4.1779449303682936e-18,-0.00018527305199101727,0.0010597028588552966,-0.0006119970658088293,8.318908010259695e-08,1.5461676886689515e-06,1.3189887748378352e-07,8.798474729920352e-06,4.916349711393462e-07,9.793843175717064e-16,6.075331599499365e-16,3.809179825315693e-15,-0.001147129186988882,-9.661367602341554e-07,-2.3515263100376297e-07,4.912465438716128e-06,-3.0470295373664575e-07,6.66948480243693e-06,3.3559722829090645e-05,0.00491886708304158,1.7108789778003516e-06,-0.0022329505269564056,-0.0002149045194785876,-8.10625914898306e-07,5.798844778606346e-05,-0.00012855404948713484,-0.0004748098069215385,-4.93132940521523e-11,0.002569957205581603,-0.0001676121262139411,-8.696589416000681e-11,-0.0015902495124462922,8.93598905615384e-11,0.00022508419617639865,0.0001258907112766783,-4.2802468150239026e-10,0.0021889019546189247,2.6460049324857733e-09,-1.9147372364748436e-05,-4.935306854435391e-06,-0.09331929394477502,-0.0003458368262407914,0.6368728071585831,-0.0006669720166546135,0.00011058526654948563,-8.072157224476759e-05,0.19477168725556665,0.08835593222200469,4.380143831473577e-05,-0.00010465156130265905,-0.45376183757529687,-0.0014102832176478405,0.010348348915621083,0.10701956024745561,-0.11377684467967847,0.19688159246255865,0.003574264704218583,9.545868667830298e-05,3.193704873885214e-05,0.008304803047176757,-0.0013665775963081083,-0.052635539976087845,-0.006017212458678959,-0.0001960952022543964,-0.015182552155866051,-0.015601151482331916,-0.005723140563349196,0.010650350353159033,-0.03031376420798768,0.017002053083512478,0.011589578321065204,-0.04649190063946864,0.08378733539629615,-0.15868755264565412,0.1889576073775262,0.028123619646569457,0.3160697617604867,-0.0925790555091887,0.00821379448293436,0.012060940207150603,0.09984276566149304,5.76047649703107e-15,0.04280115524026661,0.11315878304999838,0.04739396133494612,0.11705358142654215,-0.06321702464004789,0.10314658606875622,-0.04033214194034467,-0.09368099767017794,0.020076842233709553,-0.14058226246515945,0.02389644920015981
90,-1.6239492660224233e-24,-1.2226631175418052e-25,-5.17769499858683e-23,1.419082069041859e-06,-2.561306640934279e-07,-2.309451149357852e-06,5.026333166589231e-05,0.0009087143062311509,6.330148769875343e-11,0.00017456404460644773,9.91389334074967e-06,2.158049381647689e-18,-2.7181908849330507e-19,3.1557126473430236e-18,-1.4373918212135792e-06,-3.348330848294275e-10,8.466635388201114e-05,-0.0017148790004447789,-9.711080110787578e-05,4.178201294559909e-09,3.162358760980239e-07,4.818544796423279e-07,2.0924707507983743e-05,7.558601897949365e-06,-4.4867116241202953e-07,0.0002483948670130092,0.011120205884197928,5.4836669546994e-06,-0.09087312885850922,1.0685569721034874e-11,0.5778058147169737,0.01832354434912572,-7.534096883019553e-12,0.01757657818193883,-1.7607519909299776e-11,0.008793542168122346,0.0038780859523479885,-2.2817348712279385e-10,0.03682460828587347,-1.3665855465174438e-09,9.553803979071328e-06,2.8761421480130417e-05,0.2018124080121944,-0.0010457865692195974,-0.04249970406931125,-0.002818255406306686,0.00034117233246312533,-0.0005343302270674399,0.08107684990845525,0.21030798487388772,-7.018943469234742e-06,2.9989361388874172e-05,-0.05315723276159809,-0.0012803892295793686,0.0015784659882689134,0.06163207998221428,0.11994424539270482,0.10361859619127445,-0.44773778506176376,0.000384798020516438,-0.00035025161821475645,-0.011133145311729462,0.011278271308935339,0.4286019082252569,0.05096599663596025,0.0017095995793565452,0.02016624197465723,-0.013239544958983057,0.01983559779989032,-0.015838681098335288,0.007789003672783979,-0.01524698042258601,-0.02862958423245927,0.11741912887577813,-0.08743824438994606,0.004355062507955486,0.12294802906152406,0.020120020107478438,0.03632499716426679,-0.0012519703254295859,0.005622188013133045,0.0009869532303460906,-0.17736180509356558,-3.040554650242555e-14,0.025018246300886362,0.01622090078132613,0.012406528266649688,-0.14375329393234249,-0.023637478274516427,-0.0002785259725264664,0.11446298346885567,0.10732987549626248,0.08175265806086002,-0.13353960597326997,0.003935387041659736
91,2.9133011959194517e-35,-1.0753607185584525e-35,-5.131239941521259e-33,-2.627089303809834e-17,-2.5128603377354597e-17,-4.982351098331843e-17,-0.007525720859858094,0.00047482569705867305,-1.1884059254358337e-15,-0.0004764889947593178,0.0072941601490740145,-5.671448884996209e-18,8.887351342245649e-18,-1.391905189212029e-17,-8.922242272760215e-11,-2.3300230089676066e-14,0.014766290508291263,0.0008483724302078512,-5.7737045945650225e-06,6.668156449462038e-13,1.1349539888228755e-10,-2.6196442501266086e-11,-6.00642248942506e-06,2.393570886327801e-09,-1.7422106589451989e-09,-1.3103373025125898e-05,0.03737118578983523,2.779406263559858e-08,0.008324701460863563,-6.231653307103833e-14,-0.0007710602758720121,0.037240499401183534,-8.002210967809014e-14,-0.00881127202287631,3.6488165487497403e-14,0.06974604877884998,0.022252565935457637,-1.593571646378647e-12,-0.014113703197972767,-2.0476318248825053e-12,1.0623252400796814e-08,-0.009063295229947177,0.007182412614385133,-0.02284760667601556,0.0016410939522811783,-0.0002763276590292102,7.97616294464028e-05,-0.00010225327164657981,-0.0034642676416884143,0.07905906520118099,-3.0685984240519315e-05,9.245515126336084e-05,0.016408861504629474,-0.0006747953440111398,-0.00044021795727677853,-0.2715989120114968,-0.6260086019211707,-0.24470922769874642,-0.356110885606172,0.0005084285281267316,4.567510169775497e-05,0.006673373138494941,-0.003656262130103478,-0.14208408210539833,-0.0015628352512770836,-0.00029239692299267735,-0.22830944208768456,-0.07958252965511341,0.019260885731393534,-0.024722213554890838,0.004852728921907354,-0.007315674066797394,-0.009615563177222192,0.03964022101060493,-0.2736521957527947,0.09436714342759657,-0.09509797421322275,0.019070194836513718,0.1401226729984207,-0.031513168070660735,-0.05864384161785229,-0.012560541580475685,0.058571640399776914,2.867132153411017e-14,-0.06185757623720673,-0.15532927532283325,-0.16354920485265817,0.00847899201098171,-0.07349049302870372,-0.09972136396348645,-0.10973904849100585,-0.1342509308141463,0.13310749493004662,-0.10499093385452857,-0.020765300067075717
92,-3.5798187982024604e-27,-7.23252703825198e-29,-2.869267910535373e-26,3.1280885447967064e-09,-1.511668916172776e-10,-7.878858695188418e-09,3.3267456821827155e-11,6.39470520671769e-10,1.1147790433396481e-13,5.687047529562512e-11,2.9045150882188097e-12,2.7957866409882886e-21,2.2681757918114386e-22,4.5417489398794036e-21,-2.309265534216827e-09,-4.906331270311104e-13,9.298738214610872e-11,-2.021177021526404e-09,-2.7890130378638574e-10,5.389743969345599e-12,3.9573115718254196e-10,3.14052823396368e-10,4.2424603395445016e-11,1.1566426469595302e-08,-3.3349414130687236e-10,1.3833377071075387e-09,1.6500688140395666e-07,2.6243985015344086e-09,-1.618145535233309e-06,-7.969646556878727e-15,1.3679979621062592e-05,4.744818771722347e-07,1.127349233661608e-14,6.615189940287119e-07,4.3803059523104785e-14,6.200519081264802e-07,3.0287100498729303e-07,7.822525330879996e-13,5.184664245638615e-06,3.979953948257286e-12,-2.684989851383968e-08,1.176951522413722e-08,-0.0013093938816160315,2.087445015365997e-06,0.00045700320805181453,2.330031714934235e-05,-1.4096222938288132e-06,4.053090324769927e-06,-0.0013891055292970527,0.006369879061221594,4.240176704660279e-06,-1.3094684901831816e-05,0.006004354992192562,0.7476363405220426,0.21668101230229658,0.0008397179225702288,-0.0004004696781093885,0.0008687068437201373,2.34500360154735e-06,2.885732219507348e-06,-6.326639050437223e-06,0.3954411461560755,0.00047379129506271877,0.018333017622349068,-0.0006469068433135458,-8.39819950173673e-05,-0.012908392043652977,0.005869160449563595,-0.19373454343757418,-0.007993591088158876,-0.0296093462417428,-0.0017872679732542603,-0.0015007156393196937,0.006036944478918248,-0.001804726163218909,0.011894356117543024,-0.03489991040418414,-0.007462403706758025,-0.0074727245889820385,0.004565796211580239,0.09547494705106381,0.4303052468099855,-0.0023096385644329775,-2.568883695384432e-16,-0.026102304331218462,-0.0012687950686604875,-0.00026319059321322887,-0.01065290472335633,0.00012611904285572882,0.004354565501440923,-0.0012731324210812178,-0.016460829423574366,0.01364611498125081,-0.02377410652209835,-0.031016883608321572
93,3.0778864072617322e-27,-1.000907636600381e-27,-4.272012868733465e-25,-2.689487753896182e-09,-2.097960530915633e-09,-7.872516214219506e-09,-2.769429422052718e-11,-5.31687186925815e-10,-9.57404258599013e-14,4.128313387051602e-10,2.248545452568832e-11,-2.3943980580713266e-21,-1.1276777162216917e-23,-1.4046702131382826e-21,1.9850017885467268e-09,2.1798271775028857e-13,6.191266646372205e-11,-1.318764771736464e-09,2.2239422521188898e-10,-5.272273433099398e-13,-3.4618947472911325e-10,2.4078252701906227e-09,1.6617970623437058e-10,1.1473824842561292e-08,-3.783674051673108e-10,2.703997871350312e-10,-1.0884248003896956e-07,9.048369909571542e-10,9.978046122886487e-07,7.799728046995034e-15,-6.780953116415449e-06,-3.1682218469890937e-07,-5.3311158976327835e-15,-9.377083735135781e-07,-6.552142924554e-15,-5.890590949781747e-07,-2.9958208447199596e-07,-9.739464660179582e-13,-5.846751910345928e-06,-3.1445277938741682e-12,2.1663573168119405e-08,-1.9739999839180856e-08,0.001362697840873187,-2.8707392154409445e-06,0.00035976753643974596,-2.5211440550134774e-05,2.9373215795709466e-06,-2.990963150158444e-06,0.0001350992252294331,-0.0054335817024515135,-3.676004907375344e-06,1.1121076416118117e-05,0.014648510906876288,-0.5804886806679077,0.5333144487437658,-0.0005215451836401804,-0.0003400701081448962,0.0009371562604546683,0.0027620136932524175,1.0267545476740371e-05,-7.73810430443718e-06,0.37879281343251686,0.0003701298726091357,0.014230737595743255,0.0019911624758239765,0.00012649781946001194,0.013117566858088977,-0.006638283490813351,0.16746770135567143,0.003600539829773018,-0.08862423052947858,-9.455052289966399e-05,0.0004573496350602412,-0.003692067552306678,0.002281387650939029,0.008575044591638206,-0.03523839046293034,-0.008344266770484202,-0.013320397437783266,0.005027375371678131,0.0955377722634319,0.4302296795386185,0.000319612918126932,2.5889851661450146e-16,-0.02586288776286969,-0.0031820026589863977,-0.006313741937728294,0.0015032202868655936,0.0032925928340065912,0.003596423379544165,-0.0032397874228856315,-0.015387428256090093,0.013920180611458343,-0.023503081227540804,-0.031048615550523143
94,1.1215824325744806e-27,2.7211804519770774e-27,1.1693797961191134e-24,-9.80055459778581e-10,5.703559443146226e-09,-6.107277269140501e-09,-1.002395472631744e-11,-1.9250410036067153e-10,-3.4419921962065227e-14,-1.1168117471944692e-09,-6.042998803945428e-11,-9.027844061273333e-22,-4.526637525672725e-22,-4.220348907502125e-21,7.110375508527785e-10,6.120911999663713e-13,5.120903312209186e-11,-1.1051360666378986e-09,7.991265274239462e-11,-8.605325771524184e-12,-9.32206209284052e-11,-6.173881464359368e-09,-4.5834053928637915e-10,8.856802784073006e-09,1.1326498601111946e-09,3.51396455811746e-10,-3.8363591345593265e-08,1.716256037310294e-09,3.547178605987538e-07,3.1376319303699538e-15,-2.460997859022472e-06,8.293213675060066e-08,5.849281816397074e-15,1.1427371661572388e-06,-1.8612305344010336e-14,-2.6185732333470647e-07,-1.44041371701795e-07,5.912836387142644e-14,-2.781537363565863e-06,-1.0506238277710773e-12,7.123750231616263e-09,5.221964736565376e-09,0.0002811739566548943,4.611168128719238e-07,-0.0013222851780889276,-8.90068745280793e-07,-1.4503346656718998e-06,-1.6199620102507751e-06,3.05660089204173e-05,-0.0013673486208157096,-7.700339110209912e-07,2.5827054417283518e-06,-0.021720029112739618,-0.18584907646805515,-0.7926241339513226,-2.9701650912369373e-05,0.00010038803367478601,-0.0006439978231872685,0.0017873436702350743,7.697203391423603e-06,-5.054455286180429e-06,0.3245910008521568,0.00031342879720373795,0.012073790159905267,0.0009396646365145942,3.593812422916997e-05,0.003665441328486207,0.00029064934186539805,0.05523907969015415,0.002262086996289157,0.17337635132285834,0.0006313344422470067,0.0018979768158578474,-0.0006893231953744282,0.00569077913346286,0.007916999448240983,-0.03535203864015311,-0.007972652778619516,-0.00037911689477875053,0.0034664659725160063,0.09515821254855195,0.4297062591604056,0.0006988935558218335,3.47823723956525e-17,-0.026269684703031728,-0.00030342630280798705,0.008445310975540982,-0.0005082289405388728,-0.0007019964636722653,0.005678291851002155,-0.0029618629699698427,-0.02098804290086278,0.013234513859655718,-0.023930586234990007,-0.03119168993160859
