,0,1,2,3,4,5,6,7,8,9,10,11,12,13,14,15,16,17,18,19,20,21,22,23,24,25,26,27,28,29,30,31,32,33,34,35,36,37,38,39,40,41,42,43,44,45,46,47,48,49,50,51,52,53,54,55,56,57,58,59,60,61,62,63,64,65,66,67,68,69,70,71,72,73,74,75,76,77,78,79,80,81,82,83,84,85,86,87,88,89,90,91,92,93,94
0,1.5407844027279618e-16,-2.7717007605774213e-16,1.8438337395086522e-16,1.8720588260954967e-16,-1.7788185275080344e-16,-2.9068365810012895e-16,-2.653640286566733e-16,4.424397780417065e-16,4.843866450566072e-17,1.9336363114036342e-17,-1.6467694718427873e-12,3.4524106823436842e-12,0.22105980228700658,0.2213538205782717,0.03646382023815393,4.082350465773376e-17,4.2198045059276263e-16,2.6214686990979815e-14,4.584717058043547e-17,-8.432813825435847e-11,4.2084607027817734e-14,2.6137431421905917e-11,1.9294576244554795e-16,9.233818373840813e-14,1.489675314237064e-11,0.005247356653929295,-2.326099137577467e-16,-1.629121051874861e-16,1.2180008685976525e-12,-9.770650099094915e-15,7.386311971044102e-16,-1.279962360290998e-15,4.7133598968534395e-15,0.22358358821334165,9.350924111923718e-06,-0.10725323517477053,-3.0233536274707094e-15,8.756017823963883e-16,-0.6984114363551006,9.58826143155201e-16,-1.438856643276078e-13,3.1445522647263e-14,0.11448468270053144,1.428243776049721e-14,0.011159777569858644,-2.3424368906220423e-05,-6.477380564237475e-10,8.226372329551021e-08,1.8725059425970424e-07,-0.0001771737159242878,-4.9732846554360674e-08,-1.875821728805984e-06,1.2844262913191594e-06,7.175610959772026e-05,2.0597673336707965e-07,-1.0891745718647741e-07,5.461268539106646e-08,-6.069298279092731e-09,-1.1073015198142357e-07,0.0049006938939179555,-0.00026299826506381906,-1.9858919419451247e-06,-5.140130415438064e-06,-0.03508620198975781,0.05780995260849303,-0.0088360183027354,0.00532445286298915,-0.00016682696163708365,-0.011788558640997336,-0.0006254591546198845,-2.6364197916377684e-05,7.117342070975661e-05,0.0037531979568228824,-0.006175927226823466,-0.0014477334886580776,-0.0019160936657149374,-0.0006161193069304394,0.0014927274040475158,0.001248821746421414,-0.004476528450848461,0.0026658179407529825,0.0014873988723516963,-0.0001987512297369587,-0.00229406537424931,-0.00038158580924064236,-0.5773502691896332,-0.000737498330783615,-0.0007368237731629616,-1.8378211992536433e-05,-0.0003217588026365467,-0.0005910017601941843,-0.0003064474989620179,0.00045266528031854257,-1.8596191175348843e-05,-0.0003046599179614967
1,2.7462257522313034e-16,-1.824275799462309e-16,2.709690191606204e-16,2.1966369391189721e-16,-2.578096923232378e-16,1.8725306229211533e-16,-8.539226925993254e-17,-5.090195788842344e-16,8.060057314578067e-17,-2.5237967193513204e-16,-3.293032291244719e-12,1.4456686907461563e-12,-0.0011550582634948874,-0.18457216113846683,-0.26559834979140484,-1.1199858627299932e-16,-5.136294283973344e-16,3.706608170550389e-14,3.3411725055505135e-16,7.804066968837742e-11,-9.181803651024253e-15,-4.331129231346588e-11,-9.586759775837017e-17,2.2396714996014177e-13,-4.233089303948991e-11,0.00900317097558551,-3.7102990480904015e-16,-4.79336767111052e-16,-3.705582841716077e-11,-2.382884748710587e-14,9.083289702381118e-16,-2.7253692144765546e-15,7.044578212358027e-15,-0.07073948440095208,-2.5714432618235297e-06,0.49666297351382804,-1.1811289778084857e-15,-1.0210993881026054e-15,0.21930355613309382,-8.39145470684367e-17,2.2829473899656374e-15,-1.0305134780643469e-14,-0.5092956988266312,2.4542935566001393e-16,-0.00816324681296476,6.882957976680355e-05,1.9488466169394363e-10,-9.869367725268371e-08,-1.431856634341488e-07,0.00016671731557141428,3.8099708283279154e-08,1.7295703765105227e-06,-1.68277665118153e-05,-6.468883814453444e-05,-2.7704823834683386e-07,9.919347778742058e-08,-1.6245132641452916e-07,2.017384777848823e-08,6.415622259118023e-07,0.011610659636921053,-0.000690071780085336,-6.296054202997952e-07,3.837363498015679e-07,0.011573326578949654,-0.018100612767559445,0.001550827739358193,0.002330353815565224,-0.0013351299719722854,0.04416941060537883,0.01204538974253487,-2.925461704517074e-05,-5.013109502286742e-05,-0.0018000853663038942,-0.0013662461207154717,0.00044256776507359686,0.001625076924569277,0.004151649771903009,0.0009883315429111423,-9.131213788371578e-05,-0.0007819632503763326,-0.001675349074238335,-0.000459336869611644,0.0006897381545371175,0.0037497606804050942,0.00026149227601205744,-0.5773502691896231,3.213302051520537e-05,3.281776112801474e-05,9.13015494981862e-05,2.4411594043512454e-05,2.0794981334388466e-05,-0.0025610613309433356,-0.0003794525002661843,7.340963942672753e-06,0.0005197313267398603
2,-6.984254734241596e-17,-1.398032019396574e-16,-2.1521144905336387e-16,-3.5320274090414987e-16,5.13186805208969e-16,3.5666773447461277e-16,-1.9447762169979845e-16,3.6259543857350263e-16,1.2782917465599004e-16,1.7007713519660577e-16,4.939924990087976e-12,-4.897128116230311e-12,-0.219904744023512,-0.03678165943980433,0.22913452955325164,-1.0160021000893182e-17,-1.836959045940146e-16,-6.064354897597063e-14,5.530441070258417e-17,6.28841417208292e-12,-3.290984790837665e-14,1.717551054694579e-11,1.8788637813650068e-17,-3.170606490393844e-13,2.743631469770174e-11,-0.014250527629516743,1.4331408652310077e-16,9.853988671306954e-16,3.5837193378662706e-11,3.400103293450428e-14,-1.6846808283190854e-15,4.026337686570609e-15,-1.1866741589788125e-14,-0.15284410381238817,-6.779480858190808e-06,-0.38940973833902315,3.97647665655871e-15,2.754763589689327e-16,0.479107880222004,-3.474334473234111e-16,1.4127308050842046e-13,-2.09219418385508e-14,0.3948110161261282,-1.3945691488439866e-14,-0.0029965307568890335,-4.540521086002871e-05,4.528532963552866e-10,1.64299540474076e-08,-4.40649301957445e-08,1.0456400336738669e-05,1.1633138924964225e-08,1.462513530832349e-07,1.554334021984849e-05,-7.067271443170332e-06,7.107150558539758e-08,9.723979672571829e-09,1.0783864094572717e-07,-1.4104549476988987e-08,-5.308320732750943e-07,-0.016511353530859793,0.000953070045151297,2.615497361495089e-06,4.756394065146005e-06,0.02351287541094513,-0.03970933984119258,0.007285190563430557,-0.007654806678601673,0.0015019569336107437,-0.032380851964206744,-0.011419930587906163,5.561881496133471e-05,-2.1042325687735495e-05,-0.0019531125905819463,0.007542173347604072,0.0010051657235977255,0.00029101674114706744,-0.0035355304649767683,-0.0024810589469263073,-0.0011575096084902128,0.005258491701025602,-0.0009904688663970418,-0.0010280620026895675,-0.0004909869248501296,-0.0014556953062573106,0.00012009353314760913,-0.5773502691896211,0.0007053653102187988,0.00070400601190161,-7.292333750465444e-05,0.00029734720859772606,0.000570206778843291,0.00286750882990052,-7.32127800190828e-05,1.1255227231775264e-05,-0.00021507140880072363
3,8.819474106783191e-17,-1.3092195840855902e-16,3.866423904542612e-16,-3.2765041733024313e-16,9.567176963856762e-17,7.040672246490454e-17,2.549048237191013e-16,-7.14437835568295e-16,-5.385440514048907e-16,-4.285111216344585e-16,-1.4185663849320246e-10,7.159917816605361e-11,-0.29131754697435097,-0.7188682257717305,0.5173853812251874,1.3930217879344956e-16,1.5256845350237574e-16,1.0159184877751485e-12,4.1111880631792066e-17,1.884120104240005e-10,-1.0166167523648793e-13,2.715904034671381e-09,1.1594470301259919e-16,1.4033325040805568e-11,-1.2998070125750598e-09,0.1465637764092702,1.150685086439669e-16,-1.119967302058864e-14,-7.101057364914805e-11,-3.7497579683496664e-13,8.630305393950138e-15,-3.36273980030895e-14,8.043987541569327e-14,0.023410732549790654,1.987310328192675e-06,0.059463350282012495,-1.201919879588226e-14,-7.42142933136136e-16,-0.30108992734780765,1.1771234500694247e-15,-1.9053468867494228e-13,-3.480727356246701e-16,-0.08347008903798134,1.1429380781122921e-14,0.0004242958518411224,8.35379883599276e-06,-2.797200195970245e-10,2.6722229833304526e-09,2.5544309629704926e-08,-9.514800125534991e-05,-2.129406987018296e-08,-9.044108271940773e-07,3.701886911711274e-05,0.00013997881653918216,3.279903581305275e-07,-2.72726743246613e-07,3.6199334580655873e-07,-5.1418125694145665e-08,-1.7776999084186863e-06,-0.049419453857739416,0.0029005036614769774,5.153134485444077e-06,5.4082300781503545e-06,-0.029796222748214654,0.05758006538468884,-0.013498591426119358,0.013472674276305321,-0.0015289380040729964,0.01300463817744584,0.008858283279346681,-4.950592512856535e-05,0.00011533987409129423,0.005790083283627505,-0.008829030275098295,-0.002829038703024242,-0.0037382996913346046,-0.0025992761953019345,0.0019575711393514422,0.0013658992266283934,-0.005893285424508219,0.0022447400943638542,0.004433494043178859,-0.00012200692656254342,0.00011560749461270075,0.00022613144020524733,-7.55874691357722e-15,-0.0007070765376159649,-0.0009167018334071677,2.563610720675341e-05,-0.0004261345884489043,0.0012827607227554824,-0.0031406542420065516,0.001105003161153355,9.254551168101444e-06,0.00033996075805836575
4,-3.0885018631523175e-18,-1.2915246431664408e-16,8.061211495504477e-17,-2.407793557862473e-16,-2.863079796927836e-16,-1.0077855472903492e-16,-3.261898297469227e-16,1.2538096784822453e-16,-1.2446950983723666e-15,2.2670849218563954e-16,-1.5578235553837851e-10,9.775307417411268e-11,0.6272572945202596,0.18749881050535153,0.6618023333807245,1.4974378852131605e-16,-9.789273782886521e-17,1.1721194114237469e-12,2.4692463029241778e-17,-1.817091904188677e-10,1.0912019666458702e-13,2.804775903892229e-09,6.671021391192469e-18,1.4308536804003644e-11,-1.261978851645697e-09,0.153090529341642,1.1274343230857522e-16,-1.164525242733182e-14,-6.93482754318418e-11,-3.9046139264013595e-13,9.815397957275844e-15,-3.5447352417701957e-14,8.374321291385419e-14,-0.023458342960628112,2.0221572562225745e-07,0.12771146430446584,-1.2206709169757394e-14,-7.230585780051002e-16,0.23083825038778732,8.571543079771783e-16,-1.8662409521465074e-13,-1.7408762820533879e-15,-0.18033900672038086,6.74816898013262e-15,-0.011344723077112725,2.8314687105931285e-05,2.1453679345813323e-10,-7.093879978733021e-08,-1.8298008158829023e-07,0.00012257040177412443,3.639567008272526e-08,1.3816856523485008e-06,3.537751439801778e-05,4.474311631178856e-05,5.962028790181183e-08,-1.2592756516320017e-07,2.84530088708319e-07,-4.269215871213605e-08,-1.616490047183399e-06,-0.05687097748551565,0.003299833179982983,8.28728250575094e-06,1.37537759566486e-05,0.03002782785692128,-0.04127898389535435,0.0017637778768697986,0.004199693602254325,-0.0012357391795374032,0.033781967714323714,0.009959351636497273,-2.711250977548524e-06,-1.2525850286246736e-05,-0.0009947968384332432,0.002414022716161961,-0.00019015310392057,-0.0002237087566099693,-0.0014648580065403042,-0.0008101298004548696,-0.000966340608999467,0.0025275711653119847,-0.0027682861914766466,0.0016603049497411835,0.00025757269335253166,0.004457042976319783,0.0009546050186221489,5.205137735968061e-15,0.0006954011046896381,0.0004890202843333445,5.8091996368472635e-05,0.00015726995895675854,0.0023816344268252922,-0.002574114034420964,0.00024360712712298202,4.448933969434117e-05,0.0009197727130868282
5,7.816824605067122e-17,-1.1296469814631885e-16,-2.491194011740688e-16,1.7553537558338942e-16,3.5181265203941593e-16,4.0466243977086816e-16,-1.818088435829867e-16,-1.180364429244131e-16,1.5219119282027637e-16,-4.0203957010368802e-16,-1.8361865345137524e-10,1.0869719555562599e-10,0.6224576545570875,-0.5682601017794837,-0.39011444121658995,-1.975701303502454e-16,1.2504256287175895e-16,1.3916954879895118e-12,-1.0231631742908236e-16,1.608120923579566e-10,6.222152197223321e-14,2.6575042504547104e-09,5.3082269069644326e-18,1.4978727791522722e-11,-1.3694742694423965e-09,0.16428882906487738,2.6468432590653904e-16,-1.249168097580156e-14,-1.1994780593974317e-10,-4.229194788946171e-13,1.0165826762227569e-14,-3.755486767803675e-14,8.89321937070597e-14,-0.008629462797951763,6.931051209403783e-07,-0.18832852453005217,-1.2516287386614406e-14,-3.162829799884705e-16,0.06381100124419378,1.127158926872434e-15,-1.8619178896050926e-13,-1.33019114901103e-15,0.2505913322725997,7.263226962728929e-15,-0.0027358233331780703,-3.0337887778185138e-05,6.582963035932093e-11,1.737403413417319e-08,-2.3526898083060507e-08,-8.229874326931344e-05,-7.799713700282811e-09,-7.261717667028053e-07,5.68815385369633e-05,0.00013059903621565408,4.2059045232791725e-07,-2.596207431138685e-07,5.149529067904211e-07,-7.169655465769547e-08,-2.5505279343815683e-06,-0.07452502944045844,0.004347619680052578,9.280930014605479e-06,1.313073936891214e-05,0.010294621192732759,-0.010325674147904777,-0.0009149519392230672,0.00014118722580822826,0.0011107552632213474,-0.04406659948881751,-0.011245546232562261,4.9213722290319255e-05,7.753654540810904e-05,0.0022593249958361384,0.004901224551670344,-0.0009968524798853096,-0.0032045028219063873,-0.00910900575787573,-0.0026426185272851828,-0.0007958104223679424,0.003998532527845718,0.0003821798696295318,0.002516718128987747,-0.001059704925079794,-0.002639243053250811,0.00045539826235530066,7.526661162412624e-16,0.0006342947387550271,0.0004264101264930953,-0.00010314637502180871,0.00011300750255563157,0.002342969468934849,0.0021606096066383723,0.000965683445013524,3.0580184336912375e-05,-6.935128679740219e-05
6,6.957029008075888e-17,1.4769082194774332e-16,2.2846372929850277e-16,-2.234649672461818e-16,-5.711474267037366e-16,6.952098473371213e-17,-1.7696473132940502e-16,-2.3734743229234826e-16,4.0764148295426904e-17,-1.5930007076863173e-16,7.098477928318241e-10,-2.487940404555233e-10,-0.03079509505840159,0.1359343087635042,-0.08278757270559102,2.770729708225905e-16,3.993737553315287e-17,-2.5224299026031836e-12,1.540760734122028e-16,-1.0521943590371643e-10,2.4932884106238704e-13,9.898935735571212e-10,1.5442222173034569e-16,1.117369286055096e-11,-1.7897762967274686e-09,0.3759149947396651,3.2969787700873367e-16,-2.4966829056858307e-14,-6.196911044196467e-11,-9.091755011087953e-13,1.9228608208820233e-14,-9.23526374254274e-14,2.4184352790306823e-13,-0.6254756503892995,-2.264029311724021e-05,-0.1815272831208699,-3.4930024816765936e-14,-4.504442184508715e-15,-0.12242981405398572,3.904280008763486e-15,-2.3567745951686663e-13,-1.1271541317670465e-13,-0.1537714790130636,1.0268861537758408e-15,-0.0112049076263243,2.3783073939189226e-05,-1.0727619083402434e-10,-6.500012529519414e-08,-5.9176469110095285e-08,-0.00041095250434448796,-7.486829003856201e-08,-3.6916811986056285e-06,0.0002252404402085139,0.0008070519167826596,1.8326577590354136e-06,-1.6075219353773372e-06,2.1890487573529903e-06,-3.13304681972483e-07,-1.0895690177693905e-05,-0.3080892776181603,0.01807741834237767,3.220545446614766e-05,3.3151405879275944e-05,-0.2132888210206601,0.4106625378060555,-0.09672047822644748,0.09961501745413602,-0.012629663920166482,0.14616507562146458,0.07849155240167194,-0.00041486753397257815,0.0007860530796411042,0.04114903274522614,-0.07129007390649793,-0.020495054364162043,-0.025249720619466964,-0.010730393758729247,0.01767230308000848,0.011217912386680611,-0.04970275111913029,0.016480433953594532,0.031885137016088604,0.0002887462276591192,0.004690536435556219,0.0014362781395204924,-5.677209670932806e-14,-0.006127571827763296,-0.007599677394189241,0.00030157316865352395,-0.003294097236992297,0.007894636809082187,-0.026926156592068453,0.0076286355154356784,4.678832166883772e-05,0.0029162075187374376
7,-1.6460997532524797e-16,1.211745162346596e-16,-3.0333413461619514e-17,1.657455794346568e-16,-4.7818139022953906e-17,-1.549704372551887e-16,-1.140311442792168e-16,2.378891610226077e-16,4.092505081276421e-16,6.239789285254303e-17,7.71472377005228e-10,-4.2297320385300944e-10,-0.12798490569038623,0.05531113159093534,-0.09218843407501304,-2.718171244767955e-16,3.656772414685255e-17,-2.9257241375182195e-12,-3.453067819060212e-16,2.14011599828182e-10,-2.0667834372528776e-13,1.2239541111215924e-09,5.505578995289152e-16,1.1897970158849713e-11,-1.575677985260023e-09,0.41499214084562774,7.754102724261453e-16,-2.7875451104535602e-14,-2.2519079393105517e-13,-9.824078924278813e-13,2.895032757015296e-14,-1.0382529585859739e-13,2.739364325135287e-13,0.4459946661072054,2.3209638684911227e-05,-0.3630320140227269,-5.133459192060813e-14,5.0855075165226e-16,0.08051405194527125,4.0362188249786204e-15,-1.0720049317913553e-12,7.883659695500078e-14,-0.3046708148203441,5.074134290116976e-14,-0.050732385957976425,5.510686973649182e-05,9.054252591298009e-11,-2.0872987265105001e-07,-8.621139877914806e-07,0.0006350232218981896,1.697535153510613e-07,7.097244669251202e-06,0.00020046988303038158,0.0002716071725877142,3.205109838301686e-07,-7.517297401754836e-07,1.5737769544187406e-06,-2.389636403929553e-07,-9.106420731419638e-06,-0.33094453212908953,0.019186194143509385,4.972021925801191e-05,8.528207350934115e-05,0.20654702795388483,-0.2859106235324397,0.011474477231843264,0.03620004539421646,-0.011951755110733847,0.34288145530907366,0.09935483758074887,-0.00011556713143530032,-0.00020703401372986182,-0.010674831459076859,0.009154676838383724,-0.0003880613775482983,0.0031144322197525233,0.003792988289466377,-0.0015120864639812724,-0.006304598618200174,0.012614831899976205,-0.023416776648116665,0.009956343887245206,0.00418600354152094,0.04236850404951606,0.007225454244137294,4.0920211366585894e-14,0.004534381174996428,0.0031675176926165218,0.0006368350555469584,0.0009850234713828846,0.015653631773554083,-0.025691147205453225,0.00039215497697914236,0.00031722741778855804,0.007934594974182429
8,9.169319354892301e-17,8.459135515996455e-17,8.03691857378676e-17,1.2007589039595036e-16,5.520592470684797e-17,-1.8803042682769205e-16,2.6501269015541684e-16,-3.959089792184901e-16,1.299935155737865e-16,3.015573716419519e-16,8.998732773487402e-10,-4.377763034963664e-10,-0.12984430873144123,0.12632518537225995,-0.03242791945889492,-2.5165006792881517e-16,1.56519763305766e-16,-3.349043211656838e-12,7.27345405055855e-17,-1.8971380582825125e-10,-1.0815889962287514e-13,1.408299588042916e-09,6.50284599662155e-17,1.5027450429011273e-11,-2.0134520316737975e-09,0.48505202500545835,4.847112060887724e-16,-3.270275179305689e-14,-5.820450659884213e-10,-1.193558772417337e-12,3.2934089223371286e-14,-1.2144302594999534e-13,3.2189494091958124e-13,0.10529781653178402,1.0151322561718135e-05,0.45746058365538816,-5.4423124232598354e-14,-3.1098603875818297e-15,0.020770246173640258,4.980979471882515e-15,-9.769497280032238e-13,1.3606008715676222e-14,0.37436282298340495,5.690653386036906e-14,-0.010581744963269902,-4.433802585517729e-05,3.0130645168863714e-11,9.198277213238456e-09,-5.695696223120194e-08,-0.0004927862895406028,-5.192716093186012e-08,-4.458462130296002e-06,0.00027873543091946684,0.000664854277560163,2.2363120077101665e-06,-1.3017267154084988e-06,2.726305604803796e-06,-3.7864362507407137e-07,-1.349082428958519e-05,-0.3934734322316162,0.0229472326361297,4.910099771334098e-05,6.90959836213792e-05,0.058589595786619854,-0.06930672519289317,0.004667569488066749,-0.02159780014873675,0.012751260000935339,-0.42468616585122926,-0.1170627717009453,0.00045339684304761496,0.0005077170999631504,0.013119401747404306,0.045918511396372756,-0.004244261963322082,-0.02107568059101055,-0.06848308755726926,-0.02265306027189324,-0.006403697629907931,0.035891562756314895,0.00593070741833778,0.01179655484856946,-0.009336599279545794,-0.031516214162496836,0.0015447632649880684,6.4907466880330075e-15,0.004835860774159827,0.003805507873787234,-0.0009518188888804312,0.0011291651511407847,0.012930509800595333,0.026874081329354833,0.006158927990097914,0.00015238496678620888,-0.0029570669625527944
9,1.88041572201103e-15,1.3287093366843265e-15,-1.2134433645515435e-15,-3.2412751869624333e-16,7.817783715783468e-17,2.2193818270514325e-16,1.8640024699046598e-16,-1.4692072963308403e-16,-6.257820537660087e-17,-1.5281266655575795e-16,-4.016703992723198e-09,6.666906018270191e-10,0.019348859201696465,-0.03470033863830359,0.021206048788907642,-1.6547900789201576e-16,-4.185161244377779e-17,9.112418127577426e-12,2.737281703972548e-16,2.436618041006378e-10,-2.162296980823132e-12,-3.577841114363047e-09,-2.319111097115109e-16,-2.8777527067990935e-11,4.200508500347237e-09,-0.31350279870124736,-2.148220531027797e-16,2.81294698210399e-14,-4.984517005057952e-10,8.462363788047916e-13,-4.765460610078691e-15,5.826031557172605e-14,-8.97965219737425e-14,0.457468836163882,2.1600889014762878e-05,0.12769882531283147,-8.53241854774689e-15,3.875571305150108e-15,0.1975400753530186,1.494957870010934e-17,-5.659060176008965e-13,1.0672584945346993e-13,0.12744395540834133,3.3432295583860473e-14,-0.014077185980162226,-1.025126008133367e-05,1.9080226966254483e-10,-4.167756888250618e-08,-1.3762183822836245e-07,-0.0003411041691864185,-3.994370755306059e-08,-2.908989644971069e-06,0.00024352229805359656,0.0008005592873617564,1.914189029033646e-06,-1.6370323150857443e-06,2.581315313736691e-06,-3.729359230938178e-07,-1.3218233713141572e-05,-0.3938296470723429,0.023051169343556156,4.396680736907731e-05,4.8957509568524636e-05,-0.2703337389987774,0.5287550539074435,-0.12870489449610317,0.1344600266117409,-0.0169825805236883,0.18869280174248604,0.10461508392600408,-0.0005644603769930759,0.0011356980648949877,0.059615078114587224,-0.1030068862055795,-0.030072469476894424,-0.037644035395784405,-0.016870382345852922,0.026383598263968466,0.01703382551333587,-0.07659062985787402,0.025321256077263862,0.04850353416697584,0.0005650933941738323,0.007501660135594426,0.002238593806395194,-7.225047529097155e-14,-0.009652242615729424,-0.01202281109903251,0.00038741326789094345,-0.004740394563860178,0.012085430264810647,-0.04016576058946149,0.011912159870482487,7.20252842887701e-05,0.004601810820891732
10,2.4907264265188077e-15,3.6355355419921536e-17,-2.0524550357053694e-15,1.537597504182113e-16,-1.4055142761576422e-18,-3.2581831861809077e-16,4.1087541947932425e-18,-4.443379590874073e-16,-3.7366431041467283e-16,3.158045468124e-16,-4.324887663210822e-09,2.503989095819249e-09,0.03372767763501795,-0.025801675853810217,0.02276698762835222,2.319717664506122e-16,8.286786778665841e-17,1.1552343287661839e-11,4.887146665851969e-16,-2.1273550758193646e-09,1.3774346059245898e-12,-4.6068028981333945e-09,-5.468209084807289e-16,-2.83502661802624e-11,2.6676721858505123e-09,-0.3448334298489132,-7.511237627520834e-16,2.9295115636002956e-14,-9.774101379425992e-10,8.517711915228062e-13,-2.5235768171772717e-14,6.873262447512134e-14,-1.138188777208098e-13,-0.3227991394355359,-1.2494372820123104e-05,0.24772483975780865,9.415632838322268e-15,-3.6227724644851285e-15,-0.15233188323284175,3.664232167217337e-16,1.8444038413240731e-13,-8.169263308162745e-14,0.265084229469737,1.232632393410998e-14,-0.02139066398933966,-3.1779719730411535e-05,-1.3344149546314905e-10,-2.4443485027577644e-09,-3.739478357557055e-07,0.0001626441139317553,5.300464120538624e-08,2.1162604167708584e-06,0.0002384579605633666,0.0004494574254609183,1.042846687173802e-06,-1.046614615890269e-06,2.1544855080664377e-06,-3.1954345547707956e-07,-1.1989421037055e-05,-0.4249896296369723,0.024644035006385342,6.3834850133374e-05,0.00011014418008720691,0.267420914515042,-0.3688246705536719,0.013750796916831582,0.048854417591868066,-0.015756191143906886,0.4486690925085763,0.1304773066895009,-0.00014292639089494218,-0.00026573205375692233,-0.0145265954634707,0.014038702011499135,-0.0008462706071188668,0.004003347590672689,0.004439072726609136,-0.0024205416868041322,-0.009612005932204293,0.01926813676914379,-0.03620581709908369,0.015331482248605493,0.006835356355306739,0.06659025223832118,0.011441638672823915,6.875404078149161e-14,0.007079249037536435,0.004960705684357268,0.0008290986451768502,0.0014325789256791617,0.023851170337412412,-0.038345855780681136,0.0005162362426376564,0.0004953555695926475,0.012577364866780714
11,2.504631445660111e-15,7.510656407243565e-16,-6.674737247386676e-17,3.117078825832795e-16,6.808106015723138e-17,-2.447232461037849e-16,-6.749811451263144e-16,1.8685415073458167e-16,1.669594199564108e-16,-2.0508588791417192e-16,-5.0393612519132595e-09,2.264555622622823e-09,0.036077063963783934,-0.03701278399096548,0.019841913329541234,1.903457528786654e-16,-3.0239056664747675e-16,1.2808946044971426e-11,-2.971564538802199e-17,1.7835188556877873e-09,7.507905793051151e-13,-4.964599303516219e-09,-9.152394366193413e-17,-4.1367908954226374e-11,3.976438906198757e-09,-0.40188888120600363,-2.434333463502047e-16,3.5597143331545854e-14,1.8129419035451198e-09,1.2095625561058317e-12,-3.01142302068196e-14,8.078819622132531e-14,-1.3864631072414184e-13,-0.07436184056315485,-2.3689395510860517e-06,-0.28806075136993764,2.2705644419066263e-15,7.8124059575204e-17,-0.046378816203879576,2.404052270068824e-16,-5.3761167094622913e-14,-1.3390813215177004e-14,-0.3544337226561177,8.556101123207366e-16,-0.02904572659079826,5.465523011113497e-05,-3.518964237719181e-11,-1.4591412212323698e-07,-3.9193451576625275e-07,-0.0001558215480448852,2.1296640701804715e-08,-8.413956747044048e-07,0.00029048436305719285,0.0007171644851792695,1.9930988924470778e-06,-1.4935085714553766e-06,3.065542727290586e-06,-4.38598728866799e-07,-1.5926449222454377e-05,-0.49680673655858343,0.028929770457467786,6.475448557797201e-05,9.420757835603985e-05,0.079193493243872,-0.08766501472392645,0.001600166339349814,-0.02138479184444668,0.016061629948321898,-0.5546971959359253,-0.15047146000388026,0.0006063855240672165,0.0007347851343216444,0.01951174232820159,0.06546189957190252,-0.0065942555654306245,-0.031382405507315414,-0.10168474422103965,-0.03391356128619201,-0.00972089507490589,0.05540228552191312,0.009266739515931668,0.01806154396909262,-0.014902194761999466,-0.049737748637204426,0.002273888208471865,-4.3761604145594894e-15,0.007590104057484367,0.006049264275155038,-0.0012582430137692362,0.0015796706168114127,0.019654398912352697,0.03963606305884784,0.009618320855597905,0.00023344922239521075,-0.004836779699057283
12,-1.0231625534484818e-11,-1.007253945969692e-11,6.823491908518471e-12,3.726368268404035e-16,1.9286473681232269e-16,1.0401972348221186e-16,-1.0483159419137622e-17,2.2925200606520604e-16,-2.066359283426744e-16,1.5520418264896028e-17,4.709129940610386e-07,5.604913230224928e-08,-0.00029234606504967,0.0004064038344864534,-0.00025766777622621926,-1.8910141880566966e-16,2.7512796596404726e-16,-6.627039733859925e-10,-2.037028803716838e-16,2.3086546353466125e-08,3.658524358501917e-10,1.438132568916209e-07,-4.577577181170592e-16,9.820214971180365e-10,-1.9169622242757454e-07,0.007813471407210788,-1.3936548148850144e-15,-2.947817793339054e-13,6.593686551140566e-08,-1.2562761617214837e-12,-8.89741898124907e-13,7.111140618059104e-13,-3.663735589469299e-12,-0.01056703042563745,-0.0001176266984439414,-0.0032097467785045823,1.017346313404207e-12,-5.0091720235492553e-14,-0.006442041149511262,-6.463182472761213e-14,1.8940063454084916e-11,-1.0340933558932656e-12,-0.0030506471482332678,-6.109969775747946e-13,0.019906544399252782,-4.4187603021131566e-05,-9.92714267447803e-11,3.91393240021446e-07,-1.6292794633812912e-06,0.006057033480701131,1.5174022090372103e-06,5.900545010576729e-05,-0.0016125128943213207,-0.007287282092171272,-1.5274705211169964e-05,1.3301303011092829e-05,-8.64917994352211e-06,1.0976464729405078e-06,2.981335095692073e-05,0.11275227869229716,-0.008655807504960178,9.326286402478617e-05,0.0002429873329293259,0.2342228290634665,-0.11571882109849949,-0.14034216520782344,0.21629365279523946,-0.02170212719420352,-0.14859964668881687,0.0857399847818568,-0.0009395470583510688,0.004962954999371656,0.2626316953345127,-0.4206522180487448,-0.14675161938299178,-0.21223230422166153,-0.14879157853824038,0.1378339517738141,0.1030264835336749,-0.5060701972269277,0.1698706340697092,0.3074525592136587,0.00573093212786524,0.05227172597760408,0.01692018023377479,-2.1487364139681046e-13,-0.07209099265045694,-0.09271385962333137,-0.0004194048912456848,-0.018929602039667495,0.08317923401491,-0.21170961556935733,0.0890707440003667,0.000544226309746091,0.034767170878440154
13,-1.2983806838821381e-11,1.4395860542796282e-12,1.1058477564748958e-11,2.7259742192371803e-16,-3.761315111288939e-17,-3.562707663888785e-16,-7.354402755850626e-17,-3.884717886631659e-16,-2.0963970602016313e-16,5.2250135939621313e-17,4.977821571646491e-07,-3.485219812986306e-07,-0.000430269267590431,0.00039760678918832824,-0.00029878829295678185,1.0067331379275212e-16,-1.8633361330104824e-16,-1.02944057772001e-09,-7.955627017631917e-16,4.2156423641794176e-07,-1.963239118939951e-10,2.4023643649739784e-07,1.7513358038477753e-16,6.497196422090288e-10,-2.45785111856065e-08,0.01009126109839196,-6.385964276230714e-16,-2.1546063988889548e-13,1.2079514040584493e-07,5.006692374900874e-12,7.203544054237098e-14,5.776948203799126e-13,-3.4065882009613597e-12,0.010972604136671091,-8.34522221684534e-05,-0.01145074519931647,6.327767528109787e-13,1.1195162311715475e-13,0.01367265980848051,-7.338952445642877e-14,1.1505588071011921e-11,1.044421983225377e-12,-0.019078412944731723,-1.1072595056256004e-12,0.7424173455011001,-0.00021540419662589543,-2.6782272096092624e-10,2.3761527673393346e-06,1.3315190191530441e-05,-0.0130196458623059,-3.0678298635472613e-06,-0.00013859024314185928,-0.0009476712913857961,0.0018029753650681453,1.178262427650249e-05,-9.355613471935641e-07,2.1524978445446997e-06,-1.9663292232352423e-07,-4.129948634798849e-06,0.0033728237916456423,-0.0001939344061621764,7.02149271521617e-06,3.462425185174513e-05,0.023672052381440687,0.039100759703691215,-0.04980663384167031,0.0760404019206298,-0.0047989530873004385,-0.053528275863415575,0.01034096135407571,0.0005078722248978188,0.00047434427933950397,-0.01704075811150168,0.11218266381698938,-0.017966983730222395,-0.015640627721234576,-0.06119395866206672,-0.03133905221572483,-0.06348854247248477,0.14019089562403733,-0.24401206658043745,0.10998777290317605,0.05665217074661355,0.482692414665265,0.09032305957120135,2.116127032828071e-13,0.05363817640274624,0.03828423715932336,-0.0003664178802769513,0.006808440866687727,0.15662971767756947,-0.1952375530742273,0.00355279771870784,0.0036749201478243156,0.09726310150251757
14,-1.47316393490289e-11,-3.10172523271922e-12,-5.184742860410209e-12,9.632907786950042e-18,-1.5562572398667624e-17,2.1749754573588048e-17,1.10097737949817e-16,-1.3302566362404013e-17,8.220548785283214e-17,9.382415203299235e-17,5.763153948214809e-07,-2.542727767249755e-07,-0.00044224943059456757,0.0004684030672346875,-0.0002930467970762153,2.6376649281211926e-16,-8.02048463402163e-18,-1.0666423539351538e-09,-3.853628567535044e-16,-3.87751747832905e-07,-1.338024981353392e-10,2.213764793789515e-07,1.564356963080796e-16,2.0809905602321556e-09,-1.1967112853332059e-07,0.009993106569287627,-2.5234323693621527e-15,-3.3276675874344715e-13,-1.576129856545598e-07,-1.552150801280197e-11,4.482290683275138e-13,5.677643463642895e-13,-3.3953955067305922e-12,0.001721917073894031,-7.920563496836185e-05,0.005568680866276647,9.825327902691334e-13,5.79971657755032e-14,0.002244292004020782,-9.587175668802364e-14,1.5936220093809097e-11,4.801950177835402e-14,0.00937141944568752,-5.356858361201583e-13,0.03871556269453877,-7.558724533850122e-05,-1.43532788921666e-10,6.690523330007886e-07,-1.8377567239561283e-06,0.008476939566098398,1.1339163558752194e-06,8.272282008799563e-05,-0.0019294378149474613,-0.0038463735828137254,-2.110849174732377e-05,5.565859626727338e-06,-1.2309773018491537e-05,1.3618732415601904e-06,3.984833555170401e-05,0.1379245484836989,-0.009574322068925268,8.27777430659434e-05,0.0002370548398866733,0.16877754306083156,0.0687871607530442,-0.20431994029130038,0.3191563775753257,-0.02994355538362459,0.06884618517576625,0.13418340041540477,0.0005216456436069382,0.003345556114900464,0.11412124002042462,0.21810009040812256,-0.05446250400838245,-0.17737025164657166,-0.5386034576945076,-0.18364014723525596,-0.059003425580346346,0.36494581228458445,0.06023049141756488,0.13592054650771246,-0.11905303938210433,-0.355665835147535,0.015816274876609224,5.709225043342801e-15,0.05705194337094123,0.0471990389097959,-0.0005277813485628506,0.003914868747503435,0.1343468439061016,0.1722526374316416,0.0733958828735911,0.0017275095572599683,-0.03816172040824699
15,1.2579394484141968e-14,-1.6005145140922676e-15,-1.7443442856737878e-14,-1.2846255196408525e-16,8.102834170301219e-17,1.3353305590789581e-16,6.461965784409211e-17,-2.544707137795875e-18,1.6778539362709606e-16,-3.2678619676718305e-16,-2.0182443595226858e-08,1.5496336601003843e-08,3.069020779283248e-05,-2.866764064134041e-05,2.2071166696434525e-05,3.9826412549816407e-16,-1.1146996376149067e-16,5.4481411328569816e-11,6.30479133648448e-17,-2.887730525485894e-08,1.2195689373097203e-11,-1.9772467898665283e-08,-1.3617245153564434e-16,-5.83121600373354e-11,2.453310095606004e-09,-0.0014816961259013146,1.2620439935715158e-16,2.890627240168367e-14,-1.6984823166941667e-08,-6.988602135778874e-13,-1.0936376633273515e-14,-9.22569613840564e-14,6.184316477686811e-13,-0.003416383665683977,2.5613550323315113e-05,0.005313046275602816,-1.4859218751210807e-13,-2.6500768677844508e-14,-0.007410810060957902,1.759479172119329e-14,-3.139847528451286e-12,-2.9049625696031776e-13,0.011663603920657588,3.7208670523611896e-13,-0.6631390039793847,0.00013289700543090403,1.454428631008706e-10,-1.5682446188468912e-06,-1.3678849611056042e-05,0.018921298210286413,3.573184637501159e-06,0.00019433182595398758,0.001672417002515827,-0.004056040673325538,-2.334656762781983e-05,2.3773106316528953e-06,-9.842113032673783e-06,1.150662058415881e-06,3.2796554784860124e-05,0.09894806158661035,-0.006731192588506933,3.967744314457161e-05,0.00011965118649017802,0.048205819889177395,0.07766274698892092,-0.09120281607560611,0.13076590445703765,-0.007728819126342672,-0.08452416962628401,0.016463072885720232,0.0007647816180035728,0.0006610419149412024,-0.022862523709960322,0.14441370758809538,-0.02296026275845598,-0.019286917193246503,-0.07388465344576275,-0.03643404648237329,-0.07106323122221873,0.15123282277685823,-0.26367488479940904,0.12417592243506069,0.056761454455994606,0.505388293132315,0.09066687367339002,2.161403897731401e-13,0.05485120816946809,0.03855027818327857,-0.0005707866145451823,0.008973082381022408,0.1793996544367363,-0.23055487380527745,0.0036214651523131403,0.0038252233504775467,0.09909238349831763
16,5.892894068366646e-08,9.327513004061135e-08,-5.3219738100605834e-08,-2.380201532954953e-16,-1.959853065933533e-16,1.637009526595779e-16,-1.4732918556179646e-16,2.811230389749105e-16,-1.1536327217362124e-16,-2.616636427953225e-16,-7.759186775341908e-05,-4.0762998621365105e-05,3.47339780352352e-06,-4.295324734575061e-06,2.8401483505136073e-06,-2.563930868351597e-16,-1.2076558587457549e-15,6.275417077552193e-08,3.541576578642799e-14,-1.845905667422977e-05,-8.01497424202452e-08,-9.226953323243282e-06,6.177463890180065e-14,-4.4978172991190665e-08,1.903572566815197e-05,-0.00017134156016775513,7.22117001681439e-14,1.731081638406654e-11,-9.353993102681648e-06,-2.6864521923476726e-10,8.60141042816409e-11,-4.0829514684960445e-11,1.7536154350503607e-10,0.00019285994708182196,0.004099692512589144,0.00012567121684505566,-3.963085421352499e-11,4.187302824862037e-12,0.00010305474085577348,1.7693449801821016e-12,-6.862234123170469e-10,5.525497134332052e-11,0.00016108655438156768,1.682521669677173e-11,-0.011257193190935998,0.0004051610261917478,1.1472875504366425e-09,-3.1006108452878483e-06,2.078242393264643e-05,-0.047813723271099166,-2.108613352188689e-05,-0.00047682608141385197,0.016091295950326764,0.08227534372799601,0.0001081699613394698,-0.00015337607664130142,4.1558187298116196e-05,-5.694645865037403e-06,-0.00012915732734961914,-0.022139372313506024,0.014335101657748248,-0.00047121554402573097,-0.0008628339891937013,-0.2348859439865267,-0.04400932241648127,0.21974808244292157,-0.21808203379365282,0.02627400487332854,0.1290311860622058,-0.13113809227905343,0.003217504072958301,-0.003457302534384615,-0.19200961996901225,0.5190769233483132,0.0438877383107638,-0.0618224240443016,-0.332624005373735,-0.05775119023018568,0.03628933230285731,-0.43246531449457415,0.16451577023888675,0.2615960402068969,0.007763327830439535,0.05077301235656792,0.033023553881003434,-1.487088611191669e-13,-0.11324747453351,-0.16905353101694548,-0.0005311036476783325,0.024213346093069854,0.13391748370186174,0.007949456543163133,0.15870576487185045,0.0013162725904256978,0.05959398450602436
17,8.709796134897065e-08,-3.60754180817728e-08,-9.756320138241715e-08,1.3357965405048428e-18,2.505914200847742e-17,2.4167346382196587e-17,8.188856348539222e-17,2.6063164506252383e-17,-1.7859751063637655e-16,-1.9126740176474665e-16,-7.269884577429802e-05,6.997295425973547e-05,4.38847868640336e-06,-4.437988459577944e-06,3.1840171963722126e-06,-2.434348418841852e-16,-1.160227822603876e-15,1.296185632954939e-07,7.402611320163676e-14,-0.00010281846672677058,3.3411290888408945e-08,-2.04508608796751e-05,-2.957457167285122e-14,3.9008208612079283e-08,-4.904203747558051e-06,-0.00020281375189996206,-5.617890817118273e-14,4.074278583530089e-12,-1.5655159444098402e-05,-1.0212752797993869e-09,4.42517464765742e-12,-1.9269056505482614e-11,9.57655114931886e-11,-0.00023251909985318184,0.000910467230585751,0.0003239516377218889,-1.8954966432113354e-12,-4.085750328001976e-12,-0.0004983042081893757,8.25256840442873e-13,-4.169721893913164e-11,-4.377457878320475e-11,0.0006363654062499456,2.2022675217047357e-11,-0.040768830906668364,0.0012424777658546554,1.7698533333208032e-09,-1.1478730310697275e-05,1.8629136550281574e-05,-0.07711871184060118,-6.209563764564118e-06,-0.0007460264808396718,-0.03259807963855907,0.00909693650318108,7.36245901338266e-05,2.596801315740466e-05,3.995908259455534e-05,-5.4330530047973866e-06,-0.00015900657637579947,-0.013831929630867362,0.004066909667719531,-0.00015389645787745182,-0.00048234801157339747,-0.21005589748701123,-0.0958973649120641,0.18177178416327938,-0.2625016446310735,0.006460729221718599,0.06305660905857363,0.009056434659396812,-0.003492659667215325,0.0030410118800790753,0.30241423900502706,-0.3350427108188322,-0.011688367223858675,-0.15244868723636237,-0.3170301261150245,-0.054834320147393416,0.03091257347079754,0.11748575234576383,0.019111626599848355,-0.0044402114623401535,0.10686968892326568,0.33209239638078925,0.17454473932935025,1.2131578943302332e-13,0.08395762362181677,0.07245165806875803,0.0013922286749957892,-0.03372259075663553,-0.1261068592198457,0.5315111549958513,0.01627485591429278,0.004105915506041337,0.14697638137924351
18,9.802786358067867e-08,1.2065905078623902e-08,8.748837544827758e-08,-7.467952037622256e-17,-5.2583867883431306e-17,7.842424434831589e-17,4.1968052057210895e-17,1.4373338375604636e-17,-2.8055664865050974e-17,-3.328751400082844e-17,-9.195029466979122e-05,4.390971689994034e-05,4.829078031832154e-06,-5.221701034033721e-06,3.491790777298166e-06,-2.9749195344641834e-16,-1.4729973762554896e-15,1.3652685144610777e-07,7.76989582261602e-14,0.00010588259237307906,3.468102737672619e-08,-1.7201691627762003e-05,-2.6799676517609024e-14,-2.4654245754629327e-07,8.614793601735399e-06,-0.00022197341825443248,3.0756816406344216e-13,2.0033574186751225e-11,2.162203820360391e-05,1.7139254717375874e-09,-6.22119421849754e-11,-1.8590160675045127e-11,1.1416300462625029e-10,-7.012205362174485e-05,0.0013837552247171283,1.2219858291052501e-05,-3.490447404029013e-11,-2.5311279597313606e-12,-0.0002312233735978977,3.680610044249791e-12,-4.4945667333776323e-10,-2.118631440406461e-12,-5.776198109899246e-06,4.717552538195946e-12,-0.021236073364921806,0.00093553315520745,2.431059595358931e-09,-7.3578694596879785e-06,2.9200624627081424e-05,-0.08576806709428617,-1.1084002438119748e-05,-0.0008679856427168833,0.03129075068387647,0.012861976452583421,0.00020447608500394164,-1.615517907090214e-05,8.493089526951511e-05,-7.689224786732785e-06,-0.0002135290625343491,-0.02613332651063117,0.006787141089306332,-0.00034576670868648147,-0.000699037206998752,-0.2791586861950759,-0.11307609082156646,0.25442489690736686,-0.322345175786256,0.015203671948206916,0.05172565655735898,-0.033078781597349775,-0.0009349819120122836,0.00014239442387048922,0.018395047442510935,-0.2961124099307473,-0.10176643876267147,-0.06790974548071166,-0.008584169000987876,0.009238877096206426,-0.058696744502448925,0.3172410892356128,-0.07315688590504534,0.30661814553189914,-0.2250087037463631,-0.2607448130761955,0.03310682786888271,1.4364626697851258e-14,0.09736176595133007,0.08468770007857361,0.0007393709693809693,-0.0034644022960825553,0.2705238881366033,-0.43768852966293453,0.1311837611901483,0.0038801779727310106,-0.044739264130599705
19,-0.00022560976628458737,-0.0007362290189062066,0.00040017288038564125,2.1574214481669338e-17,-1.4705170543942397e-17,-5.928073958495853e-18,-2.0596485039390452e-16,-1.0243401689850373e-15,1.904303195665346e-16,4.666949083865247e-15,0.010431054581681157,0.012278431154353599,-5.332512850295512e-08,6.272097485867581e-08,-4.3084321085040305e-08,2.4686834963311987e-14,1.3251276898905918e-13,-2.392983110640886e-06,-1.3236190817469607e-12,0.005722470758330825,1.4071304766014544e-05,0.00031173072290820045,-1.1028435398359823e-11,-2.5512776591723636e-06,-0.0016423825853106144,5.4582847493443e-06,1.4037328417648864e-12,-8.347033231732459e-10,0.001030820785735968,4.9611010907443446e-08,-6.8994826009315256e-09,2.1553214233552543e-09,-7.605572627681215e-09,6.07692163655193e-07,-0.1317984683404486,-1.2709626122728319e-05,1.3257899486352755e-09,-2.366715730178089e-10,6.7437094466056e-06,-2.6893447197048174e-11,2.201315968384786e-08,-2.346489881497425e-09,-2.763920605213406e-05,-4.644588402209408e-10,0.004897784733456234,-0.00029595864292043724,-6.042474618757093e-09,-2.7179910885347344e-06,-0.0001577552236667686,0.1762044538668302,0.0002533556677458007,0.001768282670211915,-0.10513992386300551,-0.862364998054584,-0.0003937054628401206,0.0016097773298892797,-7.581787742735681e-05,2.1601842186511033e-05,0.00031668039042163774,-0.009974894998182033,-0.07365150888389412,0.001771183730594349,0.0023011201992838497,0.039098633693486956,0.03321937078045608,-0.04715241775204906,-0.15614797557140317,-0.010078189248252876,-0.018669302716140188,0.11345303891299967,-0.0050295881662484,-0.00044281382614812774,-0.03541022377895627,-0.03717503168725546,0.04593450227259717,0.11211093752664719,0.014443881274665588,-0.13842436278578138,-0.06854514976307119,0.009550881474797967,0.024982585116926574,0.03509101666946004,0.0040532431457516475,0.002424585054135291,0.04474066603798514,9.576296378628605e-18,-0.10694110975587662,-0.20422035626010857,0.0021571621419863483,-0.0034434057620322677,0.09467688213040436,0.0473575755851227,0.18561417637927405,0.0019702579660159708,0.06506295138231484
20,-0.0004737724832547383,0.00040952004956181545,0.0007822614147859859,-1.4165491694167824e-16,-5.793046478054846e-17,-1.0906389979797703e-17,3.9579152894263306e-17,-1.7226004281585702e-15,6.488412097217948e-17,-1.848100896619294e-15,0.008279599906169737,-0.012935974084487205,-6.255331968985583e-08,6.659308326647654e-08,-4.757644748722571e-08,2.0052337504680008e-14,1.2204579399948517e-13,-1.4396892068916063e-05,-8.339870517670365e-12,0.02147477886737145,-4.316801463701213e-06,0.0017040283393134651,4.030919041042336e-12,-1.5926869252137883e-05,0.0010120804241685573,6.1771416803157545e-06,2.1032920546474012e-11,3.905395048270654e-10,0.0018154716590560336,1.301523811850389e-07,-1.6142337141060444e-09,6.529840514020973e-10,-2.4818587927224964e-09,9.72184198574711e-06,-0.0032396867648941717,-2.5004330275913054e-05,-7.194394274671522e-10,1.687657835652057e-10,5.0458630971514414e-05,3.4992464944612815e-11,-7.996776076991397e-09,2.0425882954529377e-09,-7.187177667074598e-05,-7.106913737401275e-10,0.01110082452088398,-0.020055460640667627,-1.8743955387245492e-08,0.00018958667275854277,-0.00010137879554230074,0.5734968980151477,3.3825933328170475e-06,0.005400672846950128,0.6449129210272654,0.03314826689801375,0.00026713316504735184,-0.0005377919796565515,2.5641018785213166e-06,1.5819874119815297e-05,0.0005095324622953521,-0.0023848091871867196,0.0019478535457351472,-0.0003355710668079096,0.00026724198174774537,0.06417014194061897,0.04965866211272939,0.03690951856064133,0.005598333271044631,0.019097706059128593,0.026304387166511414,-0.10500358568607031,0.004709725490653503,-0.004123379862003926,-0.24070908433006782,-0.09852728016172307,-0.057937987986708725,-0.022968841571067586,-0.0061650859662002715,0.005303126403855962,0.04937243966053674,0.07651168800805447,0.1994032546656687,0.06788042243357226,0.12939886505651438,-0.0061795476911643,0.22381473898732632,2.198357896654528e-15,0.09191092871115988,0.09219121289960408,-0.0013653848326355372,0.01758724245246863,-0.038576563635279844,0.011170676012659704,0.037556054763519975,0.0032655918183435227,0.1458856302927746
21,-0.0005384158707437542,-1.2931972127752734e-05,-0.0008664743253697634,1.3026970505938695e-18,-2.2196155403938298e-16,6.305052788573898e-17,2.1244210782967e-16,-2.038270095764906e-15,-1.0832440536413684e-16,3.9638913859257445e-16,0.011788775019680304,-0.006811031636383841,-7.099444511228677e-08,7.807861803299536e-08,-5.4264333658929904e-08,2.8735511448005575e-14,1.755063878197317e-13,-1.4617543259441761e-05,-8.407558651048404e-12,-0.023152393614404777,-7.373880413379666e-06,0.0009640282111152158,5.521848634738887e-12,3.0215350126238713e-05,-0.0006049861950236552,7.019738858307106e-06,-3.7827791303782685e-11,-1.19102866389788e-09,-0.002398864740096497,-1.748995539665121e-07,6.471253003495012e-09,5.97804828196412e-11,-2.1037871652566066e-09,4.489655362032632e-06,0.0019102372002010894,-1.4083458648671126e-05,1.2276406289156446e-09,1.0717096965341176e-10,3.736738052529077e-05,-1.4551520639818243e-10,1.1493933550417418e-08,1.0809218781030983e-11,-3.6596552441068816e-05,3.1205388393949124e-10,0.00972339082933507,-0.008472355294277924,-3.880266669844594e-08,4.814757789078097e-05,-0.0002910424869473814,0.6251192640463241,4.517260008724766e-05,0.006694224905944745,-0.5637527591356792,0.19218237483094336,-0.00191954468907093,-0.00022297378207169235,-0.0005821117468114819,3.620323189712653e-05,0.0010002731708003724,-0.0032882132859623834,0.003107474901967924,0.0007488130121177597,0.0007818337274184715,0.11658704796032168,0.08581867764557917,-0.002859946564270557,-0.08875209376477836,0.026727230128819054,0.05253657184287385,-0.15383983690317216,-0.0003910526194361454,-0.0021632360844023903,0.05443441736933966,0.01198444212326268,0.10807490811413197,0.013154881715274024,0.0664183749951893,0.09702979011720113,0.03274293835871286,-0.03328051703344473,-0.07792414593609874,0.1442359469421215,-0.28416749359710597,0.022648766459953878,0.051127565484418366,-2.1415753854225197e-14,0.10079183475520208,0.09981786266642635,0.00037193051134432937,-0.015812341113387772,-0.004973655433629157,0.10547692875705314,0.15437513364790992,0.004613693471304965,-0.020471451789089264
22,0.22142326390684966,0.6213463413857638,-0.2391785199145343,-4.1544330031920975e-17,-5.823735525954859e-17,-2.1722164716524853e-16,-1.1408192925494898e-15,3.519542979164569e-14,5.849065762067922e-15,-1.4467404718194781e-13,-0.24204458028155468,-0.2607802646090817,9.527288427152033e-10,-1.173851258517972e-09,8.294818337874519e-10,-5.686504908883952e-13,-2.9308443205531474e-12,4.1621445356825874e-05,2.3239869453557554e-11,-0.07863599992783708,-0.00021284344672260565,-0.003457061170262072,1.6866931297323935e-10,2.7284392301564597e-05,0.015278819308252497,-3.5398675691916627e-07,-1.56971413852435e-11,5.760038091230161e-09,-0.006785764232668149,-3.3041149315462276e-07,4.1820785711571907e-08,-1.2348767776105636e-08,3.786196295710386e-08,-1.6374924747126364e-05,0.37638456409433985,-7.098233489343403e-07,-5.0323330105656345e-09,8.985048861034422e-10,2.7058489799829446e-08,9.377703818958488e-11,-7.111943778061296e-08,7.518190728155029e-09,2.280780265361611e-07,1.1983305026276208e-09,-0.0003491974391548131,-0.000496818599039049,6.954012730228902e-09,1.021991399955354e-05,9.022119292035378e-05,-0.024943061122706427,-0.00014017924934806,-0.00028509771692270235,0.021388108977550783,0.150915398275756,2.954626344468485e-06,-0.00021017328209371692,-3.407326047610985e-05,4.61949315226989e-06,0.00011643618026515198,0.0009783183570429828,-0.022030143334030132,0.0008281851667989955,0.0013765209117205998,0.0770266829396816,0.04017421730760048,-0.07528967423780938,-0.08418618938959567,-0.01084371348865506,-0.031974207097450344,0.10426866296809191,-0.0046000277893830255,-0.00024873553063011264,-0.021782028236861366,-0.08129413392505055,0.0473341857091794,0.1275665920684195,0.06424237703404914,-0.13600890479738373,-0.07564866538276833,0.047856699755468156,0.012478649901259705,0.0026062175580166564,0.0021748475490766966,6.22935873762745e-05,0.05135798887568769,1.2362422143627848e-14,-0.11224150056429943,-0.22248194523783157,0.0018384256397698162,-0.005542551569359496,0.07761732512828212,0.05808718015549702,0.2017609969924312,0.0021420815703380816,0.07070898439754629
23,0.4382918744111287,-0.3257672083214262,-0.440681306218302,-4.7015276550483193e-17,-8.078783277343082e-17,-2.9240986097319025e-17,-2.202580553841359e-15,6.096620837996955e-14,-2.058083338452176e-15,4.765253562398732e-14,-0.1808263428310834,0.25839086136135814,3.3810337014800367e-10,-5.417833894911445e-10,3.362976357983048e-10,-4.294414755328241e-13,-2.5475503981022847e-12,0.00024039601927372772,1.4067880032014542e-10,-0.2776723710550978,6.140905234249599e-05,-0.01815936562638081,-5.79954085730608e-11,0.0001571078374372763,-0.008940378915935847,-2.4294013072519623e-07,-2.0932667806691767e-10,-2.631248884564244e-09,-0.011270066617879996,-8.147337689785685e-07,9.327540275432072e-09,-3.48275183751199e-09,1.1428584890748709e-08,-1.1017425776514924e-06,0.005814477142460417,3.1993908671175244e-06,2.680085917744873e-09,-5.98950978668335e-10,-7.5969866913736325e-06,-1.2878813789480638e-10,2.5511558781446027e-08,-6.185648761495329e-09,1.4262316318527654e-05,1.7408728962229286e-09,-0.0024394736376791874,0.024038503690153014,2.4523926580555136e-08,-0.00021089726349852227,4.5293897161975165e-05,-0.17812363377485285,7.124227240328929e-06,-0.001755147929025682,-0.20618504645932556,-0.018415999042490867,-0.00017369678464917564,9.177617260184441e-05,-3.6648109280301576e-05,4.331163851932366e-06,0.0001402841378244515,0.002171453322341292,-0.0019585294073948267,-1.734087468455577e-05,0.00031622487790718666,0.08946972546744515,0.05486446766441768,-0.010429409910814777,0.04467029813365949,0.01407986671496388,0.011042589249919799,-0.08460241329032527,0.004122840797135749,-0.003976167487098454,-0.24453292566538928,-0.052592870785876066,-0.043289840200996174,0.0019446645869218206,0.039293780375055626,0.01355042705084545,0.04947101505242433,0.061984428459622896,0.20628192577690319,0.0580359189617613,0.1312924312997729,-0.03132746558701194,0.23361580931610187,-6.895067837012487e-15,0.0929338473864626,0.09541657244494739,-0.0012127649298669919,0.01857359430567336,-0.03849431825533559,-0.021858214666923628,0.041538531981897955,0.0031652391947713018,0.1472378458560957
24,0.5011321961888672,0.010341166812034,0.49111007551232916,-8.102593805206119e-17,4.696207037589742e-18,1.6722711746766901e-16,-2.6096127693740342e-15,6.95948339243538e-14,9.18351877170788e-16,-2.091160422375395e-14,-0.2593025045726544,0.1367286971682702,4.3252560987302766e-10,-3.7751244545732645e-10,4.4668501782304434e-10,-6.206893168580429e-13,-3.692847976824495e-12,0.00024548152137429045,1.4262704809786093e-10,0.30125918734495927,0.0001058808884318077,-0.010270173676606233,-8.014598188666949e-11,-0.00029801103166183493,0.005321482311480455,-2.6569247499310994e-07,3.76519249733264e-10,7.829240686024879e-09,0.014975730395167506,1.0990669945749278e-06,-3.732033971725504e-08,-2.1331246446760304e-10,9.558524808887333e-09,3.5400413528533374e-08,-0.010441817917667287,1.9736411005342686e-06,-4.427478811326718e-09,-3.829876857887469e-10,-5.725777820786678e-06,5.073309796240375e-10,-3.485273505351558e-08,-2.5239698744691365e-11,7.388783258000077e-06,-8.180012907054405e-10,-0.0021903930607790043,0.009326134798891595,5.399372249380229e-08,-4.468690514359068e-05,0.0001723651704294504,-0.1943897706480158,-1.2787331263491933e-05,-0.0022817359013208877,0.17864366326608921,-0.0665702241869289,0.0003909673152534563,6.7084371295864e-05,-3.763109357649056e-05,5.759016865871056e-06,0.00019240392302548182,0.003080434734774023,-0.0032469796451893114,0.00040872949947121806,0.0006171384962774962,0.13352462660015527,0.08159921688151424,-0.04747935471147701,-0.0162199117395702,0.018803223168189144,0.029503990827016928,-0.11606420592375834,-0.00014810343177302544,-0.0021428431281050207,0.028554451851519485,0.03575288016091931,0.11156170655116904,0.032670001396187046,0.09293314815467184,0.09702195904350848,0.03792666926939149,-0.05797998599470413,-0.07205770042956335,0.10931849265653461,-0.2965823517810652,0.037805016610507704,0.05692650221945514,-2.5293841609843433e-14,0.10224093183095731,0.10300835351297433,0.00019147982577215987,-0.012857769717046524,-0.03361621705534012,0.13376561537832654,0.16012818356436256,0.004633449701874772,-0.01770032240673614
25,-0.2248700048098461,-0.6309213763793211,0.24275465611009664,-2.3372788663089026e-17,-1.4354003246202062e-16,-7.202336150197039e-17,-1.16072190032099e-15,3.2439479590731134e-14,5.362739383920563e-15,-1.335396000613563e-13,-0.22926918470436317,-0.24687637071349117,1.0403399278128741e-09,-1.2754322538258728e-09,9.000289394329997e-10,-5.389703135268758e-13,-2.78552623755689e-12,4.051275212009514e-05,2.2629008021919026e-11,-0.07410454846870178,-0.00020443126997453614,-0.0033650884234626287,1.6196843202180845e-10,2.5371097868216974e-05,0.014948700474994372,-3.6070744394112353e-07,-1.3735125226051781e-11,5.678794278562741e-09,-0.006633073050905804,-3.219102115857439e-07,4.110777158052917e-08,-1.2167906203912531e-08,3.739325552845877e-08,-1.625055152642339e-05,0.37377544171541666,-6.752517007577621e-07,-4.991083919234055e-09,8.899859212260309e-10,1.3610892967826247e-08,9.355127472159242e-11,-7.059811879063634e-08,7.462191122636261e-09,2.948153717698612e-07,1.1897682930668885e-09,-0.0003591868681908974,-0.0004946576097351619,6.95066162400946e-09,1.019841506510033e-05,9.035594044124105e-05,-0.02523949310728054,-0.00014049680966738014,-0.00028787853022626224,0.021374328501246015,0.1529219516979935,3.3155137280435312e-06,-0.00021391857332829533,-3.40567079268627e-05,4.573383516193269e-06,0.00011585961230789669,0.0010021516529161647,-0.02184686548241618,0.0008243414226263811,0.0013718061874334567,0.07702476434130916,0.04014689439652894,-0.0752613782899669,-0.08393021319511096,-0.010830240925393496,-0.03196443012955287,0.10411363649598096,-0.004594735025036952,-0.0002480528660806014,-0.02171055600216953,-0.08133887054635383,0.04731432004510531,0.12752006565487256,0.06432847836369116,-0.13592272746627004,-0.07563188870377091,0.04793567146984742,0.012436493992630925,0.0025384960744621703,0.0021696756454999753,4.8940897031563005e-05,0.05136190774953306,1.2481940944759808e-14,-0.11222366158971579,-0.22247503458698648,0.0018358638848477097,-0.005545980051902893,0.07754385109925202,0.05807412148834489,0.20174956295750335,0.0021419010677178967,0.07070251001476606
26,-0.44506130604112754,0.3307413303408568,0.44718171792943434,-5.694882795149976e-17,-8.975182569852702e-17,3.160925050105383e-17,-2.0530721286710404e-15,5.599794737090559e-14,-1.8535791987691863e-15,4.393463294449248e-14,-0.1723470642011876,0.24632967591048463,4.674148457330959e-10,-6.716315497724447e-10,4.3311909370640357e-10,-4.0953180669889296e-13,-2.435278020650896e-12,0.00023147680323926936,1.353985888869498e-10,-0.26500072426379645,6.0347729177394053e-05,-0.01767394851728759,-5.6732253695372616e-11,0.0001509193895831928,-0.008711146333563397,-2.532931852990433e-07,-2.0116247897639666e-10,-2.5569906301794804e-09,-0.011011828692263189,-7.960115608860794e-07,9.011111936887778e-09,-3.420412290407779e-09,1.1278990845509282e-08,-1.1102583470899276e-06,0.005607748004047219,3.2484972480560957e-06,2.647031568504983e-09,-5.944952097484808e-10,-7.688450540080465e-06,-1.2657594210965974e-10,2.5274059509503163e-08,-6.139927139799578e-09,1.4395909275956267e-05,1.72857639113354e-09,-0.0024601879586714313,0.024004308927546198,2.4495937334732104e-08,-0.00021067355004129263,4.539466202594445e-05,-0.1791658396531615,7.103604121427657e-06,-0.001764434372583433,-0.20802308812599976,-0.018273887241957037,-0.00017528400596862495,9.286794026328085e-05,-3.699003996475465e-05,4.305036561929187e-06,0.00013940876265629043,0.0021780143555104594,-0.0019517783333083006,-1.6246978338720512e-05,0.00031584072945891575,0.08944753842716124,0.05483025938455069,-0.01053346325095772,0.04469663922570761,0.014060931500898637,0.011009473070555293,-0.08451617280491276,0.004117497780233171,-0.003972933596964535,-0.24434191008158665,-0.05244202207453221,-0.04320923827963699,0.0020029705123714814,0.03940044658291129,0.013582007360261205,0.04945466139420808,0.061942800505394864,0.20623423799765134,0.05801256528760838,0.13128598576310882,-0.03139958474386907,0.23361891556854475,-7.10882103891608e-15,0.09292713375125512,0.09541682509089126,-0.001211143693577705,0.018559585131815208,-0.03846879872083611,-0.021943906035058112,0.041545147977997465,0.0031645489146587377,0.1472194623276348
27,-0.508878772939918,-0.010499369135598381,-0.49836486369611716,-4.838348783399323e-17,-3.4943251612528074e-17,1.0910808815102756e-16,-2.2330091360431133e-15,6.420619286866599e-14,7.986934727821732e-16,-1.971284538656606e-14,-0.2471508126938496,0.13033032906369962,5.704764730385808e-10,-5.347318669593533e-10,5.487537322002084e-10,-5.918974128472105e-13,-3.523170657408857e-12,0.00023636333573331267,1.3728093939454628e-10,0.2875064356442685,0.00010106819753179336,-0.010086425899180185,-7.652940968664748e-11,-0.00028856480068159,0.005183264708063766,-2.771785573571471e-07,3.644694595207525e-10,7.68399064299737e-09,0.01465434249731308,1.075693111131596e-06,-3.6600575930837995e-08,-2.4401690275079936e-10,9.523288164200233e-09,1.0873474044277702e-08,-0.010027233668881558,1.986970411927922e-06,-4.3833242991621176e-09,-3.7942435478472814e-10,-5.780108365244713e-06,5.022993721282318e-10,-3.458812815877104e-08,-2.8488149635655903e-11,7.422609874892945e-06,-8.094740575779491e-10,-0.0022052845061010327,0.009320766348713783,5.3871869093650446e-08,-4.470435374202482e-05,0.00017272882463434391,-0.19551436650525017,-1.284343152307494e-05,-0.00229378363253941,0.18033034931315192,-0.06728078321599704,0.00039598901610287,6.781817287156581e-05,-3.5987479752716326e-05,5.671409054260217e-06,0.0001899497718136472,0.0030858852198421926,-0.0032781938185328366,0.00040716519737116376,0.0006161899994053027,0.13339726066168944,0.08149218727658772,-0.04752294128664104,-0.01604224175851161,0.018765419158820962,0.02941919054852009,-0.11584803401304108,-0.00014677505477570971,-0.00214187975474831,0.02841587329607215,0.03576651116846825,0.11148632794379544,0.032696878732963994,0.09292380882366888,0.09696302863029213,0.03792861161040927,-0.05803017345807973,-0.07200691926242787,0.10919661362490289,-0.29658293639887023,0.03785465981585886,0.05693477313347487,-2.5635816842450878e-14,0.10222865247022403,0.10300415979976378,0.0001907551346981555,-0.012837702329304122,-0.033676399832078756,0.13379831537753378,0.16012029179064582,0.004632771849494642,-0.017685705510130167
28,0.0036680409401744964,0.010296513514279388,-0.003967546588251177,5.942556539112904e-17,4.0040605688309455e-16,2.0262373750155186e-16,4.963781857226101e-15,-1.342029486597671e-13,-2.2634259029603442e-14,5.35653702283542e-13,0.5568498323480361,0.6106078669701316,2.6645393391715244e-09,-3.070698057524497e-09,2.1783589522650153e-09,1.2906932227837067e-12,6.1865586599236736e-12,-2.9255445569957344e-05,-1.582767936872935e-11,0.20943010587920852,0.00032281323365370936,0.002492503065156616,-2.5782435900310284e-10,-9.633658582124837e-05,-0.006373924196725577,-3.7475452481653626e-07,1.107403137117016e-10,3.121546103817808e-10,0.00349895644652213,2.4169711004713066e-07,-6.596960529554236e-09,-4.367479172978945e-12,5.362773654356756e-09,-7.373794144902277e-06,0.17611296482855,5.659298396506222e-07,-2.062883701478212e-09,2.8252938273991903e-10,-4.6347309840812114e-07,7.791533723395897e-11,-3.236481983964606e-08,3.3375189006019153e-09,2.3241300419926395e-06,5.194507842571538e-10,-0.0006337550159798209,-0.0003776954956357034,6.509716167759722e-09,8.890027335147681e-06,8.422763071108218e-05,-0.03304641437916462,-0.00013149636178468767,-0.0003611348186287826,0.02248800626410101,0.1981507112095891,2.074846323986101e-05,-0.00030785070650709716,-3.0708567981086336e-05,2.7905007218597314e-06,8.970608191467923e-05,0.0016882960202710606,-0.014627261630410896,0.0006584123769546146,0.0011568977651738675,0.0744984061314393,0.038082527717671,-0.07203237599298691,-0.07353196640596618,-0.01006416486266943,-0.030706180954255934,0.09616296233331857,-0.004322119179469931,-0.0002224189874962469,-0.018738961698774557,-0.08123121133080478,0.0461935695273695,0.12430841833168166,0.06627962526408987,-0.13167027175729018,-0.07446795267071321,0.050039060930822464,0.010929381356189162,0.0005080565632101464,0.001977632828220592,-0.0003400902084058715,0.05143651508384904,1.3230437321054809e-14,-0.11141390616583477,-0.22202254577701624,0.0017100516603166455,-0.005600605158990526,0.07448758128876215,0.057201062110318536,0.2010423395513169,0.002130371899960408,0.07034854061613514
29,-1.2117884183764803e-05,-3.957770056241542e-05,2.1558096935095695e-05,-3.1276773585096944e-18,2.1027642200859796e-17,-1.0848981278359573e-16,-1.1696111609806394e-16,1.2202546905252032e-14,2.56434940328885e-15,-5.84342839711792e-14,-0.08536495764982131,-0.10379579173682399,-7.867069921557679e-10,9.18631086038552e-10,-6.713268617671599e-10,-1.997173697129083e-13,-9.958651296269607e-13,6.065316479872382e-06,3.244182006692857e-12,-0.058870619174130855,-8.072099809613038e-05,-0.0008788656528475939,6.36471084648563e-11,3.794192981109402e-05,0.0028867801884761898,2.967969294487419e-07,-4.3110818177457875e-11,-2.1097673299304894e-10,-0.0025890067141517022,-1.7682676727107024e-07,5.5143860269357466e-09,3.949272423558627e-12,-6.113952837828238e-09,3.65502541016483e-05,-0.8175297960508249,5.141815196274801e-06,4.017430672788835e-09,-5.704955140049344e-10,-2.297520436209573e-06,-1.6628966844869222e-10,9.655669319601365e-08,-1.0544160245444426e-08,8.81701070691161e-06,-3.900471728916826e-09,-0.0015215163553650504,-0.0014093128534619637,3.210392063909635e-08,2.9706002338402485e-05,0.00018311535933855113,-0.06061368568283937,-0.0002660837877132207,-0.0006716585871672376,0.03865356346063607,0.32013396343004846,3.454728042858058e-05,-0.0004850545198054677,-4.446676103890317e-05,3.94589548705174e-06,0.00012387163946915453,0.00433599759127135,0.01626570005176909,0.0008425804173714444,0.0014071844411785587,0.08396692674971169,0.04273270611009141,-0.0796139301821894,-0.0802636176888669,-0.010834045700065898,-0.03291089315371198,0.10325573373138408,-0.004581957161457899,-0.00023120185565246563,-0.01926818828925938,-0.08239974454421012,0.04673148866787753,0.12380796715742642,0.06516628043090524,-0.1227748801166788,-0.08969876592945407,0.05144258678300963,0.01125874394121363,0.001507768730330935,0.0019404383171548964,-0.0003410954458583285,0.050509409674770196,1.435007721630708e-14,-0.11032882401730053,-0.21831520966767384,0.001827215165249989,-0.005726843000358499,0.06320953831237656,0.055028453192923855,0.1987795438858903,0.002129245173183997,0.06954008429405184
30,0.007235076800947222,-0.005376234904167294,-0.007267044918620094,3.505941574002595e-17,-8.188879969110922e-17,-1.0228945227062316e-16,8.831154948061088e-15,-2.2703178691376852e-13,8.295935355883753e-15,-1.8331635539325017e-13,0.35242129062971794,-0.502565575843191,4.007700610783269e-09,-3.9717603111538535e-09,3.0235119772296763e-09,8.213501550521454e-13,4.533990955878345e-12,-0.00032769738346328213,-1.9545425793912224e-10,0.5329671831560947,-8.620057028440495e-06,0.013456346562809045,2.439013017259808e-11,-0.00024572150970341046,0.006179035144884529,-4.4467098292834005e-07,3.2187885180359916e-10,2.3756344446863338e-09,0.006253071386703403,4.5483079230578103e-07,-1.2247828151984175e-08,8.073726766242637e-10,9.299663972137481e-10,-7.149667189728122e-07,-0.010204670555210509,4.084972750438537e-06,2.4615562387017396e-10,-2.6788489451928533e-10,-9.09337147081604e-06,3.48310445687471e-11,7.317327162154122e-09,-2.6603972593264457e-09,1.5897461099641996e-05,7.332240370986146e-10,-0.0027707121036174916,0.018440456917053618,2.0725679855577227e-08,-0.0001642562013142144,4.660305320435184e-05,-0.1932457989143726,6.135177032419961e-06,-0.0018807382981367565,-0.2346858830660896,-0.014419339303939646,-0.00019351791656381187,0.00011945584799235801,-4.462543807516825e-05,3.1904707699424753e-06,0.00010306244863554802,0.002263167981167165,-0.001557148734858134,2.160360183478603e-05,0.000289607473679181,0.08616403457607126,0.05222968370251974,-0.013607763070869243,0.04406105879981029,0.01319171689991092,0.009901009913902773,-0.08026101728917444,0.0038472841527758058,-0.0037930767400083734,-0.23326652252580646,-0.046599582070471754,-0.03956662104178866,0.0037831558892736923,0.042392315302067496,0.0147351188831082,0.048618422888451564,0.060167055373033226,0.2033306529000359,0.0569640901141407,0.13094427200859832,-0.03347321245204999,0.23352090530615296,-7.293480214968836e-15,0.09257105343164868,0.09535730072071313,-0.0011279698859298483,0.017715908355213777,-0.0373961760312435,-0.02399615209988809,0.04171457017293007,0.0031349064676818392,0.14633746931100725
31,0.008272601192743203,0.0001708205923811245,0.008098870140500593,1.559243472011326e-16,1.0907941793208418e-16,-2.291026028825023e-16,1.005762862297492e-14,-2.5553187455915483e-13,-2.380824040024114e-15,5.841013501851527e-14,0.50557159576586,-0.2659072112376431,4.427160521375938e-09,-5.119513326872705e-09,3.3045172175184636e-09,1.2044908259979511e-12,6.993307549297905e-12,-0.0003348817991811445,-1.974885071397489e-10,-0.5781531051183535,-0.00020024270659097803,0.0017926614004664056,1.4981214594901536e-10,0.00031809850552486915,-0.0037984642577858674,-5.202898226450532e-07,-4.089043873403946e-10,-1.990188669061894e-09,-0.00682329827445692,-4.854901568013593e-07,1.1901058442745125e-08,-2.2936139261070418e-09,6.9770492963764206e-09,-1.4611513479656833e-06,0.02123965808496967,2.056019002929623e-06,-1.171837093922581e-09,-1.219677841354709e-10,-6.526072911021271e-06,1.3436945917446335e-10,-1.4494188141124453e-08,-2.897686249145285e-10,7.567519720181167e-06,-1.2609454825289464e-10,-0.0023897950765830833,0.008272573217631586,3.923790084205517e-08,-4.514362050967139e-05,0.00015990629078233313,-0.2095555596453892,-1.4843938101546878e-05,-0.0024092740483038565,0.2046736540523488,-0.07994332694454778,0.0004994199336399612,8.248209891431408e-05,1.7321445783635604e-05,2.559221830062131e-06,0.0001006230090757783,0.00306072385459032,-0.00421855544559167,0.00033775001030324653,0.0005644239118283963,0.12511506923375582,0.07556011384552667,-0.04752777001185378,-0.009990186562528603,0.017070363931118944,0.025874343549895287,-0.10583325365508854,-9.174839660828041e-05,-0.00208295847076847,0.022375380130401072,0.03515259961742957,0.10708208269871734,0.03325413173855967,0.09153414452669782,0.09384978618493274,0.03766223956062815,-0.05909366217734066,-0.06966330935632262,0.1044838584013383,-0.2963616112706609,0.039207859798765426,0.05719052810122395,-2.538271882859293e-14,0.10162486306391147,0.10275176641413515,0.0001612749298457519,-0.011894621719567029,-0.03517502413637828,0.13312472705379497,0.1596074903541018,0.004597989969066276,-0.017114411254010364
32,-1.7913018669365693e-06,-5.0303131308823635e-06,1.9423971625096245e-06,4.488388995044e-16,1.462618201483522e-15,-8.609664106003527e-16,-1.877393898156774e-13,4.3871288878254514e-12,7.217218558184942e-13,-1.5788517288958375e-11,-0.014120199508125337,-0.01510548019684896,-2.9161619540061534e-10,3.5343638796377836e-10,-2.8390181372533364e-10,1.0383424194465935e-12,3.053403778898786e-11,-0.0023095472857045567,-1.3185829301595446e-09,-0.004093777429594406,0.0067019535800309895,0.12636583997784245,-5.281150324343296e-09,-0.0008036795205689828,-0.6375223198713419,-1.276790312409096e-08,1.4215269126695052e-10,-1.8657533051165308e-07,0.29476578846977547,1.5754523001589558e-05,-1.515900596711417e-06,3.947523919026133e-07,-1.0270238158192864e-06,1.4865147991186984e-07,-0.0033917616114076937,-1.8331887214311706e-08,6.890301017185327e-08,-1.630367756241774e-08,-1.5881606204310752e-08,7.775100917722743e-10,5.136905758260746e-07,-5.495309910325252e-08,1.5941592044928249e-06,8.94382680076222e-09,9.499720458606503e-05,0.014020366627446209,-2.3584714571186936e-07,-0.00023396336170804975,-0.0012421887750889739,0.00811117954674441,0.0018417639776679724,0.0004556476549531581,-0.008802568949868134,-0.029927691938402157,0.0006755654977084993,-0.0009093898252318616,0.00029625256392921165,-7.286703534989972e-05,-0.0012764816747476721,-0.0006602191103204088,0.004618743592376025,-0.007539581944522838,-0.009864336502658581,-0.1650897352853014,-0.10614450874373565,0.17022428498976735,0.395142777555723,0.032057138270584255,0.05869253978333881,-0.3189361449780434,0.010145318236988873,0.0008201283370568442,0.10550398655721673,-0.019254789875056435,-0.011592235190537446,-0.034173006649500584,0.11496563969905978,-0.013765179384296292,0.10894785640892886,0.096146100214666,-0.047510111676675834,-0.07182443730464337,-0.004939208277900521,-0.012263844579672072,0.05996751981547889,2.696417568263919e-14,-0.0851996182746849,-0.22951943748673545,-0.004814599889444876,-0.0045263146641574235,0.04104553643166349,0.031036551833651223,0.18458109223373362,0.0015649172353435748,0.06031906607731565
33,-3.541511531512049e-06,2.6329323642137508e-06,3.5599928650112813e-06,9.084085103843563e-16,-7.638441012825872e-16,-1.4172933330582063e-15,-3.828865756425559e-13,8.898255349367968e-12,-3.594218640031177e-13,7.535354171179466e-12,-0.012025126961133172,0.017444495427459634,-7.52019190321937e-10,8.610208565034495e-10,-7.579023397524582e-10,9.538311501028071e-13,2.612811087637367e-11,-0.0056625429907981185,-3.193375780375127e-09,-0.023447885028940033,-0.004420372070834961,0.5934291379540414,3.547720393689511e-09,-0.0033410228636174023,0.3030429037779472,-9.053030742283013e-09,4.451781491197748e-09,1.0278992098052658e-07,0.411823655888025,2.9767017500103923e-05,-4.2076760542368823e-07,1.1546699120466066e-07,-3.292627565790445e-07,1.052053397587015e-08,0.00044245868895748016,-3.666602154227094e-07,-8.703382296717622e-08,1.3924087796875154e-08,1.9176269590312823e-06,5.3409770856225486e-09,-7.505460121954924e-07,1.4719094781483598e-07,-3.541944831663034e-05,-3.8038233384449346e-08,-9.360044352076428e-05,-0.2765925877968026,-2.0705100516631774e-07,0.0023531602554143277,-4.291983902699369e-05,0.0064053247229462025,2.7803445022805463e-05,0.0005093393019884419,0.006323083508188368,0.002357666352063631,0.00037340447551997217,0.0007749530923732504,-0.00013157634338642027,-4.24991852783032e-05,-0.0013607025167806108,-0.00041180565625006867,0.0003143897146828088,0.0012152878565854766,-0.0011170526874233727,-0.10995046695863062,-0.0845909765189308,-0.10274138206177888,-0.019828403684039687,-0.023921187423763503,-0.028038789629852984,0.10707631175661984,-0.008127153858169627,0.004627044787351538,0.29242171439039283,0.1810428740228487,0.11484186161284425,0.06093412858631725,0.12940777579119045,0.053233575674873725,0.017729459749604805,-0.014389320884751238,0.06199259443604982,0.011192355292473668,0.11606697308716539,-0.09628351970450132,0.22476211105682375,-1.5969120419584085e-14,0.07544483006534553,0.08939226568536564,0.0025586879756721143,-0.0227492384287597,0.012148505523863666,-0.07022285525372253,0.04689969790363182,0.0018868527962267775,0.10785443956516788
34,-4.0424895646778e-06,-8.561271547086126e-08,-3.954044213765462e-06,1.019756338494697e-15,2.634846475554988e-17,1.6658479917286905e-15,-4.1550288836433043e-13,9.650975634763889e-12,4.560638138946524e-14,-1.2839453889295215e-12,-0.01541054001935899,0.008366943172958542,-6.497555568193901e-10,7.687214682541615e-10,-6.394184795860298e-10,-7.311916328735667e-16,2.9068785323993743e-12,-0.005475025048448257,-3.1009972109580457e-09,0.01528873524513173,3.797461975807321e-05,0.43763180314159783,3.0860521267494637e-11,0.008247951981014492,-0.16284602570789983,-8.24732245068635e-09,-1.0246994873017961e-08,-2.641590788406973e-07,-0.5377074011612413,-3.9219528853179604e-05,1.3167995939739133e-06,-2.2593770270601817e-08,-1.9393436919142435e-07,1.0476532144430438e-07,-0.0017109416258521604,-2.2146556132510207e-07,1.2450740181564716e-07,8.80922274732117e-09,8.483418635968939e-07,-1.3819864542272912e-08,9.307312282752029e-07,-2.1883962929578174e-08,-7.94475137996509e-06,2.1453857700688586e-08,0.00023393120193090138,-0.05731477732769415,-6.710490872457259e-07,3.345597423033791e-05,-0.0008901640158492905,0.030523241674578577,-0.00021326945383304624,0.0023355700492264844,-0.0201221405622317,0.007343243901058303,0.0017828568429701427,4.522884027915534e-05,0.0016610928365005538,-0.0001035623851637379,-0.0030091815097757343,-0.0011378517929149133,0.0020786576789304247,-0.0023207258367307433,-0.0015798347186731431,-0.270740567489678,-0.1943048610574768,-0.011531605940678816,0.19465816796275232,-0.05514582541886047,-0.11987516573809857,0.33036583237360856,0.0018273222629596531,0.0007966956742019072,-0.22791754554127772,-0.01905963314201971,-0.1021738626779128,0.04179903654178625,0.009573283681408954,-0.04027179069564955,0.002586641315898409,-0.07656492149126708,0.03186161256014814,-0.07901470028298807,-0.282272137681382,0.07758178076894609,0.06420684211071362,-2.4389993722654613e-14,0.0755702039879044,0.09423068015094263,-0.0008860638936043791,0.028798716603248602,-0.08349342801575824,0.053582921121551975,0.1318901790593067,0.003004684509658578,0.004313859747496667
35,1.417721511323632e-09,5.384953295593266e-09,-4.140762188163799e-09,1.694570491867855e-17,-3.981555086588047e-18,-1.0865469748065752e-17,-4.96986233977576e-17,-5.156467435125661e-17,-5.929605900958102e-17,3.830099177528986e-16,0.0004108697606279364,0.000547072637512678,6.587852529117833e-12,-7.773778033681172e-12,5.816711015764454e-12,9.90001797928919e-16,5.0798799047046655e-15,-3.793464258648619e-08,-1.9983293401825816e-14,0.0004739121539574706,5.906402820018908e-07,8.459442008023468e-06,-4.60969821422147e-13,-3.972155170144058e-07,-3.349525294843782e-05,-4.987288529131969e-09,4.4774227747454106e-13,3.2146139052910996e-12,4.174572304615804e-05,2.831353686212802e-09,-9.567482592972114e-11,-7.169770084776097e-14,1.2576243167564663e-10,-1.2406704652832808e-06,0.027388289796006476,-2.503485795411246e-07,-1.0484572484404028e-10,1.5092644145950327e-11,1.2840780865663006e-07,4.488979949181804e-12,-2.903386229428709e-09,3.2219325114091637e-10,-5.477785877217497e-07,1.4180688859390869e-10,0.00013118404775071024,8.826033337156044e-05,-1.7973125079979705e-09,-1.973130570715167e-06,-1.7781634461956434e-05,0.007873938559213338,2.8725289371595645e-05,8.469035087346818e-05,-0.005897427879510982,-0.05961873930576137,-5.7981062852631505e-06,9.977038514936005e-05,1.4671817171682357e-05,-1.5804908284369334e-06,-6.26906267893967e-05,0.044440321987124255,0.7562040592456252,0.0003328082559194784,0.00025494426740613457,0.0017900540660918992,0.0005626692994802966,0.0012571276634320205,0.003374787928150165,0.0008200697238550766,0.002885515064560157,-0.008526787244551743,0.0005580116989600298,4.742621617383351e-05,0.005219213687169673,0.03164032915317343,-0.01924419233636329,-0.07601476292393579,-0.05459455197015669,0.26175595543690094,-0.4453694349012833,0.06331421430913393,0.014336039224751053,0.028331262588973925,0.0009945545537322698,-0.00026560261214179156,0.026262210958196922,1.4189647335553534e-14,-0.06706323927833167,-0.11632479935297303,-0.00017649823253969326,0.001788883801170195,-0.3165992466824707,-0.07232310295501652,0.11736156331545669,0.001548758913038169,0.040871675826460015
36,-5.811753560135392e-13,-2.5671785837984697e-12,2.7865404987518857e-12,3.221245151794805e-18,1.2647036648051564e-18,6.083916053604258e-19,2.1993783523385426e-17,-2.320602045893088e-17,-6.908493958752886e-17,-2.1084586202999503e-17,-6.890690480788134e-06,-1.0041463609484254e-05,-1.9135132362787046e-13,2.281545766666186e-13,-1.7474751617925684e-13,1.005661754694682e-16,-6.936179613878532e-18,8.252145691705489e-10,4.499582117795442e-16,-1.323849648226765e-05,-1.5011216068153258e-08,-2.8196425465359137e-07,1.1836729058530818e-14,1.4383681002659476e-08,1.3421859781480726e-06,2.8725962983043253e-10,-1.6321313509025178e-14,-1.6846885933233377e-13,-2.3095890227895733e-06,-1.5558086458476823e-10,5.685179806694046e-12,4.506541966932316e-15,-8.815944213974303e-12,1.403168721635592e-07,-0.003059567167217246,3.948267046567163e-08,9.242040265069833e-12,-1.3476082591468186e-12,-2.2904391927188585e-08,-4.0900038100897837e-13,2.928852577574446e-10,-3.299999730140516e-11,1.0717822932520684e-07,-1.7102379277307626e-11,-3.373240432561975e-05,-1.7388896600373265e-05,3.2106880406866816e-10,4.088949488122384e-07,5.0187923791033945e-06,-0.002745863426204437,-8.78144159720045e-06,-2.893508755888091e-05,0.0022857731262565847,0.026023791989080263,2.382749452387693e-06,-4.5971856378119484e-05,-8.353551334072078e-06,9.61860369243534e-07,4.079498264868105e-05,-0.03837945186066078,-0.6461026426663169,-0.0004060216891109952,-0.00046055084222385115,-0.023520236141142747,-0.012039167151256634,0.023191612404396468,0.024456740932414626,0.003545448773776911,0.011072890758446193,-0.03432961242518804,0.0016733405338574788,0.00010307490084834477,0.009924434962439027,0.05270190575996078,-0.03134830165646555,-0.11159570182893874,-0.0756055922160749,0.3281519840140647,-0.5081907509280615,0.06623706691336877,0.015055999888973921,0.033011248155874716,0.000884708664727596,-0.00025978176956516626,0.023453819658371018,1.5445034416498493e-14,-0.062305299208407876,-0.10457279575501402,-0.0006278825586300098,0.0032080146255022497,-0.3822510719011378,-0.0944066208995741,0.10828402263448704,0.0014953746698824267,0.03766917289835078
37,6.592656494731851e-09,-5.7012367629788735e-09,-1.088886139823002e-08,-4.445684584958867e-18,-1.9051164169998912e-18,-2.324300858872968e-17,1.8492078246721676e-14,-4.4315748013833803e-13,2.0483191413655922e-14,-4.3988794669292993e-13,0.0009703690887158268,-0.0015495704992735048,1.1001840216003446e-10,-1.274270763716349e-10,1.151192659462496e-10,-7.763912070307423e-14,-2.2058014662190046e-12,0.0006036474874415886,3.3687654477622737e-10,0.0032851633233376256,0.0005581240431794378,-0.10127976369332484,-4.428176169806792e-10,0.0006264680366472818,-0.06384521712234445,2.947108927571414e-09,-8.26595112054022e-10,-2.9741834917013727e-08,-0.12753332289078917,-9.141050613419752e-06,1.4242498753836259e-07,-4.132065916148085e-08,1.37827649807725e-07,-8.818266074183897e-09,-0.0003634917641730275,5.715986429544907e-07,4.987824375237221e-08,-8.130326035237856e-09,-3.99924989248134e-06,-3.207089339022742e-09,5.251321615627842e-07,-1.0542144954176574e-07,9.566041662444951e-05,3.5493568633543026e-08,0.0009286414380576696,0.7630333012223565,4.3347380373615057e-07,-0.007656880071920527,0.0017516714504293201,0.05146905498580731,0.0007842413843322276,0.004573680817205477,0.033659941144466465,0.00937027717180477,0.0016957467297923536,0.0027853504279626226,-0.00035609503192774323,-0.00010774006008958989,-0.003255797530936167,-0.0008212009081495187,0.0006304014405639655,0.002109664653198819,-0.0017598514656749068,-0.14857502838952039,-0.11331523645504321,-0.13364376936267913,-0.02518702242253239,-0.02961186644028022,-0.03443368791977496,0.13193392296476003,-0.009787562763094993,0.0053910484454433765,0.33504275465307515,0.20359936326069364,0.12871867851951618,0.0671798893186259,0.14126616935741063,0.05707339362588683,0.018661016275904264,-0.014870998045413692,0.06412172309130457,0.0118302774440796,0.11552158414134343,-0.09802024930923489,0.22392316953451338,-1.648437515502347e-14,0.07588641119049745,0.08920284790065282,0.0031249007281120692,-0.025857653764487645,0.012931293548670833,-0.07585461033429475,0.047096209814218665,0.0019151717959111543,0.10827792394401684
38,1.0630027744745666e-08,2.9865031589848145e-08,-1.156456347258111e-08,-7.530886208554406e-14,-2.4568331735079266e-13,1.3348390836967015e-13,1.0921574717797712e-12,-2.4545010953430834e-11,-4.14236514503061e-12,8.73494412566159e-11,0.004011610620343184,0.0041298781680306615,2.0046177708667864e-10,-2.463902174885251e-10,2.0689278667456418e-10,-4.468776471670708e-12,-1.210794604604866e-10,0.005047443633660909,2.927635198249218e-09,0.0005141465342110582,-0.014650826231988287,-0.12397371419951621,1.1735864623726437e-08,0.003933342978644769,0.6248452111309475,3.5693021575092646e-08,-3.824585531057421e-09,5.023990505727336e-08,-0.2891288570795966,-1.830177448748912e-05,9.069817372925128e-07,-1.5155831926423458e-07,1.9245591023227888e-07,6.544607501620117e-07,-0.015485476731344257,-7.975602624676827e-08,2.143133707976727e-08,-7.538440614807991e-11,1.5808587563709805e-07,-1.8334074673768468e-09,2.0421734053598413e-07,-1.4410806925957489e-08,-1.6473199665830518e-06,4.825491420388217e-09,0.00010699243929947277,-0.010490119524921867,-1.7777914803350555e-07,1.8354792656507767e-05,-0.0009474653814423449,0.008939151755895684,0.0012977276659749193,0.00036742419408982064,-0.0101414713646699,-0.040035213983975346,0.0005585823086325628,-0.0007624055464420056,0.00030856364039461313,-6.312994609084629e-05,-0.0011278981836221197,-0.0007402329901460785,0.00534876276906879,-0.007055540028689839,-0.00937619731771165,-0.1699191418324243,-0.10874643190618336,0.17571524663485905,0.40270095189801086,0.03277706408922783,0.06086169226510297,-0.32709695461183014,0.010729841047584003,0.0008333019605858477,0.10704033533470715,-0.014324659345967015,-0.01697173188398147,-0.04594685642951342,0.11444464746847957,-0.003971389769657078,0.12155269241193185,0.09828671427745225,-0.05157778398110541,-0.07630932690487385,-0.005515875486894696,-0.012949904564638083,0.060594219566716526,2.785587691804268e-14,-0.08251515614362852,-0.22945426087140616,-0.005034433037009787,-0.0039114183280020325,0.03690007767800502,0.028346997224649374,0.18233724698585224,0.0015060430970572924,0.05917339247060487
39,2.1018659906479766e-08,-1.5629431194191196e-08,-2.1148791300963584e-08,-1.4906808645665557e-13,1.2881620048592494e-13,2.460362278646734e-13,2.0835336639707847e-12,-4.655464631756691e-11,1.956091907750613e-12,-3.974761599353214e-11,0.003826204225143176,-0.005548883617990478,4.931395453090464e-10,-5.782164601087427e-10,5.232376228874283e-10,-4.065957473508122e-12,-1.0208408772106716e-10,0.010660661474806587,6.10927200283149e-09,0.00915484488553663,0.007894922828570836,-0.47943303078838634,-6.431284011946792e-09,0.008149527868610684,-0.23225763290490964,3.502496650982979e-08,-1.0454652151655188e-08,-1.075679137015731e-07,-0.27302568186856446,-1.9812614006409335e-05,5.898075989414102e-07,-3.008879448291619e-08,-7.476172711902946e-08,8.198290646187949e-08,0.0010756378818765984,-9.012789430477684e-07,-2.6536437161113185e-08,1.1836983088921213e-08,4.185944694963169e-06,1.3495879738128558e-10,-4.16643178580338e-07,1.1719266299672474e-07,-7.415318809530824e-05,-3.5536097525740945e-08,-0.00022545814519208952,-0.5771640843239952,-4.4252522787377767e-07,0.005383843918798587,-0.0008137066042028237,0.004519500723102201,-0.00034627594535660875,-0.0009488065719324533,0.011673949597004865,0.0011744813308951414,-0.00012122874567672565,-0.00019561606819784355,7.604504549700927e-05,-1.4021465043055524e-05,-0.0005325713231780564,-0.00042641281953704086,0.00031813897086234834,0.0007253465869544491,-0.0007772586680446906,-0.1042882844532512,-0.07939787365084969,-0.08907613049748803,-0.01934715897242515,-0.023925447022914548,-0.0287657111545638,0.1113775436937058,-0.007892798300730529,0.004752610660943475,0.30032018936284544,0.18237487470953584,0.1159080661950004,0.06126457878109194,0.12721537191974325,0.053160328339380954,0.0143243692539887,-0.020495460121614677,0.04883545372903514,0.00660155964847712,0.1152681759180238,-0.09989964977613033,0.22477500069055792,-1.6633674025686323e-14,0.0738046313289325,0.08914638170999041,0.0024503115196249136,-0.02337493560304187,0.015049684038437325,-0.06931345368509187,0.04724441581828104,0.0017665659664594852,0.10435273015698929
40,2.4009374195111505e-08,5.126506587145313e-10,2.3432356105101147e-08,-1.7042895347544025e-13,-4.0496700360474876e-15,-2.7396888838869824e-13,2.3906550838312846e-12,-5.347922121850864e-11,-2.2655604429029082e-13,6.100792050564484e-12,0.005003775475251293,-0.002981771238421541,4.847398366727258e-10,-5.796913282552744e-10,5.08265042414622e-10,1.5976404959064572e-12,3.313776037867227e-11,0.011820981775434062,6.794366118364635e-09,-0.0036269728061731885,-0.0003088299209521411,-0.42826428697504787,1.3524288327065482e-10,-0.01451756591073779,0.15996986528279253,4.3114632045531834e-08,1.8162101562937316e-08,1.9168805881123738e-07,0.5279220836731846,3.781953724227291e-05,-1.1185953971224768e-06,1.0768486644179999e-07,-1.61413547186858e-07,1.54052438272763e-07,-0.0023668248727431564,-2.2904123066503247e-07,-7.057741419708132e-09,-1.085235502397111e-09,6.568180560346238e-07,9.265776755895301e-10,8.057946130310608e-08,7.229523158763842e-10,2.779015045186745e-06,5.186404685649709e-09,0.00042939185163689446,0.02983436789033081,-3.0369337124888606e-07,-0.0006113394820779585,-0.0005011670390780647,0.04396894022445401,1.1287305055835892e-05,0.002281107071048835,-0.02923715747933332,0.011929654641880075,0.0014761895521852263,0.0002257680675411423,0.0013389746542328005,-9.622281360596773e-05,-0.0028051786873874323,-0.0013153500534977584,0.0023128019778367987,-0.002154411846669313,-0.0017812330232507099,-0.28135502352714586,-0.20125304229279076,-0.010331405265734995,0.19702745717104722,-0.05712141152384427,-0.12273505442019074,0.34037842245629113,0.0016679422437030878,0.0011157108677536988,-0.22800616108571858,-0.01893056453136857,-0.11223624468003114,0.04163651414587448,0.004975182551017051,-0.049449461995848924,0.00010492820930692917,-0.07660924266688043,0.039933902268070726,-0.09219148434044364,-0.28083948367520734,0.07960640170355777,0.06448994840656215,-2.4190526020386008e-14,0.07299234815853678,0.09316374388292821,-0.0008551822922391393,0.03007328308204416,-0.08482750778732549,0.04438386204191503,0.12908553344281148,0.0028515764042875303,0.006147647330076128
41,-2.602530632128982e-12,-7.31426971805101e-12,2.844904204341129e-12,3.063173421215958e-10,9.992376028846102e-10,-5.428035254293404e-10,-1.5102580647194748e-10,3.264717048043288e-09,5.661403994285205e-10,-1.1483065146048614e-08,-8.86398290784634e-05,-6.347183141976077e-05,2.285288307646065e-12,-3.047697350600942e-12,1.8419333680791962e-12,4.626953985050096e-10,1.1724770580042473e-08,-0.2166541319828218,-1.2872040781772693e-07,-0.0002769194992304244,0.6295515577741453,0.0007014583951912341,-5.16638227064374e-07,-0.24484469313475204,0.004031648123256799,-1.424456304963042e-10,2.9519359921427913e-07,4.994974826946387e-06,-0.002144553298047048,0.00010395527607280197,2.0374645633373256e-05,-7.601378152443886e-06,2.3347032286638212e-05,-1.1830162347988244e-08,0.00027353698317916363,2.060236107715123e-09,-1.6602807231039554e-06,3.759298666332855e-07,-2.5447498935380153e-09,-1.7546184724631008e-08,-1.113668053552496e-05,1.141397409749483e-06,-6.087044838362696e-08,-1.355139522020016e-07,-8.2619590742727e-06,-0.000598548362620855,3.5007833546288017e-06,0.0011863153072394657,0.015089510307085979,-0.0008727705980951899,-0.023371119060104056,-0.0019885126584934572,0.000978295528698925,0.002890249887252466,-0.004944073172126077,0.008206469804773353,-0.00024334780675808106,0.00046686706112711724,0.006871429025425461,0.00011150192784971944,-0.0006994866804913962,0.03154236163896359,0.03411764965871957,0.05960006838101196,0.04003868838772854,-0.06901562362816575,-0.17910181795543875,-0.02076640079839502,-0.019438580426873617,0.13141146066090648,0.00851236839952088,-0.00018783654583259192,-0.046696996042177925,0.10686529546854454,-0.15221791929023196,-0.28825531690017225,-0.0009057754291410593,0.23055615418720565,0.36310632899133427,0.11075419160423002,-0.13023601757963396,-0.14889065845153301,-0.020943436287407257,-0.02270296410744234,0.07320038150082639,3.1883435177315464e-14,-0.006181406657977532,-0.21537789137563243,-0.00205471953299593,0.02177837400012379,-0.09457293464629085,-0.051163054940557826,0.1090617180897843,-0.00018700690560824698,0.02420491205384519
42,-5.146512477167795e-12,3.827006806318085e-12,5.1865030678214854e-12,6.061834001626623e-10,-5.240350328773026e-10,-1.0007917346620407e-09,-2.8544994822851364e-10,6.127631794694493e-09,-2.700407983182242e-10,5.313050587970637e-09,-0.00010731056600389307,0.0001701094482025463,7.853446616103402e-12,-8.670705967971295e-12,6.809384910037863e-12,4.85602026175718e-10,1.1491482428442208e-08,-0.44729374840618236,-2.619868013689287e-07,1.7879512048241152e-05,-0.323756424053155,-0.002787119333263872,2.689971050867519e-07,-0.4355066497363643,-0.0034809695360497922,-2.3109110732646728e-10,5.517393070269673e-07,1.249899472877153e-06,-0.004075091577803071,-2.1412265238395702e-07,-9.44343500085363e-06,-1.2437365371890996e-06,7.084329207035206e-06,-1.7696248032144255e-09,-1.9798584895679154e-05,2.7421968547137225e-08,2.0930636469467854e-06,-3.632693670337896e-07,-1.443718935216038e-07,-1.220945508498831e-07,1.7895011588775137e-05,-3.373001545664531e-06,2.709219049075563e-06,7.733035865192477e-07,5.902297639854645e-06,0.021184653069063197,-5.1340516756349e-07,0.0073976090942045325,-0.011860827923697536,-0.0007998009397671892,-0.006775734127271114,-0.023758302364764,-0.00035504936303503093,-0.0005081082738081311,-0.008926006727120062,-0.021743578850693352,0.006397411100686843,0.0006567679159880019,0.019493626690314077,0.00011182117769751772,-0.00010439246315441453,-0.014679467205717141,0.010806894627536461,0.17155739689088606,0.15402101105626234,0.42711830698778386,0.08152419538262826,-0.004797076311890061,-0.049081959717505744,0.1784370497069738,0.01138733494434981,0.001009317676918841,0.012224869295863451,-0.005797298260505911,-0.01966928216229459,0.018984388527596895,-0.04817737711717338,0.0030955563108646792,-0.08071069067906624,-0.16953548256946604,-0.28716542177061044,-0.11920071469428818,0.08799770461831954,-0.15629215254011755,0.21277039013746213,-2.215966430880678e-14,0.025591664808842975,0.07865131044049943,-0.0046388750239091696,5.398703041340334e-06,0.061160093251654994,0.01685436969962997,0.05162621105969028,-0.0014584565006240573,0.005077864646009449
43,-5.881385772984115e-12,-1.2662631365201592e-13,-5.722639512818222e-12,6.930395472431504e-10,1.6443468878397166e-11,1.1145728561936049e-09,-3.274819426455244e-10,7.039778405291492e-09,2.5547581792036078e-11,-6.605503544787967e-10,-0.0001359212394991963,0.00012138993391023014,9.397138351806351e-12,-1.0595260290251103e-11,8.672203421357273e-12,-3.59459620599518e-10,-8.165231326740327e-09,-0.5031652069555748,-2.955305598221724e-07,0.00020156991729190592,0.020681504687962086,-0.0058693651290294335,-1.3050508169755753e-08,0.49954911121508466,0.0020854107176130816,-2.8269147492967475e-10,-6.332681184607288e-07,1.8834784097225862e-06,0.0039042372595880104,1.463646097426523e-05,-6.516421224052543e-06,-1.760540163851754e-06,6.357154594346578e-06,-5.120531149328718e-09,8.118724617961494e-05,1.3317724537296661e-08,-3.103087513284985e-06,-1.4247211337623975e-07,-5.7018668766715823e-08,3.2992375382901903e-07,-2.4212726337415765e-05,1.1046782146589386e-06,6.263072133150255e-07,-6.480886374002169e-07,-1.704429858565939e-05,0.00462524332359987,1.1447935573201365e-05,0.007202628411896801,0.011222597106667223,-0.0025123126687441183,0.006092356807480754,-0.021121219619308226,0.0017898458609697987,-0.00047740617527474756,-0.017404379469851416,0.002005057766194257,-0.014783055026344387,0.0006139639581936302,0.017391174329294143,0.0001793781530722588,-0.0003635832078435398,0.008435777398190139,-0.0046527642663423,0.10766981613227594,0.08265508765761792,0.04588559205325791,-0.0910848453170535,0.007401977951673186,0.049263716374454265,-0.11762547546583078,-0.006068917930226538,0.008892801880289378,0.1874170494985984,0.05259351196590986,-0.19830727871007625,0.0033633549536346632,-0.07360813490012236,-0.2264828357448016,-0.05037663610446013,-0.04336279560923611,0.22163091800017945,-0.3593358048680414,-0.2338533449204066,0.10149415491961225,0.07134873851185058,-1.894167087778692e-14,0.0008268381780932259,0.0610453008975224,0.0014437105770067709,0.014925220771619929,-0.05303880895913393,-0.22638499342074284,0.04819449531808601,-0.0014126372112852014,0.053846870232252604
44,2.5043680742018698e-14,7.039904232784339e-14,-2.7570819694993233e-14,-3.157513767390314e-08,-1.0300482926074189e-07,5.596791748266457e-08,4.911784639875783e-10,-1.0195872485428614e-08,-1.8151363391332703e-09,3.534902039407396e-08,5.160788600929707e-05,2.72251759667826e-05,-5.6426846169399454e-12,7.201657812931778e-12,-5.432694667098764e-12,-1.1956661500397186e-09,-2.8379492921843308e-08,0.21548766865020674,1.310088113368692e-07,0.0002772622938764556,-0.6252862893538181,0.0018292618763634204,5.244877922526726e-07,0.24294844383746433,-0.0165671232644567,-9.38744429782541e-10,-3.0601834343103035e-07,7.065029996482729e-08,0.008003148603592015,5.154232834612698e-06,1.7424518992149418e-06,-1.157814073346673e-06,5.6792794042699446e-06,-2.2967456122517184e-08,0.000538028459038146,3.3517808780747896e-09,-9.618031911273447e-07,1.4874958788419833e-07,-5.1941425312553205e-09,2.311977602920567e-08,-7.392829703463902e-06,7.184099898591953e-07,-2.8216450237304943e-08,-1.3445145128506866e-07,-9.688014065057114e-06,-0.00037837299829602666,2.8790398168571473e-06,0.0009873485270778216,0.012368004735920321,-0.000995578631045754,-0.018445224317226977,-0.0018686061425798905,0.0011199016018796784,0.0034693961315037545,-0.004463833534839521,0.007307800461388289,-0.0005409912932486693,0.00041858710197999004,0.006254133665074412,0.00012176316037470959,-0.0007751654565093872,0.02956592290443043,0.032183879145468886,0.06183240631944686,0.04137571247451366,-0.07272750095777702,-0.18565858228823381,-0.02113383950998225,-0.020253799262914565,0.13612766103967164,0.008057379616683057,-0.00018026079616966222,-0.04867756428107961,0.10726485190093782,-0.15217062460436628,-0.28803702000406217,-0.0038667821344968343,0.23252283472810725,0.3648994523604181,0.11032192478842223,-0.1308860175109349,-0.14892082796974718,-0.021151895483245104,-0.022776446381792007,0.07340823950287546,3.1646161433996705e-14,-0.004241450318810663,-0.2151167452074224,-0.0018708327608183179,0.021848966647263678,-0.09666002804877845,-0.05260154160254638,0.10698380679550522,-0.00022787927819233977,0.02324105965719431
45,4.953994452830621e-14,-3.683522878315895e-14,-5.00687204069498e-14,-6.24866834578061e-08,5.402054657826971e-08,1.0317535898441802e-07,9.191212530012907e-10,-1.8917061187047893e-08,8.714796544899215e-10,-1.6552634222878177e-08,6.952973093268462e-05,-0.00011548011795227773,-1.614118476407196e-11,1.8512659840303584e-11,-1.5870992230418737e-11,-1.4710689220026668e-09,-3.314455163058175e-08,0.45042054773388596,2.686763888632615e-07,-0.00012973880485289007,0.32651348892674703,0.011857604811804682,-2.7565269549025017e-07,0.44213935295714546,0.007709510590680227,-9.468529086958658e-10,-5.683046926666426e-07,4.053121593515575e-08,0.008135467427482173,-2.1387790731771963e-06,-2.836465600263022e-06,-5.898953571085469e-08,1.3251217851871845e-06,-3.18343265860106e-09,-3.507149919048491e-05,4.086038477449281e-08,2.94795771628149e-07,-1.6017146411878242e-07,-2.0527142148741108e-07,5.776805282259479e-09,4.5518996129795736e-06,-1.3191430870806648e-06,3.7766929730359815e-06,3.203903862409772e-07,9.243018822608478e-06,0.029484803179467552,5.350083753053838e-07,0.00550547962624892,-0.008655945782689141,-0.0008681785466140943,-0.0046512661577407565,-0.020006925331425222,-0.0005194433951910208,-0.0005045086187475168,-0.008079408974974632,-0.018321378994516635,0.00502703182709974,0.0005893622516422166,0.017622335863324755,0.00011545144363936699,-0.00010685885580900339,-0.013480882422410457,0.009823259673665126,0.16840778728974226,0.15090903336971667,0.4156057626350451,0.07912277602854798,-0.003935804241482669,-0.04668809787673231,0.1698661718981991,0.01129836484587074,0.0009444697383782344,0.005849003095083255,-0.010290020629607498,-0.023431703461153874,0.01788111177015631,-0.05187253995490528,0.0007161652132123702,-0.08244510822153193,-0.1718284688331005,-0.2924386757243237,-0.12144777538542832,0.08739239880486274,-0.1567064276573499,0.21229606014222765,-2.1809875559230656e-14,0.024290392714647394,0.0783234897138258,-0.004581441042726491,0.0006550326168229774,0.061243623893589866,0.01789525740292987,0.05157503515223281,-0.0015335964374427766,0.0025320759352868787
46,5.661454180499245e-14,1.230501088866719e-15,5.48331281048017e-14,-7.143381738684687e-08,-1.69892439527808e-09,-1.1493219697206364e-07,1.050530936378788e-09,-2.1655401081187284e-08,-6.38269647339175e-11,1.5921996655593873e-09,8.563725123880658e-05,-8.874175790801738e-05,-1.7646599007558524e-11,2.0542965190675923e-11,-1.7634794171848753e-11,1.3920618604563564e-09,3.106410416193086e-08,0.5000930396695935,2.993786009330639e-07,-0.00017941545246198519,-0.020763747798723475,0.014281289713779599,1.4001127136835598e-08,-0.49581800835931095,-0.005428596905249996,-1.1604669507595498e-09,6.361940786233511e-07,7.324741253652954e-07,-0.014875756285626008,1.0948893052584314e-05,2.4476865801301534e-07,-1.197387843697437e-06,4.6300518924898005e-06,-7.255905831599448e-09,0.000112463718135366,1.6453072018727152e-08,-8.128945092888357e-07,-7.16404323786364e-08,-6.541276647613792e-08,9.343462353463224e-08,-8.130692262280392e-06,8.731838819500041e-08,5.535608148718997e-07,-2.399835174303538e-07,-2.3483337404237005e-05,0.003934497199677388,7.511275470382721e-06,0.005561388112261035,0.008337618512519318,-0.003189604848064717,0.0037333911808454454,-0.01810593612163626,0.002211955103491129,-0.0006609835943569665,-0.014886737175265936,0.000979431232994639,-0.012575223610915977,0.0005661355081934379,0.01603506541880577,0.0001989625137403366,-0.00039727856074307886,0.007804982099650617,-0.0037319916994055934,0.11317166359855325,0.08685948729268944,0.049595350017067524,-0.09338577148629931,0.008522823590215766,0.05066380548019929,-0.12103669590255818,-0.005855486521296687,0.008767837238372059,0.19167696754102595,0.05309807791455702,-0.19532677806898405,0.0018651906172395167,-0.07418872141494433,-0.226630932503972,-0.05097826662858202,-0.04241359051403697,0.2236503026705808,-0.36133714880257745,-0.2327536873151995,0.10136442908639455,0.07141633578295532,-1.869346800159021e-14,-0.000998721036763783,0.06040164572060948,0.001378507549250624,0.014126284098251039,-0.05124740620094329,-0.22878235252232557,0.045976363442764616,-0.0015157170629920495,0.05494556598660019
47,-2.9173907573213266e-20,-4.2011089075513194e-19,1.2778017318871775e-16,0.22325051311547958,0.6261582199251626,-0.24087890644104337,3.632207836302172e-06,-6.968669210179814e-05,-1.1289141374580001e-05,0.00020341647284872986,6.198309048407698e-09,2.6806794654567343e-09,-2.2291295964010585e-15,3.0625800060356148e-15,-2.3764523106774976e-15,-4.313702104985641e-06,-9.119629785438588e-05,4.595035595984653e-05,7.557652225835718e-06,7.855543722041174e-08,-0.0001574679215585546,1.332231628831335e-06,2.380883718598898e-05,9.00366258712807e-05,-1.123101068327319e-05,-1.3064274535215561e-12,-1.5420487366850173e-05,0.002359863625760057,4.431298443664727e-06,0.04673415883074113,0.008398155295500968,-0.0029226664564028903,0.007555213268183835,-1.6056303934438785e-10,3.6162127475718654e-06,8.715352660325188e-11,-0.00032670885015163793,8.422375694452796e-05,-4.551415379294261e-10,-8.832444640177614e-06,-0.0016066756518546231,0.00017079388173836478,1.7144942633903745e-08,-7.039438743194737e-06,-2.574733113279766e-06,0.00015332924000591863,0.0001287954481234489,0.028768408266929987,0.24481756331765045,0.0002478696113581925,-0.37185430116262774,-0.002623017143638986,-0.00015621118622425757,-0.00040133911012063485,-0.012068695939718606,0.014631488868236125,0.00352535115558644,-0.0006142767317708393,-0.012709154702366452,-1.6577813713466674e-05,0.00010289280850174115,-0.13101495477986994,-0.15944811352373187,-0.0048440722557742105,-0.003502256311197114,0.0069039824719138235,0.02124730690840459,0.024548113407694378,0.000882733687639151,-0.01026356653433486,-0.04149119462597095,0.003485517802766698,-0.004747781935723423,-0.06140767933182864,0.14732607647809162,0.24052149256946115,-0.2055031391563228,0.020047339583645428,0.10941905367931667,0.005649722092134819,-0.026822981657568877,-0.003888310917059732,-0.04030213422196111,-0.0024451419255743017,0.08657766863688521,2.6252279054017003e-14,0.15476740311625492,-0.1772294827709099,0.01423346015566855,-0.02771424446951666,-0.14793341053908157,-0.12323004905881679,-0.08914286854098438,-0.0035238642646036634,-0.05811807988390545
48,-5.999042866373445e-20,-7.433054282296398e-19,2.132510622900679e-16,0.44169946527626797,-0.32829177656240616,-0.44387174674096014,6.641876290010578e-06,-0.00012598272778102372,5.360569621094671e-06,-9.461954325399246e-05,8.763715828695132e-09,-1.6543735767558844e-08,-6.133951817077546e-15,7.161480674808037e-15,-6.56757288984994e-15,-6.187678522721357e-06,-0.00012740493029913123,9.528061259216704e-05,1.1882166851705416e-05,-5.140267137476167e-08,8.151456854875943e-05,6.256534584375119e-06,-9.082095940411095e-06,0.00016262146110232337,4.359678838264229e-06,-1.6175510680942212e-12,-1.189424101080653e-05,0.000517315355497502,5.671545145254337e-06,-0.0011766489970525648,-0.0038754939786234195,-0.00041645531266699135,0.0021626515935581265,-3.1243744201928775e-11,-1.3387881148143794e-07,9.274506003542497e-10,0.0005572783041635729,-7.577302399530337e-05,-8.36211889141412e-09,-3.5612467094779166e-05,0.0038347172006234255,-0.0006206404581246714,3.327437358455712e-07,0.00011521433207129822,2.7474179174059747e-06,0.002880689730982443,-0.0001628933531012667,0.25372031473653217,-0.2652755166789377,0.0019929156875689016,-0.15110939121888248,-0.1869694030896351,-5.967392418268079e-05,-4.469631215069017e-05,-0.015725877582098303,-0.05807935841041378,0.0028749309106396717,-0.0007644574523522687,-0.030882842950541098,-9.225463222481996e-06,2.5637773529318132e-06,0.05293881396693697,-0.05139587275594167,-0.022465600944379365,-0.020401084946599087,-0.057342662314020555,-0.007845524233764571,0.047380264891211755,0.004986752035301244,-0.01540148016476547,0.05112389330801762,0.012828175843940994,-0.04531545617587335,-0.024239899019313935,0.16224306320626455,-0.21827758938359565,0.04891115526999627,-0.2605249653557441,0.013734224757077921,-0.021969003438943802,-0.06725641598740932,0.05318746694978969,0.026013230160590792,0.0038778884789439924,0.14534184616147414,-1.879936201885503e-14,-0.10008504374725259,0.03713914681566375,-0.0141762731661748,-0.12647613467317023,-0.18842018542813857,-0.07829427402631657,0.01968807579413577,-0.00636842623121956,-0.2038798184676937
49,-6.803678634541587e-20,-8.716107557656624e-19,2.5352315361259557e-16,0.5050690258813825,0.010327844661013559,0.4946539650564656,7.627428196440782e-06,-0.00014498888975232076,-2.4541189282284884e-07,5.836783376311872e-06,1.0737900295106766e-08,-1.3391214098384243e-08,-6.783612384525067e-15,8.147870836289978e-15,-7.248601604720727e-15,6.75398348339421e-06,0.00014007651371905462,0.00010670409521787902,1.380976668589468e-05,-5.053685936787709e-08,-5.1429176621961045e-06,7.114927800153965e-06,1.1813581201985955e-06,-0.00018300326370812955,-3.4872353617097955e-06,-1.9953438698962408e-12,1.2590491978683827e-05,0.000943692044301223,-1.539089749282659e-05,0.007006885136693091,-0.0025614854098051777,-0.000625412551585791,0.0016907183931118635,-7.676966925100504e-11,1.1563065617511433e-06,6.256565392015688e-10,-0.0007542642882540871,-2.8520911083258348e-05,-5.718956435626451e-09,7.644932122248927e-05,-0.0048133290674819895,0.00026726169292863426,2.4589982800367306e-07,-0.0001026408176285272,-2.5310369680338447e-06,0.0021714486110817597,0.0006973971348044702,0.2532217862684349,0.24900020038220544,0.0020528307111310922,0.1773938204659932,-0.1778535332007185,-0.00013817559611093883,0.00010879966461628146,-0.08160905573075772,0.024411104607955206,0.003747264896558516,-0.0008592212610067664,-0.03206603135019394,-1.6655528167912044e-05,3.624456195719565e-05,-0.03533364389339014,0.05339271458854112,-0.01985910901072703,-0.0164100339054959,-0.022758917231804367,0.01472037420654914,0.04237996928583672,-0.005646382447384649,0.012368792733629435,0.016608842094759747,-0.02533352636518593,-0.0782693258312058,-0.07021026095844157,0.30198039021574075,-0.12913835025743264,-0.06783178845269042,0.13821707168866723,-0.04554955570175014,0.005335018008326904,0.05234465941611076,-0.16387615532441857,-0.13240295516219264,-0.002174198618547426,0.08243988098327946,-9.098378366049988e-15,-0.14821312261643793,0.0019396708533373933,-0.004233091474656598,-0.03328875413785439,0.1886458572984011,-0.01821354444924597,-0.1402419573660624,-0.009648928336468543,0.12910616883644555
50,2.813539134804113e-23,4.248196850722847e-22,-1.309696846160656e-19,-0.00022881440117965062,-0.0006420889085190273,0.0002473741853387535,-0.00029999700950355824,0.005572668337566534,0.0009174760824666275,-0.01600402474041192,-3.171695169529494e-10,-8.258427136274252e-11,3.042869557571069e-16,-3.6780355508521683e-16,3.362785751962025e-16,0.0003262391977483965,0.0066157605914387236,-3.514443062452516e-06,-0.0002924771485958443,-7.01965672076026e-09,1.2952753924609146e-05,-2.684908434615839e-07,-0.0008865608821497662,-1.0161875984094828e-05,2.5695186127611153e-06,-2.3768729167028734e-12,0.0004697200378343213,-0.03981866404912154,5.3222070892243085e-05,-0.7619546674512088,-0.1299730251170556,0.041717961878550806,-0.09489148161761071,-7.2520327018081285e-12,1.7173396447374804e-07,-6.707453201135107e-12,0.0018113731477121607,9.238386451389251e-06,1.1665458234659364e-10,3.2463144948776713e-07,0.005585827561699384,-0.0007484502040363776,-8.402964213532075e-09,-0.00010367978706328555,5.316342564318477e-07,-7.736919046085837e-05,-1.2030627349559606e-05,-0.012959739206165215,-0.07003548879365995,3.0675132935130115e-05,0.06675239379175578,-0.012281925928911091,0.00014188530369158323,0.00032707602866173036,-0.042753018330575564,0.11324559615757214,0.09804463299174944,0.0012047664175512656,0.09042428234193334,9.236629346068992e-06,-7.48231466129047e-05,0.3241075069368144,0.33154931250389785,-0.01007168330967616,-0.006703137780428503,0.009830097142164339,0.0263754424488022,0.0010489922602711988,0.00179619188097542,-0.016626678344953436,0.0011729597371996465,0.0039023397020685417,-0.0007144060861243563,-0.04174672996537616,0.09665191205427176,0.14722043988282563,-0.1141486332573528,-0.0010016748105198816,0.03395689449298789,-0.00783570371668561,-0.0039413972241927175,0.005528837521780371,-0.04157477109879941,0.00044545381134778936,0.08425235764015503,2.353961438193775e-14,0.15659628688622543,-0.16385866111347056,0.012960952395005223,-0.007977374822976314,-0.072328266816684,-0.06473921435184843,-0.10448167902487608,-0.010157911890640763,-0.0598359702918455
51,5.780177002471565e-23,7.62148240444504e-22,-2.177915004219841e-19,-0.00045111473372556524,0.00033526517734553237,0.0004531971405113671,-0.0005414159221615517,0.009925267469052593,-0.0004304941083473778,0.007368004475917897,-3.8831068996153734e-10,7.648283064212524e-10,4.873727014202063e-16,-5.969832801198463e-16,5.446816339321642e-16,0.0005018990742316871,0.009982730974244914,-5.504376563212793e-06,-0.0004444202241928413,4.0203518318299855e-09,-4.715278953831237e-06,-5.856530662719994e-07,0.000329727028324254,-9.3549003713231e-06,-3.5889502610238895e-07,2.9502476176927465e-13,0.0004447144568446314,-0.008216584025231538,-2.4087960265508174e-07,0.0016461824994381301,0.04582742095990158,0.006912316096799656,-0.030259244527263925,1.843160475910905e-11,-7.001599152649727e-08,-7.185790032233177e-10,-0.007587281918132161,2.053264268037951e-05,8.935021158856796e-09,3.4050214596380776e-06,-0.044100290425884474,0.005949254636724016,-4.922593633456186e-07,-0.0010066750416374865,-3.7843627030622222e-06,-0.004400500645068169,0.0013835733739123812,-0.5281205187062658,0.2983247980342314,0.0021470214086379107,0.11731945346563248,-0.20067517172991145,-0.0003101313587682,-0.0007321732553982447,-0.05516257973564307,-0.47289429375618847,0.3029637396563825,0.0020726711324150944,0.2321740752337235,-2.459931007159054e-05,4.795809980568054e-05,-0.16523135623876656,0.18516098161802796,-0.01931390307726555,-0.017118625722406376,-0.044860254330089416,-0.006180213351482911,-0.003160102805955606,0.004393353233959189,-0.018260664278154003,-0.002485839802011994,0.00944764874613513,-0.02462579069316878,-0.015894997087762694,0.10171725147626338,-0.12265541701436837,0.027433616912033474,-0.14031427218749432,0.013296814043129488,0.0023649819003593365,-0.016315882015677064,0.03517201085328783,0.01720077663264232,0.02209522878693974,0.13155673502262782,-1.7751378039444728e-14,-0.10715995667141127,0.031210678853309328,-0.008376807590965148,-0.03270193669825907,-0.10493300543594725,-0.04421433723139891,0.012499624277030852,-0.012571051584351662,-0.20525568334831834
52,6.552314468748658e-23,8.90089583162399e-22,-2.5893393188754135e-19,-0.0005158360823909351,-1.0547203197170513e-05,-0.000505048136785846,-0.0006178989798885196,0.01135337703382325,8.784607087076652e-06,-0.00024012948689057663,-4.727658646665554e-10,6.495452182368992e-10,5.438134933656914e-16,-6.592544397465089e-16,6.023707481004255e-16,-0.0005560207432590853,-0.011114494859017597,-6.212914872394583e-06,-0.000507865364206675,3.1690763248499156e-09,3.4613691037517923e-07,-6.478429746203904e-07,-1.555160928903716e-05,1.0536027937867166e-05,3.789670505519592e-07,2.552458995334091e-13,-0.000496131781899335,-0.010398201563867992,3.768812868988352e-06,-0.028795573866809022,0.04543100543585191,0.002730875949411025,-0.0035473234377018143,3.3688244639718993e-11,-4.653773704080774e-07,-6.137517102902587e-10,0.009101620693274365,1.0158683969027896e-05,7.802865267205841e-09,-1.599012210494376e-05,0.050692792421623965,-0.003551848993511439,-4.481425936832272e-07,0.0009527307818941236,9.280221444767873e-07,-0.004034761230606225,-0.0029454954712982767,-0.526739701772066,-0.2708341002863124,0.0015031872925539535,-0.15545867207509373,-0.1917377662677613,0.0006201819673246445,0.0002740305558684653,-0.3094354523207216,0.19260699417984725,-0.45127534135704944,0.000222355571632792,0.21852679616310308,-3.5657157760710285e-05,8.783667444357575e-05,0.09417079399791999,-0.2298242282224694,-0.012886983558920498,-0.010557039411898603,-0.01302716161077005,0.00900400413734148,0.003225106977323479,-0.0048041266063456566,0.009506656683383229,0.006263256944492846,-0.017540677112132474,-0.04878342958177726,-0.036778171053275334,0.15848716249944497,-0.06661544562390163,-0.030807687911957,0.080793345279989,-0.01916771867035635,0.008043123543013493,0.010146883526275874,-0.062033320821160955,-0.11580808201711046,-0.014170290387344582,0.0815107400030006,-7.745223166621087e-15,-0.14907916612723038,-0.005218842608643576,-0.0037353511798352305,-0.0378586739241969,0.09743109182394252,0.00116969629116775,-0.14775130936962308,-0.014699832554480893,0.12129418020648096
53,-2.3063724536074126e-26,-3.6667039096506476e-25,1.1461521125971102e-22,2.0023571751306286e-07,5.62148929497186e-07,-2.1705606273546936e-07,0.012259268130425332,-0.2196812183712476,-0.0367315461727166,0.6178010837170111,-2.016029138832326e-12,-4.551003593133024e-12,-1.063093550931626e-17,-4.3547404479053674e-16,-7.668126827272673e-17,-0.012275727675363566,-0.23754727201915563,1.6350197416721616e-08,0.0046215891270649095,7.375793012029697e-11,-9.159729578034352e-08,1.0965373373038907e-08,0.01303908028359504,1.9507345134738236e-07,-1.1346594794500002e-07,4.1644088057476586e-13,-0.00506171940809147,0.030573268847580173,-7.552735168587499e-06,0.10128241557443342,-0.12003027826161787,0.08089536917842122,-0.39551654008812664,-1.4035865670062246e-12,3.265270621033687e-08,8.760980782847806e-12,0.0304470735333171,-3.567434948876776e-07,-1.3796146616130326e-10,-1.1971599813770789e-06,0.1533486607702423,-0.018659922812288822,9.859653829818345e-09,-0.0037192439896857033,-1.5016524623166061e-07,9.038587716820513e-05,-0.0016532944487986857,0.013713551470454074,0.03151718598147686,-0.00029352193565148764,-0.00489812260307075,0.03250730276145835,-0.00014972728335456412,-0.000396620610464713,0.08971406942450803,-0.24428036391399796,-0.32750172848037273,-0.0016198969502552267,-0.11153058873365938,6.858904412837048e-06,-3.765538185130355e-05,0.04288575413613535,0.14548857600491838,-0.0012027438320863805,-0.0007239904780420134,0.0007187836382643749,0.0006415500405761715,-0.027779979283843598,0.0005233799212253751,-0.004869802904607794,0.051196322334266894,0.00016154643816147576,0.0031194343175022393,0.0075950774643107665,-0.020787203249076427,-0.04427033454415362,0.04995892200188987,-0.022217744237279787,-0.06677179316837792,-0.02213072841509569,0.02436252712311765,0.013487988150224539,-0.042120332826396344,0.003653536718750538,0.07927935696744927,2.0182645267490344e-14,0.14738745505638992,-0.14286450958118754,-0.0021504039550905617,0.020265564121133117,0.04723981345591187,0.0341181115677057,-0.1161283693879915,-0.01683636921006592,-0.05756158819730807
54,-4.7536495808322534e-26,-6.699687969178122e-25,1.90685033504552e-22,3.949829797111236e-07,-2.936132979655127e-07,-3.9665239279408554e-07,0.024571868369684727,-0.43558631800298114,0.01946106025528852,-0.323211347885407,1.2297457572912696e-12,3.2483042721942186e-12,1.3577341821875692e-16,6.312889854597209e-16,6.160691164833878e-17,-0.022811548326722074,-0.4383292382255493,3.3865632572227e-08,0.00920963524111153,-1.0087245700466384e-10,4.390844025078977e-08,2.3126124835572715e-08,-0.006818419466911218,5.36028365281966e-08,9.528066370407823e-09,5.488902397619252e-14,-0.009246671494274352,0.0635977722378551,-1.8205737648329465e-06,0.018792254212182946,-0.2865972785744287,-0.05273025573102265,0.20193985083891092,-2.3106819299116263e-12,5.587248092802719e-08,5.1491645423030874e-11,0.057830272790824755,-4.4091333962362635e-07,-9.019575064821684e-10,-1.990820985832632e-06,0.2824063805312861,-0.03245074734175481,6.400725072812913e-08,0.004511124470528209,5.715905560807624e-07,0.0005835464896128198,-0.005239649165741167,0.0817746239576697,-0.0337521970682148,-0.0022045970446881243,-0.008055974906863803,0.1887639794491532,0.0003697646691834213,3.31588020202263e-05,-0.11513692994728472,0.05712497523814616,-0.08483132810255019,0.0016708032864492176,0.21834853991959124,-2.056904212660443e-05,7.449247310546202e-05,-0.24891565270177682,0.17726213838403185,-0.002193775608164646,-0.0017076640014624068,-0.00249553784755097,-0.001091166562321558,-0.061198418932709234,0.0006270620442935526,-0.009402302944867469,-0.06443600350532834,-0.00028528399129772517,0.00549604151292204,-0.0016254147674006824,0.003747439338185505,0.01722907041722452,-0.0034702140539691704,0.035744628791509754,0.009392329491471419,0.031318583030150525,0.04643580764700528,0.005420706296656428,0.0068843189380114606,0.04202440721685605,0.11345187761414144,-1.5440557447789464e-14,-0.11287736208161687,0.024020580058021164,0.0017546018898799572,0.08812559884068344,0.019827260663645475,0.0082727388335177,0.0034672517200393664,-0.01922802756597132,-0.19960694750955013
55,-5.3866254372614e-26,-7.794077682104819e-25,2.267717786864811e-22,4.517414851885999e-07,9.473829269569638e-09,4.419189751852903e-07,0.028024895408728105,-0.49819293117566066,-0.00040437605402269123,0.009946361823062942,-7.762973930892582e-12,1.4048082198006778e-12,1.5419085167989406e-16,4.512539822589642e-16,-1.7296908336699683e-16,0.025331994968299354,0.48831841824508077,5.5537497077591e-08,0.010494568003590145,-3.140558198810779e-11,-3.245478832545778e-08,2.6060907704147265e-08,0.0002614560230955173,-2.602617302163792e-08,-3.889651724323795e-08,2.0269910404231457e-13,0.010343983407280906,0.07049145557285828,-4.468826904641667e-06,0.05329894056218542,-0.3197617253089694,-0.005298125677671202,-0.014484504780063643,1.7693425042581752e-12,-5.565439904864646e-08,5.1209199090675054e-11,-0.06583468724721245,1.3694753760393726e-06,-8.833403793739923e-10,1.9723794951067577e-06,-0.3145571900781984,0.02672696886337603,6.180804290897643e-08,-0.0042082303724925866,1.8092050138296382e-07,0.0005640842537107198,0.006508022041753364,0.08044459027960593,0.025173061565104838,-0.0017669212020801981,0.018158369832448857,0.16348283296215896,1.4453439919813172e-05,-0.0002456867736806847,0.06139442029167286,-0.15029417226473663,0.003335907170499942,0.0025016377569322457,0.27432871152022664,-1.053341533125232e-05,6.412938228323832e-06,0.1936506987609632,-0.18833899690784398,0.00023159100969790165,0.00034581868021170273,0.0025988731190723867,-0.00026103969501869577,-0.0454377119588267,-0.0004006871609000731,-0.0036128156616099362,-0.009337107473197685,0.00043128460896921445,0.002988645036102721,0.011000400358370986,-0.049947961234126065,0.029247965272818525,0.015913282876107257,-0.01074645840668833,0.01698367177364126,0.010228632966686007,-0.04167412027532389,0.07134080143498318,-0.0954849362000735,-0.027176128026811307,0.07967735906067569,-6.013659705203195e-15,-0.14439065523647543,-0.013857972021016657,-0.00040732007034850813,-0.032681928640292374,-0.03707496796171161,0.018441868722791757,-0.15268013875744996,-0.020072861424594954,0.10725950248869501
56,5.348569501348115e-29,8.979203964716034e-28,-2.8453699273983624e-25,-4.97081952598149e-10,-1.3960823449722268e-09,5.407648643553802e-10,-0.012802500521356876,0.014782813878596592,0.03808688530703347,-0.041366455993602946,2.6855274726716633e-13,4.846985752002356e-13,1.1306342002950664e-17,4.63340338808809e-17,3.649613717837328e-17,0.014862655391893366,0.016016545748063382,-2.9820799894423594e-09,-0.0007455643409016493,-1.3214660625932414e-11,1.568021720292259e-08,-3.2350577610065114e-09,-0.0021126526807825866,-4.913935162149047e-08,3.615101622801842e-08,-2.631477299313705e-13,0.0008259008218390423,-0.053223030304207705,4.19926237884259e-06,-0.054818619446336786,0.09537663662428374,-0.18125618914544483,0.2937684465231129,1.3293628599195953e-12,-3.5968538149573936e-08,5.168374466727269e-12,-0.07651854803547879,-6.955543909596435e-07,-3.274642654330949e-10,7.640868795947939e-07,-0.0939924011235896,0.25216605817811344,5.832795490939728e-09,0.7178125890345005,-1.1852721861122519e-07,5.3671642680220824e-05,0.2711002639196345,0.008323341904985437,0.022800681109511584,-0.0001589766664619946,-0.007864637999617733,0.018767639304177585,-0.0001037489843257869,-0.00025435213502402485,0.0594318478749674,-0.1508757347763565,-0.20031913179920222,-0.001029727527491499,-0.07131042230171614,3.382383222374983e-06,-1.6756147287026874e-05,0.00043197053006407835,0.06085015364284639,-3.938770483187975e-05,-3.443929864548629e-05,-0.0007603723024159556,-0.00023334606699540434,0.05513775574786396,-0.0004278961320614134,0.008433876335285065,-0.10483308510584319,0.001043646737687608,-0.0004429001571520844,0.021170137340037615,-0.056266109322578216,-0.08161478179351465,0.08312033155559698,-0.023485348315076836,-0.08607651703250274,-0.024643917267025684,0.030229519371015617,0.014482750320047453,-0.04283510908797068,0.004502769951535676,0.08011991458514922,1.9978103416610323e-14,0.14774421658770695,-0.14168227363351138,0.0034880777818656066,-0.032534830960905585,0.07235407314372831,0.054963078387125046,-0.11980912537160332,-0.018300553837335965,-0.05890246287276558
57,1.1062242180651535e-28,1.6703846462552913e-27,-4.735781738090231e-25,-9.80992110358952e-10,7.29232525139168e-10,9.847503345804367e-10,-0.02682911370069792,0.02921972228886717,-0.01914861385842195,0.021685472222035207,1.4417067869342443e-14,-3.924415515645698e-13,-1.8275038156453703e-17,-4.938306204589608e-17,2.734477382272773e-18,0.024927851189414516,0.029633407303113514,-6.1024699217383585e-09,-0.0014885438061410824,1.9681624012460665e-11,-5.965279821176943e-09,-6.782055304185849e-09,0.0011032003679732135,-1.002230736377958e-08,-1.677454657491014e-10,-3.292879985518917e-14,0.001494663656485425,-0.1410541190357279,7.822689970165485e-07,-0.006176718116853606,0.20315741873780482,0.0976780713882651,-0.14523142514133902,-9.94785613556658e-13,-2.111490512247613e-08,8.489877334600068e-11,-0.13378149566999306,-1.6898912962002114e-06,-1.6036247826107862e-09,1.045181042879799e-06,-0.14911745529846107,0.5194352532329218,6.886043148434147e-08,-0.3615419871892788,5.644040005543518e-07,0.0006205571636631706,0.5035446820171341,0.07950366880707398,-0.03858822554226097,-0.0007865955256904963,-0.012677574512827687,0.073661386503751,2.931710698764975e-05,0.00016666162202799524,0.0642041585410929,0.11707671588085804,-0.09674342117976874,0.0014468883839388572,0.17999123692839775,-1.46689444046597e-05,5.501887587188175e-05,-0.1707648714022625,0.11421406166914456,-0.000858813629381303,-0.0006585709136346463,-0.0011379002737315447,-0.00014811715706418833,0.014662313932562598,0.00014310746951521516,0.0015984377068172385,0.01813751112571928,0.0005572823290734402,0.008411962433080303,0.008590282311390581,-0.05070972295078155,0.06565536298728335,-0.012862892963190094,0.0836576528239216,0.008295044998136202,0.03815838929883143,0.06117829605014582,-0.0020203615979008426,0.005567231289552416,0.04719385482047321,0.11301372590426136,-1.519435487601033e-14,-0.11598900056617638,0.0230275908346476,0.00020843628530608967,-0.014180671000330365,0.05255835036217928,0.023700081244013405,0.0022301316299736767,-0.021014129620243023,-0.20454653645465626
58,1.2528456893775793e-28,1.9357191681455892e-27,-5.632942915674738e-25,-1.1220623410135103e-09,-2.4025474591078975e-11,-1.0965405043796661e-09,-0.030113084834775816,0.033464312764399366,0.0016700728345128148,-0.000585898100330472,7.72747944326444e-13,-1.6774347606677285e-13,-6.148496286558608e-18,-2.9888751560956384e-17,5.583575475389344e-18,-0.030314379996021,-0.032916680496514604,-8.464980725210037e-09,-0.0016975872807616442,8.486016727086553e-12,5.179471348738461e-09,-7.659910151923333e-09,-3.937454625601766e-05,-5.143953172602526e-09,1.593969843384052e-08,-1.4616807195279705e-13,-0.0016792150308453956,-0.1419130934190027,2.591861032039651e-06,-0.029718306561504572,0.23407436981704685,-0.011629874321425586,0.0083662134918804,-4.851794604926327e-12,8.184259060103546e-08,7.793307069584293e-11,0.13418798561495449,-1.4935780472225844e-06,-6.08115228654122e-10,-2.2678855119152746e-07,0.28626023021674185,0.5523648974852718,7.080855573976871e-08,0.017736027460153497,2.691403075943738e-08,0.0006417274674339804,-0.5621390376165197,0.0877716475546807,0.035507433559300784,-0.0012219093145898064,0.022330066725217125,0.11592701369017687,-1.6419177827874398e-05,-0.00017285126269855753,0.047506312950281626,-0.10632310330397442,0.034200705564655126,0.001435712750690771,0.14409559150852788,-3.5866489894922246e-06,-2.630529993366888e-06,0.1063602379532151,-0.09375244895015433,0.0006086779089321732,0.0004618904129727283,2.78892024282494e-06,0.0003077762704287582,0.09293831462762778,-0.00031072366601264434,0.013026757030059994,0.02036755094328083,0.0016283360794607743,0.022871292235549397,0.016490879080356503,-0.07392626608660875,0.039865167423603236,0.026927633519290502,-0.03583334695411448,0.024281849917608043,0.010259968432886311,-0.052807524393857753,0.0985050391770716,-0.09424492310867473,-0.030350967776471314,0.08059148808447407,-5.662100363826334e-15,-0.14606105289426521,-0.015602880623354801,0.0011352933105038742,0.09059664137929192,-0.06805542787734599,0.01912851250341138,-0.15667870615210136,-0.0212342069982962,0.10823755739942466
59,3.92172727571587e-28,6.590316059142168e-27,-2.088856308399838e-24,-3.6492350535402476e-09,-1.024835546149364e-08,3.9696790866282685e-09,-0.011647406258927979,0.22348366937187322,0.0348685070463226,-0.6276014271494634,1.4451364884635003e-11,5.513234664711913e-12,1.5875136480144967e-16,4.885280301988086e-16,1.6288170858570222e-16,0.011481959203009458,0.24086994372221507,1.7365022020186894e-07,0.0005056561062237826,3.5284852092085504e-10,-6.373238504779083e-07,1.8489844553719588e-08,0.0014765714158787677,5.654221282266758e-07,-1.8471734659437166e-07,4.422533875017128e-13,-0.0005963420566932289,0.031167852974395574,-8.308925261033233e-06,0.11294498484404025,-0.10074988522380854,0.08158541910559512,-0.3423485407296336,-1.0166832775348903e-12,2.3553929359291528e-08,8.820861349806591e-12,0.03215522560643062,-5.82664018818833e-07,-1.0773979469265459e-10,-1.0196525479135408e-06,0.1309682231731908,-0.049865296532998565,1.0194804772674267e-08,-0.10313869734236297,-1.6832837759256206e-07,9.348101861722622e-05,-0.039029895229109886,0.014240405351797195,0.034177222864040964,-0.0003029462864648648,-0.007021113105355773,0.03374289494400986,-0.00015693783866426,-0.0004165707571365848,0.09284211460390177,-0.2540778008786341,-0.33919356506896586,-0.0017012455559095938,-0.11746347278107916,6.807901968040097e-06,-3.664680316485505e-05,0.034860914523127624,0.14027659215596622,-0.0008937535254832826,-0.0005050551075251923,0.0004763929556362001,-0.0004887084482747354,-0.03997518465491762,0.0005804017702317048,-0.006026430833014441,0.07423008987873184,-0.00014245422789532832,0.003744340323322883,0.00798641801523487,-0.021258529316108644,-0.04779806999160571,0.05273667078755503,-0.022902828293064895,-0.06855195900558807,-0.022408402534376287,0.024827626404976672,0.013610390409342654,-0.041957867719742956,0.0036971923074618856,0.07886363918981242,2.0174039200597643e-14,0.14704425201669474,-0.1420975782849751,-0.003612696034173605,0.02852602962392485,0.049158015963817546,0.03566119327630323,-0.11597176850461793,-0.016901748388040618,-0.0573480550121582
60,8.11131946986451e-28,1.2263207572347624e-26,-3.476564870575758e-24,-7.201514528347091e-09,5.353160990461176e-09,7.228849563545021e-09,-0.02326161411768944,0.44277694779623306,-0.01856498620130605,0.32839669560362245,1.4994285401833986e-11,-3.7286881477306255e-11,-1.5983512367625754e-16,-5.190902370748639e-16,-2.5932328558780027e-16,0.021647247795435365,0.44534183123524174,2.736878465805e-07,0.0010062699458887,-2.1646786593135249e-10,2.2384991145064048e-07,3.979058749678558e-08,-0.0007439844296192972,4.5437513693424913e-07,1.93400942873475e-08,3.716115018226585e-14,-0.0010172085329802534,0.06534931466381179,-1.5390940711778754e-06,0.015788851865578064,-0.2509434758426966,-0.05221113729094548,0.17696549985355767,-2.665786023424606e-12,5.163840167046426e-08,7.47496298294565e-11,0.06008672577108815,-9.96380686643273e-07,-1.1330093209520217e-09,-1.7735754167289244e-06,0.23970487598091988,-0.09804395987146816,8.053608433892539e-08,0.054049572500735145,7.033883510163978e-07,0.0007315514018311599,-0.07473216040302992,0.09982556606760322,-0.04381713706722677,-0.0023909269871384793,-0.011836218091320372,0.2046421813437517,0.00040999985210750075,4.4859567082530706e-05,-0.12978424902379074,0.06679750192847775,-0.09296482360425781,0.001595450537274596,0.21074586421700967,-1.996893153526052e-05,7.359860886367182e-05,-0.24713953536717173,0.17443543640089904,-0.0014742344099334997,-0.001049627253312335,-0.0005541802243853121,-0.0009478592705756832,-0.07307068632949036,0.0004944548628485894,-0.010268238016862451,-0.07744030551665082,-0.0008624488485448115,0.006447584361510215,-0.0023060019367266817,0.006415346025509887,0.01709889003795141,-0.0036063077769346794,0.037204644536587415,0.009322313675748596,0.03161189252399274,0.047145988667858185,0.00505205449718506,0.0066310497285008325,0.042138103212691465,0.11258679393366887,-1.5152074429808992e-14,-0.11250139239366562,0.023798085119199508,0.00241213208185624,0.10650674534654761,0.021043852773630033,0.008581971504912887,0.0032572859717927816,-0.019247325111056774,-0.19846877419946335
61,9.186217930581081e-28,1.4210049131311432e-26,-4.1351408202909316e-24,-8.237036256066118e-09,-1.7667220751115407e-10,-8.048918012334451e-09,-0.026546855918340193,0.506276435087445,0.00030784201830747724,-0.010420762390605232,2.778714322196982e-11,-3.157518232760009e-11,-1.4936089790761378e-16,-3.383872963358481e-16,1.957218579791693e-17,-0.023706586987470107,-0.4955346435931501,2.990797399517359e-07,0.0011753027742937162,-1.7037035912685888e-10,-1.7132562162922808e-08,4.434343873850879e-08,1.1231015498796733e-05,-4.840895820761223e-07,-4.430952595456117e-08,1.6771411418062913e-13,0.0011689172054279717,0.07105717518636145,-3.963214131014574e-06,0.0465546199749282,-0.28082328583140603,-0.0032158230538059103,-0.011827937676813656,4.229391739314465e-13,-3.327774877712994e-08,7.059620748837531e-11,-0.06628771633660378,7.823739939310399e-07,-1.201472423059609e-09,2.2098443364177388e-06,-0.2841604375903385,-0.05648309269726646,7.620281322950908e-08,-0.006138381333351919,1.551890531845538e-07,0.0006938732590958549,0.08419669976655976,0.09756067292541193,0.033865056715324214,-0.0018478440529269033,0.02321685770914822,0.17256060860990605,-4.849782827048683e-06,-0.0002589831692884202,0.07291052005431849,-0.1592462579055719,0.0161976356789494,0.0025678657547087615,0.27606485395234853,-9.82760121526644e-06,4.161877894195159e-06,0.19647713017482618,-0.18755632314369625,0.0007813764721747987,0.0008270478202509601,0.0036130550436025985,-0.0007827365785594037,-0.0661652993293305,-0.0001874949431989065,-0.00651659874244121,-0.014233550439033345,0.0011193601155425155,0.0026904008844871436,0.012371310345380786,-0.055921320375106526,0.03206218207143012,0.016448552118403736,-0.011502780012570497,0.017650552432483438,0.010332060414713993,-0.04243943124071824,0.07349824209758116,-0.0947485802172637,-0.027302389110983614,0.07940978182725844,-6.0914295078752715e-15,-0.14409147440329054,-0.013855624161072439,-0.00044562045332616066,-0.04869261419692326,-0.038941301928386386,0.01901067622656087,-0.15222801120299925,-0.020128161732491146,0.10655300694055113
62,-9.498557105958104e-32,-1.6934482379007515e-30,5.4422432769335415e-28,9.507417861437734e-13,2.671043988633618e-12,-1.0395099360680832e-12,0.2326427437121909,0.012513690915153013,-0.6912849215754537,-0.04026308863979603,5.029838157133261e-13,3.171786115227463e-14,5.370609623096762e-18,-1.063483183497625e-16,-5.909832316231653e-16,-0.2714654922323429,0.013742174387249981,1.753832075133806e-11,-5.38279421734511e-06,-5.098371987414458e-14,8.7681876113532e-11,1.3645426179812075e-10,-2.2092631126075583e-05,1.4006614615026523e-09,-1.8413699460388786e-09,4.588857713811441e-14,7.54434202925255e-06,0.07242260754574725,-1.9196337243744094e-07,0.0019854573505316163,0.006446069111495908,0.2648932961718718,0.05126735823359053,8.826801090425076e-14,-1.9206561621797447e-09,-1.8198941552366262e-12,0.1136677683335666,8.606528261548063e-07,4.689491155260756e-11,6.336464105817067e-07,-0.021607660543787318,-0.011699593517786499,-2.4513391493218323e-09,-0.0468269147739219,3.67032894121107e-08,-2.25796972173917e-05,-0.016070098584397573,-0.0035246203931009984,-0.008664630491844771,9.44336059095063e-05,0.000996234951775917,-0.010460368632340055,5.33590643440999e-05,0.00013299366414014092,-0.034459127411865596,0.0852524415945562,0.1241986497688813,0.0005255244112861632,0.032935190252224654,-2.837563068936253e-06,1.8469161248428715e-05,-0.045340341809415985,-0.08399843281315916,0.0015481841758354599,0.0009143447878107171,-0.0025033269195588125,-0.0013314660885884915,0.1543620790011299,-0.0016086778144757555,0.024462540553379507,-0.2926229976450252,0.0020565454455327577,-0.005163214471268111,0.036682058649587894,-0.09655195005698576,-0.12445877196513438,0.12040781682376953,-0.024200849734005412,-0.10855681428460587,-0.027870570822591534,0.03768706211650972,0.014306776582320846,-0.04326139585347618,0.005828513469645684,0.0814527218469127,2.029284069165578e-14,0.1530355951238373,-0.14320222140756228,0.010285712281835948,-0.09824580833282412,0.10198624054270462,0.07850109724722919,-0.12400390908833422,-0.019881953568913622,-0.06258703359054014
63,-1.972209087791181e-31,-3.208553379233434e-30,9.061143721882756e-28,1.8770089685102714e-12,-1.3950653784435307e-12,-1.8835576748610567e-12,0.49376237679379126,0.02732498464676745,0.35101598477416607,0.0205874375163469,8.345270265657387e-13,-3.3132394182550715e-15,1.8137607478784026e-16,2.7121296160274303e-16,1.051561776861936e-16,-0.4685366107790646,0.02367336007016805,6.678337768357781e-11,-5.871097980640031e-07,-3.0844848427392887e-13,-1.1137578347411341e-10,3.731467050439611e-10,1.2824065655520306e-06,3.893410806526299e-10,-5.490480427306393e-10,-6.849298987673406e-14,-1.6183058495547915e-06,0.23775764743188282,1.8014209039442636e-06,-0.024569057680606507,0.04964373473979991,-0.14543761729703097,-0.03248307526511801,3.7351938603810085e-13,-6.2663915812649435e-09,-1.527612606627862e-11,0.20461820766578312,1.5646975217187935e-06,3.0592232644906583e-10,1.1626402284713003e-06,-0.04251507596992068,-0.025637825806351697,-1.9787994586365575e-08,0.024242439946297323,-2.270527575434791e-07,-0.00018112430402908095,-0.04018737363906104,-0.026209567280100446,0.014242114595690712,0.0016949911861787832,0.0033925885228458285,-0.13597521062832565,-0.0004506254728643312,0.00016184735017622472,0.24474571445473023,0.0749796844252098,-0.01959284242272222,0.00030776691239857754,0.020636296000698447,1.9026726770693749e-06,-5.813808746930431e-06,0.03715361065077367,-0.03304475709739091,0.0012350115887201868,0.0009741159175076781,0.0010071876620171693,0.001162310901503167,0.11535484662597882,-0.0005404023734202839,0.01629607908773565,0.1259519070160092,0.0016193845645679468,0.011612158177176195,0.02119990283638849,-0.1175339517420045,0.12382855136070149,-0.024115248669414256,0.1403482371361507,0.006840265802949806,0.04601996678559699,0.0784615782672749,-0.011108842505135079,0.004778497100019101,0.05344300007944683,0.11318063288304887,-1.501591572110517e-14,-0.11935106692568659,0.02210284682999016,-0.0018860135171973515,-0.14517457665801145,0.09135203243087232,0.04203707588635729,0.001728174810452577,-0.023050187369506488,-0.21246934653488528
64,-2.2320249852916384e-31,-3.703391461956241e-30,1.0778657270831075e-27,2.1469759025548223e-12,4.691131413702764e-14,2.0949569859332154e-12,0.549270869778027,0.030143926158789802,-0.031173021972465333,-0.001818243951475096,-9.542927164125541e-13,-1.7340549149056796e-14,4.812934531103214e-17,1.8016576955790514e-16,3.9576076434359436e-17,0.5509352281233716,-0.027914050594114587,-1.7036816163966641e-10,-2.236323607491742e-05,-1.9728908282523823e-13,4.79953815226459e-11,3.020277475418431e-10,1.8009095129825019e-06,1.134200299993209e-09,-1.3099395141486795e-09,-2.221108426507144e-14,-1.673319144230352e-05,0.19501363699741406,1.0996611232598199e-06,-0.015359641018982378,0.03489631596451862,0.04182855581116607,0.007937829096778287,1.1036092425534683e-13,1.7517755056664524e-09,-1.337467150141692e-11,-0.21821312956328218,-1.5451675200030008e-06,1.9632578347479762e-10,-1.2681936403636291e-06,0.03607381760329595,-0.04697883568422719,-1.618361944829698e-08,0.00030559663993280216,-5.9447592043811945e-08,-0.00014792986642937693,0.033431803996854026,-0.021397336421059072,-0.0059731184414945244,0.000676539065049872,-0.004526741611979186,-0.06018060714930299,-4.446072436920184e-05,0.00010113931578258477,0.0011506637081653325,0.06066851262135731,0.01481141047469,-0.0009291536295066698,-0.11236098018843951,6.094126575497074e-06,-6.322750111026948e-06,-0.08651681635470578,0.0886129090575069,0.0008525402937456802,0.0004259137961490095,-0.003525718989092039,0.0009708245289637858,0.2563419455841181,-0.0001195867074052611,0.0323174708291541,0.05557039820217595,0.002971403030921929,0.04616987933414464,0.02194198670621192,-0.09809474103781973,0.05163357839056743,0.038505576167206186,-0.06530088074257213,0.0338086240448431,0.010576816593805294,-0.06646073715445688,0.12950437525995473,-0.09448208842943018,-0.03453992630409629,0.08190425616413016,-5.880389522445866e-15,-0.1524277396728973,-0.01591449061559045,0.002980134290901982,0.2412778755149175,-0.10509840765800486,0.018643237671803613,-0.1625137417533343,-0.022541186704359957,0.11295169280627994
65,5.132570240824545e-34,9.754672594965703e-33,-3.1786315995565685e-30,-5.552898450770146e-15,-1.560442131424212e-14,6.114274095177584e-15,-0.038905692996279356,-0.002178408492194831,0.1154515304430518,0.006964711282088687,-8.584866522611464e-14,-8.160134186307395e-15,2.7247429143563824e-17,7.96026464630977e-18,6.088774836746415e-17,0.04542011540550031,-0.002392434708856286,2.8429571816010356e-12,2.8425077766922137e-06,3.435444314966631e-14,-4.109327774987775e-11,-1.0993413899444948e-10,9.022306524120115e-06,-1.134811004218591e-09,1.7652753915848682e-09,-7.34291671069828e-14,-3.3094569453690305e-06,-0.17577149437254877,-1.846075411697752e-07,0.0035575492554254405,-0.038075606100480386,-0.6543421395188579,-0.19915365129432636,-4.979291236244301e-13,1.4308272076980454e-08,-3.273063783577685e-12,-0.2788178758248508,-1.9636467244349745e-06,1.2701589825484288e-10,-1.8516111382600613e-06,0.07185171150058937,-0.08377699324140608,-4.0574795962391e-09,-0.20526899384569594,4.971090266920866e-08,-3.731356096791271e-05,-0.07934212525604722,-0.0057299549709334315,-0.012206792100138749,0.00017503069414365394,0.0025201586361606253,-0.01800312623372333,5.8949437563549725e-05,0.00018741200689333405,-0.0380610730882425,0.11752097957715613,0.16359490004133231,0.0007489622182367715,0.04896996693731013,-3.730395268111689e-06,2.31257550021183e-05,-0.051100900400361485,-0.10075309201723329,0.0017215948897184336,0.0010171946662803997,-0.0026979201815337094,-0.0014583957447109259,0.1648719731053498,-0.0017383115814818308,0.02617444348910848,-0.3136499947155471,0.00216296701631982,-0.005722531980776756,0.03832824748684295,-0.10073260909074432,-0.12922354401174815,0.12441705280421313,-0.02434520149306357,-0.11094993751561652,-0.02822762181346676,0.03846002749482884,0.014239657352803236,-0.043255186839633177,0.005962687838236406,0.0815109470648597,2.0213964034793022e-14,0.15360055386444105,-0.14329064035633182,0.011040095416272223,-0.10535699843099976,0.10512545405732741,0.08097989909548914,-0.1243379717035861,-0.02002757567885369,-0.06294317257026717
66,1.0702407517158508e-33,1.8816456962630267e-32,-5.2938586023448894e-30,-1.0966213883672766e-14,8.147945183500668e-15,1.1003377080810387e-14,-0.08167042166349259,-0.004682915767879128,-0.05780651214312671,-0.0035098581745369064,-1.35198386539284e-13,2.4201874445476735e-15,-2.8187024224326015e-17,-4.225324232404748e-17,-2.4370248090735806e-17,0.07574636300714147,-0.003976679593784859,-6.4329153737401815e-12,2.1132733095388326e-06,1.6999317417806263e-13,4.0718175916624643e-11,-2.8407441807731666e-10,-9.996971895835396e-07,-5.125937253880902e-10,8.161431612295845e-10,1.5746940119208645e-13,5.128674228046978e-06,-0.49028022663106585,-4.101665421194199e-06,0.05502448372863163,-0.15234525993461642,0.2886244779657783,0.10040804968582973,2.504511061208344e-13,1.0232351719220987e-08,-3.6631163636882736e-11,-0.3678381588156919,-2.3958735878210212e-06,7.214028189267222e-10,-2.504648365648425e-06,0.10116002029978807,-0.18072295971430527,-3.8599309364903186e-08,0.11847655647441993,-4.090955186367312e-07,-0.0003514242660938275,-0.16912497649488228,-0.048895446942126566,0.02656083457020978,0.002579617127338167,0.007066765991627192,-0.20756648077425136,-0.0006795433642939404,0.00022848722562031183,0.36494890048667666,0.1033295790928439,-0.024426480874427163,0.000522848074531473,0.038850574071095836,1.9044131845533132e-06,-6.516056365216438e-06,0.04945125906669655,-0.04428109824647418,0.0013748115079263749,0.0010858503009653965,0.001186889991893168,0.0012450584133965673,0.12123067668568917,-0.000593423609793572,0.017203796173301054,0.1330910048221651,0.001689304206740233,0.011670592836021542,0.022137730475602347,-0.1224676288945561,0.1280756692175346,-0.02496973738429021,0.14483764938477767,0.006636963234672798,0.04661404302911957,0.0798542812772253,-0.011957329608767523,0.004668884546396864,0.05392811973296663,0.1131976354860329,-1.515505859256784e-14,-0.11958396826301959,0.021999371231801925,-0.002039012115465472,-0.15615797838444878,0.09457168315182979,0.0434822194080229,0.0016315320771491367,-0.02320873426809318,-0.2130146479526427
67,1.2102299243735034e-33,2.1633827839369466e-32,-6.297596002229679e-30,-1.2543355620972924e-14,-2.7938840068845295e-16,-1.2212266990414836e-14,-0.09155796156657572,-0.005216763854753577,0.005438391329392155,0.00032291189152467526,1.5684440022000468e-13,3.6385128961950126e-15,-1.5118299574469688e-18,-1.5046203688005663e-17,-1.961780400845426e-17,-0.09276918954701821,0.004897000381388947,4.874805946512406e-11,7.506718568755493e-06,1.3759433984822124e-13,-1.1766456618780246e-11,-2.7071788114934594e-10,4.7364018386747193e-07,-1.0567121155188062e-09,1.5539063680006956e-09,9.080088534358138e-14,1.094996151079011e-05,-0.4860839103388601,-3.427424497477225e-06,0.04652708384751036,-0.14352612864185235,-0.10349057452733049,-0.02248878464985461,1.6362402321619869e-12,-3.1406283419714994e-08,-2.5207954446385886e-11,0.5413315143881776,4.604978255967506e-06,2.423328056248063e-10,3.2130214885302735e-06,-0.16970560305783425,-0.13511473760823817,-2.6558669615590902e-08,-0.01060135619153592,-3.989022585638505e-08,-0.00024187148604232488,0.16607251541439663,-0.03422430937382663,-0.013869817255881708,0.0007394948781449585,-0.008922419637285533,-0.0685773855858463,4.919636514145155e-06,0.00011556070136890664,-0.03469211451439084,0.0718030758166423,0.015222254493188439,-0.0013206674104495194,-0.1539871812693392,7.746574105837431e-06,-8.392721521042655e-06,-0.10662997590260379,0.10888400443842709,0.0008984245051243402,0.0004358458011001859,-0.003906925622365456,0.0010597413570055056,0.27547643723637705,-0.00010170025088612603,0.034588817787509996,0.0607058697503797,0.003126660725656101,0.048770556240802815,0.02260104448787335,-0.10114297030518182,0.05340883744944082,0.039598209980652194,-0.06806317239308622,0.034869905033193704,0.01067561264664012,-0.06778192994524233,0.13272386342230197,-0.0944104315178755,-0.03491655247171812,0.0819651892715375,-5.857745057736257e-15,-0.1530945337990905,-0.01587581256809415,0.0031587431955489294,0.25699504166389825,-0.10885420850169296,0.01866337791626877,-0.16295316501657886,-0.022672430159037405,0.11329488439825607
68,1.5941623150377334e-33,3.032239722386302e-32,-9.882466413621863e-30,-1.726409605925345e-14,-4.8514307854172846e-14,1.9011723340345014e-14,-0.18255304403850853,-0.010443489785593429,0.5420593152962283,0.03332749861795024,-4.154536801785599e-13,-5.444934386702249e-14,1.2282849440659214e-16,8.80121581589592e-17,5.521573253559093e-16,0.21274113756349095,-0.011443852163947695,2.7964672514999887e-10,7.273412699621095e-05,1.3418720062666526e-12,-1.5840399817638795e-09,4.64402730057739e-10,0.00021149418827530412,6.481627125585284e-09,-5.744342508692377e-09,9.411642851573012e-14,-8.211216478974892e-05,0.13137119869575783,-5.344670122105838e-07,0.006094998447079233,0.00913216426909185,0.4905180943206857,0.08677511955265949,1.227902857067795e-13,-2.9430304430240327e-09,-1.849615593818468e-12,0.20827650618945914,1.5500916897006737e-06,5.219571581567299e-11,1.1394127569183886e-06,-0.03568782624533327,-0.013559164275885532,-2.505083492079838e-09,-0.06324577731910715,4.4514016943639585e-08,-2.309083976848553e-05,-0.02124525518165524,-0.0036318026699416824,-0.009885118439543336,8.159136464471114e-05,0.0012111556896024654,-0.009751393111782114,6.482520481074819e-05,0.00014333916530483756,-0.041203848756312465,0.09186398911174072,0.13560313265673216,0.0005648892141374172,0.03508653778481119,-2.979517828550997e-06,1.9436304947066332e-05,-0.04649013950371727,-0.08919874926370214,0.001606613645924158,0.0009497560417344699,-0.0025620834061775037,-0.0013682190705744989,0.15798581678907997,-0.001651005028083119,0.025045275770440075,-0.2991396518660629,0.0020934614869122237,-0.005330894639951739,0.03724667873431194,-0.09804137693362092,-0.12597533532248734,0.12175203444228551,-0.02419599918038238,-0.10940436672961491,-0.028000822521560123,0.03798095816408785,0.01427961793833323,-0.04328064580559645,0.005880370628569335,0.08150334643646708,2.0206962188374132e-14,0.15335462388021864,-0.14333432531532012,0.010523080946570488,-0.10071489809061271,0.10310892969319399,0.07936827463376574,-0.12418330683502375,-0.019940597653704904,-0.06273910258277535
69,3.3278315287170526e-33,5.857081700993225e-32,-1.6477559158295038e-29,-3.4133279123952015e-14,2.5365508125606773e-14,3.427433434222219e-14,-0.39971338453671235,-0.023424800046739046,-0.28567415681857933,-0.01773329962205211,-7.049975612175897e-13,3.144378650826737e-14,-7.673611297983001e-17,-1.3904275173715453e-16,-7.876681352830277e-17,0.38892395837024024,-0.021021341491750847,5.875709858813022e-10,0.00014828640520749922,-2.2582535741692995e-12,5.919672498656675e-10,1.0429849477217632e-09,-0.00011270286118145664,1.584276490729154e-09,-7.509713781146869e-10,-1.1195171732282655e-13,-0.00016227389212235697,0.3943883131827714,2.943049936222398e-06,-0.04025781903557654,0.07670791912534783,-0.24032109763463347,-0.04958156764315316,4.5161739237075136e-13,-8.058619808602615e-09,-1.601934644863224e-11,0.33024874968446155,2.4780442435238385e-06,3.1688848702947507e-10,1.8366675698167984e-06,-0.06118475916890349,-0.02689707763389615,-1.988030601105043e-08,0.02782280473557215,-2.1883590543149633e-07,-0.00018171307660470618,-0.045330278875498696,-0.026015351696524594,0.01366177992611537,0.0014817166613456066,0.0032955353432443137,-0.11967968768972169,-0.0003779880550566899,0.0001246392802453999,0.1988144390451243,0.054799548571955244,-0.00863915312130103,7.436323383386498e-05,-0.005644353719041031,3.604836783143023e-06,-1.1713426230297558e-05,0.051823179233751265,-0.04192573566338928,0.0013670915131436651,0.001075547023299514,0.0011229773949451532,0.0012469541616121002,0.12203134928062417,-0.0005785000205030091,0.01724260344014215,0.13271373648224372,0.0016846306275425636,0.011892885884410368,0.02190690168569925,-0.12132101898893982,0.1271883059239535,-0.02477063282755599,0.14338808278046458,0.006834193975910111,0.046454955735556976,0.07935768359281628,-0.011535007758551149,0.004788099430586372,0.05377696880149464,0.11314299463638584,-1.520559712686236e-14,-0.11954671823882661,0.02210292983506606,-0.002011053821391659,-0.15194062097517283,0.0933226503938602,0.043003460042997835,0.0017853563407824742,-0.023149618311387857,-0.21291310560155044
70,3.759108047214791e-33,6.726033320975771e-32,-1.95795490590303e-29,-3.8997755366726104e-14,-8.686083702176539e-16,-3.796574584084284e-14,-0.43111634554534045,-0.025077078348607337,0.024248103042542248,0.0014401679497878421,7.053314317289865e-13,2.579928796738332e-14,-1.4788335514527277e-16,-1.2544836799208912e-17,-3.0312687945815764e-17,-0.43097780652560286,0.023216301833766592,8.923726376682943e-10,0.00017419669428926117,-1.0727827872089813e-12,-5.448784460866376e-10,1.1251987748836531e-09,1.4923781207962179e-06,1.7253911869155747e-09,-3.2663081997866266e-09,-3.877934534515925e-14,0.0001631458052574369,0.36853718397823904,1.988925903306758e-06,-0.027953115009607215,0.059353209072695375,0.07228837098959412,0.013557452844709961,1.2621470663593049e-13,3.1648994817582124e-09,-1.6816446625263634e-11,-0.39806559187200563,-2.8116743976833903e-06,2.3972133246976336e-10,-2.250859740967231e-06,0.06094651080443883,-0.06761555807786776,-1.968337935622382e-08,0.001913487723750036,-7.25405256407715e-08,-0.00017976286753261668,0.04351583593255006,-0.025844668208217302,-0.006596733214136795,0.0008174570686914678,-0.005186066540879183,-0.07215326886622153,-6.858398227599336e-05,0.00011969228517435306,0.013059880060423234,0.07096806116642582,0.012196719263842701,-0.0009604438383141723,-0.1158919531484164,6.1524401712738185e-06,-5.53949208170174e-06,-0.0948573305685997,0.09575599315539089,0.0008473765036113871,0.0004144003496896806,-0.0036581406729025083,0.0009853354034922656,0.26135013836266496,-0.00010944129310328712,0.03289475586721732,0.05616937237881349,0.0030124475028611092,0.04696256396331192,0.02207196745319863,-0.09861998847085968,0.05177649120285045,0.03896650514263656,-0.06661490477186868,0.03416945806011683,0.01055610489481778,-0.06705742951989538,0.130675033634339,-0.09454114843111767,-0.03474004712425309,0.0819682561312221,-6.0400753764243075e-15,-0.15272658391519625,-0.01591490859819806,0.003055668943344126,0.24716499841411696,-0.10661598822694053,0.018540516969539348,-0.1627955381165462,-0.022584655110726118,0.11326146381775762
71,-1.3559679539545346e-30,-2.4168877072035095e-29,7.766674140529808e-27,1.3568257119827385e-11,3.811602902232867e-11,-1.4832994904935333e-11,0.00121571038614244,-0.02416910453630843,-0.0036403857473821504,0.06787141007998308,-2.6835484220437927e-12,-4.0744727915694516e-13,-7.751978149035963e-18,-6.635573612134147e-17,1.352775062507847e-18,-0.0011905324477550663,-0.026059760868521367,-2.93618066315685e-08,-0.0219995555949841,-9.335039549728058e-11,1.1045941889082691e-07,-8.946981428001403e-09,-0.06212735944325785,-1.6721678027802785e-07,9.498196662250483e-08,-4.843846428700133e-13,0.02405504395083594,-0.036761712316395814,8.411940733203448e-06,-0.11106138887173808,0.18545256152432732,-0.09767310417476965,0.5969705201996772,2.4906003252382826e-12,-6.194591837570343e-08,4.7699397390150754e-12,-0.03328678847525224,-4.4852653508448946e-07,5.885972943768751e-11,2.114493522988482e-06,-0.24481832946038534,-0.12937902436883644,7.340236171377387e-09,-0.4569919634786768,-1.5703466078740219e-07,6.747174743171783e-05,-0.17045727440024483,0.01052231388256799,0.029830636998923375,-0.00023522989764181252,-0.010967867821635618,0.02659948484175619,-0.0001257391430850609,-0.0003374001613348202,0.07149616154570565,-0.19922450512222667,-0.2610094381691337,-0.0013733298968225999,-0.09590542537204999,4.4460857223796895e-06,-2.1617225647363536e-05,-0.0026640005334732184,0.07564800278128982,0.0007716270225153002,0.000657128584384023,-0.000690269276752894,-0.00587849777897402,-0.09441415907127886,0.0007809028881526762,-0.010911251664879468,0.17758882333009568,-0.0015776772697014333,0.00644734158133948,0.009422496342371202,-0.02256877841784402,-0.061699298425717246,0.06332797727691722,-0.025334485366758086,-0.07468382226078966,-0.0232188035235332,0.026246501868288585,0.01403753004425715,-0.041142254769537624,0.00375347025284344,0.07669602556651699,1.949340759815737e-14,0.14409955038951006,-0.13795802100811347,-0.010271355447222229,0.06516430513719146,0.05611385436416867,0.04142568932432315,-0.11456135386384325,-0.01700956945847097,-0.055719451646201304
72,-2.8152524411532145e-30,-4.578710792978612e-29,1.2930761667588932e-26,2.6785935269821428e-11,-1.9907526488520364e-11,-2.6880905923726782e-11,0.0024248431379090924,-0.04788425677206344,0.0019447954374353037,-0.03552542277047704,-3.1870119114874248e-12,7.559595837687481e-12,1.8724321370971152e-17,5.838018094249984e-17,7.995480746379115e-18,-0.0022716194630033625,-0.0482824828247986,-4.281289153841965e-08,-0.043848937391569864,7.476241405899762e-11,-3.1068661921529554e-08,-1.892055292580016e-08,0.03245929367839989,-5.9321399683562845e-08,-4.634851289367001e-09,-1.1297422191823269e-13,0.04410753536270025,-0.07593881433351982,2.917027881595734e-06,-0.031287185138136886,0.4241429850604647,0.06697125281792161,-0.2998796942716131,-3.375702812973985e-13,-5.6211337620541516e-08,1.2261444052605017e-10,-0.06622432039231199,-1.5450198843851835e-06,-1.3977839570239838e-09,3.310059111603071e-06,-0.45787040259203776,-0.275738288485318,1.0235025714865535e-07,0.22536636047489567,8.610490774741234e-07,0.0009226557833360734,-0.31733806464883385,0.11889899552987158,-0.059048073439329433,-0.002134555090421259,-0.019064587907782087,0.18250376124275888,0.00038838498781884254,6.21969178374351e-05,-0.12798194195866153,0.07149993273794823,-0.0842089907572293,0.0008557652692396196,0.11867141615507584,-1.1299546346193875e-05,4.574866115024304e-05,-0.15707607636732068,0.10625971343047766,0.0022926496732916654,0.002338870034917154,0.009013472797940071,-0.00014065412108787398,-0.12233135506320306,-0.00021706927284743564,-0.013261047431029918,-0.1319268747716793,-0.0035351613236329366,0.01049536664868937,-0.005226879103495029,0.01793490533279874,0.015970047627472662,-0.003993838760731855,0.04231514507193011,0.008913511666689106,0.03225571164753266,0.04896057320870683,0.00370404277011555,0.0053276328673708614,0.041827524631576296,0.10804608181086735,-1.4571154395241176e-14,-0.10994824395860016,0.022622168625438376,0.0052945184483309815,0.18508684101842338,0.025438558332974735,0.00972873497972013,0.001964503087631614,-0.019091901905052222,-0.19101200718068684
73,-3.1861177156773386e-30,-5.28490552429316e-29,1.5381635354978226e-26,3.063828771900886e-11,6.703871831391423e-13,2.989547026754921e-11,0.0027679453237251152,-0.05474468406788965,-2.709003988933353e-05,0.0011424605821154954,-4.919652271351492e-12,6.6758319205155665e-12,2.930636716118466e-17,2.1949724382184956e-17,-1.457413409626994e-17,0.0024557679503164937,0.05366153201234006,-4.8398174064895406e-08,-0.05003917505514292,4.962301305290073e-11,1.034082270301376e-08,-2.1244652257905423e-08,-0.0012070241006671555,3.6015405219526696e-08,3.4009300227724e-08,-2.964765074125813e-13,-0.049262734925562844,-0.08483585155378208,6.024960828574798e-06,-0.07162944584780735,0.4743030038100239,0.010197079675711962,0.025072024784434908,-7.699567091204697e-12,1.4436522968767547e-07,1.053356305380676e-10,0.08342820199100409,-3.974260500502066e-06,-1.7993301012144091e-09,-1.4642631295919918e-06,0.43140619079736603,-0.4102351589398906,9.266431802906962e-08,-0.007209524849619389,1.4143112578877737e-08,0.0008400072944368452,0.3551419668770416,0.114896025246757,0.04868617095904389,-0.0014737758680664326,0.030392354909220324,0.1418814353244035,-5.683602518613973e-05,-0.00021171017651959768,0.0810653187346045,-0.13210189576162,0.04627020445129905,0.0018976401658274654,0.18838221675720185,-4.293853093448141e-06,-4.1439186212313695e-06,0.1392626184007317,-0.12367368317785733,0.0032169125952816987,0.0029529704256309724,0.007913852086198854,-0.0032207306230185653,-0.15994545002879915,0.0008871321843363513,-0.020040269894531778,-0.03712914052343793,0.004303950419861641,0.001172513847028277,0.01802328902014506,-0.08043603541829025,0.043329439135767624,0.01832611956819752,-0.014282833665203007,0.01994718602964205,0.010664358026757985,-0.044557074869427137,0.08090742165804558,-0.09089838598265036,-0.027244487688909663,0.0779289749754757,-5.940243634243542e-15,-0.14127588991005713,-0.013807858798975184,-0.0005598793591738481,-0.11942745636996648,-0.04565850402933241,0.02101905275094701,-0.14875546785324373,-0.020164782854138273,0.10176119035065477
74,1.73927720079486e-33,3.3058312867178324e-32,-1.077236579912692e-29,-1.8818956990472596e-14,-5.2879872342296695e-14,2.0719098980531134e-14,-6.158383127356109e-05,0.0012888582360260279,0.0001843527792271251,-0.003616879816832198,3.9473870266844184e-13,-2.9562842575027813e-13,2.2796631451169364e-18,2.007704879849194e-18,8.485558415445918e-18,5.975332490444356e-05,0.001383945210916034,-1.3992829150384016e-07,0.22994961112741188,-3.4355014172571094e-11,5.658892247780983e-07,-4.835859399891841e-10,0.6489548849754457,-3.3872450872296607e-07,4.9346199185543754e-09,6.369834714549912e-15,-0.25015276197101655,0.0006131150426527623,-7.42187327689389e-08,0.0007882844995678593,-0.006689445443034961,0.001718935583333148,-0.020592114515965522,-9.444393787543004e-14,2.8227710510477563e-09,-2.8371780873393775e-12,0.00022645739926963456,8.945309824333141e-08,3.491227979450447e-11,-9.592645888662262e-08,0.009262605393010671,0.017161089296268476,-4.023402480722894e-09,0.05293362002955002,5.94574360976197e-08,-3.705395306494221e-05,0.019296024260985097,-0.005789708760305852,-0.014108525753347721,0.0001825190723584091,0.0020376184727729546,-0.019231346982603207,7.736578376923142e-05,0.00022467937256235343,-0.04999701242835577,0.14342926802887274,0.20544761283361176,0.0009154740164591358,0.059178547237027125,-5.056735521793853e-06,3.235570574187324e-05,-0.08631641935810473,-0.1477656998388675,0.005093869860498597,0.0036534679426569643,-0.0035062076836815965,-0.019007562113986673,-0.22307152412387937,0.001182146694305684,-0.02209756843548342,0.4239661828783859,-0.005127656731126264,0.012941211462675847,0.012676988371822366,-0.0250975108541394,-0.0952816741921498,0.08917723406902828,-0.03150919895879834,-0.09210314275309738,-0.026309557938534196,0.031463433528330705,0.01516694409680334,-0.041866662532824526,0.004553602726057266,0.078135736466398,1.9936736670927922e-14,0.14921932501278387,-0.13984421701258432,-0.026205989982441683,0.15463580043095906,0.07452573765934921,0.05584118351389844,-0.11896288178203203,-0.018373954468082352,-0.0583786328444378
75,3.626662539176382e-33,6.376845659874629e-32,-1.7940662496193108e-29,-3.7164049733066086e-14,2.7611384406092166e-14,3.7293208824570797e-14,-0.0001227245541836936,0.002554901225235337,-9.915693407143933e-05,0.0018947901098256752,5.714581162701232e-13,-1.6559217695086239e-12,-1.3448461323526813e-19,-4.915795539736123e-18,1.7030827718199667e-17,0.00011830025990348662,0.0025850932575783095,-2.834606769078464e-07,0.4588152618195088,2.5845713047193333e-11,-2.931551779658584e-07,-1.0832242046088709e-09,-0.3394843790995785,-6.024653391452588e-07,-1.0970572125026256e-10,6.103348098599851e-15,-0.45952553831897314,0.001237585980415011,-1.0490550608211558e-07,0.001155907828622928,-0.0141778384054773,-0.001445769995916774,0.010056105131416207,3.5129907477800894e-13,-8.065782536099733e-10,-2.536755695416521e-11,0.0007459885524674444,2.1935802318333938e-07,3.7919111474059095e-10,-1.3916589358243298e-07,0.017909123148721038,0.03587105550263083,-2.842981297582763e-08,-0.02655500062393951,-2.6649020077674285e-07,-0.00025890245655298046,0.03657338369213101,-0.03608498689973334,0.01528524539356761,0.0011677675340434623,0.0033089605637715435,-0.09945463400945564,-0.0001902565213792588,-1.7145642497675456e-07,0.05622168488831098,-0.01997425315776718,0.0482970370900735,-0.0014856863147436877,-0.19548352843976882,1.9854419539050554e-05,-6.455383056694664e-05,0.2057327220228737,-0.15127857127979616,0.011880393883248672,0.010891632204137514,0.032645805082859476,0.001970700017284061,-0.23385734637420014,-0.002054278678654901,-0.019214273650360467,-0.2570822270525897,-0.010088891930899124,0.020170084085062327,-0.012334408132274655,0.046121344576122485,0.012794323560602868,-0.0048672195224026315,0.05558961598107468,0.007856482265043114,0.035431674400520294,0.05673415997878648,-5.7433443416637356e-05,0.004438260917347041,0.04460591032323459,0.10658850977106613,-1.4438895484814377e-14,-0.11003821383946728,0.021498033895567575,0.012041386133527293,0.37441518176914407,0.037259229479285574,0.0126401277180888,0.001274574726869187,-0.019934682217032536,-0.19244952257871104
76,4.100978818125761e-33,7.331507239303069e-32,-2.1341973067417007e-29,-4.25083196979069e-14,-9.480821317769252e-16,-4.13836952366459e-14,-0.00014008135734322767,0.0029196793712865715,8.530096460509392e-07,-6.15272331582945e-05,7.421754055527221e-13,-1.6338219874814435e-12,-2.7196946788190548e-19,-3.961574860424677e-18,2.0128022118112863e-17,-0.00012036301438683568,-0.002853430670129771,-3.225645765783589e-07,0.5232465914198248,1.843758667781877e-12,1.537443681114848e-08,-1.2426711618004864e-09,0.012549356083943015,6.734204238053401e-07,-5.732871725791268e-10,9.630097601464125e-15,0.5127039661893795,0.001495354051089237,-1.7245568514222942e-07,0.0020847101633669563,-0.015796152037877334,-0.0005260250594247735,-0.0010432240823782483,6.757081893523229e-13,-9.627005925594582e-09,-2.3409029465660898e-11,-0.0017253650523781762,2.8123884674526415e-07,4.2183555691010015e-10,-6.314278645185486e-08,-0.01089498259719998,0.04394554057331899,-2.701174623582335e-08,0.0013746698237360308,-8.046311304045592e-08,-0.00024672125413915426,-0.0409773415432118,-0.03550882171627857,-0.011636531000875907,0.0009801257891215935,-0.008289592298198277,-0.08888322588074583,-2.714199666264692e-05,0.00014576412221505063,-0.026554147805491552,0.08895254447665576,0.030624626047818734,-0.001742626133934952,-0.2110373783887709,1.250088139369375e-05,-1.7450064046129573e-05,-0.12824673587581728,0.1336772270512339,0.00883621725760784,0.007858678281013262,0.017642079610712933,-0.009106190138431539,-0.38359737981879555,0.0035941277723325325,-0.052821723441344545,-0.09295784497937533,0.012118078057107344,-0.0026996653385241826,0.03160939544911724,-0.13948139469372764,0.07085148841886164,0.022902936325310652,-0.021527179855012554,0.026553485121476664,0.011843539046841866,-0.053018634459785614,0.10167966560831998,-0.09060273771617228,-0.029856064279028115,0.0791308726362284,-6.071614602979566e-15,-0.14647544924426054,-0.014078111128995595,-0.0007623134623071115,-0.2920515050046496,-0.06364761131517017,0.026078217863080084,-0.15295817690687494,-0.02139520548576718,0.10378927431873655
77,-1.5211667060048963e-35,-3.100962590501871e-34,1.0248866079367843e-31,1.7900561706494831e-16,5.031284837774092e-16,-1.991197631849225e-16,1.853376677307728e-05,-0.0004039268532608436,-5.5514771964643905e-05,0.001133996881713005,-2.295176976813994e-13,2.6979299526492375e-13,-2.059783124354848e-18,8.633857063833178e-19,-9.994624177781702e-18,-1.796261347090309e-05,-0.0004323609895390637,1.3192151975977477e-07,-0.2121867412534971,3.8603856955700444e-11,-5.341888972802419e-07,1.3902098965793204e-09,-0.5997963910746641,3.307101077765944e-07,-1.5051427441017436e-08,7.242340868910413e-14,0.2312493299096044,0.005524025188281456,-1.2503904816426365e-06,0.016468444837471726,-0.029424440327264677,0.014645654739255547,-0.0943775899891828,-3.8735495963477727e-13,1.0135635474606156e-08,-3.4005529218452747e-12,0.0047863324340812,1.2422461154380138e-07,2.9951057653717394e-11,-3.563585716586253e-07,0.03945984769350291,0.030599667137621567,-4.921972513147069e-09,0.10171921344687722,7.66341025494322e-08,-4.5321622428045576e-05,0.03749528593530394,-0.007082334614608308,-0.01759887673421906,0.00021637230123131452,0.003171796249447546,-0.022927196632272957,9.324249304268413e-05,0.00026913675303718616,-0.05949564127570801,0.1704042736526694,0.24211520917000748,0.0010948750053069536,0.07126819345604614,-5.77581220647396e-06,3.645194519132909e-05,-0.09242000976286159,-0.16481608939465825,0.005422584317484132,0.0038827710158707645,-0.0036943269058543663,-0.01997511583120539,-0.23269947866799776,0.0012112317614883991,-0.022937328926258403,0.44180956663363086,-0.005386364151351482,0.013418028229701487,0.01291474336615123,-0.025301159592652254,-0.09764691179130933,0.09101608606947173,-0.031927321426391334,-0.09329299162964715,-0.02649794316596645,0.03181660567791377,0.015280419972481871,-0.041923644818602925,0.004610473481601299,0.07824803056412205,2.005193169074252e-14,0.14937670096227146,-0.13987089745503556,-0.027366589731974138,0.16115745204051893,0.07580396801176237,0.056871542543764954,-0.11925506669634317,-0.01847479258591532,-0.058545801660814675
78,-3.1874666744828356e-35,-6.090527618776862e-34,1.7075041849738234e-31,3.536062102452251e-16,-2.626019954296978e-16,-3.550089329232429e-16,3.6916944430177215e-05,-0.0008010914314447136,3.0043275481410985e-05,-0.0005943482478689601,-3.543966457278017e-13,1.1201136306483711e-12,-1.943579779439111e-18,3.548574677691395e-18,-1.8825821353979078e-17,-3.712170950309754e-05,-0.0008151590205851892,2.6633678839090987e-07,-0.4234750750722292,-3.033593110275305e-11,2.7489198304904944e-07,2.9817247412147817e-09,0.3137226979569081,5.64621796966705e-07,1.2829784244078642e-10,1.8202206141811437e-14,0.4244698394871837,0.011400922960772919,-4.6808571149530443e-07,0.0050737479792199,-0.06680464875030893,-0.010208070827153772,0.047245847789133946,3.4120521807819124e-13,6.4272181591077e-09,-3.837174169645494e-11,0.009697994126462836,3.636581925069167e-07,5.290189266809535e-10,-5.524248055021469e-07,0.07425275905231567,0.06461918762458263,-3.952718502095287e-08,-0.05054806736127549,-3.6164535574971283e-07,-0.0003590514113635361,0.07047501371511772,-0.0491093860649861,0.021638623540876856,0.00143377048401019,0.005271900376314127,-0.12216371749031704,-0.00023719329796857418,-5.425210205420926e-06,0.07122985499504797,-0.027444531369602468,0.059078205472347954,-0.0016647728094774112,-0.21965479110526503,2.2256856780520773e-05,-7.309182288025535e-05,0.23376985712111564,-0.17115519661316286,0.012604179761384568,0.011536411512771752,0.0344168099017961,0.0021194218575297705,-0.24232866966807273,-0.0021898783595972254,-0.019676721337003017,-0.26624272588019515,-0.01057151833031503,0.02088722479482819,-0.012841515050993143,0.04813362689194801,0.012559631757150854,-0.004894404632322462,0.0565390899604441,0.0077642159312608285,0.03565790142072166,0.05727966415491915,-0.00028219601826770036,0.004318847146867083,0.04479052391418513,0.10652887925920254,-1.4322868139818483e-14,-0.11006056041299929,0.021368952635588613,0.012533127799952654,0.3883137409441191,0.0381146918884396,0.012880572835157167,0.0011192200335730174,-0.020009000761399096,-0.19249870520803236
79,-3.600832088138846e-35,-6.975133720023263e-34,2.0312389391683103e-31,4.044461741416459e-16,9.193177648534499e-18,3.9237343857466593e-16,4.214345628755866e-05,-0.0009153771780802996,-9.743047562501816e-08,1.9226939514902642e-05,-4.407654715618787e-13,1.1375498427504894e-12,-2.463423930879714e-18,3.4628023628662816e-18,-2.1007675618360263e-17,3.460598889289384e-05,0.0008915550070631469,3.03199838968442e-07,-0.4830471360876342,-5.6004073797130785e-12,-1.5249486762798527e-08,3.3796391360796846e-09,-0.011485342345172062,-6.270862952522028e-07,-3.931703259705397e-09,4.668197144509329e-14,-0.4738832217983191,0.012715868392163739,-9.185419305076279e-07,0.010875644566416553,-0.07477335645772305,-0.0016778437797669798,-0.0041039287447924835,1.5447623107388982e-12,-2.6375522885463782e-08,-3.4571571535417e-11,-0.01275157573452443,7.420458323829798e-07,6.148261702415744e-10,1.5635448092330765e-07,-0.06525008404308223,0.08859310999114162,-3.709290933768315e-08,0.0020911613591865262,-8.549844789002681e-08,-0.00033820504306629804,-0.0788975162940127,-0.04812046969380368,-0.016850845263500173,0.0011743431432755334,-0.011585158554798487,-0.10722593174129094,-2.3791387048677596e-05,0.00017424613103396333,-0.035507997573258815,0.10659990824648179,0.028915738376732534,-0.0020285113593286838,-0.24218518954353058,1.378086029541393e-05,-1.839892630995268e-05,-0.14908048422026818,0.153481888833227,0.009257147557532314,0.008225908342592379,0.018367056093188082,-0.009549223835311135,-0.4002863855597256,0.0037951983308509053,-0.055263046890983665,-0.09700059283207386,0.012689766694853171,-0.0029752683040991977,0.03260400998412639,-0.14379211225708843,0.07282324029655496,0.023266264606066227,-0.022045219602320174,0.026993204601374096,0.011927953841920858,-0.05358475869631746,0.10317450598217136,-0.09056613678738146,-0.030017610073805073,0.07926430115151886,-6.1070579663630584e-15,-0.1467828277705492,-0.014143701698282763,-0.0007832224671576467,-0.3045629908881274,-0.06490215785927943,0.026468469883421282,-0.1532615326860087,-0.021492916460931526,0.10380401162389494
80,3.26280865453912e-20,4.3139038110276504e-19,-1.2778010139474652e-16,-0.2232350455071808,-0.6262120864662308,0.24100968821942428,3.951375248394707e-06,-7.560779284321451e-05,-1.2262644473598053e-05,0.0002203753634190715,5.88771324275552e-09,2.498716119670474e-09,-2.1555521758778678e-15,2.7506751065213025e-15,-2.2560911476585166e-15,-4.657278136342013e-06,-9.815163356683924e-05,4.4266091883677336e-05,7.861840065757517e-06,7.572392253664267e-08,-0.00015169765755552938,1.3105793524153323e-06,2.4726551603710723e-05,8.674006136228248e-05,-1.0985883128963425e-05,-1.2832349967910506e-12,-1.5900678094741033e-05,0.0024002427276711715,4.203896766679437e-06,0.047504666672737964,0.00852889786343682,-0.00296461746963093,0.0076499479456702945,-1.5936120338563254e-10,3.5885167975604735e-06,8.687813772438965e-11,-0.0003285980800402592,8.500720391459625e-05,-4.547908539837367e-10,-9.021934716764063e-06,-0.0016128067406156184,0.00017157624042644692,1.7161410286268624e-08,-6.9601116563631785e-06,-2.5706017056643188e-06,0.0001534957431791432,0.00012887041819171935,0.028783485952865263,0.2445390102220822,0.00024788824710539385,-0.37098414460825746,-0.002638724249594357,-0.0001562937413173078,-0.0004014031707565553,-0.011996355102164475,0.014403383037237217,0.003323206671812957,-0.0006302142503169862,-0.012891584642537582,-1.6596207181309714e-05,0.00010302961911907375,-0.13170373803660104,-0.16016611090643718,-0.004828942803149457,-0.0034925817650877915,0.006891310218629332,0.02121816916732104,0.02457593120497811,0.0008791797150971791,-0.010239441684318139,-0.0415443788064765,0.0034948791876806377,-0.004757990554507411,-0.061419069403163835,0.14736837700722602,0.2406002513194303,-0.20560923614002358,0.020094593859588554,0.10954284047607216,0.005676543594197123,-0.026862819984592216,-0.003913366199426629,-0.04029896118104207,-0.0024508290313435305,0.0865801500015582,2.617580888534236e-14,0.15475368158829922,-0.17725184591485219,0.014253714524345987,-0.027736669898271064,-0.14803120921894167,-0.12330303831653774,-0.08910692811556006,-0.0035236875763572997,-0.05810939176084044
81,6.682373238136631e-20,7.373394641898086e-19,-2.132465830908712e-16,-0.44166919365293805,0.32832030468597073,0.4441132883522006,7.217627061102093e-06,-0.00013652343149733607,5.817015070741243e-06,-0.00010242167883782528,8.346101280369695e-09,-1.578215598740372e-08,-6.066953182256662e-15,7.0882576179334575e-15,-6.446880639502256e-15,-6.7168429581107944e-06,-0.00013791187574403643,9.175699522566586e-05,1.234444814998424e-05,-5.009937674630385e-08,7.849820833581036e-05,6.112458231076597e-06,-9.423281044021027e-06,0.00015661154473174186,4.243910696918196e-06,-1.596863482111719e-12,-1.2347500596642407e-05,0.0005256817479226044,5.493442444867356e-06,-0.0011790012919293223,-0.003922316964293982,-0.0004233599403174695,0.0021926754646505054,-3.109910009485196e-11,-1.3196153940260074e-07,9.24480011167598e-10,0.0005645264035178138,-7.642600601258755e-05,-8.346205451136739e-09,-3.613460140508742e-05,0.003876002488142829,-0.0006262700490998277,3.32566347011508e-07,0.00011612436171738916,2.7438154258293086e-06,0.0028795883372819543,-0.00016383235745443374,0.25404788168834613,-0.26489722441379177,0.0019859660835346107,-0.15066945898555745,-0.1863005782294151,-5.9012980562184804e-05,-4.296294371775576e-05,-0.01565127369537818,-0.05701210738657954,0.002255606069387532,-0.0007820450056735334,-0.031349642096385036,-9.178237790301573e-06,2.4705110852411666e-06,0.05327250478109199,-0.051749248835342265,-0.02244829217904487,-0.02038636394564439,-0.05730830406642514,-0.007838493433650083,0.04744557804828749,0.004982190163404085,-0.015378033344653576,0.05119354964743056,0.012852604729563297,-0.04533966101186676,-0.024250252895664366,0.1623093368948019,-0.21838608393426592,0.04893108008376141,-0.26066399683256397,0.013726833904693259,-0.02201418553243374,-0.06734431819730692,0.053197097281221024,0.02603055538276603,0.003840164716956778,0.14536639786402625,-1.8837750608551722e-14,-0.10006610618610011,0.037150720346354464,-0.014197588076678778,-0.1265920289025706,-0.18851116440055654,-0.07833163903582609,0.01970075550151808,-0.006368353986909669,-0.20386253078437777
82,7.584766679301764e-20,8.717498983283939e-19,-2.5349330550907886e-16,-0.5050341102150441,-0.010328734667432319,-0.494922656734953,8.284254888553054e-06,-0.0001570417325873917,-2.54285392395261e-07,6.083165378086155e-06,1.0223481134758989e-08,-1.2807387422929694e-08,-6.7386597515838455e-15,7.833986189787268e-15,-6.9939717192709135e-15,7.340269478738521e-06,0.00015177529704414212,0.00010279377706137196,1.4337966042338287e-05,-4.870085818406907e-08,-4.950936513757443e-06,6.940827694480784e-06,1.197561687874435e-06,-0.0001762645852231523,-3.406203603894386e-06,-1.9699432808722386e-12,1.3095689267152993e-05,0.00095449429865575,-1.5072632853990462e-05,0.007040145274893117,-0.0026069046938753237,-0.0006285126065482908,0.0016954253053779566,-7.64358902111131e-11,1.15117641134337e-06,6.248073501387905e-10,-0.0007630310322667672,-2.87451998837974e-05,-5.718232585294796e-09,7.730470038373438e-05,-0.0048611195351495155,0.0002705398314931088,2.4614695949505253e-07,-0.00010349726686291396,-2.5226580268121864e-06,0.0021737647905268748,0.0006995800746963705,0.25354862230960645,0.24864737718695112,0.002047013452460855,0.17686317414944502,-0.17721915562398705,-0.0001392896638603521,0.00010784976249128061,-0.08084609141350522,0.023941209394197065,0.0046673423411491,-0.0008734180991761468,-0.03250770078434439,-1.658490332458388e-05,3.607932834666486e-05,-0.035530510185353484,0.05381884607932513,-0.01985428483244085,-0.016407051198577122,-0.02276560590325374,0.014716888486530199,0.04243105641784826,-0.005641643679839137,0.012358492734951468,0.016620604141718336,-0.025367074706006385,-0.07828359574746116,-0.07024449135406713,0.30213019092433047,-0.12921123167478774,-0.06788264493085303,0.13826217836999694,-0.04558571287370217,0.005327563324772839,0.05241634916667026,-0.1640304469969578,-0.13243435764476055,-0.0021493763713523167,0.08244046286444451,-9.393974073564415e-15,-0.14820110712075663,0.0019541196074947136,-0.004236789615030823,-0.03327850224725289,0.18874794021611388,-0.018258733719331607,-0.14021782707172797,-0.009648892917901233,0.12911172216368796
83,4.33835249058912e-25,6.660152313490853e-24,-2.0705290790350235e-21,-3.5461630966325307e-06,-1.1561389536807351e-05,6.277582885242409e-06,-1.442570835445407e-09,2.858031987736554e-08,5.180255019604075e-09,-9.621512406458253e-08,-4.038065235861676e-12,-1.806184046180946e-12,2.6742902900157928e-18,-3.4596719289814758e-18,2.89217328486749e-18,2.789605739365509e-09,6.105426903487323e-08,-3.9187705273172104e-08,-6.352307614825752e-09,-8.352907670008262e-11,1.5328975848035242e-07,-1.8340717211990937e-09,-2.2951240927787426e-08,-1.2384507233501996e-07,1.728548426822862e-08,2.9978158391213886e-15,2.116346406063655e-08,-4.780583797149605e-06,-9.001842334366846e-09,-9.884085927152669e-05,-1.8994548551534127e-05,7.014703910566349e-06,-2.0562505001602107e-05,7.089946801193536e-13,-1.5525781617144668e-08,-1.04550865623545e-12,1.4021068391298946e-06,-0.043746273032087224,9.421225812814469e-12,0.005046403327309633,6.32738918247505e-06,-6.143532876614966e-07,-4.5630469144644196e-10,3.489838648300857e-08,2.6706451180601466e-08,-4.073733151213135e-06,-1.1855859140249052e-06,-0.0005688633767876977,-0.002839380508683637,-1.5849168110998416e-05,0.0045084326499715745,0.0010591387708038889,3.5931285436264476e-06,7.95976560461631e-06,0.0008036042278642367,-9.68200432104712e-05,-0.0006058112627112171,0.39427702084117194,-0.00473562771943219,-3.70722449461432e-07,-3.671818224633074e-08,0.0028594903010146808,0.004668414271035717,-0.0010474796880440296,-0.0010532518475476335,-0.005231018114655519,-0.0037489453456762867,0.00883742919562275,0.0014942172232933531,0.00201475999150493,-0.03907944414642762,-0.26778816685070483,0.010803995748561184,0.0012404183187324316,-0.01608489915161523,0.02903318827527816,-0.00783673911452813,0.0031154299553066526,0.003583923336355481,0.0011826921660172919,0.0013331458063973985,0.00714471970113888,-0.009389993082472146,0.0002309890976116407,0.021985457819508825,1.0823828097309388e-15,-0.004691956754936754,-0.01699689713750128,-0.7864879544027041,0.002315087632476321,-0.006602702281977186,-0.0010431413148527036,-0.026728158549867206,0.38378307635542575,-0.017310542061209928
84,9.00097211186159e-25,1.181098083241122e-23,-3.3654015496974922e-21,-7.0146872409383815e-06,6.0608537581563894e-06,1.156746244674515e-05,-2.6269990420834545e-09,5.145402097909191e-08,-2.4509167309324982e-09,4.4578994650214436e-08,-5.691321528824731e-12,1.1706619464885463e-11,7.019218263054831e-18,-8.331346384931973e-18,7.691641729062321e-18,3.9959899324227395e-09,8.517133655361638e-08,-8.032811699969911e-08,-9.928316178518205e-09,5.52136272590159e-11,-7.878127568182812e-08,-8.11331235554226e-09,8.656617276052443e-09,-2.2329397719408538e-07,-6.5065177385870666e-09,3.695515668617938e-15,1.6280496565231134e-08,-1.1156003872353036e-06,-1.1462473596019247e-08,1.3017604288841044e-06,8.786559063939401e-06,1.0947328198217581e-06,-6.149791333155627e-06,1.7501743969171993e-13,-2.1833199687891887e-10,-5.9079871727665535e-12,-2.0813376866135674e-06,0.03734534657071117,6.098995881927385e-11,0.018828947647562,-1.3515736988069134e-05,2.327058766572476e-06,-2.7087276571081165e-09,-5.028798878153552e-07,-2.1611923604271707e-08,-2.367324161592635e-05,6.59451201664045e-07,-0.0022731852778743867,0.0022044971330285232,-3.77874854059854e-05,0.0021136230906186513,0.0033159922730936204,2.387574265981706e-06,2.6984330292288824e-06,0.0009001722810294777,0.001030035207879029,-0.0006201174463639871,0.4133418411167213,-0.004590253010234101,-6.004398442810826e-07,2.7305526692368756e-06,-0.0035747637391000875,-0.0006574100382579235,0.0007960979568554122,0.0008670937929105015,0.005149623336156016,0.003606940484004302,-0.00747811420544925,-0.0022292899909951316,0.001548459142334796,0.02778271568394243,-0.5723155765821131,0.009032991334808104,0.006997724116957136,-0.019129562510034528,-0.013947512086142956,0.014921556995066485,-0.020720855705440445,-0.0020016503764722134,-0.00047674404468415126,-0.0015083048703849766,0.012453441797232507,-0.005961450382646848,0.000576172519691554,0.024827392427215978,-9.044949918982379e-16,-0.016570641149655254,-0.007217758876313848,0.5887729470960158,-0.015493996218103056,-0.012459835575651732,0.0017360014446077244,-0.021152113963949004,0.3850905557473926,-0.025267300572848445
85,1.0188899752354318e-24,1.3841946764234473e-23,-4.026758854338486e-21,-8.021018802259007e-06,-1.9121653061402093e-07,-1.2889930462131287e-05,-3.0163499223164174e-09,5.9206527853841405e-08,1.1966305845736462e-10,-2.900384768429567e-09,-6.966687110090308e-12,9.502772899268503e-12,7.681713861229634e-18,-9.2437771313656e-18,8.494566387243613e-18,-4.347560879020298e-09,-9.332520211432732e-08,-8.996074435217141e-08,-1.15346051300709e-08,5.408245177978583e-11,5.407568196877359e-09,-9.216384365374371e-09,-1.2257115068100597e-09,2.5028805794541073e-07,5.468754968407826e-09,4.545058551417755e-15,-1.6932612709758836e-08,-1.990457332619638e-06,3.23518479639336e-08,-1.6321913404788683e-05,5.721664112844055e-06,1.6427378932202604e-06,-5.128664114187251e-06,3.691132609301993e-13,-5.583072162523593e-09,-4.265793484230412e-12,2.5830028270240327e-06,0.013519857907348436,4.496486347001546e-11,-0.03818030973037035,1.7985215825774622e-05,-9.586516156646421e-07,-2.1466317329662375e-09,4.4842257114171687e-07,2.5837296374979272e-08,-1.9078841880999375e-05,-4.835787621325995e-06,-0.0023098831267235457,-0.002831298299175729,-4.006774727168125e-05,-0.0011245476633953738,0.0033334973787355476,3.6224868721000806e-06,9.83492018145599e-07,0.0018597749817011561,-0.00016956470788757717,-0.0007094932263696854,0.46654678863605553,-0.0052425402004357665,-5.18791044753606e-07,2.1793801038310958e-06,-0.0008595139862508218,-0.004500359404957328,0.0003054703345597206,0.0002567409975476807,0.0003170298935575668,-0.00016990792167953232,-0.0021781513521115063,0.0007101962477325183,-0.003089605798119438,0.009142000338319516,0.7708253181586849,-0.015112368196148751,-0.0030421868358979608,0.013580592059051804,-0.009211096873970459,0.0032297224011293858,0.022535071526415623,-0.008707403587114592,0.0015304404958550973,0.00787227129868476,-0.008051928663231787,-0.01503350604913708,0.00019879974932503571,0.021450926287904463,-6.631782791525562e-16,-0.020987913735319684,-0.00848820068587739,0.16330760771294114,0.01705976022136044,0.02786666296082344,0.010990004901380863,-0.030970458634426705,0.3937906948310952,-0.00530539138213571
86,-1.1957637203700149e-17,1.0339393784917115e-17,1.9836362536060404e-17,1.5199997394197517e-11,-1.5280615524067577e-11,-4.119517494183459e-11,-5.5173885263817015e-12,1.1722188290742323e-10,-6.097769049344595e-12,1.1936242148600191e-10,-6.804458940664049e-07,1.2357970366173898e-06,2.717548433578259e-13,-3.148840694410686e-13,2.76219438969643e-13,1.450778251813999e-11,3.383242387321603e-10,-0.005702037455359896,-3.3688217081588456e-09,2.101977076829316e-06,-0.004819558011979195,-0.0002285559769736543,4.0268778370218706e-09,-0.009244170654203703,-0.0001779974444799218,3.112814596034976e-11,1.1782291387001754e-08,-1.2143670118951356e-09,-0.00025721415091242705,6.717461962448298e-08,9.610896083733322e-08,2.0857726942010958e-09,-5.2668011941677536e-08,1.9956559683648108e-10,2.173198642075412e-06,-3.4908876568234685e-09,-1.4593014901205128e-08,8.027700404948123e-09,1.9628601749117045e-08,-2.9490722983537905e-10,-2.5614819071395367e-07,7.53099101091402e-08,-3.92722236185934e-07,-2.1334478879300142e-08,-1.2255595001074334e-06,-0.003085196209093169,-5.122838653398878e-08,-0.0006028701155290308,0.0012446603842387837,0.00014949056440272573,0.0007163694925572401,0.0033862143562653968,9.765061318102355e-05,0.00010448596809691422,0.001593467168761158,0.003962606901468246,-0.001282146519497593,-0.00015806570874055123,-0.00496702520391685,-3.97468384320528e-05,3.65220102486326e-05,0.005784909087553983,-0.0052293203265705865,-0.15771578324884178,-0.14825191287200576,-0.49095444130779997,-0.11234815392074328,0.007210758438245928,0.09411225428605612,-0.32867165678596194,-0.03034390637514309,-0.006003885571853123,-0.12822324001003643,-0.12730553251561622,-0.22577340166428686,0.0820154058498341,-0.18040937776101873,0.0017222050645374519,-0.15003712050455295,-0.2510387732368552,-0.43119735780951784,-0.23414916741142594,0.0900752053323095,-0.19651144716351934,0.22051869778391028,-2.4892092702474004e-14,0.027321406969294245,0.0824271345814334,0.00993228176095604,0.07922691522798174,0.13092674494103046,0.04940572862060276,0.057195166271799804,-0.0018702108409052506,0.0028017408715335593
87,-3.374043223812633e-18,-9.488368650342868e-18,3.891412677288429e-18,0.00023052322841050479,0.0007520751518869152,-0.00040873692252763576,-1.0315193702349883e-07,2.039127763307183e-06,3.745208550285508e-07,-6.9426719459570615e-06,-2.823925222584711e-07,-1.1155010710919089e-07,6.033944228897569e-14,-7.656112492381856e-14,6.07521545413654e-14,2.0268225752992506e-07,4.427547460701701e-06,-0.001611824702500424,-4.4178913291685706e-07,-2.143685916998058e-06,0.004726412033799502,-2.987960788693813e-05,-1.6323218391751587e-06,-0.0018933735733334754,0.0002099841570508765,1.8737967442932022e-11,1.526678033211677e-06,-0.0003472974577986281,-0.00010517078858488554,-0.007251715019599771,-0.0014200014676745527,0.0005190475572029737,-0.001537464755652535,9.946776844914794e-10,-2.277173198115481e-05,-2.930181547096566e-10,8.707053502875535e-05,-2.26673089822552e-05,7.838468022559391e-10,2.383251882784548e-06,0.0005055707910891696,-5.458757477725713e-05,-7.208662851147438e-09,2.9412437949523807e-06,4.911176428615694e-06,-5.5884504756913115e-05,-8.965592988111767e-05,-0.02569274939189041,-0.3672800697481393,-0.0003313046830127035,0.6399704932296528,0.015080559469477575,-2.7985173927360834e-06,9.102082286602878e-05,0.06852080961450929,-0.1333802980132854,-0.034964608066774,-0.006806276978549438,-0.08637678231358045,-5.03504908794928e-06,4.9569887551458075e-05,-0.31287790112203895,-0.3095846220570266,0.004082091852279725,0.00234239077104187,-0.002552840356225867,-0.0011039988812083313,0.02654745542833475,-0.0006853810153052807,0.0033289163783455475,-0.047024047681725835,0.004309814371007926,-0.007722219489420464,-0.0494299406511635,0.12799725636134904,0.20810463865976583,-0.20117019458444566,0.03886431016040308,0.13862349877891017,0.016031096542333912,-0.034777630627486074,-0.020369352484372247,-0.03722787695012189,-0.0028980070385173015,0.0798943117229853,2.5809906727677797e-14,0.13348747747244483,-0.17020039771508866,0.01663841917791987,-0.02637842571928192,-0.15242121427833216,-0.12667171480059078,-0.06457942337943984,-0.0030303021337747373,-0.048740834731383534
88,-6.674544528064121e-18,4.961932829710263e-18,7.002460810219441e-18,0.000456088819673942,-0.00039430976879176085,-0.0007531875589703796,-1.88425616346034e-07,3.6821745379707492e-06,-1.7766386440401063e-07,3.226704427960805e-06,-3.9944786343752605e-07,6.888933575474873e-07,1.6260128977449023e-13,-1.889085181586132e-13,1.6627438575291204e-13,2.922209431499619e-07,6.218851464069576e-06,-0.0033438722414939497,-6.942889448414892e-07,1.3988369177029372e-06,-0.00244837223442048,-0.00014178080096605348,6.226468948816023e-07,-0.003427781149182745,-8.247510008301306e-05,2.0383391979091884e-11,1.1858226631796649e-06,-7.62619110864494e-05,-7.807259971332832e-05,0.0001798413262358716,0.000655332009257332,7.417852775263872e-05,-0.0004407148278090945,1.654924159346425e-10,1.0890133001117914e-06,-3.1572176676822624e-09,-0.00014696991043867486,2.043237863457587e-05,2.1187437748516438e-08,9.718406929807826e-06,-0.0011867226132442035,0.000196487672110929,-5.751664817566162e-07,-4.45019271439369e-05,-3.76815182913481e-06,-0.004753433740134085,0.00010149804729313059,-0.21588513429093598,0.3757748412585102,-0.004586873609633316,0.24556755615662437,0.448979579255568,0.00020244205793253398,0.0006255380371345673,0.10032371180524552,0.40817736492244433,-0.16571029613012023,-0.007784486445038426,-0.21437259976209122,2.4773165453572014e-05,-5.239572767260565e-05,0.13138989019428776,-0.10756188367560493,-0.002726402355311938,-0.0031756382541207532,-0.014776135449781687,-0.0012324828060918326,0.05622852621906152,0.0014804748489605371,-0.0005982401085106399,0.05986453531809217,0.015084348158335833,-0.04130247699415679,-0.023939544280590353,0.15370814605583805,-0.2112791371063798,0.04190482079444837,-0.25646938719743256,0.003709124167611235,-0.037495166377981046,-0.08528599865185647,0.034286631892186004,0.028024867009545748,-0.00939404388942785,0.1426297155849835,-1.8272832476820675e-14,-0.08109629522103211,0.039921100598987624,-0.017199441810377004,-0.13190177645692966,-0.1765329727054962,-0.07814998421720894,0.02430396573389676,-0.005579219309478838,-0.1763788133915324
89,-7.629495038450113e-18,-1.6819029721090298e-19,-7.078892590324678e-18,0.0005215224754774961,1.2404718558701188e-05,0.0008393569781367293,-2.1627353510260738e-07,4.2356154464853466e-06,7.779087113911941e-09,-1.9192613566909235e-07,-4.894303050024008e-07,5.576756741275586e-07,1.778379184258477e-13,-2.094286563785855e-13,1.8354677698891965e-13,-3.1931214612304167e-07,-6.843364385058337e-06,-0.0037446017027984524,-8.063806232091752e-07,1.3780104248337814e-06,0.00015398577887331067,-0.0001613272009188538,-7.929442971155536e-08,0.0038572299274274293,6.534679442081032e-05,2.5525799346952532e-11,-1.2569293693875425e-06,-0.00013879642093576083,0.00020173228702238767,-0.0010864381389517255,0.0004334677405726724,0.00011131362361697065,-0.0003461032313061025,4.3109224494229896e-10,-6.663878163727808e-06,-1.888243196526242e-09,0.00019951781057310023,7.70937472894326e-06,1.1800294518945661e-08,-2.100511200663499e-05,0.0014940633357852435,-8.386849693184796e-05,-3.0630626732974665e-07,3.957542678835132e-05,5.915221430923463e-06,-0.0025821689370398846,-0.0004622698385503148,-0.21564888542986024,-0.35570610557661053,-0.00425477701577783,-0.2817222407430667,0.4287639283138513,-0.0003056915915654181,-0.0002785338175037182,0.3493212928650879,-0.11450492632832389,0.29846997552686694,-0.007568376336967117,-0.21522652529414843,3.075347755388294e-05,-6.654700501685546e-05,-0.08457033505622873,0.1187025284861765,-0.004640961804488665,-0.004511478322246107,-0.01140993837174232,0.005604685832442068,0.05040283653164786,-0.0019007175416157801,0.005983141600096505,0.018042370774727506,-0.027175241922492425,-0.061028638275925855,-0.06439480106340023,0.2811344867455533,-0.12958218787659287,-0.07420527455669383,0.11671676969108068,-0.04653813333068133,-0.0009893580495237482,0.06336982281827311,-0.1935303886657537,-0.13203147863789533,0.004432759836684557,0.07776880872273302,-9.910123198261438e-15,-0.1272490083732491,0.007417510849658074,-0.004785673420212853,-0.029608080648580445,0.17859027955903525,-0.03816125612826461,-0.11408850036881099,-0.00846987429649632,0.12026082108860496
90,-9.22061018294857e-26,-1.4870065887307383e-24,4.696228805820877e-22,8.041865174029038e-07,2.6255830943834863e-06,-1.4300586217434148e-06,2.8202685670522122e-05,-0.0005423228143331857,-0.000102014448664912,0.0018397311738159012,5.144597029401631e-11,1.4857473727859537e-11,-9.419654489505686e-17,1.2040985031815514e-16,-1.0929536135447588e-16,-5.3388330523051695e-05,-0.0011265925442335214,7.715839161653238e-07,6.347603713254796e-05,2.0919259664721374e-09,-3.432116122711501e-06,1.0047560871357988e-07,0.00023190303704668497,4.250289869031931e-06,-1.2369828133248558e-06,2.0111162283507663e-12,-0.00019418136081994608,0.02870223774341522,-4.204038928723056e-05,0.5950203338712727,0.11614761022821252,-0.04036400988580963,0.11618052228938908,4.088833002638451e-11,-9.024124844729282e-07,-5.706611903215119e-11,-0.0038341505786280553,-2.0297255870416362e-05,5.714623146511887e-10,-7.551425245130584e-07,-0.018395293300174392,0.0026170339117697365,-3.200677461460262e-08,0.0009217156173044217,1.307480085075521e-06,-0.0002901067899173989,-5.8651912264595725e-05,-0.04375540084812894,-0.15653925267445695,5.8203027386431174e-05,0.13922586189427374,-0.023617282369195487,0.0002529443972904851,0.0005496855557444319,-0.07393772340760359,0.18587618457630803,0.14899213862552652,0.0017944127870496063,0.13220929925108038,1.2677046929472226e-05,-0.00010290088919381895,0.42174581370410524,0.41450585224649017,-0.011763780082908666,-0.007797761473832053,0.011279192749194623,0.02992437312595985,0.0011754663340079287,0.002004994681073026,-0.018589367183266287,0.0012968742713626719,0.00424452005403392,-0.000770549153262284,-0.04460506505001179,0.10309394373633686,0.15571542386115747,-0.12012208712743427,-0.0010443012864044577,0.035062676746678685,-0.008013319478267306,-0.004032533835450985,0.005721524003906939,-0.04167158626390876,0.0004519255980651001,0.08449268279519734,2.3507890134391512e-14,0.15785256874399986,-0.16446919250179295,0.014428686824582836,-0.008569708957528255,-0.07512380119328714,-0.06775727885025615,-0.10522650563717682,-0.010289131058308542,-0.060254044080030524
91,-3.434066267764416e-36,-6.549755683893144e-35,1.8249931893747902e-32,3.80335373214599e-17,-3.2871572376345374e-17,-6.272167661792354e-17,0.01122544412764749,0.0006795726732325239,0.00938606546374736,0.00060093811871558,3.273709368609483e-14,-1.6096421527386039e-15,4.755912754636531e-18,2.097050742849626e-18,-1.4589829147743122e-19,-0.01820424690133973,0.0010197332375067444,-3.567791538337158e-11,-8.91411225232395e-06,1.778730553415883e-13,-4.224815806535454e-11,-9.89105931750219e-11,7.955959395916978e-06,-1.6401285011673609e-10,8.659113201937765e-11,1.9120352200957798e-14,1.664703388117944e-05,-0.060660296466944444,-4.809051092812681e-07,0.006529334471511398,-0.013558770679006162,0.04459944524512807,0.010535181333774856,-1.6769373490932387e-13,2.9464259294884165e-09,9.06897469615426e-12,-0.09115833491500946,-6.944336873292993e-07,-2.1212442392665853e-10,-5.264235846971462e-07,0.019789860442520815,0.008858966546756926,1.5174552094558495e-08,-0.011173022948736688,2.5542255304069696e-07,0.00014009895950991611,0.03040702668470819,0.021603373653430288,-0.01875559215562357,-0.0031010070628107894,-0.005251476070495211,0.23943841464204513,0.0010184175544168824,-0.00047232334919864214,-0.6277100617462692,-0.2500986467481601,0.13178235632488214,-0.0031563447835648044,-0.35435874266963535,2.3039094586586946e-05,-7.714694906061925e-05,0.1838002401495702,-0.11013257816144527,0.0024507649057283853,0.0018911750792329565,0.0018525813622891165,0.0019567642369933552,0.18162880526434955,-0.0008473221606038237,0.025423762632411088,0.18697935043399797,0.002226102784028146,0.015224504832634034,0.027085835238434965,-0.14907761346429174,0.15163635214572674,-0.029006825583950485,0.16257234623444583,0.0075002187739893625,0.04938388857498588,0.08448410464448405,-0.0127534057731888,0.004773179271851947,0.05570579336553148,0.11297508057760496,-1.560767921363554e-14,-0.12131876047512899,0.022130468592422858,-0.0029131028692301036,-0.19161658649601526,0.10446466412081822,0.049413530882672,0.0018067420607269546,-0.023858046946450627,-0.21536758973991765
92,-2.9825773547509547e-28,-4.553925544175659e-27,1.3837508070373447e-24,2.547678525263062e-09,4.19973740297863e-09,-2.4336373524751393e-09,2.372593774450709e-11,-4.824193068536539e-10,-5.2407100684845625e-11,1.0101179129248648e-09,9.706773236775532e-14,-2.4323551183468425e-14,-1.2181821845721441e-19,1.5460503332849901e-19,-1.3516970708001127e-19,-3.380321032581178e-11,-7.730905102986084e-10,1.3297305648402688e-09,1.9607679720010798e-10,2.066326423232215e-12,-3.804685752141127e-09,1.0738150554160553e-10,5.675967384805773e-10,3.5770438257272504e-09,-8.453011782509213e-10,-1.6807286270521513e-16,-7.452508659445795e-10,3.354828381274116e-07,6.812094784809826e-10,8.005633735593754e-06,2.1037998343901617e-06,-7.110643223285994e-07,2.77079758734346e-06,4.653741393714095e-15,-1.2188448530619164e-09,1.2740794407070187e-12,-4.219280551181433e-06,0.7787328903599571,-1.3801384897981946e-11,-0.22841903129099198,1.077276005726376e-06,-5.058800918944078e-07,6.617214058338254e-10,1.705588656446344e-08,-2.316718535323247e-09,5.849873192840092e-06,5.42327127182801e-07,0.0006495759328039622,0.0003262423211021758,1.7410285370106707e-05,-0.0005490224872504219,-0.0014270376549804715,-1.7983093983934887e-06,-2.122426518400185e-06,-0.000763288970640148,-0.0001968061016860761,0.0005618823693434367,-0.398492905602299,0.004887807473658563,7.011771608662428e-07,-2.389243520354744e-06,0.0014398057687186189,0.0016289574448095003,0.00041844743162777905,0.0003512906980237181,0.00047687728641780246,-0.0005012127999349416,-0.0008631707512557922,9.745947564281333e-05,0.00016699537071169541,-0.0021433125933364265,0.005345131925355358,0.0021205137984886555,0.0026109041963279555,-0.011067279827977804,0.0034771700416330984,0.004566676077675237,0.003402746958450754,-0.003035070717619202,0.0009262638366820694,0.0031981378098553856,0.004461502569836546,-0.01046651852856996,0.0003591696584732302,0.02312737939389404,-1.2425957719579462e-16,-0.01473676725141593,-0.01136039965726185,-0.03717584430956809,0.003448605641122179,0.004735669616174485,0.005636712812847103,-0.027797429096106142,0.4228934063203464,-0.016343717192241754
93,-4.417728132802265e-28,-6.290615804953808e-27,1.8086042454584303e-24,3.6805950108442633e-09,-1.4795507396938767e-09,-4.13960847505963e-09,3.4694481821246626e-11,-7.026463528045723e-10,1.786566128980988e-11,-3.322046846829402e-10,1.2737707838828912e-13,-2.4409582466453374e-13,-2.6419182368477523e-19,3.1832072709969504e-19,-3.0067695621469943e-19,-4.311829042995298e-11,-9.55929017975065e-10,2.2552092765622057e-09,2.809356926780194e-10,-1.8353027474976333e-12,1.680350258683754e-09,3.5694715396963724e-10,-1.6885394454437298e-10,6.355071779365518e-09,2.810041717922874e-10,-2.84038696500076e-16,-4.6031775554798497e-10,3.933058284197712e-08,5.573902754455004e-10,-1.4162198939658985e-06,-1.2400167796475734e-06,7.660388892765813e-08,-2.7801740615164056e-07,-1.4161066383149363e-13,3.2953312277907027e-09,5.511756426152503e-13,5.912897340608068e-06,-0.5946101547155364,-7.1504113747310225e-12,-0.555750586610906,-8.995885119747215e-06,8.738482718601142e-07,3.927556546002067e-10,-9.830243631244434e-08,-6.503405082812076e-09,3.5186066793733953e-06,7.075486240866012e-07,0.00044821024224984534,0.0007419334069982394,1.5318098965981682e-05,-0.0007629615679282804,-0.0012169564276524472,-1.8621076255083972e-06,-2.508760724569887e-06,-0.0007405700126020599,-0.00011463666019544911,0.0005546364875321206,-0.3929741215071967,0.004849582677572964,6.80392164132454e-07,-2.183348381914563e-06,0.001015795245913163,0.0012589947785835458,0.0005291150812891256,0.00046620188956137147,0.001091506049195029,-6.767036742970439e-05,-0.0018238892890866506,-0.00011500395909145104,0.00011958390255043334,0.0017866122071323175,-0.007308033017724163,0.001916121951376617,0.0029037476748937064,-0.011098497239003788,0.0009935836392901472,0.005833168258677263,0.0021967691692880574,-0.0033783048531156276,0.0008392489046064407,0.0030712285917962887,0.004681966332046688,-0.01030841522117038,0.0003770999114008111,0.023272136319251586,-2.500190244674495e-16,-0.015419360043539871,-0.010815456213579948,0.04383804471519741,0.0025267421548440957,0.004552667911608121,0.00582728432621942,-0.027516706492073724,0.422870323519165,-0.01671175715635807
94,-4.96264592327341e-28,-7.200201482989859e-27,2.1020092984516726e-24,4.162051566211747e-09,5.891959230943263e-10,3.6866473514396895e-09,3.997777065301733e-11,-8.111740588583196e-10,-7.128381683116466e-12,1.4714744071588462e-10,1.54542412191453e-13,-2.2323404649245392e-13,-3.0298726562364133e-19,3.6921655405812865e-19,-3.4693696707995014e-19,3.6359296668698673e-11,8.156186816480112e-10,2.609148691797885e-09,3.3499715255063536e-10,-1.5093380979376738e-12,-3.6091959669829737e-10,4.1389748794606734e-10,8.76987279122234e-11,-6.9388978293146264e-09,-2.8690135425348687e-10,-4.3005284755945116e-16,3.7188025622546194e-10,1.6999795193098695e-07,-2.4094692418070144e-09,1.4776967328289419e-06,-6.285021189766602e-07,-1.5385692342939423e-07,4.1930539949393196e-07,-5.3766124757092415e-14,1.1083944371085576e-09,6.282852923638236e-13,-1.9508215840422157e-06,-0.19110892671659704,-7.749097891805081e-12,0.7982031600311414,6.331469042492358e-06,-4.62835250069006e-07,4.0202270278979566e-10,7.779076777720133e-08,-2.6953708944050213e-09,3.568139522144565e-06,1.487910043717904e-07,0.0004075785038278864,0.0003546010234164144,1.4487573916043242e-05,-0.0008922420383220463,-0.0011616817405437332,-1.6976030016306912e-06,-2.4599219868658365e-06,-0.0006558714184156055,-0.00017859485733825051,0.0005311086242427768,-0.37757122226327716,0.0046656636829586874,6.679254973479469e-07,-2.167821642466072e-06,0.0011523892481041088,0.0010958669056954525,0.0004919696503182608,0.00042459662034021817,0.0008224233692508237,-0.00026266450346161595,-0.0015031390843494852,2.6272795498535996e-05,-6.948859939773401e-05,0.0006600793602795915,0.04851039094732777,0.0009455098404048624,0.0024584242318443435,-0.009724004015481187,0.0014000978382819483,0.005230407062810287,0.004009050276373928,-0.00360227292047701,0.000923993261316353,0.00344353323727814,0.0038419172523187725,-0.010670279694219499,0.0003603726041154105,0.023123059938292813,-1.8146930779536332e-16,-0.015518098521778373,-0.010910616001463234,0.018778847255175417,0.003907771294318835,0.006146717728500049,0.006155880900686154,-0.02790566460340365,0.4227689418274493,-0.0158970730703424
