,0,1,2,3,4,5,6,7,8,9,10,11,12,13,14,15,16,17,18,19,20,21,22,23,24,25,26,27,28,29,30,31,32,33,34,35,36,37,38,39,40,41,42,43,44,45,46,47,48,49,50,51,52,53,54,55,56,57,58,59,60,61,62,63,64,65,66,67,68,69,70,71,72,73,74,75,76,77,78,79,80,81,82,83,84,85,86,87,88,89,90,91,92,93,94
0,-7.929533144622949e-17,2.7710545315937654e-17,-3.356251986922224e-17,9.66687253703891e-17,-4.7366608871958704e-17,3.5574971432583406e-16,3.6884278890497772e-16,2.342072796969465e-16,-2.909490916346965e-12,1.0597226141035131e-16,4.637715256895929e-16,0.3048678140104084,-0.07909991823092144,-1.6731415384041362e-11,-0.005624664682505657,-2.0118945426740992e-16,-1.7251793569028558e-16,-2.111357159477388e-10,6.43878238209327e-14,-2.6249515504881993e-13,-1.389233666764066e-16,4.230160383436485e-11,4.698314252463377e-13,-2.555801757086883e-16,-3.700079269329175e-11,3.89583716751313e-16,-2.93177580554679e-11,-0.014434104659796904,-0.22463194960133634,1.1384008018520795e-15,4.188998075596432e-15,-6.252486550520966e-15,3.2430192731499458e-15,-5.325004682018213e-15,-8.856147997906872e-15,4.4395049200812507e-13,-0.1078704581043227,-3.884703872991187e-06,0.6982064026163644,4.1788375576378867e-14,0.11263750549543518,4.481388316073771e-14,-4.6122957390593836e-06,-1.1692691225220107e-11,3.6320581022718304e-12,6.732035141826446e-07,3.513568620278649e-12,0.007301684845301053,-6.318587796748321e-08,0.0004965199597410742,-4.018768678145176e-08,5.911003806687305e-05,5.880068066329639e-05,-1.8678164238945975e-07,6.413351430378561e-08,-1.1932116138833519e-08,-1.1984548971576836e-08,4.7895521065116575e-08,-0.005573351049034574,-1.0962053022715236e-08,-1.789565726696225e-05,-4.048064590101738e-07,-3.7723953114416838e-06,-0.06798341488888139,-0.0009199371386411325,-0.008349130112903598,0.0074193422081767525,-0.0010122312802494547,0.00018847990178234866,-0.00481903097374015,4.7256244556352135e-05,0.005742491160192115,-0.0011601240588400019,-0.004151813732040258,0.00010337258031833492,0.00010580495284327911,0.000590197007084655,-0.0006646074022783839,-0.0016335329839711977,-0.00196324047360753,-0.0014823878094803386,0.0018838518847056121,-0.004536981159080441,-0.002343804703600792,-0.0005496722741015933,-0.00035501223410871525,-0.0005072455613276091,0.001416896682681488,-0.0008669969049458217,-7.64511477620564e-05,-7.626079271456493e-05,0.57735026918963,1.5804526917821983e-05,-0.0003401355772869275,-0.00012713459005390043
1,-1.0180667767652017e-17,-1.263300114057385e-16,-5.954307927833067e-17,-2.633728592403857e-16,2.9983843271060613e-16,3.4334120076499895e-16,-3.356604867807817e-16,2.137628231208318e-16,7.197017844355083e-13,3.497360125284396e-17,-1.7545046995980405e-16,-0.08692262834135092,0.30971874718803893,-1.7346824164567314e-11,-0.03405690959400183,-3.6892260726966086e-16,-2.5084666615809857e-16,5.712542857910291e-11,1.2645107788777501e-14,-1.7253722997365487e-12,-1.485867409230717e-16,-7.862756180980444e-12,-1.3452558693596785e-13,-3.403747096028727e-16,-7.281689727903281e-11,3.234742213771389e-17,7.470926503220992e-12,-0.013468131112688396,0.07343552374982129,-6.564008311483091e-18,-4.040529581965924e-15,9.380761542056098e-15,-7.89938494700778e-16,2.4834798623527802e-14,3.5101974036206193e-15,-1.4616146042917718e-13,0.5035808818414185,2.440414687241992e-06,-0.21970753466476067,-1.2262457476386358e-14,-0.5018842267584964,4.786934271120682e-13,3.051473467816816e-06,-9.404390167647117e-12,1.486581688603414e-12,-4.4617218915884444e-07,-1.3836190298991265e-11,-0.004802913777779728,3.69142680728047e-08,-0.0003436703844840167,2.349032775839427e-08,-3.0355584572606955e-05,-2.853524919596081e-05,1.7553194013547107e-07,-6.470785206051304e-08,-5.133120494606213e-09,1.1655075648902097e-08,9.693028619495125e-08,-0.009735899166686357,1.4975062182487875e-08,2.8602532971346982e-05,4.560561099898897e-07,-3.049146631721004e-07,0.02129123743487627,0.0008674436168469672,0.03772369893153729,-0.024095615896910748,0.004641639046932836,-0.0008396405168004644,0.007305274099348009,-0.00014125497900064062,-0.0005868442242061443,0.0004047642758611653,-0.0023888459992080172,-9.350859927490513e-05,-0.0001340044507605178,0.00015413110613930026,0.0005501806640663155,0.0007645139738547177,-0.00022401959410564372,-0.0006301472662555162,0.000867794081683015,0.00037540881309363727,0.0035273631305268466,-3.558308655003525e-05,0.0005615142992525997,0.004301308553083093,-0.0018680297251397558,0.00014761356776435568,0.00011578338086806167,0.0018294283741236053,0.5773502691896188,-0.00025514057872454604,0.0005853474916757516,0.0003272463051289783
2,9.789658722664251e-17,2.689323306505951e-16,-1.8315225561988608e-16,-1.3748659157211845e-16,-3.097640743242876e-16,-8.386917674565141e-17,3.1116972336692386e-16,1.4988805479619008e-16,2.189809821703683e-12,1.920613230130985e-16,-1.108368383365812e-16,-0.2179451856690587,-0.2306188289571175,3.4077541893645236e-11,0.03968157427650787,2.801458211892271e-16,1.229421687539035e-16,1.5401073666203062e-10,-7.669843780459261e-14,1.9881586714888977e-12,1.572584940915967e-16,-3.444717566795314e-11,-3.355738144572208e-13,3.087481849719843e-16,1.0982079595084379e-10,2.9337075349192833e-18,2.184867195338573e-11,0.027902235772481902,0.15119642585151719,-3.2120778081243355e-16,-3.2689129565137313e-16,-2.395730403228063e-15,-2.229956946205046e-15,-1.925871442165789e-14,5.208906506320799e-15,-2.9757674011789963e-13,-0.39571042373711196,1.4442891862939524e-06,-0.47849886795160906,-2.979041900303722e-14,0.3892467212630453,-5.239832301336481e-13,1.5608222735252826e-06,2.1097104249285562e-11,-5.118225317549245e-12,-2.270313259351416e-07,1.0322760240627123e-11,-0.002498771067525226,2.627161009210512e-08,-0.00015284957526928632,1.6697358725614347e-08,-2.8754453493335657e-05,-3.0265431468020636e-05,1.1249702483363753e-08,5.743380524923879e-10,1.706523652537761e-08,3.2947261695069125e-10,-1.448258067959665e-07,0.015309250215710848,-4.013008945403292e-09,-1.0706875702330359e-05,-5.124965165695779e-08,4.077309974361968e-06,0.046692177453894396,5.2493521788976895e-05,-0.02937456881866477,0.016676273688757966,-0.0036294077666853266,0.0006511606150183976,-0.002486243125606039,9.399873444443839e-05,-0.005155646935962368,0.0007553597829599348,0.006540659731210793,-9.863981043456922e-06,2.8199497916231004e-05,-0.0007443281132200663,0.00011442673819757896,0.0008690190100734383,0.0021872600676655155,0.0021125350756981995,-0.0027516459663375903,0.004161572345861048,-0.0011835584270022544,0.0005852553606425978,-0.00020650206515840573,-0.003794062991767234,0.0004511330424930426,0.0007193833371309283,-3.933223310930163e-05,-0.0017531675814120562,0.5773502691896286,0.00023933605180921657,-0.00024521191439660656,-0.00020011171508165407
3,3.043940025217876e-16,5.368695984153166e-17,-3.6803018222625586e-17,-3.0130321503705445e-17,-8.522659907912938e-17,3.274186881968665e-16,-1.3588263094423598e-17,-6.389811442656701e-16,7.810255501931564e-12,4.770413581394673e-17,-1.2011347060097762e-16,-0.6949686861716917,-0.1385873105466375,-2.425688896349702e-10,0.6195149125118883,1.6228024409644414e-15,1.239568689740269e-15,1.248013289804717e-10,1.5273667488588188e-13,1.898989180070909e-11,6.455579790428928e-17,1.48522124367322e-10,3.5455459393061796e-12,-1.3056813983280447e-16,-1.0056886459037952e-09,6.148228926500838e-17,-3.6742730314175543e-10,-0.0836272971722542,-0.020494887816465156,-8.989065830577859e-16,-2.5320951629105492e-14,4.905993922268915e-14,-6.180989925647869e-16,1.0620937642488877e-13,1.7597603909793268e-15,1.0731382540714434e-14,0.058855231115680966,-2.472882075969227e-07,0.3005536716505139,6.871972051851315e-15,-0.08247418213224686,1.6449016205350378e-13,-1.019887451197718e-06,-8.233623185041044e-12,2.1974799125381052e-12,1.4929587772071322e-07,-1.979816770877472e-12,0.0014773509939387146,-1.1115279651502932e-08,0.00011114519775905011,-1.2407427817112038e-08,6.0752027759237736e-05,1.117064362391725e-06,-1.0624438520030154e-07,5.3435004835901237e-08,-3.152448737268138e-08,-1.5975749404456257e-08,-3.6339099783676405e-08,0.030861418984036725,-3.885646520361717e-08,-8.729318380127789e-05,-1.4188568916684872e-06,5.727146053325258e-07,-0.06712396791639291,-0.00036821071311439685,0.01679529772051812,-0.0054588048076029015,0.0010620971865094875,-0.00016057267263360915,-0.0061033220730249875,1.183398688977732e-05,0.00821108978583548,-0.0015079631197773525,-0.00611612393066833,0.0001603051835029143,0.0001644729822404948,0.0008495311887577725,-0.0016392821120668674,-0.004028282656722182,-0.003505531173766285,-0.0011554270668529035,0.002381195582850877,-0.005241937599527614,0.00011925752814148626,-0.0006544561494196835,2.2914416406814226e-05,0.0010776635642581434,0.00363897904053291,-0.0009106323156066161,1.2734487735048572e-05,0.0009376794258255635,1.2323661832779757e-15,0.00021414423225422485,-0.0004730648837978112,0.0005315389500866778
4,-4.264779981368102e-16,1.3148493490116105e-16,5.642211129689529e-17,2.3022548363077523e-16,1.0536764741156378e-16,-8.397466381379369e-19,4.041960739875228e-16,-5.922652354834787e-16,-1.3712031636542575e-11,-1.3776457423548944e-16,4.904402947865829e-16,0.5642657334536199,-0.45486796790015305,-3.336027377291489e-10,0.5991474324937647,1.6760652592800495e-15,1.4729485994484388e-15,-7.835426807775228e-10,4.795863131444407e-13,1.8013155103643133e-11,2.0340578319665596e-17,2.623914278144522e-10,4.896727182666718e-12,6.110353777710043e-17,-1.0672088355904134e-09,-5.824131674450447e-17,-4.0531478655536025e-10,-0.08807503509306906,0.028084723440267162,-1.4393887137812726e-15,-2.1280167831426764e-14,4.518406665292195e-14,-1.0941074837430013e-16,1.0514322146015635e-13,6.424628073086143e-16,-2.894547521154215e-14,0.12799340694672517,1.6880799770755071e-06,-0.23151502447015826,-6.109132561865241e-15,-0.17808635489407934,1.3705396113548306e-13,3.819165845566955e-06,1.3295424349737157e-12,-7.288034425481279e-13,-5.542386898089605e-07,-4.99427541416289e-12,-0.007492733246842497,5.979088185892612e-08,-0.0005115708404969564,3.4637787450497984e-08,-1.8526494983266047e-05,-7.396214448967341e-05,1.3411142021536974e-07,-3.39492206242424e-08,-1.4497583708174988e-08,1.6196469747677667e-09,-1.1060069728678815e-07,0.03996416182586306,-2.1506780258066658e-08,-5.853582761046697e-05,-7.716339578776454e-07,6.8110500918665446e-06,0.049184851014999365,0.0012382463188914377,0.03152072926749144,-0.018563646688970023,0.0028559500962047155,-0.0004948272549887278,0.002515767381259082,-7.228266083663389e-05,-0.002211851001233149,0.0006243239549332102,0.0014613506543078123,-2.578773993989857e-05,-2.605679331920671e-05,-0.00022605083259532894,-0.0004125910593007606,-0.0009642416007702711,0.00014257419846560693,0.0016100597488351504,-0.0011613921166525212,0.003297153299291611,0.004558851386723847,0.0003954407301026017,0.0007012699743256193,0.0020156799779057033,0.0010007487390850812,0.0007412221278993888,0.00015762113304569625,0.001081413022790873,-4.7066434807213964e-15,0.00018393993853222417,0.00017539052302048514,0.0007739784664350868
5,-7.925177372593456e-17,1.4384867500173604e-16,5.380232610419575e-16,-4.6738110324880436e-17,3.137181069672749e-16,3.5882628238714816e-17,-7.409574646138046e-16,2.856804468326214e-17,-8.384094352644013e-12,1.7931500884508617e-16,5.124573586836343e-16,0.2052381141983194,0.7835410108470594,-4.27984380990121e-10,0.47582391637515775,1.2527675056479099e-15,4.184274064663416e-17,-5.377806334511117e-10,5.427240080532356e-13,1.1588087591506542e-11,5.0309390960988047e-17,2.412342041930121e-10,4.510842351983692e-12,2.1455027579807264e-16,-1.1882749770321268e-09,-7.620323043368491e-17,-3.956584773808409e-10,-0.09222511706100651,0.012203326325862601,-1.375157878566474e-15,-2.4696010193909988e-14,5.03226545034236e-14,-2.0515117703015067e-16,1.1115673031731559e-13,8.063109354309986e-16,-1.7412658719247502e-14,-0.194770250181991,4.7225990552891696e-07,-0.06408673813689654,-2.5521222626866387e-15,0.24793729667916123,-1.5433607809966788e-13,6.176706305293801e-07,9.02109966372687e-12,-1.9264750305606736e-12,-8.796430001019954e-08,6.8765202826362156e-12,-0.0015923770823885804,1.836629251033711e-08,-8.055279965395305e-05,7.139127476878585e-09,2.218648678204972e-05,-3.752712520395611e-05,-9.176795570795848e-08,5.421756108928585e-08,-7.172717916716686e-09,-1.5492026147031214e-08,-2.608902809516283e-07,0.05586543660087681,-4.5207870277477804e-08,-0.00010449855567868518,-1.5007971597412547e-06,7.315281437297166e-06,0.012758927373303712,-0.00027654294183678614,-0.03501287828251021,0.023996627187548535,-0.005369855480609186,0.0009942105024470813,-0.010550098203220011,0.0001791527932449572,-0.001146696100755961,-0.00011962547630635754,0.005821233109219181,0.0001425478917383177,0.00021525362969155787,-0.0005069411873475225,-0.001428080347732044,-0.0023982513372069903,0.0005588487688392673,0.0027856387340420346,-0.002793280835929127,0.0025905931732487435,-0.0021226181348199934,0.0004634059036964879,-0.00037166867161653666,-0.005938451769309106,0.00447897879296128,0.0004599799152966752,-6.180612381274097e-05,-0.002366627723270561,1.1197021387991135e-15,0.0006715433334768597,-0.0009405519751942534,0.00014993558470975844
6,1.6731518171268943e-16,-3.053275287212539e-16,-1.1729019188965747e-16,-3.6643632574999715e-16,-5.148584336078063e-16,-1.9717780768404574e-16,3.940447520618716e-16,3.908486170140665e-16,-6.799201621085607e-11,-5.4883318489194213e-17,2.530793929475186e-16,0.06442521181598217,-0.0014521010135880516,7.910030097984489e-10,-0.09190852049900144,-3.1523276306358475e-16,1.5163692843603972e-16,2.884620279084178e-10,-4.584694087440597e-13,-4.957169727519475e-12,-3.0997886408117275e-16,2.216418944484948e-11,1.865012578957655e-12,3.2752776251740166e-16,-2.6910147189324036e-09,2.7482187218359426e-18,-1.2629894532315165e-09,-0.3470168607379306,0.6465653098906999,-5.740592885893448e-15,-1.2478878659548115e-13,2.407760537995412e-13,-1.3601609397302988e-14,5.436603323225073e-13,4.079493165691493e-14,-1.5067128841877192e-12,-0.19695128910311008,8.19210918494143e-06,0.12401471470623403,-9.985186596832e-14,-0.16364645956926208,-6.318000809938901e-16,2.2214822152223625e-06,-4.457932184520189e-12,1.0356831557279209e-12,-3.222682494464406e-07,-3.9042472264089835e-12,-0.0034692109428786366,5.483966665007067e-08,-0.00012095760880516735,-1.0250984986126969e-08,0.00038124168004321113,-0.00012318996899053858,-5.326488706109865e-07,3.333933762366298e-07,-2.3824750117208726e-07,-1.1530115004645063e-07,-4.4278287069005766e-07,0.2858581717351793,-3.2258951562232005e-07,-0.0007405665314092343,-1.1791686058821996e-05,1.2208433825306988e-05,-0.48445956959854186,-0.0016190908315438129,0.17692857145531682,-0.06846122907343846,0.012671617456636274,-0.0020148350838943632,-0.045991365179511606,-1.0225100540847437e-05,0.06676347802856379,-0.012083733539284689,-0.05129905208209347,0.001280046716689861,0.0013002444257193986,0.0070220293468493495,-0.013979621361718183,-0.034897944842598616,-0.02991673734481625,-0.009015213105481912,0.020148007751633376,-0.0425725008799037,0.006324268797582153,-0.005455757165363631,0.001030222590633489,0.01279150421617465,0.03089195680259943,-0.007318473505125017,0.00028959354588052675,0.00990550856487156,1.1984072413423002e-14,0.0018259854862217155,-0.0036272964808667365,0.005354795494729147
7,-5.0106051115729007e-17,2.6319219522061195e-16,5.362024093368333e-17,-3.3965872884743516e-17,-2.3463586897714994e-16,-3.607493099990646e-16,-2.1608358809540593e-16,-8.31706874189856e-17,9.61683666509418e-11,-3.788580151466835e-16,-4.688545163062768e-16,-0.05993219114138464,0.01982068150055117,9.929591662870601e-10,-0.09342359145353485,-4.26298133236907e-16,-6.369137836689279e-16,7.368960341386547e-10,-1.1440666685265912e-12,-5.253139942871454e-12,2.0310956520571645e-16,4.472953309011139e-10,6.2476447336368805e-12,5.348582732776409e-16,-2.9914258432814474e-09,-3.304799061307448e-16,-1.5846354819681528e-09,-0.44211431657791367,-0.4217033072959336,-4.061105267617297e-15,-6.992065114165973e-14,1.6544616799940004e-13,8.560376600591827e-15,4.723347206355637e-13,-2.2233493726636727e-14,1.0453545699967383e-12,-0.3731970203201749,-1.2003694447204791e-06,-0.08132965304788242,6.598954883124708e-14,-0.3167814696848766,-4.782662600613853e-14,1.8327166208268285e-05,5.626583376070372e-12,-1.6810351950623918e-12,-2.640467608215569e-06,-9.092470339773494e-12,-0.045016250980294215,3.285920088571823e-07,-0.0031202250513199894,1.887323198218276e-07,-4.548566237253136e-05,-0.00048590137700410264,7.154905461996476e-07,-1.6726292447271688e-07,-1.4343678119598277e-07,-3.1237403027844954e-09,-7.883337089521744e-07,0.32665243106092284,-1.9219319147533293e-07,-0.0005114353604077361,-6.978843464640018e-06,5.211093419713447e-05,0.33661175981428765,0.010559346150757883,0.3230742459119467,-0.18886136938829617,0.03087673760176553,-0.005386359138007463,0.025522374241108054,-0.0007841284834473692,-0.010234775019895923,0.004218699480403748,0.0011767567547958638,-0.00019678396316973152,-0.00026315986807566957,-0.0006639945198873232,-0.003939910652358571,-0.010295437576561048,-0.0028007360578271535,0.010611803959133888,-0.005298886671022649,0.022280391123803815,0.04448962497997295,0.0025108660525188435,0.006950615057846896,0.025384317011870654,0.008103470225498443,0.005461883241327837,0.001534747319837432,0.01341593912704383,-1.8325403229183487e-14,0.0011671368652311873,0.002206202914733349,0.007532416298040495
8,-9.458482532531224e-17,-3.9525485423236623e-16,-2.527217320253569e-17,1.4272680306674337e-16,3.9805998490802776e-17,-1.0857674985337626e-16,1.0038475246802367e-16,-2.7256590116927492e-17,5.1937864556538275e-11,-5.51322064061901e-17,-1.8751014620327097e-16,-0.02458494201541318,-0.06417889003640663,1.2167288512890018e-09,-0.09845805174292456,-4.146553498383294e-16,-1.268336913183736e-16,4.186419617734717e-10,-1.223239058095882e-12,-5.997847351525748e-12,-4.968133592362998e-16,3.68536563469178e-10,4.998551746865388e-12,1.406523076550905e-16,-3.8020775166914424e-09,-2.0238458044896567e-16,-1.27084876037112e-09,-0.5354062034727218,-0.07066471514378023,-4.892538050890962e-15,-1.0850596356257574e-13,2.423129345864597e-13,8.038298967842205e-16,6.451627805022813e-13,-5.378256182004924e-16,1.741659583972498e-13,0.4318706555782617,5.175247715055763e-06,-0.020250028500924038,1.654870034028982e-14,0.373181899898262,8.980193604007105e-13,4.3604522135339325e-06,1.329920090914917e-11,-2.525974179613649e-12,-6.274081267591287e-07,1.1658636977019763e-11,-0.009192326124485402,1.1101195204745297e-07,-0.0004372828571532046,4.0330979573336256e-08,0.000165220658237502,-0.00022856497497902406,-6.304177157769586e-07,3.86163307635286e-07,-4.676619552377395e-08,-1.141478966924486e-07,-1.9274474410598666e-06,0.4101746913806513,-3.323728173013449e-07,-0.0007679779423562171,-1.1025836641306104e-05,5.3539667795422594e-05,0.08038081139255235,-0.0035382533489062805,-0.34322381298081994,0.22994447639500615,-0.050148669254252286,0.009239628644596917,-0.09252711669804681,0.0016356352304398064,-0.01126083902121223,-0.0011040213758769294,0.05286147895913042,0.001213533399785221,0.0018517008847932998,-0.004625511171743839,-0.011525645628026444,-0.018517164890819154,0.006612793116760041,0.02380638314394553,-0.02523128546987213,0.022188120861355253,-0.02539761331968856,0.004121194524857411,-0.004365322145424214,-0.056373175371568225,0.037430587078632595,0.0037699064398846274,-0.0007770217565190674,-0.023482338624391825,-1.2606801177319374e-14,0.005840976533022568,-0.008637536435524925,7.761451106442192e-05
9,-3.9883446204843585e-16,-2.4080021885220723e-15,2.0779327713129893e-15,-2.6553118275850423e-16,3.011665006971195e-16,2.5855157653109016e-16,1.7300813078813902e-16,-2.297545681524321e-16,8.831160727573783e-10,-6.158429301407585e-17,-4.841913693145963e-16,-0.0078988654076371,0.0019205382111339411,-4.550602395512098e-09,0.017990373864549686,-1.1896416172936346e-16,-2.160290924279048e-16,-1.5467681466527999e-09,1.5913297434785966e-12,1.0245661424351003e-11,-1.3107440900757958e-16,1.9408677887256818e-10,-6.233514753211774e-12,-3.393398468031922e-16,6.448086687981275e-09,-3.518818380086981e-16,2.8954378965092224e-09,0.2755671791271726,-0.47333973659364365,1.0561678264405457e-14,2.1769549445919645e-13,-3.551453837617084e-13,2.4023915318079973e-14,-4.730871897149978e-13,-5.116078953837414e-14,1.4013388583772578e-12,0.13700708113409088,-5.926972734805919e-07,-0.20028131319339798,6.071241517334459e-14,0.1373664546977587,1.9407808880614532e-13,2.355651090530261e-06,8.628342587596444e-12,-2.0532117133887148e-12,-3.403698445672925e-07,3.997382504365084e-12,-0.004469044533307596,5.553858190009603e-08,-0.00019918938189771902,7.020222132576504e-09,0.00031294851451214064,-0.00012750026447089517,-4.5791141020813106e-07,3.184611531844934e-07,-2.1770722786174788e-07,-1.2248852607048157e-07,-6.633635282360113e-07,0.37156547532926476,-3.8927205177228427e-07,-0.0009156696286622885,-1.435938644200982e-05,1.8853302192583247e-05,-0.6227531176724658,-0.002260372180516267,0.23281727733772167,-0.08729945063209382,0.01603448906579504,-0.0025148083108809034,-0.06762935723953559,3.4604698756104976e-05,0.09648082519164648,-0.01791339297983567,-0.07401145350631877,0.0018614841120895898,0.0019084756217909904,0.01015208595890234,-0.021107619599792984,-0.05389904751547682,-0.045196536746383506,-0.013402078475386872,0.030924210561349565,-0.06556138342354802,0.010185738163547755,-0.008647348240306298,0.0017012151037679713,0.018547644645785608,0.04738966876594101,-0.011524779777711857,0.0004640282587591783,0.015348677840421172,7.211554650719161e-15,0.0029008664563870694,-0.005717224668260854,0.008539021908973782
10,6.023497888709328e-16,-2.3616491821347927e-15,2.5063579832130134e-15,3.5159972091279153e-16,1.326654615473086e-16,2.506469563450757e-16,-8.230942262406176e-17,-2.5016805277487467e-16,-9.917993965454612e-10,3.8121087661761444e-19,5.78565119516545e-17,0.008626732614973933,1.8394967467610328e-05,-5.719580793634357e-09,0.0191413271393743,-5.220057279135584e-16,4.267230103602262e-16,-4.230555714802766e-09,6.552697136042698e-12,1.107963216287098e-11,1.9210582965453897e-16,-1.8875154389392894e-09,-2.8980469780763384e-11,-5.089685502516096e-17,6.666345644452366e-09,8.881603855483659e-17,3.806235626562181e-09,0.3475893576203044,0.3040963337722219,5.423651740126791e-15,7.456354398410002e-14,-1.6272537266435925e-13,-1.3736005856753165e-14,-2.853047659508438e-13,3.210484275918171e-14,-9.759822337739162e-13,0.25288837111533474,2.2972550811322075e-06,0.1505385872473666,-3.550986211672415e-14,0.276071703659672,4.1020595891888943e-13,5.312721576489775e-06,5.215167631977357e-12,-6.510267801977893e-13,-7.467863694383468e-07,8.07679739911404e-12,-0.025536095562672972,1.4621216139999364e-07,-0.001838330239970883,8.993525097947139e-08,1.1362029931425059e-05,-0.0003475979333325796,2.612626090006841e-07,-3.0824178594064634e-08,-1.304417468490285e-07,-2.4291491166584256e-08,-1.0931484143565401e-06,0.4255604249288607,-2.532202451742724e-07,-0.0006693765968245435,-9.160180281023414e-06,6.758225946684629e-05,0.43448566601412,0.013900632798027914,0.42389049476541985,-0.24700827906352144,0.040142569247666904,-0.0069922199981902605,0.03152754859491198,-0.0010142316505757315,-0.014686337659090698,0.006140454629683339,0.002817842284160731,-0.00022456751093849418,-0.000295103647697489,-0.0010511527151704436,-0.006207898992550566,-0.016246341586947426,-0.004369817070288466,0.016371999012428612,-0.008162904692261792,0.034322261323472665,0.06994531854374669,0.003928867085699921,0.01114013367350598,0.03717752262741783,0.012996838404153091,0.00859136095058663,0.0024159371208437442,0.0208849047553815,-3.54028077084991e-14,0.0018272276658160174,0.0035364676854780777,0.01201915182181954
11,5.39751825745144e-16,-3.1047852061743388e-15,1.285035357156902e-15,4.9489099134397535e-17,2.467169073714168e-16,3.012749794652763e-16,-2.7112627543887873e-16,3.73424758351427e-16,-4.556860672210293e-10,-1.4932069821254887e-16,-1.921831098840135e-16,0.004034601145935761,0.008187742252055246,-7.139856096594317e-09,0.02213156742136868,8.145844969435978e-17,3.3856440237689316e-17,-6.396197374665714e-10,6.813797861947008e-12,1.5554892284093967e-11,1.313614886120985e-17,-1.3182109196284846e-09,-1.735430109536557e-11,8.486216072482329e-17,8.774343590985675e-09,2.975409930594221e-16,1.3516405576882842e-09,0.41954903816851064,0.04816618735437069,6.362336716545073e-15,1.3351975982592916e-13,-2.673564037706938e-13,-3.3554146620783737e-15,-4.3865908141056644e-13,1.9023443265599453e-15,-1.1151013077886086e-13,-0.27013290499377196,-8.248973666438293e-07,0.04369381135113727,-8.806213374149296e-15,-0.3494942048688771,-2.5195652599610194e-13,8.067353852677819e-06,-5.3142606707522785e-12,9.694130359470768e-13,-1.1640485724770784e-06,-9.435436388473244e-12,-0.017886559420737788,1.5527688778913463e-07,-0.0011017767141060675,7.209308889698453e-08,0.0001594158639120828,-0.00027837047265341994,-2.7533921020442306e-07,2.862296520527699e-07,-9.687608015804421e-08,-1.1497550290414255e-07,-2.115860381049426e-06,0.5277426727512945,-4.0786653874355554e-07,-0.0009705242380888036,-1.3888046887299099e-05,6.934465669457256e-05,0.10308089235942626,-0.004156409474712089,-0.44385727937608743,0.30182944917632026,-0.06699850006472799,0.012391588777997975,-0.1299011240146571,0.0022328515822702777,-0.015048519317206955,-0.0017461041422728693,0.07613457376117753,0.0017491504594374834,0.0026544766931800054,-0.006601889689448925,-0.017466427981501116,-0.028787666199019315,0.009631859144020599,0.0362858147613646,-0.0389559053712437,0.03423588639022931,-0.03998524043670097,0.006561983041720465,-0.007039375907436831,-0.08384968873606181,0.057214937595500406,0.005950938200758462,-0.001225611966953479,-0.036447331099719406,-3.5190491228387854e-15,0.009307037807096793,-0.01373650619162849,4.978661986618434e-05
12,4.804845879209268e-12,1.4940788271746775e-11,-1.2420968388678792e-11,-4.9431467153352995e-17,1.0240990602805905e-16,-6.125756373610467e-17,3.106224576226873e-17,9.919545986165262e-17,-2.1485263475492181e-07,-4.2963820125532714e-17,1.353691962005907e-16,4.5202859001358046e-05,-2.2678350343981584e-05,5.377537790183859e-07,-0.0001625426331204609,2.193754957794602e-16,-1.8748883792034466e-16,2.074132841394039e-07,-3.903611452585808e-11,-8.245409199044296e-10,-2.688917781418978e-16,-4.6354761986469096e-08,2.7602797535047276e-10,5.332660784277681e-16,-2.8687758654741396e-07,-2.478714009662596e-16,-1.4728224423523184e-07,-0.006672666816668062,0.01095875367356741,-4.354989717033684e-13,-7.369477028614756e-12,9.45803288920063e-12,-8.144204997862876e-13,2.9946950133393643e-12,1.0330558586295547e-12,-1.201023045218806e-11,-0.003188295009311513,-0.0001489814617261256,0.006781042918375152,4.175651682262466e-13,-0.0033132853774871258,-4.59405625184852e-12,-1.672061697104362e-05,-2.644961602833561e-11,5.681912671940589e-12,2.4549519124788974e-06,-1.0920629960454529e-11,0.004626917209856637,-5.365080879392703e-07,-0.00127031169565288,4.2596319023758535e-07,-0.005234537912358768,0.0011527893094736212,7.594948884500967e-06,-3.810719582013047e-06,2.7475185018104352e-06,9.363015054567672e-07,-1.9874342902664587e-06,-0.10417247823715109,1.1381872960673993e-06,0.0018522629788180539,3.6724784003386466e-05,9.392410329808823e-05,0.19027638846450143,-0.008396578801082152,0.01743291938530921,0.12418022459020878,-0.027990483966884725,0.006042639729870759,-0.3268777936170424,0.0022129064702893584,0.3937198902262433,-0.09170656916048464,-0.2933695669672737,0.008093502284448823,0.009008992927646616,0.041331625026242914,-0.1216603759512814,-0.35905174665361655,-0.26155531370521035,-0.07047368301102494,0.1991340743544436,-0.4352265880703045,0.0732320026247255,-0.06728325353912151,0.014065301703300394,0.06845665616244946,0.30391091867662623,-0.08723522893833456,0.003380842409389605,0.10028793157741589,-7.910746779118895e-14,0.022750546717136347,-0.04391804880432148,0.0663751842456575
13,-7.0047735884347326e-12,1.1969571468662064e-11,-1.6318040825974345e-11,3.476513359360288e-16,-3.950808727686981e-17,9.234725366172184e-17,1.2902381285531203e-17,-3.794164781695261e-18,2.0710647459361678e-07,8.955104024537398e-17,8.17009929990818e-17,-6.323995398810392e-05,-1.6091603727552243e-05,6.774943455054429e-07,-0.00019094072479017038,-8.608799120466943e-17,-2.2936990537670385e-16,6.285003012481778e-07,-7.952665515439222e-10,-8.118632766045163e-10,-1.0432809002347284e-15,1.5591816579881877e-07,2.65029589529244e-09,7.439784603537791e-16,-2.6014035961422195e-07,-3.6551887430926546e-15,-2.1457198531898318e-07,-0.010151904332544481,-0.009203677958836348,-1.1012166312332416e-13,-4.2344871674323534e-13,6.988140765978685e-13,4.0526499001739725e-13,-3.832194999037467e-12,-8.077760674443811e-13,9.76895150671297e-12,-0.008908910102994915,-3.423221269975992e-05,-0.009285737673895676,-4.1876019351082554e-13,-0.012891917521123786,-8.963494963686813e-12,-0.00031491658321106087,-2.142146375406697e-10,4.8285561384185327e-11,4.531701090900974e-05,5.667320633424869e-12,0.7425280323944775,-5.6170848032494e-06,0.051032791048502765,-3.2438687260100935e-06,0.0015272723307376964,0.007196171149686049,-1.4103041019561298e-05,4.152847784506225e-06,1.5922706448624835e-06,-4.871366806630401e-07,-1.3386013703014983e-06,-0.011207757455930034,-6.3105422278694584e-09,1.7976649574256172e-05,-6.808358467353276e-08,-4.750545130082153e-06,-0.024399890929360537,0.005458264703142643,-0.004904493713998089,0.036407187864023194,-0.019820184551619838,0.003998496621266327,-0.08781876797470874,0.0007734999448430855,-0.07200081128181016,0.028627900016674868,0.07979373721127535,0.0014029703052631484,0.002242075587167903,-0.010492456654730918,-0.04527552070368114,-0.11801062894501729,-0.022155138969312135,0.1155899035398072,-0.06411218924665922,0.2389534222006706,0.5055268754689907,0.030333465079632572,0.08916302715842188,0.15049940805872195,0.10702602376641925,0.06584191145035247,0.01759366809253094,0.13679974958546406,-8.5326404043208e-15,0.014148673226757589,0.027383053260533655,0.09426457585167745
14,-3.89076879583777e-12,2.060699188147426e-11,-1.8070889476749014e-12,-1.1041462926328982e-17,9.093662923104122e-18,-9.673803064500493e-17,6.384184653390061e-18,1.3167793709172112e-16,8.186191559873365e-08,7.253981433502724e-18,9.328267238004079e-17,-3.1605182626969774e-05,-5.585239953156151e-05,8.806702745365154e-07,-0.00021411381500951237,-6.263851721763476e-17,-2.6000351073417195e-17,-1.55140360696101e-07,-8.232756773362179e-10,-1.3764770917605034e-09,-6.258088701953968e-16,8.114774551636851e-08,7.675813147826819e-10,9.082960473454076e-16,-3.754652674862283e-07,-1.0125740845501584e-15,6.347803491418995e-08,-0.010112438867840579,-0.0010718872321651266,-5.3349239915169753e-14,-1.5905375992914984e-12,2.7176787276356978e-12,1.944019353758027e-13,-2.824383452564222e-12,-5.622062622399048e-14,-9.373165488491443e-13,0.00545419272689432,-5.742559463692885e-05,-0.001786740120461798,-3.616324046386431e-14,0.009323025845707959,-6.757399252031801e-12,-8.042520341875064e-05,-9.248778893900022e-11,1.821840681122557e-11,1.1811292390406985e-05,-2.5872459389353896e-11,0.02633614123002763,-1.4872674094159755e-06,-0.0023689445567040774,-3.518964225648836e-07,-0.001684476557778426,0.0018426778090358262,1.1236734983777768e-05,-5.442108656836403e-06,-6.63945227634334e-07,1.0090269412035255e-06,1.2425866236998154e-05,-0.1421302986063825,8.281619497592742e-07,0.0009372069864197105,1.5355528783783427e-05,1.249257710523158e-06,-0.012071549310243552,0.020287477836454893,0.24584577237755872,0.024725283292503744,-0.05476413799785959,0.012098040436131765,-0.37191688083502317,0.003798010380000094,-0.008360283935175643,-0.013041281472264554,0.2885209182087202,0.0068862230555733275,0.009838751661852043,-0.022554573037826542,-0.10480300737655894,-0.20454863778852173,0.037094153710127566,0.22304193319452162,-0.25667362481636186,0.22726795964907198,-0.28184961450650314,0.05168083420456963,-0.056740634859826604,-0.42042175455312303,0.3602584373010819,0.04545375933035342,-0.008672092368067387,-0.2434514731303143,2.7904837876287084e-14,0.07387210049730916,-0.10688546583092123,0.00015483128938887508
15,6.209327167744325e-15,-1.3168044435282363e-14,2.127249099336124e-14,-4.0168083325822436e-16,1.0124210519916938e-16,-2.5900300172593864e-16,-1.6554211011886456e-16,-1.4947890248709193e-16,-7.42585088213808e-09,-4.456572230166108e-17,-2.5735907360379964e-16,3.560825695792144e-06,9.274535325459483e-07,-3.103348982143694e-08,1.1802037650125095e-05,5.70686007657921e-17,-3.0674150202752907e-16,-3.4357072599130654e-08,3.8425930802952996e-11,4.9213778267850046e-11,-3.518579438146419e-17,-1.1729385427210312e-08,-1.9127919503954458e-10,-2.2378948479151435e-16,2.576123351385947e-08,1.6334482036861981e-16,2.397869582325603e-08,0.0017227109726102746,0.002158015020555575,1.3364848004389346e-14,5.622432355304375e-14,-9.967909052164572e-14,-6.345613747965185e-14,6.768666724940516e-13,1.4877887889623955e-13,-2.096999466704659e-12,0.0030236494034990816,1.0099326492330702e-05,0.0036125763671593014,1.0424894977718742e-13,0.005602955112435837,2.945943757430021e-12,0.00018756181321223032,8.93648274486453e-11,-1.983065871052434e-11,-2.6786928741924503e-05,-2.4937726285662205e-12,-0.6616498845026908,3.86771977829074e-06,-0.04894984651970881,2.4917077777244537e-06,-0.0019775161222658037,-0.007402444020264445,1.4985164184623684e-05,-5.881516841210812e-06,-3.1467543075591024e-06,1.2883280005209862e-06,1.092332143808835e-05,-0.08337251296300752,2.8001751812764033e-07,0.00034093516444206847,-2.468810389485864e-06,-2.4014306068561013e-05,-0.06501662131182219,0.011247738788285461,-0.009092116162336964,0.06649803728853929,-0.03503567370073127,0.007020043496868425,-0.14243464043598295,0.001310933672457198,-0.10302925909627415,0.03717826289921379,0.10930312133215846,0.002149273384548357,0.0034257958602862794,-0.014538989069998514,-0.05701512059476524,-0.1330201802236995,-0.026602989864408833,0.135090958522284,-0.07107556432599134,0.2634502034130197,0.5352315749392527,0.03052460155226778,0.08951418007378995,0.18696619703583942,0.12673051465805846,0.06726160983395313,0.018568216516383122,0.14946546718343637,-2.255241551704929e-14,0.014190165753106488,0.027867284975336977,0.09578320071107498
16,-6.010908978204649e-08,-1.0137213341256748e-07,9.323901511795825e-08,-1.5036662950487045e-16,-9.515592336472128e-17,1.8521377049630244e-16,1.521773399244311e-16,-3.159360184651855e-16,6.426197905745039e-05,1.2409548731937445e-16,1.1705199984836152e-17,-2.110779613825245e-07,1.9179234433168972e-07,-8.544861075976114e-05,1.2827261353944874e-06,9.67831660433726e-17,6.437172854795754e-16,-4.5980558622385264e-05,-2.1910502875444418e-08,9.862412745545915e-08,-7.623779253987818e-15,8.260942978136486e-06,-2.4068024488147726e-08,-7.084546543974356e-14,2.357209471038001e-05,3.2525022490564035e-14,1.5531771856548485e-05,0.00014006865925273967,-0.0002170902717572283,3.825035192662419e-11,5.782030814268639e-10,-6.881856835910578e-10,5.981066304198269e-11,-2.21248538595266e-10,-6.346955024819335e-11,6.27409015479894e-10,7.164607773687668e-05,0.005690229885958953,-0.00019111774343126962,-1.9926459680918275e-11,7.163390532737537e-05,1.2685384446474892e-10,5.8127075931458936e-05,3.065844789379026e-10,-7.755178085795003e-11,-8.53248961867211e-06,1.695495280900174e-10,-0.003327301849241152,5.724635262698749e-06,0.013764845211055783,-1.0012429348071175e-05,0.07470287581604608,-0.013170076065916799,-8.934850575437202e-05,3.91840247674757e-05,-3.622772451817157e-05,-8.216051190728613e-06,4.2496330555803705e-05,0.022859971583918347,-7.106835077214332e-06,-0.01073905280734821,-0.00023007723440196542,-0.000560877482437433,-0.05051264497851179,0.04538703761428602,-0.1050342713802042,-0.1750856260850305,0.0015290165124963186,-0.001013222358964912,0.37216249824232733,-0.001557524245973746,-0.4445395033171585,0.02687054538212859,0.3819780778851922,-0.008499486295058636,-0.007842635193708009,-0.04826778806960544,-0.02342065479337804,-0.33848118504331215,-0.0579307705781053,0.021847607898858156,0.14782492969758868,-0.4132403691024126,0.06490621388230153,-0.12743480418022213,0.0263305813223943,-0.16899892923762405,0.22261099415672853,-0.15159641416240546,0.003726300633370374,0.06828456411849129,4.672368210847674e-15,0.04516625359557541,-0.08326595203392505,0.11996909386375483
17,7.094115628244465e-08,-6.386525050190502e-08,1.3158114152759562e-07,-2.0479351041506074e-18,-2.3282113720187588e-17,1.0881146199386837e-16,-7.439487101049226e-17,-5.1873175295639344e-17,-5.374076314657468e-05,-3.9646960251585436e-17,8.41919874155553e-18,3.8150950166262506e-07,1.7958502548513229e-07,-0.00010000248072853827,1.5207373989368553e-06,-2.622527145017237e-16,-3.2274686756822793e-16,-0.00013091510229784552,1.2257929684088467e-07,7.321111642425085e-08,1.0254588277903851e-13,-1.8310346814510042e-05,-3.5361442424659375e-07,-5.6283702494195795e-14,1.5631530949995887e-05,5.059384665622037e-13,2.19176210022281e-05,0.00020060367493546778,0.00018163001992890413,8.505467382433828e-12,1.4766447284819812e-12,3.49328862677006e-12,-2.1184915529098006e-11,1.6023914594261273e-10,4.1817689733854245e-11,-4.498521165838902e-10,0.00020311039908186909,0.00041302797667704214,0.0002883847278571111,1.5235594039343763e-11,0.00034001888218102315,1.6402282368480528e-10,0.002351595089405653,3.178072426201162e-09,-7.638457869125018e-10,-0.00034453052534063775,-3.507537144022251e-10,-0.044122993138756575,2.3252884736049115e-05,0.05311307833468803,8.963191897415078e-06,0.00438527144880458,0.03064205668841882,1.2500659037828688e-05,1.4433721091927874e-05,2.524400441417826e-05,-8.98589978262096e-06,-7.600710242642322e-05,0.011202267022989041,-4.022671264212018e-07,-0.0004695831791233297,7.586565073444107e-05,0.00015150550912266852,0.003004285721044699,-0.06538783469549622,-0.10271991561520408,-0.10828957710554778,0.09775209361458663,-0.019140778624137496,0.3176710106814464,-0.0018561603602773639,0.40345536183984904,-0.11365471840924012,-0.1371205764789912,-0.0032689956971187475,-0.006217502929947347,0.03314760292940391,0.07452900841225125,0.0033450805671088844,0.06920940996021668,-0.05925189941122076,-0.06638345812657205,0.04587375337535633,0.3426105547023549,0.05867753970165986,0.17101864998333716,-0.6701948789321335,-0.012322683112683122,0.105987023400812,0.013419515982881837,-0.05313146724503892,-4.973589107197111e-14,0.029163283995119475,0.03815375707316407,0.15744820603466214
18,3.46973594978925e-08,-1.485345975294481e-07,-3.8583477942685505e-08,-1.8367188736046062e-17,-5.0411833014043045e-17,7.58167439594892e-17,-3.76006372539793e-17,-9.195338819854458e-17,-2.0142755439292635e-05,-7.195936254130916e-18,7.513913888978737e-17,2.2308356194695357e-07,3.619136888972007e-07,-0.00015280105911078987,1.7783199811222386e-06,-1.6014864622640083e-16,-2.6370224001166875e-16,7.305127206503604e-05,1.442529474808068e-07,1.9546686409051126e-07,1.2177239435364246e-13,-7.711260698275936e-06,-9.243828622357774e-09,-1.4709957437253265e-13,3.1423048908908316e-05,4.706463335437011e-15,-1.4953793813268023e-05,0.0002173108661023108,3.229267666930699e-05,-4.664302025106332e-12,2.1689437607329418e-11,-8.075567231210017e-11,-1.8857355336321286e-11,1.7537713024155448e-10,3.5478683005821588e-12,5.932233868133496e-11,-6.35718729731316e-05,0.0011415754539698443,9.674725788220315e-05,1.1092993614872908e-12,-0.00016600522206925106,1.802294449384705e-10,0.0011020724923179615,1.8486751660628249e-09,-3.269446509805373e-10,-0.0001641333594333677,8.477570171102851e-10,-0.017050370468284,2.1681897256193824e-05,0.05687431197567315,4.769280348577475e-06,0.009724772530232533,-0.03258143994952589,-0.00018271734210199747,6.93059177900062e-05,1.0348145888879929e-05,-7.379575114541491e-06,-9.65463503848372e-05,0.028270681967169066,-4.102579052124633e-06,-0.00241382054827016,-5.6851764054253577e-05,-1.8895037806034963e-05,-0.008699401930882672,-0.04933268283526505,-0.20623215374532505,-0.18279474424609657,0.13063056630888972,-0.027212397367233583,0.4374931079034257,-0.007445519163326262,0.0919294297149053,0.012370475293505916,-0.32765790339556666,-0.004874619313965668,-0.008047149966002278,0.029537990244808868,-0.07300769724302468,-0.3054465629255314,-0.10571719745787443,0.16367001459008984,-0.22401281520307112,0.26881667990257924,-0.20221015530025366,0.09791404117341168,-0.10710628356456488,0.32186263108970237,0.2765578478294883,0.08284070239762277,-0.00605729550071548,-0.15989818526372765,1.6082098592640192e-15,0.14356840366875484,-0.18867134922514706,0.011463502284365937
19,0.0005755699130846839,0.0005322350443656416,-0.0006131987315534174,1.4697412086736067e-17,-5.737492343683946e-18,5.101089785914451e-17,-1.5011148838404322e-17,3.1200053183888025e-15,-0.015071285989390509,-2.1041766197542735e-16,6.514702375915287e-15,1.2264153371370676e-09,-2.058607838415184e-09,0.010329398701443731,-1.3953073472581909e-08,-1.9298292373418012e-15,-1.1298342458821218e-13,0.009148149260759342,7.892794828293277e-06,-8.536490989325937e-06,4.93177804507065e-12,-0.0010390521415059775,3.11392541051698e-06,6.0620133352270796e-12,-0.0015205847842788703,-4.442398554687519e-12,-0.0014175559149839606,-4.7484386496032315e-06,7.986738093294618e-06,-2.7864670934932605e-09,-3.716809790631725e-08,4.096892370717667e-08,-3.5309956837984267e-09,1.2704610834647569e-08,3.0874836216647032e-09,-2.5880663519743185e-08,-2.9288895853907285e-06,-0.17812506242012238,9.707664792428618e-06,7.446843410093452e-10,-3.7218150069927918e-06,-2.804661805350878e-09,0.0024764864130003726,3.0424270933538183e-10,6.051847739507506e-10,-0.00037450245345627375,8.31374971572537e-11,0.0035590616678657858,-2.8792339957971094e-05,-0.03886182374495935,0.00017583902901690244,-0.8755392517166285,0.08000268123741322,0.0006793624246377626,-0.0002829851511827778,0.0003790547397805097,5.998981717206461e-05,-0.0004438807287896341,0.002395982137514198,3.7403804891434936e-05,0.05592538066078731,0.0012277676512489914,0.0024219375770229137,-0.001025699700838991,-0.12938042628640492,0.04699383739609936,0.09836269052707164,0.09748111360005542,-0.019281718390541953,0.028534336803369892,-0.003852579926545666,-0.01974352234136527,0.07863075800264407,-0.02733073231814526,-0.0006269910850545905,-0.0035599984714786643,-0.0015913759118771486,0.0692448571735093,-0.06330523067706668,0.15390392542544276,0.1055588519198722,-0.04348212618712859,-0.04382766374024916,0.008271013847669787,-0.16299196811280492,0.032883657887866104,0.01281623235964117,-0.056426678696466885,-0.16955782848718573,0.0017642088623019705,-0.024699280957273567,2.187657059614805e-14,0.061829490043594545,-0.10625270993267377,0.14339371008531665
20,-0.0005810393238014979,0.00019182553382288465,-0.0009360178526774154,-9.887483334431572e-17,-3.377237184077518e-17,9.48463810964149e-17,-1.3147555344475028e-16,-2.5753318543010468e-15,0.011574260542003376,-4.146930919692951e-17,-1.6316029113033828e-15,-3.183216110537689e-09,-2.1536102254044256e-09,0.011400721779785027,-1.666096647479003e-08,8.607330591926124e-16,7.7491100555242e-14,0.024609926061497908,-1.5133742932563633e-05,-3.0542366074922873e-06,-1.275576781245313e-11,0.0019273679661800899,4.3795181993330904e-05,2.4965525885687777e-12,-0.000670666677558961,-6.342940460328902e-11,-0.0021767340970646762,-6.4426370947586925e-06,-6.436267211241661e-06,-7.967414372404739e-10,-2.0095977522739017e-10,-1.1412485568773584e-09,9.249700831718194e-10,-5.945595807946574e-09,-2.121326324643745e-09,2.1253690554321016e-08,-1.0745417336854385e-05,-0.005749972412480812,-2.1740801786872096e-05,-5.987225767336776e-10,-2.4592818974053905e-05,-3.7170249939011882e-09,-0.04241469593816269,-7.17035703273569e-08,1.8376886878130355e-08,0.0062308340032562045,1.550299986853393e-08,0.047654588525777045,-0.000318421519377269,-0.6044806069929449,-0.00012939419219548155,-0.033859296305789405,-0.612047780027747,-0.0009757370994532153,7.913191282594493e-05,-0.00023852773201980994,6.763267530460116e-05,0.00033730252836594945,0.000722484700098316,-6.1540691476601555e-06,-0.001271481592167255,-0.000598867020657925,-0.000751543468030004,-0.0006124307536016752,0.10565117297795416,0.009913997116762536,0.013667375270910158,-0.04168601984002874,0.006060140320069089,-0.032827308986017704,-0.004452206266794397,-0.18944801270337283,0.006292643766311323,-0.20768662520646525,-0.0008314523826096246,-0.000620358131667495,0.008727288726101656,0.0011661246002562643,0.01770363866667169,-0.00029012548368220786,-0.06693924790124979,-0.0649224266498787,-0.08046436687697031,0.010228679258814911,0.07836326813691183,0.22160642637315214,-0.03128105912793416,0.008186763638787262,0.12005543677838221,0.0027882732993944562,-0.19696576154630435,-2.3004689077669113e-14,0.04164764228710025,0.030278514264695244,0.18059418061268084
21,-0.0002510494619972383,0.000903867701197782,0.0005933611511613432,-9.620114677926069e-18,-2.945150033126451e-17,9.298340332821163e-17,5.620478690989888e-17,-1.0272940845725283e-15,0.004093002482694366,-1.3344417420065914e-16,3.788241534125722e-15,-2.1619107757986047e-09,-3.400026781767078e-09,0.021905017252649452,-1.9916330674979695e-08,3.496119720337696e-16,3.2891554957019863e-14,-0.019201467600227944,-2.1425718915719462e-05,-2.3872998878785395e-05,-1.7990793938210788e-11,0.0005073315354503756,-1.1473748803303067e-05,1.8204166404330065e-11,-0.0021917711897243924,1.758454359042464e-11,0.0019895497359551204,-7.30164394695078e-06,-1.5198958755885748e-06,1.0630171600058828e-09,5.5400608081063715e-09,-2.3965586232544754e-09,1.4480163480207303e-09,-9.47918895459841e-09,-1.5731790484957088e-10,-3.5822107244005674e-09,-4.501656688275904e-07,-0.001286845054923467,-1.0202227137523486e-05,-1.3379700721577669e-11,4.484779500743696e-06,-3.725644810505357e-09,-0.008808979909046591,-2.467950403139675e-08,2.7003750104172667e-09,0.0013556934806273982,-2.4405912900419686e-08,0.03613530883819331,-0.00026972278851295606,-0.614146359761346,-7.199652793674745e-05,0.07765075296488189,0.6010097977990336,0.002552473365469545,-0.0007461005302417896,-0.0001070380070232578,2.943170074019895e-05,0.0006315853099719913,0.0011657045534802242,1.708203084173017e-05,-0.0008678105231837928,0.00021566533502668627,-0.0002705876956828467,0.0001346033696352273,0.07303734983649555,0.0865040553569193,0.14778224268539508,-0.11937697138970031,0.024385594926984652,0.09959116761859416,0.007693196237634479,0.017320047663662862,-0.045109057107440155,0.027321263319515343,-0.006282565727097102,-0.006773612190837471,0.000438010490049002,0.11450243559158009,-0.1308927047373392,-0.04843226625263661,-0.11030150774822821,0.0069207060659413335,0.027057528052518355,0.019106388710287622,0.12494749316081936,-0.13561306065636744,-0.003683895308005972,-0.12676608813406243,0.09479834948293361,0.0010767907341039488,0.027838410107176744,-2.013415654887888e-15,0.19059940822714388,-0.21846360310314117,0.02930049359750489
22,-0.4855627908070199,-0.3629348375721836,0.3534142852354357,-4.300729642936745e-17,1.0787341944969374e-16,-5.052161056061257e-17,-3.771057021762365e-15,-9.299010034177409e-14,0.3097325751779841,7.145962632490266e-15,-1.6353882896171834e-13,-1.4974146427535505e-10,-4.140453196878893e-11,-0.16473556627782374,-1.4011153088637778e-10,4.2292026409765224e-14,2.4231909065584526e-12,-0.12219638067070782,-0.00011989806214416198,0.00010183128835234858,-7.575276479765479e-11,0.009961066978712277,-3.116813178966848e-05,-7.32098215875899e-11,0.010860700858722832,4.4858153997899286e-11,0.008965901412861056,5.101884309542194e-07,-1.9390682607859918e-06,1.6243784673241715e-08,1.941926671427462e-07,-1.9882122593877847e-07,1.5489817497357212e-08,-4.8943025963655476e-08,-1.1335673812350207e-08,7.969357653348277e-08,-1.5020917422322843e-06,0.37850472392677054,1.355655222199934e-06,-1.9318265612779518e-09,-5.410090803701276e-07,5.1438096350486295e-09,-0.0024206320562514955,-1.17237596864038e-09,-7.269797556957033e-10,0.0003693116216916431,-5.07795530432696e-10,6.385103036974126e-05,1.2537386864747906e-05,-0.00115555189452502,-9.91600496729822e-05,0.13478682419119462,-0.01482839288666657,-0.00014275872317352995,1.3697752984251397e-05,1.5405389567136077e-05,9.825319463410835e-06,-0.0001353568791605702,-0.0015307341487052128,1.6103330885109312e-05,0.02675586830619174,0.0005654778959424968,0.0014237988490207539,0.004437351008288966,-0.10322605127501167,0.054666861974746,0.10527582182790093,0.07734213324824736,-0.015254689021197814,-0.018857850890698805,-0.0029152304216857297,0.022135088684271286,0.07522899698056147,-0.05846180105801642,0.0002574570413229266,-0.0024236023831300827,0.002671761562443338,0.07569424050889086,-0.0320634567252152,0.16737738716579667,0.1051917584755849,-0.05837293827742409,-0.011863394762331763,0.005585950740578687,-0.1768944006338886,0.03547364470194457,0.026472082677708272,-0.08852086086169565,-0.1805420543923171,0.0017132084004604683,-0.03136576206122833,2.496260336314719e-14,0.0686385947656543,-0.11530480563799846,0.15467433894869728
23,0.46451989562999385,-0.1239449370633807,0.511247427148282,3.999211787449283e-17,2.815554441514941e-17,1.2885784058656347e-16,3.2009063281400187e-15,8.171488504173969e-14,-0.2253285632471103,-1.4274544257829781e-15,3.6676777519150915e-14,-2.9744947994611885e-10,-8.541250702679835e-11,-0.17221563391711142,-4.771623410123352e-10,-2.2978095555401376e-14,-1.5773307114155988e-12,-0.31142743420675184,0.00021663203560823906,3.406036091669978e-05,1.8440556968826897e-10,-0.017480410933105237,-0.000415245952519204,-2.8236232201326963e-11,0.004498987178870569,6.064521596725704e-10,0.013060678012740547,3.787757477770482e-07,5.179602765119898e-07,4.417536559301999e-09,1.0068996064019143e-09,5.333474070697343e-09,-3.816966119380246e-09,2.14449325049217e-08,7.388878863039175e-09,-6.227632089756714e-08,1.2784469700010453e-06,0.010917240666043984,3.221676762393412e-06,1.474626413349578e-09,3.85208690571814e-06,6.471755372320416e-09,0.03358438134117442,9.327046549618709e-08,-2.4493425885562973e-08,-0.004988803072892139,-1.9585090807988386e-08,-0.01401949739917883,0.0001946901058622806,0.18949586685589678,6.697625348854555e-05,0.0034453602387866144,0.19604956369979312,0.00033877540989193277,-3.108331341282416e-05,-1.171278461773779e-05,1.0346737511304132e-05,0.00012650241882143697,-0.0013929977445090588,-1.6192262033579216e-06,-0.00024815901617682883,-0.0002428273577020149,-0.0004117692401081077,-0.0002958435483137514,0.0864488950888763,0.024696869864570717,0.029529311486028123,-0.04787416586006564,0.007782993940536664,-0.0654878630239868,-0.003090974494418001,-0.20576471660576306,0.014953670861409933,-0.1699688865353712,-0.0004272131390518976,7.384580556224799e-05,0.004364120547006977,-0.0006961909339178614,0.023055282484190486,-0.004432354417853814,-0.06825862187825707,-0.056217976038850585,-0.09253488862002056,-0.014789428342886681,0.08156047435067482,0.22832808613394914,0.022895165500718916,-0.0015830145042234909,0.12162563049436648,0.0019359381389854257,-0.19682564561236596,-1.8635054160569577e-14,0.04454945299977204,0.02885473652484538,0.18397348379777223
24,0.20193301303674582,-0.58770153682745,-0.32610332144294957,-1.0672633467055421e-16,-1.9267605538463098e-16,1.6359250801431143e-16,9.658897427142468e-16,3.3929008635503785e-14,-0.08014838459786935,4.4855128925048646e-15,-9.40395522010856e-14,1.3156241105122948e-10,-7.593922354696172e-11,-0.33355813462555406,-1.1654419688731694e-10,-1.1204784711472488e-14,-6.734241855330014e-13,0.24487470753987498,0.0003090318463248118,0.00027253020693459803,2.6204208698228177e-10,-0.004600318761903426,0.00011052653234633801,-2.1045172873901846e-10,0.014946515901809454,-1.7069512367757737e-10,-0.012046243103197503,4.2223273304543713e-07,1.4528221796744443e-07,-5.9734860565246834e-09,-2.824098201298794e-08,1.1766686201275959e-08,-6.086032263415069e-09,3.4772527300117764e-08,5.492905964473876e-10,1.0626395781369698e-08,8.941801631340155e-08,-0.0006886043577771597,1.493094550626153e-06,3.049170049831028e-11,-6.195485216762361e-07,6.482896656468126e-09,0.00593238454425834,3.057433394691565e-08,-3.124603354819999e-09,-0.0009335605322864223,3.037355717451318e-08,-0.010759357460430417,0.00016260780187198488,0.1926201113993891,3.780104854918179e-05,-0.02973389421915771,-0.1914444156916718,-0.000702978565480266,7.117061824386872e-05,-4.288141615365548e-06,7.417597754276966e-06,0.00020638590666659544,-0.002623991860290723,7.479961906553255e-06,0.0009295182678074098,0.00010258653676778108,-0.00011700302650164913,0.0016204417442965463,0.06028145690444009,0.09207227398524581,0.1410374839026087,-0.1096837398128969,0.022462502409949892,0.02893766761621977,0.0068908221871986555,-0.0005435984554348351,-0.04011738583871805,0.04675517172840305,-0.004794748552263554,-0.004917161376213961,-0.0021478259327521194,0.11706982465458426,-0.10218800381495771,-0.03662516450512138,-0.12530017668176643,0.024695207886999204,0.006598544225619857,0.02995431135667421,0.12949536416643723,-0.13944922992340902,-0.014365317465489762,-0.15662157113047245,0.09658139773158439,0.0014203048830501665,0.03892259449306025,-1.0259300478174764e-17,0.19926633807304317,-0.22382160582545846,0.032208305657360256
25,0.4930386362128597,0.36842568122472436,-0.35867086172087354,-3.229676449130464e-17,1.133235809921751e-16,-1.3697800174776098e-17,-3.471454472039763e-15,-8.57611078586378e-14,0.2937201608600178,6.608385085874027e-15,-1.5215193540004275e-13,-1.4432973171060567e-10,-3.262106691917238e-11,-0.15603171835786686,-8.569829102168817e-11,3.978918248192616e-14,2.2905727752532764e-12,-0.11559171058975685,-0.00011616098231642041,9.820279722646231e-05,-7.368797329890911e-11,0.009764348578631142,-2.8357680098540598e-05,-7.054984149461457e-11,0.010624637803039093,4.0737001301626635e-11,0.008765753695169663,5.19768188799254e-07,-1.9426223445241275e-06,1.5961463230642223e-08,1.9129865939967737e-07,-1.9608934191974352e-07,1.5304847865590167e-08,-4.84496203885708e-08,-1.1231071818442062e-08,7.910110478568323e-08,-1.4811406386557133e-06,0.376465939509327,1.3295089665317788e-06,-1.9200199498464593e-09,-5.187705900678136e-07,5.117070115451102e-09,-0.0024148441976605717,-1.1978492545048055e-09,-7.168327547561335e-10,0.00036848608736582444,-5.002781110587764e-10,3.4737712551695744e-05,1.266561536179944e-05,-0.0008033083180610392,-9.939088741124717e-05,0.1371187899490323,-0.014768193868002318,-0.00014402272120339954,1.4436869847639813e-05,1.4441601178679867e-05,9.620884371862805e-06,-0.0001342800364146562,-0.001539245561068858,1.600803191563227e-05,0.026614923299967504,0.0005625862069356363,0.0014185478834902235,0.004446175476413185,-0.10304331345173345,0.054627219682276754,0.10517619835692264,0.07720216931966649,-0.015226532055489508,-0.018977584039864836,-0.002908283563396805,0.02225032983069916,0.07516987259254791,-0.058468457607564694,0.00025991849392851326,-0.0024178436226462486,0.0026791181398183074,0.07566319857124496,-0.03196019748378546,0.1673195984161801,0.1051402834013218,-0.058384313442000235,-0.011770063751886432,0.005564800940920733,-0.17689426752252344,0.035473889870268026,0.026518687911204156,-0.08856843833457141,-0.18052907968970608,0.0017120504758776228,-0.031364717217061806,2.494753694393477e-14,0.0686440688858125,-0.11530352079260604,0.1546677432345893
26,-0.47161205298113856,0.12580015817534831,-0.5187543969706008,1.336980172516109e-17,-5.079679155343946e-17,1.989507327720692e-16,2.943682452589229e-15,7.5676157224971e-14,-0.2148356365163815,-1.2314632954777327e-15,3.5121988558485874e-14,-2.7557809399367475e-10,-7.54817105526709e-11,-0.16427808746532072,-4.068989796065983e-10,-2.1908795804967543e-14,-1.5038836680352048e-12,-0.29724128589289367,0.0002089823425202819,3.32229831183884e-05,1.776382151663266e-10,-0.017035525316175304,-0.00040232203136022945,-2.75414333776022e-11,0.004397683154899682,5.873940089443074e-10,0.012767360798602608,3.938842232277316e-07,5.32449061739011e-07,4.287318579272544e-09,4.802056298325246e-10,5.71867673414456e-09,-3.80699141366203e-09,2.133145465703137e-08,7.330794356504346e-09,-6.184378779529816e-08,1.3076395071626007e-06,0.010531157264814213,3.266500575890863e-06,1.4666459303002547e-09,3.916248720532477e-06,6.443620059859462e-09,0.03361880592698016,9.307916136232259e-08,-2.4438203845194977e-08,-0.004993560230554672,-1.9544783953784785e-08,-0.014138823145568358,0.00019518790144579652,0.19097952729523335,6.718690452014084e-05,0.003945719718950637,0.19784332201482135,0.0003418371080761457,-3.140484151952141e-05,-1.1163561135509999e-05,1.011409893454264e-05,0.00012588846675128446,-0.0013975239695658613,-1.6123502217176516e-06,-0.00026768268504283706,-0.00024160887068655327,-0.0004108901905521249,-0.0002932283926761219,0.08632710954448543,0.024717653390818408,0.029547785647956504,-0.047881309222413036,0.0077878666217339465,-0.06552440784752342,-0.0030817563108151303,-0.20564127518305808,0.01495837116473278,-0.1697445668693505,-0.0004260661730578518,7.588601331400068e-05,0.004349554775448172,-0.0007011736230064711,0.023069235907229337,-0.004457772410440386,-0.06824530868323632,-0.05618183635216293,-0.09252551838384253,-0.014869804240690242,0.08156368100751153,0.22833156032844926,0.02306077669642517,-0.0016177331984640183,0.12161956111523858,0.001932697494971317,-0.19677767762812493,-1.8347652176377243e-14,0.04455519839881369,0.02884645019656681,0.18396369024587947
27,-0.2050191064268302,0.5965100611174313,0.3308991586222664,-7.940832315988091e-17,-4.737008550964662e-17,1.078402848317227e-16,8.591578991657735e-16,3.1323980649422605e-14,-0.07640805926754189,4.132216400057815e-15,-8.653696010822722e-14,1.3109767585802667e-10,-6.323615882707816e-11,-0.3181872593735312,-5.6164139034196947e-11,-1.0494837196306337e-14,-6.386594743348606e-13,0.23371733162103,0.0002957450250280347,0.00026274414545860564,2.5067222445533373e-10,-0.004514086128349491,0.00010595721452550476,-2.0280480858393357e-10,0.014632969942830202,-1.6368187701386607e-10,-0.011792704028210423,4.3852141128120257e-07,1.4730705606737223e-07,-5.860160848478485e-09,-2.778385583601016e-08,1.1590144503291427e-08,-6.011016052088743e-09,3.440338589120184e-08,5.504026159816325e-10,1.0485418588233502e-08,8.765858802462103e-08,-0.0006643851943872308,1.5129824842049586e-06,3.120326746274471e-11,-6.370201529260039e-07,6.457884552227554e-09,0.0059390598448163575,3.053004116046699e-08,-3.123812975964603e-09,-0.0009345525212711543,3.0315311092048096e-08,-0.010842865428530683,0.00016300629783492127,0.1941093542625814,3.79234057494214e-05,-0.02997352795173057,-0.19324391189264312,-0.0007103891114060984,7.349856324432956e-05,-4.015446602770983e-06,7.345500229847237e-06,0.00020458327456716085,-0.0026302035031582367,7.430187362410434e-06,0.0009334630016600299,0.00010184518336937394,-0.00011644438613551923,0.0016225295897495241,0.06018036866041592,0.09198381192187342,0.14085744239938924,-0.10953738320850491,0.022432577361682648,0.028690495027031186,0.006880509875189871,-0.0006102209577089619,-0.04007857617143635,0.04676150488334709,-0.004785996313918025,-0.004907215203530544,-0.002152895795161748,0.11701361668220944,-0.10206323785011616,-0.036569240799913784,-0.12529759847547042,0.024739760663644375,0.006532430335787601,0.029989760247545242,0.12949628553565085,-0.13944830276482306,-0.014407170566908423,-0.15664405615967045,0.09657478189685373,0.0014214005211256196,0.03894188635106812,-2.855770716592434e-17,0.19927447410937124,-0.2238094471520762,0.03221439368437986
28,-0.008039458701384422,-0.006011306326347057,0.005855737375073052,2.952862766536468e-16,-2.0115401407293906e-17,1.2480286982447507e-17,1.4462772010442905e-14,3.5156428280971586e-13,-0.6949038919546036,-2.438375361682832e-14,5.446729085541368e-13,2.5731853644609383e-10,2.934026343115998e-10,0.38557127504433153,1.7720918155973112e-09,-1.096741996634118e-13,-5.875687207416374e-12,0.2983312310324031,0.00011906290450873826,-0.00013193317176337112,5.666942038292515e-11,-0.0029323394715699666,0.00015069235750321747,9.801775767404092e-11,-0.004912939767681535,-2.2162631050932097e-10,-0.004564253080188453,5.531715417228566e-07,-1.4097959824698041e-06,-3.000995262721872e-09,-5.536903444596052e-09,-8.52385356856844e-09,2.4241193486314312e-09,-1.3360907376797162e-08,-3.7342179926999695e-09,3.5057275133463195e-08,-5.020758193412696e-07,0.2040674402220338,8.392727082296151e-08,-9.998623574102878e-10,1.446428177587931e-07,2.657827794514801e-09,-0.0027660799617008217,-5.061166396139379e-09,6.521829956741099e-10,0.000420309084820089,5.552545598933405e-10,-0.000559548732240297,9.613596606808643e-06,0.006185266049361691,-9.310713880648563e-05,0.1933081861022507,-0.015275330953399084,-0.00017232803731383016,3.633985512002608e-05,-1.6691488346596034e-05,2.2635263717190497e-06,-9.239124091190931e-05,-0.0017028738384330406,1.1993536537196764e-05,0.02058409428873819,0.00043937704883844486,0.001184077754906783,0.004538201739089455,-0.09433054432353573,0.051620198647856906,0.09880634998329586,0.07084585841819803,-0.013951486804603994,-0.021931035745429213,-0.0025991957827069096,0.026045809995118224,0.07213851077848907,-0.05711965506683642,0.0003312711246295773,-0.002184549899194704,0.002844078918883587,0.07366443553809021,-0.02854550462141993,0.16364686213746854,0.10261858287408271,-0.05828176429704504,-0.008705111440318127,0.004897313259551502,-0.1767743040502723,0.03544113399064293,0.027565808147900425,-0.08911773313210607,-0.179855830232595,0.0016686003145992732,-0.030960231945206425,2.498020776690234e-14,0.0687773900068172,-0.11510647520594931,0.1542170896431202
29,2.435520723706543e-05,2.2537774250648767e-05,-2.598764112775384e-05,2.976390506303602e-17,2.640984396442224e-17,-4.723939877030251e-17,-1.2063238002360968e-15,-2.927398507477893e-14,0.092969544417379,2.420056280380608e-15,-5.774519391637891e-14,-5.731048248493727e-11,-6.715218724581852e-11,-0.06777007148196008,-4.4038195213020565e-10,1.3630637209733786e-14,7.500583676726556e-13,-0.06419840040708856,-2.2234027281746738e-05,3.204071681848109e-05,-1.0467007943984087e-11,0.000923936850055773,-4.512351631314459e-05,-2.346509803365779e-11,0.00220076523025718,6.572030411672618e-11,0.002410356321174228,-5.569789664142761e-07,2.7468254207336915e-06,1.7603145697312304e-09,3.7692384019057625e-09,6.438664111284182e-09,-2.1295753234622813e-09,1.4426484212730457e-08,4.342867249847811e-09,-5.5746323953784366e-08,4.035317386860328e-06,-0.799837894914081,-6.231811175817711e-06,2.284772736501634e-09,2.1889434274571174e-06,-1.740130557308225e-08,-0.011072202296450687,-1.342966274695922e-07,2.4568245676460477e-08,0.0017082284269755923,7.460849016567359e-09,-0.001349199222826308,3.0336722648487954e-05,0.014108952854969697,-0.00025759185250760725,0.372535253895326,-0.03325569988881669,-0.00036778637216866627,6.745604976620873e-05,-2.7865895331204394e-05,3.547209536161459e-06,-0.00012793740730361106,-0.002257191435091733,1.5560194464701805e-05,-0.008287195775002256,0.0005146923826534213,0.0015058744849803655,0.005347071700867721,-0.10671366163537373,0.057280736070256154,0.10932929176742749,0.07788982399053071,-0.015317809450840048,-0.023685967016588615,-0.0028333530138878395,0.027325122639765578,0.0736802926253835,-0.05924753275809596,0.0003532685862451571,-0.002328216203163986,0.002959136524342253,0.0744748949334698,-0.026105639059963253,0.1621677281026125,0.09992962893295368,-0.04193716269928276,0.001504363256550339,0.005049768473096906,-0.17473532211588982,0.034989393986408275,0.027729879034708835,-0.0876077050049067,-0.17932497377099996,0.001712683411614316,-0.03889705217508645,2.524230644434335e-14,0.0678657849711336,-0.11449882753101248,0.153262290428261
30,0.007666159572342417,-0.0020444403269447705,0.008429729661869664,-5.0068395837075096e-17,-2.662091786942611e-17,-1.9428252205817095e-16,-1.1865891713769694e-14,-2.9855025541961075e-13,0.43795610681949726,1.6937707645014985e-15,-6.342452770244894e-14,8.086045342735692e-10,3.2751520174635766e-10,0.3321715316479093,2.2680494211875718e-09,4.3657701520222507e-14,3.0658306911226404e-12,0.5969115142020072,-0.00027409453995590877,-2.0453604794106867e-05,-2.4908523873289114e-10,0.011817447186674875,0.0004304410163047621,1.69913851597584e-11,-0.0023046964023408457,-6.398313963765777e-10,-0.006913006449371391,6.550472786377335e-07,9.002974071444317e-07,-4.487957743654962e-09,-3.5091313608407034e-08,3.18533157391866e-08,-3.042197741747292e-09,1.2889808825031511e-08,3.030575302477707e-09,-2.8387467323533563e-08,1.9170162688999307e-06,-0.02231705003976793,3.827613490630029e-06,8.101496610222605e-10,5.006477578355382e-06,3.7091030477708406e-09,0.028571160446558608,6.581418342444843e-08,-1.6910926181186615e-08,-0.004229691773761076,-1.3137662918804413e-08,-0.01589782886069955,0.00017955713119597008,0.21241728724350156,6.594601793997799e-05,0.016010187160532353,0.22389974944104485,0.00038398835676126103,-3.703712885593575e-05,6.764779570260376e-06,1.854065916906532e-06,0.00010013616860001145,-0.0014542652185000214,-1.4072522067129998e-06,-0.0011191339589428967,-0.00019255882609741046,-0.00037335727071977786,-0.0002221939883053107,0.08020780839981385,0.024579277387829963,0.0291025459765812,-0.04732424696671214,0.007839388992132525,-0.06473072175942725,-0.0026747531694170192,-0.19750500831215426,0.014607978803719973,-0.15928366192836094,-0.0003924375127326332,0.0001346644677014889,0.0038000309266434584,-0.0008482451126025468,0.023271910702217017,-0.005541048514652242,-0.06741738042060923,-0.05457920120698775,-0.09158964561418743,-0.017290641722026573,0.08163169832689529,0.22829455085326855,0.02779797365727592,-0.0026947069189303795,0.12128043120354505,0.001824069952798225,-0.19401304186446958,-1.796979699685741e-14,0.04471490822572973,0.028539354039605416,0.18337028465786076
31,0.0033326026356801782,-0.009694913009100711,-0.005377307818451545,1.2792714056747327e-16,2.9438919700317825e-16,-4.306339827657482e-17,-4.492314386175184e-15,-1.2364818001425852e-13,0.15578825399462118,-1.842203483769986e-14,3.7130971564895345e-13,-9.255573772061742e-11,4.0276414234827105e-10,0.6437283533243803,1.8357833861933393e-09,2.8390135787273635e-14,1.5079754905411035e-12,-0.46954299830936075,-0.0005384532130101275,-0.0003601402034523879,-4.627969965078417e-10,0.0011016807136316063,-0.00018727812514850837,2.8352250061839044e-10,-0.006165832740782408,2.8617476411010124e-10,0.005226383909374644,7.49904242303817e-07,1.710909686041716e-07,1.8165626789506907e-09,3.60374571243862e-09,-6.282121267041364e-10,-7.096188242525269e-10,7.650501972274196e-09,6.31673642995013e-10,-2.955509895321804e-10,4.182767399768246e-08,0.0011388618091978293,1.8290395103460379e-06,8.894528770850308e-11,-9.431287334573103e-07,4.024358791779197e-09,0.005632110794308994,2.398311574399887e-08,-2.9124992937604226e-09,-0.000878648901815903,2.107493951748013e-08,-0.012010457278828757,0.0001504002785429567,0.21492575929503682,3.652941394138177e-05,-0.0335235280575063,-0.2194738831696095,-0.0008383113571239161,0.00013645005773219626,4.758264512392641e-06,4.493896754392015e-06,0.00013336760299490264,-0.002670188003162598,5.343567169071702e-06,0.00099958905247783,7.043089140250468e-05,-9.438460441867331e-05,0.0016149716085876813,0.055131416724521536,0.08631338932689887,0.13084754896366324,-0.10174529743538659,0.02083830469521644,0.020069359937488523,0.006350862719189316,-0.0030859837192732343,-0.03818393588420567,0.045732767071987715,-0.004397056167521697,-0.0044779552334991285,-0.002258585068025441,0.11354076956796261,-0.09733475560010736,-0.03438919932684593,-0.12396751000599777,0.025901403120536907,0.0043765861201829626,0.03095602395547283,0.12943226532634644,-0.1393240439846279,-0.015469201621525666,-0.15558193934067113,0.09621524205682155,0.001450438349207938,0.039175324361207936,1.513180434364365e-17,0.19942529987080337,-0.2230845899756835,0.03238333409678017
32,3.926246521034985e-06,2.937482051505422e-06,-2.863959065105474e-06,-1.1108908330454484e-15,-1.016791493180731e-15,1.2087930421546885e-15,-4.9250430924651e-13,-1.1411167779015295e-11,0.018136763852221537,6.611733777733435e-13,-1.314484725358044e-11,1.9263976824131036e-12,-7.620641252055716e-12,-0.009124528304574645,-3.7362153445272264e-11,9.602779464039014e-13,2.7404810909605824e-11,-0.005751167987908763,0.005276456331454645,-0.0038600419988256605,3.964686156532705e-09,-0.4178415566203768,0.0003647137209036455,2.734468805425534e-09,-0.4425963654171666,-3.841223930449827e-10,-0.37180585115664355,1.9345380004245876e-08,2.7019304374774684e-08,-5.87181256777481e-07,-6.34958987120446e-06,6.117339515148293e-06,-4.1929250975009663e-07,1.1014147353452216e-06,2.291202186293675e-07,-1.1216769912996395e-06,4.893502512605169e-08,-0.005557785219062275,7.155662301624508e-08,1.4604208936183161e-08,1.008354931416871e-07,4.06383963682042e-08,0.035994535953124886,7.765886578855747e-07,-1.1448821839578789e-07,-0.005808535292790468,-3.503992578555754e-09,-0.00015872210941600659,-0.0004451916113910582,0.002766334790336265,0.001734392886862475,-0.026621420907600245,0.005550645547359177,0.0007774945957358143,0.0004193048208097291,-0.0009089334574973634,-0.00025709198033897377,0.0017356837507728753,0.0006061668633003964,-0.0001725199446874742,-0.007974696120746009,-0.005034069289927812,-0.010864494292756717,-0.004492964369858053,0.3752792679230103,-0.14455145015116244,-0.2900610399908371,-0.25069604441268384,0.05010807374761245,-0.07901700426827804,0.012047763454985875,0.14557439887713508,-0.07691936494053966,0.05230810846945977,0.0023002678415687985,0.008176830094760654,0.00530823774745246,-0.03136193127941604,0.07218392086693202,-0.006973313153008398,0.009601185340735884,-0.1600712148476735,0.02220062796758791,-0.018466662536218374,-0.18399738035935714,0.036414400021778585,0.04697254669491482,-0.08753797118298318,-0.1526851103739798,-0.00032748460696256773,0.05271606132321512,1.8902220092595494e-14,0.0786381969652946,-0.10786672949742937,0.13832977843827457
33,-3.7534240643689514e-06,9.988566348973333e-07,-4.124897680172771e-06,1.0728853062626599e-15,-4.2019859517838385e-16,1.7474679206154182e-15,4.898857558940753e-13,1.1370288796974222e-11,-0.014589889139756108,7.79150174168739e-14,-1.279436040048385e-12,-4.2493335582975544e-11,-1.9549972595372897e-11,-0.011809626595122682,-1.6530550649116126e-10,3.1331447278542875e-13,5.921705406032442e-12,-0.022749583178984612,-0.005867470269141736,-0.0017568317274886103,-4.3897739042473944e-09,0.5876534092041258,0.011992154104450783,1.447981565320348e-09,-0.1688719656751056,-1.7278430331418478e-08,-0.477820416769794,1.5676492715617253e-08,-2.4372656439263397e-08,-1.8960243697151717e-07,-5.082937654026981e-07,3.1092552140990163e-07,7.175146973684747e-08,-4.5305893138965765e-07,-1.83729527086694e-07,1.480796142911519e-06,-8.140422507949476e-08,0.003586803510810818,-2.406426429459397e-07,-3.2194370830310706e-08,-3.904239041671583e-07,-9.707269864046767e-08,-0.2978846118849525,-1.168114379395577e-06,3.3306486317005606e-07,0.04465925442030859,3.0328209677961593e-07,-0.0005147868952692729,-0.0012990351247140078,0.003965973217499731,-3.406737805734788e-05,0.0006408500025960518,0.0012611588160967586,4.430249613528331e-05,-8.403836657474073e-05,0.000597544829004651,-0.00027732730765308536,-0.0008948464949654039,0.0002469670243208401,1.3098947048954593e-06,0.0010190367118428033,0.0016296288943255352,0.000818514126063607,0.0006967929264205693,-0.1786236602305632,-0.012522947144746598,-0.03127799898097454,-0.010485530768155763,0.0074701548528073826,0.02580254498206417,0.014510171129235317,0.20436384310278174,-0.014509418870207524,0.2962625919136751,0.00062470909508246,0.002057627218346404,-0.017322043877025472,-0.006493342700463128,0.019539032520748068,-0.04841728425019131,-0.023310168693694795,-0.005835529654920451,-0.05214937642152465,-0.0945677666139297,0.08034992333602427,0.22328152383272812,0.16831651227840513,-0.03934316359587849,0.10454721954109877,-0.00205927418563797,-0.052270739154082126,-7.633590007985617e-15,0.05027045866091457,0.016360480365950263,0.15562839689531932
34,-1.6282580146891825e-06,4.7356416077506184e-06,2.626552090147816e-06,4.568650038728123e-16,-1.714142866171382e-15,-1.1548222515875992e-15,1.9893786531864165e-13,4.607250724563457e-12,-0.004760945527425848,8.022522396629446e-13,-1.5580945270131906e-11,-3.704969622329281e-12,-2.0009484639622698e-11,-0.019541211258167386,-1.1912217568523936e-10,-5.01893766432715e-13,-1.418420797047358e-11,0.01362111860333599,-0.002201276932507123,-0.006346842611176942,-1.6456890222491077e-09,0.18688684308216078,-0.0019433374073784745,4.734302427701256e-09,-0.5383516326527472,2.998303857941131e-09,0.42947002310814164,1.0404851299351631e-08,-9.211973218471806e-09,2.059521052772814e-07,8.994137404868159e-07,-3.345802449697876e-07,1.8107692969847126e-07,-9.726606440323765e-07,-1.7488143706879584e-09,-3.884816434162248e-07,-2.094279878148417e-08,0.00040672344515678324,-1.0931973787110291e-07,1.926436158986128e-09,-2.6164233720117726e-08,-1.1117948890832417e-07,-0.022849801972046217,-3.35904652757025e-07,1.521834697362344e-08,0.003978228571659645,-4.528406887309376e-07,0.0012314613806825195,-0.0010228976862892579,-0.023052243294004078,-0.00017920674729167283,0.004181627905343045,0.020646004935013645,-0.001111690770533634,0.001655969059169675,0.0002786523061188849,-0.00010318957180056244,-0.002538142403283885,0.0010848684832950478,-7.617129150977254e-05,-9.790015485132811e-05,-0.0011582774589405645,0.0007637218236637107,-0.0009616159758773382,-0.16929025770361475,-0.19051518476631057,-0.33365202758360535,0.2543768364085563,-0.05203839275921924,-0.2875948085259829,-0.017457952354437218,-0.09554504130099192,0.045929285632478264,-0.027030717595450587,0.01196825758860751,0.013288904815961523,-0.004011979308490785,-0.055981470711881975,0.08541585973820144,0.051109896788202706,-0.03958559603711174,0.05737671772895071,-0.06913567659735087,0.05830695435518778,0.1244065074003297,-0.13254111829035903,-0.0420348434206001,-0.06322290313979512,0.07929571209919321,0.002240441780934963,0.03485322040164546,2.0384805369646011e-16,0.2012020734089495,-0.1880667735390552,0.03707119571619538
35,-2.6134902302988254e-09,-2.9912163089557604e-09,4.080272187591325e-09,5.073240366077285e-18,5.504437936648367e-18,-3.407073463422638e-18,1.1179484354630688e-17,8.282177852280831e-17,-0.0003960190829635069,-2.7128769224524313e-17,5.907559176088603e-16,3.8031344817798026e-13,4.559088392485104e-13,0.0003673536041364168,3.2012231757480748e-12,-7.430689639450444e-17,-3.0728723497277974e-15,0.00041386517266440976,1.270065056546e-07,-2.2852566107951776e-07,5.903953129655145e-14,-8.132620643808204e-06,3.814929508314162e-07,1.6561429432864744e-13,-2.527511368660685e-05,-5.514280649227065e-13,-3.109425426694512e-05,1.06914751973269e-08,-7.132566063337393e-08,-2.438362013111941e-11,-5.751425480541287e-11,-1.0479886151169006e-10,3.789455821385143e-11,-2.873767338499013e-10,-8.98657968589682e-11,1.3340273451555576e-09,-1.4697001298689486e-07,0.02565158705282608,2.565998820623778e-07,-6.282778277940188e-11,-9.947255896878021e-08,6.156618774117109e-10,0.0006629827860175435,5.884948717282687e-09,-1.0617297346268224e-09,-0.0001016184674760445,-3.427777848449844e-10,0.00011376769155947952,-2.0575266798551713e-06,-0.001264970171194038,1.9171959850462285e-05,-0.042720583633842936,0.003159361683432015,3.588675267394972e-05,-8.316358734979149e-06,4.475813005898646e-06,-7.137900487144064e-07,5.7258012980561565e-05,-0.0017513419741783712,-1.5358022857813764e-05,-0.7564619143419254,-0.0014952634408953171,0.0006083717395544054,0.0006342412266500011,-0.0041625125983480804,0.00019094446036983554,-0.00023084197876752823,-0.0011435609871018203,0.0002667008641443522,0.001257832767534025,9.151553977390597e-05,-0.0037829259910539086,-0.020411812886376116,0.011064370748497197,-3.024781185697608e-05,0.00020327228756738953,-0.0005102537192256628,-0.026815211830079264,0.06594470185554514,-0.09765311994078822,-0.09129186638388073,0.4506292060620449,0.2878839347776117,0.007228126518440355,-0.11553026727104106,0.022589490458418474,-0.0113635692074489,0.064263162078081,-0.14045329538501178,0.0022796532341350585,-0.2366581863917609,5.610093020799215e-15,0.04338022290627585,-0.08565716058723673,0.11260842902095576
36,9.826733081598471e-13,1.3910152966834674e-12,-2.2446430340490854e-12,2.1798579871691038e-18,-6.479427132963961e-19,5.726308763821615e-19,-1.6991960050340328e-17,-3.6716331940682275e-17,5.883207344769736e-06,3.0238553481691687e-17,-1.712089349229533e-17,-8.776664870303308e-15,-1.0762031362810653e-14,-6.935108816023024e-06,-8.086162889571976e-14,6.719658815847769e-17,2.9210859815566203e-17,-9.280575075884752e-06,-2.5258269254400725e-09,5.66476157548369e-09,-1.2099026713074588e-15,2.482670364909681e-07,-1.119084467801786e-08,-4.2101746444200944e-15,1.0032053860878723e-06,1.5810904678552442e-14,1.383648308619961e-06,-7.015696087784501e-10,6.264820115699508e-09,1.1631156828033066e-12,3.017389629310621e-12,5.856318582291735e-12,-2.30997874987588e-12,1.954823195970857e-11,6.342428493560564e-12,-1.0833759892067807e-10,1.778469453743538e-08,-0.0027544091997200467,-3.4799390282522114e-08,5.829377334133255e-12,1.4767863895881633e-08,-7.250708629700941e-11,-0.0001259592354508056,-8.451235371674414e-10,1.5054100226687814e-10,1.91962205232109e-05,5.1399958271313225e-11,-2.8835351840163203e-05,4.3529047264181385e-07,0.00033671619543274635,-4.3865089849612e-06,0.013705451740291983,-0.00088002510901286,-1.0204690893703162e-05,2.8093411297084863e-06,-1.7999762821286716e-06,3.268508275477761e-07,-3.62663152733514e-05,0.0018046233568226868,1.1443566285102735e-05,0.6499417418798038,0.0012221893474776105,-0.0007415495009539039,-0.0015844694909761578,0.02975262337834804,-0.016288990467065164,-0.03127078053030465,-0.022636300055619802,0.004469078250614403,0.0073611194507310984,0.0008465848563789901,-0.01034524869091933,-0.03821209259929086,0.025175426783543668,-0.00011788082653911682,0.000779928124899436,-0.0012156575270445245,-0.04535910612837784,0.08126316524348744,-0.14301559199552258,-0.12388953357763863,0.5322267419859572,0.33533665679352226,0.007630776414973657,-0.10860211034062002,0.021124885926952757,-0.01842099225305025,0.09044314631265829,-0.13654139071326712,0.002388650674212616,-0.2695394344246286,3.155221547344314e-15,0.04047812907125266,-0.08256255815938615,0.10816460585808195
37,6.408071234008042e-09,-2.1097602483308943e-09,1.0309692556180573e-08,-6.332956592826239e-18,-8.538833055872626e-18,1.3037733801714314e-17,-2.1589311100259662e-14,-5.170874792128422e-13,0.001036316839976086,-4.347054744171078e-15,7.282581712746074e-14,4.8341806754426134e-12,2.279522257502407e-12,0.0010819086957914816,2.0754854558989006e-11,-2.0663889321684496e-14,-4.024856417196483e-13,0.002508615240309244,0.0005683879572777726,0.00021607495520189603,4.20973185717573e-10,-0.09099351524527974,-0.0017760974543901944,-1.758111551439553e-10,0.03525272773256624,2.537224582586366e-09,0.1140349262644187,-6.041017414872017e-09,1.396671615616032e-08,4.9175183375196186e-08,1.4785188936118828e-07,-9.775119448736952e-08,-2.5157314788539796e-08,1.829589216945651e-07,7.788841987718023e-08,-7.594583159729212e-07,7.703337227542265e-08,-0.002784601878245547,2.796744941353219e-07,1.9982280379944288e-08,5.424390881388872e-07,8.770178775943482e-08,0.7539768918323653,1.5171038523742633e-06,-4.217794964205764e-07,-0.11116339108301926,-4.3018528586964704e-07,0.004929797819241464,0.004694173812895742,-0.06312835026895107,0.00017188445705659534,0.00818948706795009,-0.04839087819593474,-0.004485073682310679,-0.0007448196331549424,0.0027500737849134376,-0.0009763396714258318,-0.002143502352044679,0.0004477088467647027,2.7889122812363244e-06,0.002002150340105578,0.0032865925074342535,0.0013998442731246428,0.0010286823450063,-0.24309648656627791,-0.016411652208615346,-0.04076556691678483,-0.01349875065455913,0.009591909942630865,0.03211991073780338,0.018379500591041924,0.2414860990649575,-0.016423868864188833,0.34347074461682287,0.0007597806710289517,0.0024998134575047472,-0.020184184830545435,-0.007246987921363071,0.020685166348029894,-0.05284493779504348,-0.025115002123607545,-0.006127492733289245,-0.054609226807825054,-0.09703986098565208,0.08033149911132914,0.22295815540574682,0.18667105101151618,-0.04265638690226524,0.1053394502876671,-0.0021096992916165313,-0.0544907226691944,-7.95626275105695e-15,0.05017153026854829,0.0164521696704206,0.15637567858918547
38,-2.3307464341363576e-08,-1.7442763115201626e-08,1.7018146788483857e-08,1.9133586454081298e-13,1.763081268788362e-13,-2.0168228763509632e-13,2.8451135755264595e-12,6.348854254541033e-11,-0.005325812367406612,-3.641893838152892e-12,6.98190866815824e-11,-5.184855993281563e-12,1.349246698316044e-12,0.0021867183882604817,-2.010103220097213e-12,-4.557785876588319e-12,-1.2192459513416035e-10,0.0004975536300031644,-0.011409590755689616,0.008543447600471547,-8.697150171670047e-09,0.40916679255742155,-0.0049892639398856405,-6.245070667123051e-09,0.43396812440072974,7.035025072767777e-09,0.36508298318484494,-5.018670390579607e-08,1.2141596541305907e-07,3.7777929883420313e-07,2.8473185475432186e-06,-2.1656116190245546e-06,8.897657765991963e-08,-6.869723027958441e-08,4.990137243382084e-09,-2.0570115273232266e-07,6.026668884063236e-08,-0.01855566048119414,2.0629496542543643e-08,4.624597602231465e-09,2.3339473554362563e-08,1.5179290545313452e-08,-0.013276055132138755,3.3534699061970326e-07,-4.501406245700361e-08,0.0016351534045194853,8.892305605434842e-09,-0.00033315002679238357,-0.000529878319021923,0.004914778512834739,0.0011629935099567383,-0.03673705690536899,0.008021286670688481,0.0008325328949299981,0.0003662315482139832,-0.0008824735482305807,-0.00016560621059582244,0.0016332230990258824,0.0006858090705702887,-0.00015633924594705035,-0.00905498541715835,-0.004746806372278313,-0.010345703160970124,-0.004763927340506314,0.38533287408232136,-0.14841662441966164,-0.29765304810302007,-0.2571747577195272,0.051270546779705224,-0.07897884689956337,0.011974814973601077,0.1436728940258223,-0.08576358578711718,0.053888140769811875,0.0023080991471815314,0.008478989199588423,0.005536755723456436,-0.038758402316897075,0.07884788566652626,-0.020321842481356035,0.0018816581488381812,-0.1654901836312659,0.024618557252794653,-0.01992075956290712,-0.18423765501830405,0.036479980729134956,0.04496499183518384,-0.08457090375392315,-0.14983970313791012,-0.00048282359091967805,0.05900505570529766,1.8303102552194605e-14,0.07935593394092665,-0.10686223297245649,0.1364419151688143
39,2.2282617032483795e-08,-5.916250174308058e-09,2.4469374423202366e-08,-1.83353952156891e-13,6.075884449862429e-14,-2.975230069949393e-13,-2.6785563174962446e-12,-5.973979058460929e-11,0.004496086980921102,-5.816666704969481e-13,1.0071657978062695e-11,1.8624713529872274e-11,9.063972943251718e-12,0.0039903542996477534,8.455183274182226e-11,-2.5397007430903283e-12,-5.6897691124641575e-11,0.008070399427853831,0.011208170497586956,0.003105566646017809,8.517709398174767e-09,-0.4842296728724672,-0.016409927489126327,-2.547669875224066e-09,0.12975118031278726,2.4016674052859344e-08,0.3521723811391316,-5.200157812550925e-08,-9.511164550989126e-08,2.3509695788782408e-07,1.7332624809423509e-06,-1.4548773570005533e-06,1.269786976570572e-07,-4.827184446770286e-07,-1.1327947813700675e-07,9.779392841992209e-07,-2.496731614559443e-07,0.005791993838741731,-6.162072434411214e-07,-2.5307169065192358e-08,-9.40324335715873e-07,-1.1122340472529896e-07,-0.559017092935093,-1.5905832204200445e-06,4.3169620801315457e-07,0.08308035780744813,3.808107226992193e-07,-0.0009566568204140389,-0.0030043643814213826,0.008551401065456942,-0.00022517764450617747,-0.002067860765120929,0.0008794816386740076,0.001556507433809363,0.0002093646069560053,-0.00025495617221220807,3.22504336870022e-05,-0.00044480103717443425,0.0002761700351649484,4.4370376529488385e-06,0.0008755516746094472,0.0010038823452638763,0.0008475118954585545,0.0006416006023063667,-0.16666908507553868,-0.012757302738556674,-0.029110465239584438,-0.00032169322135637275,0.0050355295188870145,0.028000547044744004,0.013143958695585625,0.21082601635845094,-0.014887958057388385,0.3013930606685174,0.000671855891534497,0.0019253730767411475,-0.01719995426266673,-0.006460213489046798,0.01835635990958205,-0.04868857483682843,-0.018568670350074062,-0.0010447202683164928,-0.047346849429158185,-0.0990783860789843,0.0803325149317106,0.22311130683730637,0.1668386947260871,-0.039830354323936466,0.10274996209037962,-0.0023402759844210913,-0.039122673505424393,-6.047259796978594e-15,0.05079099353522152,0.015308589425232723,0.15274963137581027
40,9.670500217477659e-09,-2.8108600370291096e-08,-1.5584713201135462e-08,-7.955966031284106e-14,2.8595262234766633e-13,1.8674067780459442e-13,-1.1405323479551497e-12,-2.541427966748816e-11,0.0015669864113376523,-4.666720198382045e-12,8.782663991736717e-11,3.948668988591207e-12,9.38919761658071e-12,0.006408514313714262,6.470981943362737e-11,2.6359972426047114e-12,6.981815327235128e-11,-0.004072266845472789,0.0047725025527392976,0.013813133707291054,3.6195230496203783e-09,-0.18296042018753592,0.006213751979208029,-1.0444868873870026e-08,0.5274335439145951,-9.400000927889291e-09,-0.42120564943884475,-6.28017068868158e-08,-1.5658450308918635e-08,-1.7210716274108233e-07,-5.917417395683611e-07,2.243043823090749e-07,-5.5807558376073606e-08,1.5853364214895446e-07,-1.0986472365074729e-08,6.85290666114476e-08,-1.0454702386872855e-08,4.825325276923073e-05,-1.9140983390658928e-07,-8.19815719916925e-10,7.530297116645746e-08,-3.5327646222905683e-08,0.008995224671037892,-1.2331709634793143e-07,7.617834980443733e-10,-0.0009650459600856824,-2.162742699475807e-07,0.001992463575074493,-0.0004883322273202964,-0.035835182150945874,-0.0001087933249707871,0.006111256165780071,0.030924896922934837,-0.0008779424592876911,0.0012154379236998215,0.00031179153798528155,-0.00011668678729845112,-0.0022730011890897163,0.001225316272547684,-6.804359755254804e-05,-0.00012499673891526913,-0.0009609833264672845,0.0007415933635788944,-0.0010413387036355521,-0.17477019110700803,-0.1967321384551364,-0.3435620754960043,0.2621619725407281,-0.05357836839160484,-0.29132450860636366,-0.017794353172655805,-0.095177131274285,0.05066664874675239,-0.028533620552713402,0.012524009082832632,0.013897360874143446,-0.004124875889682837,-0.06775265953338888,0.09864852688823088,0.056190182455531076,-0.03164963614275801,0.058828088349156135,-0.07408092873624658,0.05974435875004343,0.12376599137983221,-0.13185627739095626,-0.041413165658512295,-0.053945517651297195,0.07758304143269444,0.0022784524189753234,0.033771099208182984,3.1414960772266256e-16,0.20111550499589162,-0.18445712656426574,0.03736423784143594
41,5.707527736119515e-12,4.273156401723497e-12,-4.173447073525809e-12,-7.778354415088689e-10,-7.174611084868319e-10,8.233464021364326e-10,-3.9178131269615587e-10,-8.403826680032518e-09,0.00012176047723824542,4.80520699356394e-10,-8.867259975534732e-09,-7.778103265396982e-13,-9.389014847736135e-13,0.0001553070393281853,1.0386200515957904e-11,5.338660905076885e-10,1.3394914941200926e-08,-0.00017577947631452562,0.48650017861768474,-0.37046437653267505,3.789969069778454e-07,-0.00028709755559215767,0.35927647806252705,2.819837530870164e-07,0.003174928146853741,-5.244156613135095e-07,0.002717155383519486,1.6582132692902074e-10,-2.13599781766156e-09,7.046301689745246e-06,0.00011117619165689438,-0.00012024904535355706,8.940392304027072e-06,-2.4271268699105075e-05,-5.0765229641507374e-06,2.3244179113168446e-05,-2.7445060337246445e-09,0.0003932972297564075,-4.2764070272761545e-09,-2.495445191358091e-07,-6.699421606774768e-09,-5.570470615225235e-07,-0.003123981328137337,-1.1547434125661272e-05,1.272483071635973e-06,0.006186345516472209,-7.078098503312153e-07,9.382404232057086e-06,0.008207370082164886,-0.00021668580329655123,-0.023993176385344935,0.0024357383993810983,-0.0004110736768455531,-0.007003984621111983,-0.0038439682747211023,0.005809970574138323,0.0030164344664050935,-0.008523424544644432,-0.00010194732924013066,0.0009270566709816707,0.0013329813133283227,0.02158545812914972,0.03788123699320419,0.0012915964604524575,-0.17469167702258612,0.05755238622815011,0.11044970562078248,0.07442845571855393,-0.018647988818088455,0.043993874102201805,-0.015185898509094202,-0.13753564295135018,-0.21187549676454873,-0.02958663746211333,-0.0010717094250546745,0.0026747507925466633,0.007754136254504257,-0.18308627700561583,0.2003289996123522,-0.3241158603226171,-0.1853146824163585,-0.2251021348984209,0.07636002824901626,-0.04604657338341905,-0.18366389256896457,0.03572319895247606,-0.06594278998015185,0.04981602523471896,-0.06707616303810715,-0.004051315235361942,0.19224764394781169,5.022142887935109e-15,0.09471596788192986,-0.07352885050276683,0.07748153547407839
42,-5.456802868098354e-12,1.4450984353599077e-12,-5.986208292804917e-12,7.461384864765292e-10,-2.470070834150616e-10,1.2074480517922392e-09,3.6605442154411944e-10,7.84436717644184e-09,-0.00010923707572929501,9.863166208832303e-11,-1.7129890960094448e-09,1.982646779121955e-13,-1.3260977859512548e-13,-0.0002944099841603635,4.3213979464946575e-12,4.2851716994397164e-10,9.809393562505688e-09,-4.157235223145478e-07,-0.471492819721516,-0.12560221716202333,-3.659718042731114e-07,-0.00942166883910178,0.5071884007600823,1.0272390230368782e-07,0.001566175123689786,-7.614566850845993e-07,0.004400859998201572,3.107146398522594e-10,1.9102777614824753e-09,-2.685839943039677e-06,-3.0845785163365186e-05,2.223663953443041e-05,-3.490458286748059e-06,1.4395907888730436e-05,4.904180474885318e-06,-3.572723094074509e-05,6.191146446506356e-09,-0.00020845005770501088,1.75745157015639e-08,7.075333571518635e-07,2.8556264381041536e-08,1.5072698033980093e-06,0.02083509666836381,1.2020908105500758e-05,-3.8859332086734925e-06,-0.016350524692716757,-3.80842026705159e-06,3.6361695289907205e-05,-0.010180344008557544,-0.00018087669180960413,-0.004482929996209765,-0.00041125542929354035,-0.00024432837077714367,0.022527713993970397,0.006190304962153147,-0.018082399693331645,0.007448951039402277,0.010376932150767536,-6.096074183247131e-05,0.0001410247552587787,-0.00045647624644243356,-0.0158986540137158,0.004527272001819595,-0.0007498500766909677,0.3416267902719571,0.0163562684416722,0.11003356701542931,0.3778482498231167,-0.0902589616711771,0.0026248591704915603,-0.05190665595624168,0.028157977746589836,0.011246850490865634,0.03205955781004047,0.002126498830806786,-0.004299855504923618,0.006526213892897162,-6.041570788073661e-05,-0.02159591556957144,-0.010151276535733278,0.10723303715914682,0.1303732454820865,0.08589222799030957,-0.17913260883898738,0.07761251237578153,0.20976780952726257,-0.03210317465696512,-0.01682530690677186,0.05026738417154324,-0.008489587340019693,0.29457330910025964,1.3534140329814127e-15,0.06199169073532285,-0.012039544879708286,0.06698450325796235
43,-2.369023829535099e-12,6.881895676592925e-12,3.814826990793309e-12,3.235163036313817e-10,-1.1628393215612076e-09,-7.611933355620003e-10,1.554763901944657e-10,3.3285382291851737e-09,-4.1763950426272534e-05,6.434609448951713e-10,-1.1710817828342217e-08,1.1644701275509124e-14,-1.0284368625674578e-12,-0.00025470164905824956,2.059025672326737e-11,-3.4102334934791973e-10,-8.493902818824472e-09,0.00024847602988811534,-0.20328833430770238,-0.5912456151159222,-1.5725377293667408e-07,0.0014819036649761396,-0.3347706943176281,4.5671063927322504e-07,0.0036978122982142484,5.05546191447719e-07,-0.003096351299381461,4.5312772502767117e-10,4.5384199929496876e-10,-8.735657772027608e-07,-6.3728487149119645e-06,-1.1321025069920321e-07,-3.471065032292421e-06,2.132426871377854e-05,-2.323011332362497e-07,1.1835412396040305e-05,1.023928915210252e-09,-2.291883719525295e-05,6.708581611828232e-09,-1.047328941145646e-07,1.5416833021951219e-09,2.2746804307387452e-06,0.0009321552115527473,4.605231678816254e-06,2.967615875292605e-07,-0.009010930401819207,9.390032509171417e-06,-9.025795545463617e-05,0.014766020983681695,0.0017699343611861007,0.002594756560561047,-0.0003780456731834786,-0.0016745679424219606,0.014128506113848234,-0.01898394225604749,-0.0012685726117613024,0.0003188702003815994,0.01588378167266135,-0.00018375044117927548,0.0004526743272916884,-4.284792280721929e-05,0.008536119357779681,-0.0024438387273901245,0.00017417103921611588,0.07813398508428183,0.07191652066425518,0.1341090273323451,-0.08389407475889056,0.018374729905208973,0.1456499096741418,0.010727890538532367,0.07813908143125622,0.10903333876784929,0.008391627781022695,0.005770607970265907,0.006540523130031995,-0.003613684951662918,-0.28909491944737287,0.3685474944126551,0.13148138808023946,0.18194943858186208,0.06605064250994656,-0.1632698965532581,0.07570765611808847,0.10300355888214181,-0.109894897885372,0.026944682837795306,0.20848304909473406,0.028190889854658972,0.0025522193497791953,-0.007831589596585605,-9.81701276669901e-16,0.19332302278408142,-0.07875546540364203,0.04260090065616874
44,-5.492745519514088e-14,-4.114805290332548e-14,4.0248598960310545e-14,8.01384640026052e-08,7.39983267404859e-08,-8.511851183829811e-08,1.2668966513263996e-09,2.607195469541925e-08,-7.152339663178129e-05,-1.4976294765090324e-09,2.65700805649019e-08,8.7595687798374e-13,9.355201246516228e-13,-0.0001699135661018614,-1.0109734971892697e-11,-1.5300944767603572e-09,-3.611217445333172e-08,0.00018343821351838997,-0.48336728852496386,0.36827381674829973,-3.841482804450949e-07,-0.007831055411989273,-0.35696247295792455,-2.890861795744661e-07,-0.011958203217632968,5.347571155306207e-07,-0.010278776276973385,1.2839612752386416e-09,-4.219681893033932e-09,4.3318793941945544e-07,1.4394384179682714e-05,-2.0257004208234316e-05,2.3407624681076307e-06,-8.717840213831163e-06,-2.170368896439687e-06,1.30072552674349e-05,-3.591375549041148e-09,0.0007015934973167355,-4.345268581636109e-09,-1.820890607568919e-07,-6.718495258280353e-09,-4.2917069019948366e-07,-0.002946193992411926,-8.257359397664294e-06,1.0646340227716363e-06,0.005251471972385711,-2.3586206557064127e-07,1.4463896036369372e-05,0.006674553737404513,-0.00029090729632081264,-0.018367991863455058,0.002970435805356835,-0.0005286018552685497,-0.006487328158011272,-0.003427043514831502,0.005508659235955642,0.0024553092880216718,-0.007940293361459527,-0.00011133176486073294,0.0008479034786408689,0.0014664525456909731,0.020230252230034395,0.03570859076794801,0.0013657455971128455,-0.18233906194499877,0.05973437175795563,0.1144134083427105,0.07634252503403231,-0.0188412612814006,0.04521268202407575,-0.014808642908671924,-0.14036868273133227,-0.2098951186769954,-0.031007115954336167,-0.001132865934765091,0.0024514496803552483,0.007543402565689933,-0.18255139654763197,0.20087891224026092,-0.32603273474930183,-0.18759058976914975,-0.22457016470114266,0.07684517887992523,-0.04627112205692907,-0.18368010776146157,0.03570302322023348,-0.06726681956699865,0.05235512475056043,-0.06488731733377609,-0.004111848568178973,0.19341453455217492,4.968990427076247e-15,0.09499270911076368,-0.07252148049885966,0.07582154346675343
45,5.252888995947828e-14,-1.3871015848538134e-14,5.755033127808378e-14,-7.697315215803149e-08,2.5457689418213735e-08,-1.2427148145897561e-07,-1.1722136572991112e-09,-2.408769708773332e-08,6.620454276361982e-05,-3.6822281837010605e-10,6.2887561289377574e-09,-4.422079160800603e-13,1.214073707340176e-14,0.00025355563534772634,-5.5826448550605085e-12,-1.540613063683978e-09,-3.459487304097689e-08,-8.974924127350328e-05,0.47417814989338775,0.12679152275302058,3.7452714386224075e-07,0.01872616119898307,-0.5128763285863646,-1.0484795032462189e-07,-0.003893625416298534,7.78106723663928e-07,-0.010401562518652525,1.4058613406743513e-09,3.4300426876064417e-09,-1.1007222098403163e-06,-1.8507438068565246e-05,1.92203590889548e-05,-2.0379779506342007e-06,8.05047826062559e-06,1.90428162564193e-06,-1.4609025373549868e-05,1.0080956047687757e-08,-0.0002860786214961908,2.6899041974340518e-08,3.2799128530655246e-07,4.2627914562083826e-08,9.795609861148346e-07,0.029232706716150456,8.467420231836088e-06,-2.5006708291746264e-06,-0.014300649620628606,-2.0688584782785232e-06,5.008864485324328e-05,-0.007395176767161371,-0.0003113465144212627,-0.0023268337388193663,-0.0003687042884923032,-0.00023897676633439593,0.018494009533457496,0.004862028217528434,-0.015526589093087283,0.006366235965168579,0.0096578026472412,-6.351900636635699e-05,0.00011569345167871984,-0.00046287975164521615,-0.01480417107824229,0.003627244420315206,-0.0007437394705201054,0.336008146058117,0.01608777100904693,0.10747978343299444,0.367262826151247,-0.08790030460967847,0.0021429673343703226,-0.0509077122306327,0.023511395653341486,0.012748484622645545,0.024360461231142518,0.002104561642998318,-0.004277201435227374,0.006867107410933857,0.00021229443123080882,-0.022394927548978368,-0.007765200119581748,0.10934680528712883,0.13267664243563856,0.08808545853417217,-0.17991525427305624,0.07749024069505647,0.209336228017051,-0.03614154370738643,-0.01577476421936553,0.048832242845939976,-0.008588187255817578,0.2997990150188472,1.6721479911872376e-15,0.062179193468484675,-0.012669934324424403,0.06463641041333495
46,2.28057336148145e-14,-6.621288785726302e-14,-3.670197919865638e-14,-3.332554389165798e-08,1.1987199789832626e-07,7.861040018806218e-08,-4.96116855281233e-10,-1.0182798680521099e-08,2.590419668087892e-05,-2.0730700154149034e-09,3.640442401902159e-08,-7.95805145091381e-14,9.00433877322399e-13,0.0001885476006368216,-2.1400146406622187e-11,1.0663613624079175e-09,2.5068288181440594e-08,-0.0002099862204404363,0.20196970838112252,0.5876582635125883,1.5889202085990108e-07,0.002140656789127165,0.3324958282664895,-4.6347795821980216e-07,-0.014261257264730211,-5.088542418039145e-07,0.011690331602797092,1.718101875564467e-09,6.903957991776015e-10,-1.8242409342682317e-07,-2.636949085422762e-06,1.5490982253967576e-06,-7.901583443117571e-07,6.081166946097521e-06,2.817959763397818e-07,1.9936302751188744e-06,1.1105756281414539e-09,-2.247524291394376e-05,9.622918983386973e-09,-5.8271639354699794e-09,1.20907627471391e-10,1.3152307047727737e-06,0.0010591886016918658,3.324143693707847e-06,3.4710087171733444e-08,-0.006842171906022492,5.863020071785761e-06,-0.0001197518508144984,0.010603033489237539,0.002295509807362338,0.0018248707413890738,-0.0004712039047872542,-0.0021196616244072933,0.011761086085381563,-0.015557528896255456,-0.0013873385515268304,0.00039382806448329553,0.014372044942708696,-0.00020142798038610778,0.0004129602184693979,-4.081765613979896e-05,0.007626401446993758,-0.0022572611480935686,0.00018686235228265066,0.08180621852071342,0.07492108299574822,0.13963509476260938,-0.0866508895318174,0.018858481411145198,0.15020112222727972,0.010710373891719353,0.07992911936891453,0.1076971360293887,0.009168546878003853,0.0053718214293403755,0.0060710908942093085,-0.003466467190665443,-0.28769055697108553,0.3704794932428605,0.130960023846343,0.18456535329416943,0.06571296678043911,-0.16375237079457441,0.07558530360123192,0.10251314100610591,-0.10936842793129802,0.028033563199319992,0.21133516368719865,0.026908012538520966,0.002542802601434345,-0.008685630672907119,-1.2702849144632205e-15,0.1930483802416684,-0.0758870538700688,0.042623024871750015
47,7.882249301711959e-20,3.1253727280740885e-17,2.3981408669282303e-16,-0.4893853055926554,-0.36564112458032855,0.3558986131410404,8.024630784288966e-06,0.0001524387435174785,-9.727754340717842e-09,-7.298219510251644e-06,0.00012022519230903525,1.6509444966682935e-16,2.9483521311208383e-16,-4.101143865378255e-08,-3.215534605017249e-15,-5.888218113948988e-06,-0.00012504293569740455,5.5478069692460116e-08,-0.00012094519099140902,0.00011714913694317559,-1.6316570118170973e-05,-5.789733647983632e-06,-0.0001367407270388957,-1.4260750304954022e-05,-1.0576971849632288e-05,1.6993268782120958e-05,-1.0725842979235545e-05,2.9174723947718084e-12,-2.893553252590923e-11,0.00278930356499859,0.039128576587379796,-0.038968170179211205,0.0025161044092865434,-0.005624156511093935,-0.0010799413719458466,0.0036031591951958303,-8.531052229545996e-11,7.890708461615549e-06,-2.3581204927600807e-10,-2.4631526365152726e-05,-5.462690577726929e-10,-3.191342544066128e-05,0.014793295897404671,-0.0005596407996845364,4.293327597072518e-05,0.10264254883875783,-6.391665237118468e-05,-4.192966122963224e-06,0.13532392874420957,4.2532126037086914e-05,-0.40437587329958297,-0.0003451937263598524,0.00013114677088641092,-0.01755620825610718,-0.004678346966059364,-0.0076376145654803084,-0.007641158014587986,0.03287834177781734,1.762812911929175e-05,-0.004674318322185535,2.7482657368592312e-05,-0.09912154247634533,-0.1968282502790678,-6.484984895855268e-05,0.02345035389376529,-0.005400724155568856,-0.00785603861282232,0.009853598761433036,0.013519951939639436,-0.006284024149828625,0.041522105224492456,0.03949633210597989,0.2748789124926037,0.015053343162704408,-0.0008334812538698448,-0.020670660092241857,-0.010369578023383777,0.17191011280006854,0.05291552147660207,0.010109323712232509,-0.1904428444655608,-0.034057599207308796,0.019303697411614553,-0.008270003520753761,-0.18124815824835525,0.029964801670380237,0.003127135550704944,0.18193929113520088,0.12372902358735678,-0.005481129610103005,0.04612267726241513,1.2028728843877878e-15,0.11690209161371755,0.02124902628349989,-0.07069718891047783
48,-7.545091224112811e-20,-2.982022382062896e-17,-2.289711559371751e-16,0.46804308294667835,-0.12496620592859436,0.5149034941145982,-7.187156153825571e-06,-0.00013608008092612714,9.111298993161935e-09,-2.0606747947035505e-06,3.329245376076645e-05,-1.054046152566714e-16,9.054776087452113e-17,5.560206198539619e-08,-2.0453903740252758e-15,-6.940162867999147e-06,-0.00014502217854905994,-3.723117269959153e-08,0.00011844660565941236,4.028181723746264e-05,1.319220740713843e-05,1.0315347533973349e-05,-0.00019660883657652097,-2.6431628167925227e-06,-2.9342490176106583e-06,1.2851168728287306e-05,-8.578174716438896e-06,3.892978118998924e-12,2.568513621389537e-11,-0.0010668880729494128,-0.009948100193695814,0.005748065613429019,-0.0008331060174675615,0.0028626964896249036,0.001041858961036319,-0.006227364809697625,1.721412782543842e-10,-4.570095127790817e-06,7.036481460141357e-10,9.82262047929397e-05,1.5879114423529715e-09,0.00011109234864102653,-0.046842056670085994,0.0005673591269214798,-0.0002196019158516151,-0.3225297559727446,-0.0002469061927058196,-9.148807113311692e-06,-0.21915911911853894,0.00017528332171046123,-0.15068241697598606,0.00010498296272317586,-0.000408626396138941,0.13708100903920975,0.021934193848609236,0.011744649701247903,-0.01586762234411245,-0.03047444910140686,1.1136460148753949e-05,-0.0010925603968326004,-9.989247004521842e-05,0.05640516599780899,-0.05623660961947499,0.00010553380292309079,-0.04868004164850172,-0.0016315608663478806,-0.01500287329094504,-0.06009762555275833,-0.0032127686765924196,-0.0025152527295711218,-0.045866286734220836,-0.02997223461248308,-0.22744693247575465,-0.007108697026396158,0.009634634715253762,-0.01801697468002352,0.12571875512897102,0.017150403764416438,-0.010661484988356375,0.2999282166613875,-0.16412242703828517,0.01823564438607888,0.03285264575577797,-0.012845189926491085,0.06099828428975562,0.1567076289705731,0.05511351082218555,0.15863267063197928,-0.0891024509262482,-0.005991447279858977,0.07240769667374393,1.9832085273866012e-15,0.07372244506088982,-0.057857624592149354,-0.14672397446578014
49,-3.2789737301072296e-20,-1.289022709707799e-17,-9.904250152598615e-17,0.20344657967943047,-0.5920420559783458,-0.32848655551692774,-3.0876000368691994e-06,-5.8420420118522246e-05,3.6208723285561736e-09,-1.0387789156328327e-05,0.00017002851496123868,-1.4332152201953542e-16,2.0622062571254294e-16,3.841153997180666e-08,-7.136044708320513e-15,4.46542603321178e-06,9.506100841212231e-05,-5.6251238235206036e-08,5.0531649367340534e-05,0.00018689841736293337,5.536061082494768e-06,2.0249727641692206e-06,0.0001273090578033746,-1.6109209231775658e-05,-1.2467724201885295e-05,-9.152598990795345e-06,1.1869030472803359e-05,5.0381756232881745e-12,6.707548831143055e-12,-0.00031529614322030753,-0.0016946274626931804,-0.0006322835831716978,-0.0009813077359182307,0.005219101191096626,-0.00011257476779711351,0.002617305864424946,3.9574940000750486e-11,-7.681201639653691e-07,3.1644710394737483e-10,-2.2142874383364933e-05,3.0144392460797957e-10,0.00020155315985998467,-0.036164617412483446,0.00022007908379569253,3.78596994854171e-05,-0.23151787339525795,0.0005316420666052273,1.1027173288453104e-05,0.35331044610384754,-0.00010392594315015752,0.05453250891170184,9.87935401120755e-05,-0.00013639123350085518,0.09095071167947646,-0.056167261162796356,0.0029930284471242825,-0.0003919895019860825,-0.07241958036926625,1.0317113656263774e-05,-0.002342072621085822,0.00011884432838020205,-0.05322327101213418,0.015454728039174675,-5.294586068307205e-06,-0.015899379242129644,-0.010006393242102441,-0.02104656674809115,0.0015025280923033372,-0.005485498913364859,-0.02678572070809487,-0.0175238477607188,-0.02600731417754718,-0.16978833286636882,-0.007022917534278139,-0.03601176160325051,-0.03956618386920168,0.006262774781692521,0.345341864810176,0.11562743904569202,-0.1138675007791375,0.17457717383551,0.007789751205890438,-0.035847516710943356,0.004766959575225497,0.059650764550841465,-0.06233882531649718,0.022087570914248313,0.11081344039547492,-0.08136695858075343,-0.00046478076279500726,-0.009584098599999445,-5.180398422538169e-15,0.17083648867466478,0.16811605367400337,0.03952765664861352
50,-7.62773499761751e-23,-3.2016733118918674e-20,-2.457054204938211e-19,0.000501397395276126,0.0003748548845934716,-0.00036509263746443515,-0.0006595383069101791,-0.012119492497840868,4.841674710409932e-10,0.0005825341599120346,-0.009306845529785852,-2.0627506737725175e-17,-1.9215743551981236e-17,2.995077956977231e-09,2.466915456939959e-16,0.0004580987992309099,0.009346866753700162,-4.734511693290022e-09,8.976863150738118e-06,-9.563647195903408e-06,0.0006224405817724243,9.86425717821727e-07,1.2448984148808668e-05,0.0005117473787397384,2.484109990869031e-06,-0.0005596861341417869,3.7944536081922156e-06,9.356241047516808e-13,-4.6008140061807036e-12,-0.04420371918434213,-0.5701411471420514,0.5383741940175972,-0.03045961120673492,0.05796258329925977,0.009633502564696791,-0.02231849975408021,-3.758459822582633e-12,5.426816612359832e-07,3.141789673627885e-13,4.8977223517374825e-05,2.582761819281629e-11,6.274779333815664e-05,-0.004147530961788931,1.1299424710583088e-05,9.875921025947837e-06,-0.02752460870052588,3.097118378528966e-07,3.468832250328663e-07,-0.027265546373707344,-3.199622656993062e-05,0.049294657471153996,6.769637111532105e-05,0.00010402497740932727,-0.046435836831504713,-0.04931503801457845,0.012069433515712788,0.13824944166777933,-0.10997278208901,-1.6142076742388918e-05,0.006334788717471338,-0.0004243496462661397,0.23977300837591367,0.3843956422646773,-0.00023132384100090143,0.0308234589527023,-0.00745645265077581,-0.01247945523348316,0.0014740254671510636,0.014786175612487192,-0.005894120053901648,0.004079317121565794,0.03149686717318289,0.1669601749863799,0.009444874450390918,0.00557681904394545,-0.0003931082653228684,-0.02181473686089068,0.10759466493915078,0.01712249324885689,0.022223307312676337,-0.09299325355385166,-0.0015572559515424121,0.004989382191650487,-0.0020350920099720723,-0.1746920866164194,0.027608907123806255,0.0051405324181848615,0.09836285675625499,0.13653798316611362,0.004652513291177173,0.012701535269614428,1.0829442947043486e-15,0.11570895664908015,0.030950387736745813,-0.08162223340294444
51,7.277905844268508e-23,3.0454777397773854e-20,2.3382599634490296e-19,-0.00047798088307089313,0.00012760070703359325,-0.0005256966124123151,0.0005751929943700148,0.010521272006961638,-3.872395246506422e-10,0.00017731926419309275,-0.002792172275163092,1.0735309609882006e-17,2.9060853812846953e-19,-2.9875977231030565e-09,1.2279145968707458e-16,0.0005730333061468811,0.011567917720169437,2.86518618853396e-09,-6.869160978079553e-06,-2.2740949441042632e-06,-0.00047066532042294593,-8.829283612850476e-07,1.1252451866777467e-05,0.0001222513082431686,1.840530120265809e-07,-0.0005110233682031642,4.7560506894417075e-07,-7.750510952154992e-13,-7.675885867971744e-12,0.010477632781593162,0.054711569723287126,0.008833066622918204,0.004293216297639755,-0.016466020907827447,-0.01002652168762596,0.05696721490455947,-8.24117430584946e-11,2.0520888495968773e-06,-4.2148783217720597e-10,-0.0007832200177194269,-1.0954589183822963e-09,-0.00047252381788902547,0.07101004962335385,-0.00041363170394740343,0.0008974481136087368,0.4732755145210884,8.158082953717196e-05,5.5108433445030075e-06,0.21523108811842676,0.000231862699117599,0.11772529040931945,0.0001417077968319405,-0.0011895709933094389,0.4254371862782889,0.24601341609557006,-0.45275447517640505,0.22302441735652456,0.05693522262885631,-1.742943884252049e-05,-0.003074695496142955,0.00046016195845713153,-0.12862641177173656,0.22453090920632027,3.991179392584615e-05,-0.03404340448453359,-0.0021440165450380038,-0.012513609826896557,-0.04173866150237916,0.0014065339175085394,-0.001842529447493911,0.009317637444921284,-0.015452139102946825,-0.12939055775319017,-0.007678761615878184,0.010062489688322176,-0.004131047236947552,0.026219918988695867,0.013372831769037377,-0.0037168203937831172,0.16646254237506325,-0.09768808627708968,0.0005050773796716011,0.013628451583324918,0.009594073632286636,0.05795721662793037,0.14539824720315522,0.03257077539521568,0.09074237253750739,-0.09932276266687752,0.004452438981015021,0.021809058024796872,1.302949439649142e-15,0.07265656671325761,-0.05830804882727894,-0.16030269029381075
52,3.163661426123704e-23,1.3170616158732676e-20,1.0115028715354451e-19,-0.00020776717984290197,0.00060453555634934,0.00033537877051558975,0.0002501466716099435,0.0045751708182704305,-1.5671270178373271e-10,0.0008370494595860095,-0.013302181064414841,1.9153954276953923e-18,-2.1224187154137415e-17,-1.9259750851767147e-09,4.366366182892624e-16,-0.00036084190256547097,-0.007381498724378846,3.146836819208942e-09,-2.943526122692077e-06,-1.0870663435063558e-05,-0.00020372895108091053,-2.3716369790430617e-07,-7.4010192593182706e-06,0.0005936146192394897,1.216082490659161e-06,0.0003297180541051301,-1.2311258351164712e-06,-9.977992599915007e-13,-2.8320764847320232e-12,0.004022772775190243,0.014273517277266275,0.015732310844071902,0.012552218444895654,-0.06015688404635114,0.002516051514797611,-0.03192312344505011,-2.936646036210653e-11,5.646021193350558e-07,-2.2720295623259174e-10,0.00026894486855795306,-3.87602586679111e-10,-0.0011072488176609911,0.05399136270008454,-0.00019443459345111123,-0.0002709667992315508,0.34648427836882795,-0.00028299707900753787,-2.5286647012234078e-05,-0.3664223628489863,0.0006302599819763431,-0.03251156720198348,0.0002877835665496028,-0.0012162044333071263,0.2713173341914804,-0.61265575066387,0.05367224521338319,-0.031714413479315785,0.32444496921011307,3.154012835871437e-05,-0.0020805532243216907,-0.0003994421589586129,0.19574452010369978,-0.053931108509618415,-7.988825109407547e-06,-0.011140771080780456,-0.00780942965563911,-0.015639596398881517,0.004556006497427047,-0.003985227504553403,-0.018642343817054718,-0.002895839640280107,-0.017019985110551757,-0.09144028267888,-0.00334622246859068,-0.015777816624884387,0.003957919646436681,0.013558410128922447,0.1919678795252081,0.04008138898450891,-0.06497093793861823,0.08060894710007772,-0.0012091300828788337,-0.007845158913155981,-0.005325592775600271,0.05267752760941675,-0.054688048220689116,0.010375040238559117,0.04907752332074219,-0.08742026896074874,0.007039444028149796,-0.004369180200478236,-5.247409464702774e-15,0.16333758164718334,0.1835126636232459,0.035966922660049146
53,6.279952311224587e-26,2.8016666318951986e-23,2.150402620837079e-22,-4.38811620028769e-07,-3.2825515370271637e-07,3.200031760123208e-07,0.027248604599963307,0.48282356530530635,1.0052690803675093e-11,-0.0233219936537544,0.3602246121028316,1.6852605659835174e-17,-5.354104056959278e-17,-1.7129888870250346e-11,1.7285424389503512e-16,-0.017985209081673035,-0.35125299581234093,5.644495738860248e-11,-4.7416994654302914e-08,8.645861455830969e-08,-0.010127650110024042,-3.878745130015102e-08,-1.6672479023182224e-07,-0.007586952882794387,-1.4238949120662726e-07,0.007412873016344077,-3.594850797828663e-07,2.5783498617480796e-13,-1.3248260473502326e-12,0.07099111196622401,0.2484793548751017,0.186783958030895,-0.05923277461381008,0.23022657784046996,0.05478046775782439,-0.23194331006766658,-2.6193582816389185e-12,8.206329611505807e-08,-1.3922329658259109e-11,0.0013884104707161272,-4.000018138421096e-11,0.0026448492269548008,0.004389599512619067,-1.4771296985299447e-05,-0.001739702581420999,0.02878221361193714,2.0828806573970065e-06,-3.446004802898741e-08,0.014379720280050093,6.041277099817588e-05,-0.00020309127748578047,6.792324610377934e-05,-0.00028943763279847673,0.11164404802125716,0.11140458910258381,0.11161464116099643,-0.3703595043669386,0.08493112114279679,-1.2966057483305585e-05,0.0007763240292273492,0.00012544982311859655,-0.017339235005348574,0.16345663145523276,-3.741310949475731e-05,0.0003533319084192847,-0.0005325288466050791,-0.0017764824607586548,-0.006522154870152462,-0.0007613384452066826,0.0006719613094604961,-0.045681123425390165,-0.0018441364991522572,-0.05475840977894895,-0.0034376025568240254,0.00740028112969481,0.024381245922582343,-0.021111810964783154,-0.026833901846610022,-0.03039748421957833,0.021372919316533245,0.060363344246841984,0.03749621467634663,-0.013497414997618295,0.00557074542580085,-0.16318369232869445,0.024187199309960956,0.0036371051625543075,-0.043419845896797454,0.144332206673763,0.016007045645949913,-0.03023276280236304,1.088157066087559e-15,0.11224748761438784,0.04089737369890456,-0.09023981997957148
54,-5.996135472860199e-26,-2.6677920788337174e-23,-2.0481253463945216e-22,4.1868419215391663e-07,-1.1147947267858288e-07,4.598376995970234e-07,-0.026078153184558195,-0.4613870850458075,2.2378686255562697e-12,-0.00803046532218722,0.12291460685328531,7.821527141141688e-17,-1.8078637393037377e-17,2.028200252298759e-11,4.4065856788588093e-16,-0.026078023867578036,-0.5082990458670223,-7.364111332887046e-11,6.969569749800176e-08,-1.1354088562978267e-08,0.009706492908738752,3.5299332568283216e-08,-1.9007405431684157e-08,-0.0025851302624717294,3.76246362437409e-08,0.010678333216542978,1.703443726570203e-07,-8.901532428512963e-14,-1.6977882540729723e-12,-0.06806363936875666,-0.19799921153958774,-0.23079450202062335,-0.016770680598971157,0.06602949424813541,0.06673315022310082,-0.33200387058661796,8.171105891221608e-13,5.876295532365058e-08,1.592530878201315e-11,0.0035608014540905466,5.822008947205706e-11,0.0011142353324966744,-0.009075392731606657,2.014845646989627e-05,-0.0021137930581877685,-0.05920020921215671,1.923336854347377e-06,2.947850242310866e-07,-0.01857781272143454,-0.00011617644463172474,-0.014913043390401849,-0.00015192917078965125,0.0005257454569047281,-0.19171321860736837,-0.12144292454516985,-0.10941178509931221,-0.0027328554908688783,0.18375241899957614,-2.162869362436768e-05,-0.004696224394058475,0.0006968878294896474,-0.27183787601576875,0.17400171547227988,-7.138620091688557e-06,-0.0011942224106832571,-0.0004039311208734607,-0.0005079023010048764,0.003979662944742768,0.003142394872669052,-1.4647574661448453e-05,0.06906889399328632,0.003328139373281434,0.008031034152340548,-0.006801094936135301,0.004461448537543813,0.014500485986763194,-0.09879234369780843,0.000574283478498218,0.00479472578390704,-0.032190729533280206,0.0071288699548785845,-0.02060562153385508,-0.011224016541170072,0.035584330353346086,0.054312983831924386,0.13072307016021334,-0.002870352799725733,-0.014370864023070643,-0.1098431161942202,0.016485958686927045,-0.04138122354856313,8.382494490529215e-16,0.07032308227697832,-0.05753364450991173,-0.1719695874633842
55,-2.606093935819371e-26,-1.1538470055114683e-23,-8.857414777184346e-23,1.8192707665425846e-07,-5.292123661471471e-07,-2.9359546905037677e-07,-0.01134957240126308,-0.20083583933337038,-4.230549387962994e-12,-0.03781049674140978,0.5838065093998956,9.437313825367515e-17,1.1602652333703666e-16,1.5146370072127904e-13,-4.827031701710807e-16,0.01645209529007113,0.32396223668548146,-2.1546655670098766e-11,2.0168582778056728e-08,8.104560403681428e-08,0.004212213276735952,1.2527915442998982e-08,5.71866772629732e-08,-0.01228833075601456,-4.590071212666797e-08,-0.00681466907382424,1.1085187388116665e-07,2.5257451019479317e-13,6.16226618282418e-13,-0.028895897544599414,-0.07558474901911383,-0.11871914917791418,-0.09021162214927594,0.37908728376704304,-0.02415708213974361,0.20790595691660088,1.7088949583041437e-12,-4.052551932110313e-08,1.3100899207265359e-11,-0.0016710078476175564,3.6734997957716694e-11,0.0030154734995628063,-0.006699306372301568,1.4369645774988267e-05,0.0009920654427459873,-0.042888621082917786,9.452932119529632e-06,4.156608823264384e-06,0.03383079284282952,-0.00014439514729184828,3.7396059493512356e-05,-0.0001298385610725265,0.000386104313452222,-0.10951609663187623,0.16298338997290135,-0.0791277660478239,0.030631892998494097,0.31988597341217134,1.8497705089063306e-05,0.0007418590666478078,-0.0004643434903266864,0.22667798425680757,-0.052767902443616954,-3.040722270826285e-06,0.0001184509268484075,-0.0005730156601477057,-0.0005609698853240603,0.003320263931404334,0.0002140405530912365,0.00044072788423199396,0.016574072515663466,-4.9638380406453575e-06,0.026421023398280438,0.001996052582318966,0.016026953970545755,0.05374763837402961,0.018063298278344485,-0.04274766882337638,-0.05590808610418933,0.011005588884976143,-0.04841110905112852,-0.011751092483463265,0.02658950381589596,-0.016878863269982253,0.044072482840665346,-0.045406304813929405,-0.005493678411610734,-0.03286390378961511,-0.09233036833754844,0.015486361725013265,0.0025289856740446583,-5.759846671628074e-15,0.15327460440359744,0.19724179880544035,0.030948329957381372
56,-1.4633112394498992e-28,-6.954790216115544e-26,-5.338896842496091e-25,1.089434208528565e-09,8.154356984419021e-10,-7.959973979915596e-10,-0.029111072219549394,-0.032432278355820916,-9.385413562969463e-13,0.02265896883611835,-0.023962486069260193,-1.1240554402603442e-17,-6.153112780698967e-18,2.705073122187013e-12,-7.127077333237676e-17,0.021726127810661532,0.023667696556555602,-1.1406524864258999e-11,8.399635454677832e-09,-1.588652094395732e-08,0.0016388093029604896,1.1343318661140969e-08,3.759804126754053e-08,0.001225558987689403,5.5134532398477816e-08,-0.0012016059747491108,1.9477021709609942e-07,-2.398846830383969e-13,1.2852473575843083e-12,-0.13798997374112776,-0.1606334075129155,-0.1606107098287377,0.1190738130804129,-0.16607265868403914,-0.10637797308641492,0.17848894691676945,6.273871999423514e-13,-6.207387913243931e-08,-4.584528775040531e-12,0.5556834183534958,-1.2892041642091356e-11,-0.41447262501640103,0.00261715006503986,-1.213804616780486e-06,0.40604837111240866,0.01711249371367786,-1.43030799117693e-07,-5.385227206962411e-08,0.00986357612795783,3.8322061908100814e-05,-0.0038805117012067555,3.684645829489279e-05,-0.00018061859001750313,0.07019613150174432,0.07069220134240524,0.06861511386911738,-0.2261434209803853,0.058241895801774704,-6.321664129849612e-06,9.010996007822387e-07,0.00010325792735434858,-0.027140419000758777,0.06575366965699139,-4.531976067450189e-06,-0.0003205938517641262,0.00012526026710058644,0.0008936947064548707,0.007462895420681712,0.002066883848691781,-0.001345667575643205,0.10058832089458916,-0.01338353093491098,-0.08907113156251127,-0.00021839192428115583,-0.015215790093481625,-0.05189124885532875,0.06727508704788952,-0.05644792757442661,-0.03911073981742724,0.01482088788557307,0.09153367452847146,0.044194156380621706,-0.01706888296376393,0.007184813826050717,-0.1625798901919735,0.024229385759095518,0.0014219077356998093,-0.07368627842363437,0.14624104444568592,0.018199235820989472,-0.03867561537041679,1.1568871423573983e-15,0.11313093270325879,0.04289437076303677,-0.09305905208962847
57,1.397865090335664e-28,6.627660955228867e-26,5.087836192748299e-25,-1.040099890160869e-09,2.7620823628165e-10,-1.14054202085969e-09,0.02822890376512461,0.03095831489643156,1.870278985524808e-14,0.0075487452283849,-0.008184637288797808,7.858483403744416e-19,1.7115765741301757e-17,-2.8873715766117987e-12,-1.0449671322444896e-16,0.029434109226931283,0.034338900660121935,1.3251537099392916e-11,-1.0588704105912563e-08,3.4073562815835886e-09,-0.0015690545320542024,-1.0444089523490025e-08,-5.666454749241886e-09,0.00041758136297501066,-2.3863839118760904e-08,-0.0017258567321389315,-1.3486856553759805e-07,1.3266165834699182e-13,1.7128047251558555e-12,0.14575331014893916,0.13180864136897616,0.17730627166144497,0.038224954877462046,-0.03970401374464217,-0.14541233029539014,0.23659238039487396,8.867709123174681e-12,-2.3136416016451252e-07,4.4218021190953415e-11,-0.5292996926249436,1.2876910953517232e-10,-0.13645617772851668,-0.010097411311012579,5.2692429738815194e-05,0.5830884920282625,-0.06674217671459133,-8.396776192205936e-06,-2.880913229195055e-07,-0.026324921894415904,-7.103807820989653e-05,-0.0164097886404844,-6.81338807007095e-05,0.000325740217264096,-0.11683010143800539,-0.05953831543110854,0.07996263948018688,0.05857752747561329,0.15936839289461907,-1.4945564654832423e-05,-0.003625415326445447,0.000508423485025809,-0.20351146062788802,0.1133613425943987,-5.865659332043143e-06,-0.0003582402568356989,-0.00014043869574340644,-0.000429969516425552,-0.001593518149257236,0.00017449500634805122,0.0003075030743592267,-0.0170951885601823,0.004343023840959449,0.06668767359995058,0.005069588606729212,-0.0011932950421254275,-0.004578584078203151,0.027240405179549784,-0.003759824041497142,0.00672895300416612,-0.08770107126103566,0.03395510032081171,-0.02541665103945716,-0.016700627968009286,0.04121276280314939,0.053999584705091815,0.1301446738706232,-0.014442755036889897,-0.042398925162737224,-0.11303275786525803,0.019096306128154206,-0.05522998309861714,7.165908816830094e-16,0.07108362415766298,-0.05830052021671937,-0.1768787561045097
58,6.075459570244945e-29,2.867362541683913e-26,2.200110417451796e-25,-4.518722119567221e-10,1.3139956974481742e-09,7.29137821844777e-10,0.01219125165546919,0.013487257154896076,3.586185014303631e-13,0.035832291158635225,-0.03891325021004178,-1.682924989561592e-17,-1.7972371736477095e-17,-3.397290841088208e-13,7.854417593750417e-17,-0.020314315625356166,-0.02182488099075615,4.5741227833302196e-12,-3.6542945025495352e-09,-1.2565718548607296e-08,-0.0006821871664451475,-3.9523787730629126e-09,-1.1885206528148109e-08,0.0019864062296918996,1.0460745095622398e-08,0.0011041987213258548,-6.43325702382336e-08,-1.2503148124515235e-13,-2.405298430565327e-13,0.058791676951918635,0.05155439154843802,0.09201331203869202,0.17370391867720864,-0.2758222733950155,0.08617886434187393,-0.15459206060028627,4.0485907424830615e-12,-3.8711947238289614e-08,2.7549186887546396e-11,-0.2330479389667025,4.673184667250549e-11,-0.6750050847026265,-0.007917511533440724,1.9460641861136954e-05,-0.3689180547269253,-0.050731406478833896,3.1149152572243044e-05,4.262220295494949e-06,0.047495817256575645,-0.00013019403173091407,0.0025110596433486677,-9.779086358232266e-05,0.0003155049461984538,-0.08451318433769148,0.13774536762280035,-0.05316808850601505,0.0184373540149414,0.16550124171237332,8.521275272965443e-06,0.000587435188237243,-0.00024388012194908633,0.11919198231709219,-0.026728169164087868,-6.914083717833411e-07,0.00013910007041940107,0.00017257814297636228,0.00011208711900558415,-0.0028977968691572225,-0.0008468588284757392,-0.00020991276022784517,-0.037163035144349786,0.00772564470966409,0.04452758734048242,-0.001155619123751965,-0.0310094939473198,-0.10810072217338516,-0.04588649163770102,-0.09466427743301722,-0.07407340916671103,0.030146983192550984,-0.07464405692017408,-0.01348190906683456,0.033067055774377505,-0.01912240466931502,0.04298459064604456,-0.04451448827504067,-0.007798853710737284,-0.04779481170181266,-0.09386928075637892,0.01704285552236614,0.004069788526429675,-5.7459208115919615e-15,0.153531353181312,0.20180985787129957,0.03054907519481755
59,-1.0729787077350444e-27,-5.105442626757264e-25,-3.919241465436129e-24,7.997446160191561e-09,5.9862997343190265e-09,-5.843555838109647e-09,-0.02581662340748253,-0.4905584764317588,-2.908223758190699e-11,0.022259491087943964,-0.3662567575971431,-1.6650563253350323e-16,2.2766311999774644e-16,-1.4580381441697145e-10,-2.5761119076208967e-16,0.016837995184846532,0.3567547669475089,2.449206887585184e-10,-4.419831968515202e-07,4.7664215115699e-07,-0.001141265468264093,-6.69075786655307e-08,-6.510977132917083e-07,-0.0008453131726014991,-2.0633165064577474e-07,0.0008439139402711696,-4.39823593957743e-07,1.9514220576673298e-13,-1.0290625172835252e-12,0.07235733746883946,0.23526679526134853,0.14693117334139055,-0.05833118879032249,0.19868763540390197,0.05420120788710748,-0.20283099999442694,-2.4329857350148757e-12,5.606952492683646e-08,-1.3502067016972697e-11,-0.0759655598340813,-4.0949921322758305e-11,0.059911811758350995,0.00458413179615941,-1.558898309599421e-05,-0.05792462162888569,0.030057673351786707,2.0145215973537017e-06,-5.221567838509666e-08,0.015360720801295347,6.293364826823436e-05,-0.0017109194398323409,6.776518508450996e-05,-0.0002997771504434385,0.11579452230022215,0.11551458727651845,0.11405544622610318,-0.384645109046398,0.09024733169130641,-1.290107978684142e-05,0.0006165389234858359,0.00014171780966141945,-0.024861708933357006,0.15735288196250125,-3.124441299606007e-05,-0.0010212945823333812,-0.00027471816516686854,-0.0015831716438619368,-0.00869892317634421,-0.0018944876337636844,0.001251824740261067,-0.06754732028586433,-0.001823867058773531,-0.05996693420792762,-0.00443209886152376,0.010448822414596088,0.03557324548539969,-0.032728215915072766,-0.028844248221788056,-0.03125153443203486,0.02208691050160738,0.06294350520324783,0.03827413093633398,-0.01382967801584805,0.005685879239852491,-0.16277752422913458,0.024037641425051985,0.003841002063660106,-0.04561044589537684,0.14443375959497354,0.01618595884131362,-0.030951562526544837,1.12097281718657e-15,0.11187805733273994,0.040952762657734634,-0.09020196681528138
60,1.0250095822450415e-27,4.8654209495706175e-25,3.7350180846981076e-24,-7.635453731544601e-09,2.0276218707918223e-09,-8.372491254048506e-09,0.02469899531646804,0.4689323865052858,1.3636801040027566e-11,0.0076926127648430966,-0.12501317871920348,-1.1228340196607424e-16,-1.9232479487669408e-17,1.4257085943296e-10,-4.0434002522125707e-16,0.024654401376571797,0.5165867001283317,-1.5035224943718142e-10,3.314017553020267e-07,1.0187277684907216e-07,0.0010675335438241798,6.038640731172521e-08,-5.153927867535828e-07,-0.00028305723879502235,2.492206870233865e-08,0.0011784908311917176,1.3236938026281533e-07,-5.4754458260241375e-14,-1.233599408754786e-12,-0.06956289898069482,-0.17399905187709577,-0.20253852763685792,-0.01743721486859151,0.05747858486691256,0.06841608879907854,-0.2914593551337406,3.635381664445994e-12,-1.7540210272501277e-08,3.0189528756606e-11,0.07639054365444206,9.374301507748934e-11,0.01994654011778716,-0.011469199650357875,3.293580062746381e-05,-0.08284034704523989,-0.07512763238605691,-7.481398136770561e-07,1.3878074090828112e-07,-0.025708193899090265,-0.00012714145000226312,-0.01890905751840215,-0.0001632069216799173,0.000580557703893357,-0.2116406837669351,-0.13481096436930343,-0.11111021167718187,-0.016690064778183373,0.18139902309178238,-2.137982061695575e-05,-0.004623486027521361,0.0006891707037039359,-0.2701219918445292,0.1697000504279771,-9.08103176103621e-06,0.00030482231435430247,-0.0003442380869257576,7.868536113910763e-05,0.006873807719694065,0.003555698537363864,2.725187363570501e-05,0.08231528093149261,0.004031705121846549,0.006530782398385659,-0.008277663169229116,0.004882411859922178,0.017738080032855003,-0.12045870591205257,0.0005674197015791451,0.004915927109047752,-0.033725876210271594,0.008273882280902922,-0.020862905774527016,-0.011576570436408366,0.03592740336166577,0.054150996038754284,0.13008782240188496,-0.0029444332560058387,-0.01534946397011637,-0.10976581238851386,0.016639908695720535,-0.04225346825604333,9.314231965893803e-16,0.07004156248544986,-0.057388518930580515,-0.17168341628746067
61,4.454814429307395e-28,2.104903447278032e-25,1.6150672704118474e-24,-3.317122452430274e-09,9.64604995068558e-09,5.3524240427310594e-09,0.010745110499526997,0.20397600060288554,1.0704960092316004e-11,0.03614142105464786,-0.593342542389198,-1.4503133547298763e-16,-3.508111693751112e-16,9.523403377348708e-11,5.376365300095605e-16,-0.015373632087690808,-0.32891099076598,-1.5929652807730473e-10,1.46946740030924e-07,5.289752418433516e-07,0.00047674923419542016,1.836307532767068e-08,3.686045726934811e-07,-0.0013655232136745366,-7.97433938166365e-08,-0.000766077651590992,1.390261915033502e-07,2.5068033366095203e-13,6.388423278371254e-13,-0.02925468838400406,-0.06647864549558558,-0.10487675852005418,-0.09022637438608169,0.3333611915350218,-0.028166957448416338,0.18331939142388665,2.4673235314974828e-12,-5.693357286032828e-08,2.0011480505863915e-11,0.03094878710635732,4.9190735155295345e-11,0.09645129336760637,-0.00845413691022485,2.1005829456665444e-05,0.05206672258505822,-0.054144395543595715,1.8567236386810717e-05,5.001205067168472e-06,0.04562753767434963,-0.00016633008301167557,0.0010453947622601353,-0.0001414098229250504,0.0004309199968208785,-0.12007049136601346,0.1848795032590437,-0.08258995338246872,0.03274600501615246,0.31961916009437624,1.814371727261304e-05,0.0008223162447026425,-0.00046650163899546464,0.22763407740985356,-0.05292510042580224,-3.015544590118511e-06,0.0006488287305145496,-0.0003131501379914961,8.544514841232137e-05,0.004046899650433222,0.0005651240738986211,0.0014365288445331195,0.02472274950954478,-0.000252655922969245,0.029248233299410988,0.0026489443728555475,0.02373494857248209,0.0774401476059307,0.02670224781313384,-0.0462744440735302,-0.057613295290769764,0.011851107756074116,-0.05059536675562814,-0.011986065539135974,0.02721134668060659,-0.017073852060371215,0.04392995455968556,-0.04514522639616022,-0.005877026453427966,-0.03440803821307281,-0.09238516820378355,0.015625558717987386,0.0026430499634548933,-5.5793036563023745e-15,0.15273635996697452,0.19715970284807757,0.03083636885184235
62,2.6129862581678545e-31,1.3300979426405807e-28,1.0212133993653979e-27,-2.083803764174608e-12,-1.5608077115367574e-12,1.5266517763738716e-12,0.5305113341402079,-0.029197573170786077,-1.5449630843164404e-13,-0.409242710571421,-0.026053659859887498,3.2500871760960484e-16,-3.0825633101274913e-17,3.214353717952677e-14,1.1770437810029714e-15,-0.39598347050503585,0.019779005354269276,6.689575206559741e-14,3.2696411818119686e-11,1.0934255181746772e-11,1.8675146097377536e-05,-4.505355207048571e-10,-7.344783860350435e-10,1.200344129106686e-05,-4.9816446398053435e-09,-1.1500447491847405e-05,-4.540202018827498e-08,-5.021255536861655e-14,8.720248431948071e-14,0.18833124151234515,-0.03199181489681369,-0.022306374438700965,-0.16623617049590222,-0.043681691959509564,0.15485900144893897,0.027122735092578936,3.12343638605683e-13,-5.669125790853758e-09,2.4839408414529254e-12,-0.03865622992331107,7.789379885544943e-12,0.027217944565632174,-0.001169633848542063,2.5643779300702285e-06,-0.025297275695685635,-0.007624302739562002,-2.665243798821784e-07,3.085594150482683e-08,-0.0038253867733622775,-2.1121175745792085e-05,-0.00024392527128211535,-2.942995983293827e-05,0.00010312534133612474,-0.03994488538647701,-0.041923346373411115,-0.057153161860556384,0.13150883679877295,-0.031036003643093595,6.673134405246064e-06,-0.0006858071775768878,-2.3893733752682667e-05,-0.007728583000076243,-0.10127098775051954,4.0986964402275876e-05,-0.001108977623988024,0.0009718387976161434,0.0042366154156155775,0.024366127434206297,0.005341444800302386,-0.0037577789566121244,0.273553348162485,-0.026773060671059286,-0.12602944721601253,0.003959889054343249,-0.04216242873032351,-0.14266892232509254,0.17445619004488552,-0.08910665700516252,-0.04818918573841279,0.006141254227920948,0.1267565649169527,0.05160280776533464,-0.021248138232869418,0.009097880708957158,-0.16391175959195092,0.02474168948575521,-0.0013175877201167397,-0.10732149931852032,0.15018193200989968,0.02056347152828917,-0.048090292930831016,1.2758243728235585e-15,0.11430347070588887,0.04420035351251459,-0.09704478926357632
63,-2.497057217538328e-31,-1.2683414455983898e-28,-9.73592415239965e-28,1.990357209492165e-12,-5.270175084610701e-13,2.1781339228316413e-12,-0.5187304650678605,0.02870154492608517,-1.4814122339532233e-13,-0.13804914783365052,-0.008871536150908254,4.040049651139832e-17,-5.168505000090953e-16,-4.5958962600661966e-14,1.285010382687951e-15,-0.5489737866151255,0.027351442817140522,-8.650679926979517e-14,-9.151085728059932e-11,-1.4281735077281371e-10,-3.9957878038089536e-06,5.61829944699804e-10,1.0037917426593652e-09,1.0086492217152157e-06,4.448366871963622e-09,-2.8524864754069553e-06,5.2439082425533686e-08,-2.114508552779893e-14,1.186480203630735e-13,-0.23729088111274577,0.04563227193833073,0.02465680117321292,-0.06531104307001757,-0.02529683313761623,0.23185164298314795,0.042390211027716576,-7.900206954677545e-13,9.47913818626347e-09,-5.931896660345675e-12,0.03433060366176433,-2.0133163236324845e-11,0.009810245804525356,0.0029230796599490193,-7.466495485557239e-06,-0.04428534186624139,0.01902307483948915,2.898442709418219e-07,-1.7342081258436926e-07,0.006499450706550011,5.356419362013944e-05,0.005395786163130218,9.95783794243193e-05,-0.0002565329498353848,0.09655910013403214,0.08544635593222338,0.2453054360336512,0.12171860567933206,0.024601283729095712,2.496250858216096e-06,3.378375451440242e-05,-4.933317193356795e-05,0.013507578955664562,-0.026971764691456384,-1.778514811289017e-06,0.0008777938195295834,0.0002456702823206347,-0.00024700903170888353,-0.008938751115043646,-0.0039054697765732345,0.0007092923740881016,-0.1317977385001712,0.0054023159202080204,0.1380419566147726,0.02002646556274476,-0.008472240455179404,-0.029066654161046538,0.1878646495386279,-0.008762152211400682,0.00911032200807438,-0.15326977796472896,0.06539263440887726,-0.030895528941216208,-0.022992329188382985,0.047621376120646416,0.0536454643999401,0.13030570069057687,-0.028293782423097925,-0.07516296776161915,-0.11664444890016692,0.022008999549074353,-0.0709433125029736,7.369061700344483e-16,0.07192778047876873,-0.05989705310305116,-0.18314544348837916
64,-1.0853212650453899e-31,-5.489356751751197e-29,-4.210018537544986e-28,8.646404912754696e-13,-2.513257043002067e-12,-1.3953338493609277e-12,-0.22228722585631175,0.012272676671874705,1.0513075655183541e-13,-0.6465118474700045,-0.040990458428490695,3.745423817849778e-16,-4.848010007720467e-17,2.474141483442177e-14,-7.923683603878187e-16,0.37151562674959815,-0.018504127096598096,-3.795763988012038e-14,-9.374126222878793e-12,-1.74487826456475e-10,-8.461533375934837e-06,1.7649272233616303e-10,1.805189310459172e-10,2.017079760549409e-05,4.569317816268472e-10,1.0714808495613383e-05,1.7685172476485303e-08,-5.1709256853909936e-14,-7.733798037440365e-14,-0.08067999576421025,0.01670358285325078,0.0042475153364049814,-0.2372193827259245,-0.045863010560894216,-0.1597984593374795,-0.025934990109034575,-4.923086295379973e-13,7.502301510276776e-09,-3.668722674701115e-12,0.016714633573001868,-8.72929800753221e-12,0.044650789619746604,0.0017101007981914845,-3.4213585298953733e-06,0.02315909529519388,0.010937337339036273,-3.298809500657896e-06,-1.0806496480530096e-06,-0.008365030918338477,4.03167400020896e-05,0.00014488131230530683,4.184909797394701e-05,-0.00011525121330587954,0.03415749417262883,-0.04294894916952923,0.03583822441389233,-0.0073296921335772635,-0.14031411979523173,-9.765992777492133e-06,-0.00018288633760599784,0.0002121335665437398,-0.10320946169376985,0.02512691403657014,2.508879068955837e-06,0.00011724561391956,0.0011115430172704266,0.0009590547587517171,-0.010513602744036205,-0.0020556813980542755,-0.0010111137903667032,-0.10082002690962949,0.01684482005759816,0.06438730730554315,-0.005094626372211907,-0.08721468635318709,-0.30134565323777174,-0.12375890076575893,-0.1526420123840426,-0.09381670072781487,0.052153079143450055,-0.10450501935865944,-0.015613362231863912,0.04036018969787568,-0.02175943006871124,0.04325760294317291,-0.04437222227401215,-0.010184476706280301,-0.06346465839332492,-0.09715523747176923,0.018671667926512096,0.006143876480285159,-5.819338303776256e-15,0.15471782762882338,0.20840177519616082,0.03122696271297438
65,-1.4205915131786032e-33,-7.767729037218256e-31,-5.9647312452531715e-30,1.2170881258227967e-14,9.123733627042109e-15,-8.950114581898902e-15,-0.08846461328332492,0.005055368340570314,3.125762063161995e-14,0.06844270545515758,0.004498143100522688,-3.614750944687455e-17,-1.5276888944361215e-17,-1.365402095667827e-14,-2.2932969995068986e-16,0.06657746818057134,-0.0034657953775074734,-3.598049012457005e-14,-1.8223711951845833e-11,-2.239767692397386e-11,-6.869191077333799e-06,3.9461152042309807e-10,6.10745276984766e-10,-5.358063379107329e-06,6.811420170326156e-09,6.8506264661385485e-06,8.886785724662826e-08,1.9405924521020448e-13,-5.508302762458819e-13,-0.46608749025784885,0.11676148399567876,0.09697229411571279,0.40759538600905804,0.15122128320967987,-0.37972136870806295,-0.11124924267217938,-1.3489745429778676e-13,2.0675459793728438e-08,2.1700081366079985e-12,-0.15478966221457283,7.150619204921225e-12,0.1205775860603672,-0.001444048599506407,1.4648207631885554e-06,-0.1197632616353079,-0.009405857888859575,-2.3985244881526757e-08,3.863600721930917e-08,-0.005122607198221899,-2.5899794929788557e-05,0.0007385521282926431,-3.2250196940623854e-05,0.0001255167979038493,-0.048793752995419055,-0.05135329818009274,-0.057825105023069714,0.18523064338753506,-0.037341162689239225,8.036160677283353e-06,-0.000841755946900687,-3.13981070672424e-05,-0.008592561757287353,-0.11959353997536674,4.621201876103572e-05,-0.0012072165199693934,0.0010641786067137594,0.004612235992481994,0.026323783621457663,0.005736601554488712,-0.004029379739447365,0.29373464642701497,-0.028270148054398522,-0.13046389361952476,0.004346048805948534,-0.04507003490732839,-0.1524584518637,0.18551529167289804,-0.09258737901080646,-0.04914642918324557,0.00549078939807871,0.130453143519018,0.052424785531641635,-0.021677583506914292,0.009275681754383574,-0.16401896198292515,0.024786247158284248,-0.0015453265694839954,-0.11078915990967825,0.15061009500223077,0.020793832347487353,-0.0490241065508413,1.339313843273114e-15,0.11435224959155434,0.04429338546089017,-0.0974089922141376
66,1.3579360820964204e-33,7.410780291299597e-31,5.688193970870494e-30,-1.1628925536840304e-14,3.069371643330703e-15,-1.2692375429962288e-14,0.08588620421280853,-0.004925796302841714,2.4138593023853036e-14,0.022725704900948378,0.0015056316525352924,1.014476915257207e-17,6.071281240233807e-17,1.5377975070622683e-14,-1.94682117812058e-16,0.08973789325399216,-0.004652667843156856,4.159759827094849e-14,3.3168973860882195e-11,7.609210024626252e-11,2.980039419275632e-06,-4.3743566641422564e-10,-7.079897446291778e-10,-3.949248934892236e-07,-6.0887080375335e-09,-9.336538538503918e-07,-9.236464149797827e-08,5.3410857964344806e-15,-6.96252965504462e-13,0.5008098108195324,-0.12992194613170407,-0.09528801792949301,0.13274709417947209,0.06217451413931695,-0.45429713529970234,-0.13837568423146873,-3.0325278138600882e-12,7.570314078588576e-08,-1.656771356939721e-11,0.17141797879370566,-5.0974529688753375e-11,0.043738741374607586,0.005508456788450394,-2.0124741969262993e-05,-0.18861054843410707,0.03604974314706538,2.367244265584052e-06,-1.6714768376031218e-07,0.013129727210392537,8.196877267182122e-05,0.009844042077950206,0.0001459408545779143,-0.0003926723774740648,0.1472489601513303,0.12682542081583395,0.340656077887223,0.17670812112069845,0.0345573273734436,3.469239717360537e-06,1.543017647559743e-05,-6.698468284431207e-05,0.01911774480556734,-0.03581559250856536,-1.0738685236023008e-06,0.0009520243935508922,0.0002746942879481606,-0.00021086155230754295,-0.009277807561560129,-0.00415685611017163,0.0007230255286759948,-0.13822391521640415,0.005357891703007885,0.14311348066620147,0.0211765868595803,-0.00897405607939605,-0.03074169862641155,0.2007158362022898,-0.009163175271956507,0.009289578116633482,-0.15838233029630808,0.06807332977317235,-0.03127531682147438,-0.023515027983565695,0.048129821783533734,0.053608169632102805,0.13029141612402703,-0.02935314915736503,-0.07781712094163294,-0.11689845720455892,0.022244229879251082,-0.07221129253552784,8.578686221752261e-16,0.07200971631045534,-0.059991012276443656,-0.18362559463581665
67,5.902620495591943e-34,3.208755889942493e-31,2.459835082340502e-30,-5.051708981597171e-15,1.4677230889647078e-14,8.156386963246564e-15,0.03704051755842821,-0.0021224486586956266,-1.964734051033298e-14,0.10796578560968295,0.007072255538048477,-5.3226338535301056e-17,7.202492798964373e-18,-5.173003718732924e-15,1.2921218430498653e-16,-0.062308870089908125,0.003231655318633985,1.8821397788430326e-14,6.9524915262791505e-12,8.229400734432891e-11,2.9123575231193393e-06,-1.609987024251015e-10,-1.9424324286375465e-10,-8.290406282120108e-06,-1.416924344094301e-09,-5.654208235453691e-06,-3.613586484001111e-08,1.5509155173347858e-13,2.0627447871583518e-13,0.20045628981895056,-0.0551317780525205,-0.03153939857408402,0.5828410243232605,0.1803020779795885,0.3978276031500856,0.1018373990345233,-1.17139522656924e-12,8.500822402845548e-09,-8.499075108502933e-12,0.06315034052697618,-1.5796465561542278e-11,0.19448573212989867,0.003017420586541883,-6.391220853185416e-06,0.10821934870522784,0.019296800340290205,-9.542929439296429e-06,-1.8339563536283514e-06,-0.017177580168135302,6.196436549414931e-05,-0.000504611880685133,5.673442655953069e-05,-0.0001643963452434128,0.04659837326441487,-0.07027297008949943,0.03744039488168898,-0.016488744354292283,-0.18049672418842466,-1.1820884891729963e-05,-0.000227787912208775,0.0002616243997493107,-0.12775749937904757,0.030506064414030008,2.838930672079236e-06,0.00012121295993619033,0.0012178065394537624,0.0010511523417689056,-0.011416268127129727,-0.002211268136336775,-0.001096034404859755,-0.10857988534976952,0.017867658682125104,0.0668362707137355,-0.005479302661484764,-0.09343640009585871,-0.3227320079454427,-0.131866959190021,-0.15890034310394777,-0.09588837373966026,0.054319696432538186,-0.10765710131176918,-0.015872224671324854,0.041117456755138435,-0.022014166068534787,0.04331216606490682,-0.04433012311042034,-0.010484656096045406,-0.06520208352091571,-0.09752142469691512,0.018841843315451683,0.006330892008687272,-6.0763106263152956e-15,0.15474891228585613,0.20898677043823718,0.03127792063144901
68,-4.4126720861311816e-33,-2.4150058359796894e-30,-1.8544527882124048e-29,3.783962367663556e-14,2.8366219047412505e-14,-2.7827781204777094e-14,-0.41623200991340487,0.02428092343352486,1.740059145601772e-13,0.3209509444843233,0.021456181342001612,-2.4468748730836414e-16,-6.240639610369137e-17,-2.6459119699066526e-13,-9.069802822447037e-16,0.3100655167767539,-0.016480644144822237,1.2387184381717746e-12,-8.479012332295881e-10,1.6946100641600467e-09,-0.0001657516204028709,-1.6525302448255884e-09,-4.672943279867233e-09,-0.00012181366080412167,-1.2296514673927287e-08,0.00011753378554335943,-9.239872136466015e-08,-8.798524474893155e-14,1.3634100772722134e-13,0.35260627106708053,-0.05454621054479348,-0.03798391196403298,-0.30582383398358326,-0.07552576779817494,0.2823428627579976,0.044903201481884605,3.816788383377088e-13,-7.272676247491015e-09,3.001013080647837e-12,-0.0531002232171929,9.272152760432831e-12,0.036100096126584276,-0.001365360425350961,3.044013386850552e-06,-0.03296230869814734,-0.008903813977642597,-3.181553432186744e-07,3.6490996451891744e-08,-0.004435930134487924,-2.427179648609395e-05,-0.00027137225932736517,-3.4057850369876345e-05,0.0001183236629755931,-0.04579348374362204,-0.04781542257294147,-0.0685847233987479,0.13900808886995436,-0.03652964818384046,7.2241617792285834e-06,-0.0006656339694470259,-3.293145402707569e-05,-0.0051064896087270936,-0.10773939684139287,4.254044828909138e-05,-0.0011302619899162098,0.001002552234329738,0.004351609360540104,0.024912218057798193,0.005436849477860656,-0.0038391882842208147,0.2790149181047255,-0.027230922552217023,-0.12710128973381032,0.004152155615584376,-0.04312586107777586,-0.1459151022510221,0.17867944019334686,-0.09026329741025443,-0.04850305834906131,0.005658177026906285,0.12808768580737184,0.05185901798634396,-0.021415177117055696,0.00918029084373345,-0.16401332867788526,0.02475556256755986,-0.0014527731181459896,-0.1085926665420603,0.15037062718556937,0.020654429114775982,-0.048464002890451226,1.42991427001893e-15,0.11435271413402316,0.04424006829275266,-0.09720665059052716
69,4.2219922402473994e-33,2.3063615267504337e-30,1.7702615258124704e-29,-3.6191187877686986e-14,9.554453477132089e-15,-3.95178371649844e-14,0.41826605190520094,-0.024515341646979053,1.0949249394264832e-13,0.1122927679460435,0.007587814858788268,7.871290483390412e-17,2.9836549976652397e-16,2.944173600004672e-13,-1.106026105516414e-15,0.44964001441490975,-0.023954254770451898,-1.4335548370333807e-12,1.0815923552446712e-09,-4.481014334657989e-10,0.0001576847013884509,1.6087751214602518e-09,1.4403885325647296e-09,-4.3049562493403886e-05,8.292161098832707e-09,0.00018186548621008022,9.173053822019624e-08,-3.520894094019282e-14,1.7081327231751977e-13,-0.40002451217503626,0.07283130348995087,0.03724855757881129,-0.10904481244852318,-0.040699744285161606,0.38473882675178606,0.06348039237229723,-8.961687653670194e-13,1.0901548031872527e-08,-6.540994921626491e-12,0.04013940573830133,-2.1888968805169204e-11,0.011577294593905062,0.003006905236678612,-8.188628045456702e-06,-0.05194401382712767,0.01959432867989046,4.045182230005562e-07,-1.5473857902864102e-07,0.006734835304853885,5.1365310314900255e-05,0.005451650930523943,9.185707433295513e-05,-0.00024455912197679324,0.09171122588585838,0.07821229741791186,0.20946672663393226,0.09803114628174049,0.00495608092584627,3.7595785593590283e-06,0.00042569499748766165,-9.75215416043188e-05,0.03301408774922397,-0.036473782343030524,-1.7577617334469714e-06,0.0009605253069965312,0.000267815543795751,-0.00024962526230047383,-0.009485343085802903,-0.00417286280213367,0.0007423508702617767,-0.1396757165670754,0.005536359972269906,0.14225020923541382,0.020858979566489404,-0.008899574198884192,-0.030510686142411907,0.19651207487238898,-0.009001462215932806,0.0092581609773538,-0.1568367581939078,0.06694907972358698,-0.031224285891269146,-0.023311578245623545,0.04795762114857373,0.05364538228173848,0.13031937946798525,-0.029059912765708625,-0.07685888601400667,-0.11685576036514231,0.02215414362079639,-0.07175349273246838,8.737440563666691e-16,0.07192505302571918,-0.060022394214253566,-0.18345903282084045
70,1.833502002605761e-33,9.976271365379726e-31,7.647777283808644e-30,-1.5706061974911108e-14,4.563172147956669e-14,2.5358539317021425e-14,0.1744556715969272,-0.010203219195713594,-1.0147387339511213e-13,0.5071703159978266,0.03381643131133333,-3.027754599041923e-16,-7.410589434306953e-17,2.954152461863617e-14,6.35587342006189e-16,-0.2909973284425745,0.015411216635718226,-5.010893243630627e-13,3.6713386325197996e-10,1.2155779545780286e-09,6.959531159509719e-05,6.04478131792799e-10,1.4805173668857533e-09,-0.0001985389419581746,-1.462520360808928e-11,-0.00010871303960623278,3.5642954761035044e-08,-8.967987328207593e-14,-1.2265063121706598e-13,-0.15200268099983616,0.02970349438959336,0.005720678233261116,-0.4389451517202043,-0.077125997838207,-0.29222908500230105,-0.043263075952142384,-6.410744269509435e-13,1.0157623371594791e-08,-4.651049525683599e-12,0.023362967177612114,-1.0787299397646266e-11,0.059842114537738585,0.0020457156586750915,-4.2576675521395046e-06,0.030428293245081315,0.01309196082871781,-4.172810720370497e-06,-1.2500278045765744e-06,-0.009933611192420635,4.649976815383283e-05,0.00016271193479905073,4.7929499201841236e-05,-0.00013281571879767573,0.03940478795817976,-0.04741230077051026,0.04338459862596397,-0.005373293639601433,-0.14902139620334878,-1.0458362875844396e-05,-0.0002367255244348871,0.0002306340134919829,-0.11200628489931283,0.02738682537710386,2.6283683323101886e-06,0.00011251420663632349,0.0011432120472272263,0.000989087313506755,-0.010750869685589859,-0.0020853629760960086,-0.0010407383742110869,-0.10266282004454971,0.017157050736549224,0.06491895333037141,-0.005265881979803763,-0.08916003828869899,-0.30803577733073134,-0.12682768105177578,-0.1546826708641368,-0.09453389545345381,0.053074637098898016,-0.10563512873830966,-0.015679273054617446,0.04063955884594717,-0.021874442169868148,0.04328575876608614,-0.044396903242579513,-0.010239039558701684,-0.063956089017074,-0.09728910833824148,0.018725566047218995,0.006254974173873536,-6.052181856666561e-15,0.15479077319338616,0.20870200514686377,0.03129625256733384
71,3.729633634803679e-30,1.8979724853257275e-27,1.4572113367561421e-26,-2.973465195609687e-11,-2.227300247509169e-11,2.1784471019378897e-11,0.0026873350059077638,0.05294366476652123,4.826532246278429e-12,-0.0023267715019325654,0.03955953188567544,-1.3325906848778294e-17,4.594854334183393e-18,3.842831829264299e-11,4.6153832653127974e-17,-0.0017400701883773996,-0.03852465581776947,-6.835698422274046e-11,7.069016915436404e-08,-9.867979930900898e-08,0.04826724297400948,3.150697145713975e-08,1.450697614136333e-07,0.03613943988021219,1.26700190573334e-07,-0.03527793109375732,3.660102232972645e-07,-4.719072625278731e-13,2.2536922934683674e-12,-0.08413874019395398,-0.3333857228230581,-0.30809105855505614,0.0743762004452638,-0.34715329182939464,-0.06924480876679698,0.34405883506868057,5.628794419235185e-13,-1.3649438290955665e-07,-2.5818716380715337e-12,-0.3575605020654964,-2.0978935998020962e-11,0.2634814025849025,0.0034018954688162153,-9.468201035191503e-06,-0.2583705375489093,0.02223488219506194,-3.628707850026493e-09,-1.0485169496035438e-07,0.012391406298809445,4.987020475220671e-05,-0.005825066425829248,4.570403928148835e-05,-0.000232349434852055,0.09020412686932372,0.09001686045653108,0.08422053509593094,-0.30047826607350575,0.07785346961715517,-8.499366226680093e-06,-0.0001130085928333996,0.00015058628301935217,-0.041637123670108016,0.0853001222241561,4.363239507420572e-06,-0.007504825170869273,0.0010118867632610432,-0.00044685465529125615,-0.018245594943341173,-0.007194910966248885,0.0039098225790548105,-0.16658041247429603,-0.0016252381648583837,-0.08116066553022899,-0.00877561493733549,0.02403502704788904,0.085747118704686,-0.08451898267329079,-0.036840448796676875,-0.034378904856144324,0.024731832455090783,0.07268039301950656,0.04102777478660126,-0.014999825350443006,0.00604605596411506,-0.16046265589209943,0.023224911819623207,0.004633159721207616,-0.05401106553002622,0.14409706662622238,0.016753663035357667,-0.033473991607184714,9.487001008007327e-16,0.10991814220194412,0.041057472009265496,-0.08939683619225346
72,-3.564212816612993e-30,-1.8098748361594197e-27,-1.3892796055484205e-26,2.840164370890752e-11,-7.520988235097227e-12,3.10828002851937e-11,-0.002571080164869375,-0.050623814079546026,-2.9492494677692228e-12,-0.0008063152484632598,0.01350684652016569,5.112291567164999e-18,-4.144799277738082e-18,-3.793435376978693e-11,3.6072530708198214e-17,-0.002569953944055688,-0.05583028744571305,5.0953206734550516e-11,-5.1772404696245186e-08,-7.738281240655245e-09,-0.04621739755767879,-2.8736565872433865e-08,2.8104191761559163e-08,0.012319473652460534,-4.016816702437089e-08,-0.050907748952791536,-2.0688697080977733e-07,2.1360757944399785e-13,3.32888263611937e-12,0.08064643546035673,0.281918855770797,0.34752035985237295,0.01881734679195589,-0.09608272013963463,-0.0789607058890557,0.4890960780157207,1.3594512863052678e-11,-3.808328564428256e-07,7.053507817187727e-11,0.3334746005325901,1.819837803850086e-10,0.08649696486570854,-0.014902952202043475,6.513029961437279e-05,-0.37100023418358075,-0.09846443607077883,-1.1394855308301484e-05,-3.8407493529589516e-07,-0.03934698189518966,-0.00011698027447916949,-0.024676091838563025,-0.0001425023038930396,0.0005489041628509292,-0.199994296995259,-0.12905447571068815,-0.07999053721405347,-0.05099839009667209,0.11387706115596886,-1.354508718578133e-05,-0.002835027527793501,0.00043340685075335823,-0.1740185319953463,0.10025130529005835,-1.5857988204445693e-05,0.007518725966042077,-6.209394679718001e-06,0.0029305055410112166,0.020140273302453104,0.00512404085432893,0.00022010170095168163,0.13741461212776374,0.0070730376668786295,-0.00031966354327149336,-0.014629458982742505,0.0064674390696494765,0.03168818208343312,-0.2139268858360418,0.0004891744877489885,0.00529228609155921,-0.039482523589333206,0.012770848597174563,-0.021668049353193296,-0.012794554470817222,0.036881792998116794,0.05326953602962492,0.12667578459873333,-0.0031929058671101023,-0.019151074926247024,-0.10876484181394032,0.01707969041740416,-0.04518259934472565,5.505728534275763e-16,0.06853495422989286,-0.05621776226771106,-0.16915092192190823
73,-1.549118348778096e-30,-7.832918767752716e-28,-6.007405403449688e-27,1.2337827229270011e-11,-3.5864152350691e-11,-1.9910310964780873e-11,-0.0011182966569930962,-0.02201423946470101,-1.7538293402837928e-12,-0.003782114496101216,0.06408647201041703,1.264163471419918e-17,2.536024144030827e-17,-2.227352594119317e-11,-6.931453309678216e-17,0.001588256612537311,0.03551917474737198,4.0872468658441254e-11,-2.1592444909321704e-08,-8.77994666047779e-08,-0.020082778585281676,-9.936502214679615e-09,-5.026062140609917e-08,0.058546975086113805,3.371150581909557e-08,0.03245441329698318,-1.1700707072699079e-07,-2.968388436110381e-13,-4.832602539147355e-13,0.034444518656777834,0.1101771081159256,0.1736791184213412,0.10989631489815735,-0.5562342307707271,0.021705927860261383,-0.3039944417091098,3.544107353168936e-12,-6.1207026772475e-08,3.449392774024708e-11,0.15138040975238534,6.83038000950172e-11,0.42989398780521887,-0.010844273674809902,3.4307155411540125e-05,0.2346848672608424,-0.06947953743362346,4.377690909316542e-05,5.818184739278806e-06,0.06629697357476934,-0.00017510755981927538,0.0038733599531984683,-0.00012848777342239448,0.00041865516736854056,-0.1111063454841243,0.1868819464745694,-0.06571265819018515,0.027620477422339515,0.2139732249157555,1.1028558129801572e-05,0.0008118840181648437,-0.00032112667164986965,0.15618813392361358,-0.036366549008221734,-2.5080077569227777e-06,0.003106567001136116,0.0009795583404410375,0.0031901583398199532,0.007089125963882545,0.002226906142896499,0.006067707191702173,0.061834442651822294,-0.0013876124945990003,0.0408008913838841,0.0055050188198536056,0.05839276554427134,0.1835554293703924,0.06501932843781648,-0.06029626955428301,-0.06374905519451897,0.015137896929756494,-0.05876682144697316,-0.012799887970202175,0.02936067378251552,-0.017635780915508693,0.04311339837533086,-0.04373782483426893,-0.00738178222626302,-0.04024668519553931,-0.0920025208889839,0.016052811130606852,0.0030056777664060476,-5.572668339762314e-15,0.14981087449169087,0.19540647845882106,0.029999069853386604
74,-4.813461874773535e-33,-2.632196538155434e-30,-2.0212275401307355e-29,4.124262635484964e-14,3.0918676744511335e-14,-3.032899142216843e-14,-0.00013596212177095218,-0.0028220820033536286,-6.188048119245624e-13,0.00011826997734123195,-0.0021091888289190407,1.2187082006706318e-19,1.3195191141082411e-18,-3.351291848508561e-11,-3.3055465443205187e-16,8.609456368019778e-05,0.0020495638611023525,-1.8877403938060794e-11,4.1192384451627677e-07,-3.122021344789573e-07,-0.5067219472314685,1.7628906909989677e-09,5.822945513834654e-07,-0.37888333627840365,3.6485285576638015e-09,0.3694336138819773,1.1026441556170815e-09,2.2692756884952394e-14,-9.39757627358744e-14,0.0014588252275819615,0.009060589677612498,0.012967593100821038,-0.0016176372444176067,0.012306775120071103,0.0015258338601244251,-0.01172628079925738,4.256043705482402e-13,3.422792421485021e-09,3.4506857647994705e-12,0.041793548151024415,1.2533052263364266e-11,-0.031055032976347704,-0.0018804176106103053,4.690499352668195e-06,0.030216931575712095,-0.01225503216493744,-3.4984039508508935e-07,6.234880507695409e-08,-0.006071353046577843,-3.3668742600288814e-05,1.284129630956282e-06,-4.4299463686030196e-05,0.0001627545352211683,-0.062946917655606,-0.06469397150351097,-0.07539126868866587,0.2374508510715113,-0.0326484423817962,9.934475436242333e-06,-0.0016591064581052395,2.4699218646046972e-05,-0.03795887725004527,-0.16614940807294779,9.959574896503261e-05,-0.022835501226370982,0.004180186330552215,0.0026148343759273378,-0.03979154615370187,-0.019726298353559622,0.010139101853611074,-0.3959491771689486,-0.0010028142969289331,-0.1284539581582964,-0.018798006432855074,0.05542610640383346,0.20213391504465097,-0.20535841511654052,-0.05466436110827689,-0.0417905999943489,0.03051651191239569,0.09481887467850136,0.0477207392289541,-0.017898852103591694,0.007203049441225896,-0.16203815174774155,0.023454563459512474,0.006376887227958776,-0.07305580533792985,0.14822531228132207,0.018603782308164278,-0.039935478268919807,1.4185020163913695e-15,0.11118874733330604,0.04263922536300767,-0.09249254409489568
75,4.60125818440154e-33,2.511295923289043e-30,1.927561790950719e-29,-3.940701482886576e-14,1.040206375385812e-14,-4.301308371584459e-14,0.00013011500208647613,0.0026997547940150524,4.89404336504176e-13,4.1255716965941725e-05,-0.0007207832613515077,-6.072111197823429e-19,-2.319178228666695e-19,3.242992662351328e-11,2.646923635142909e-16,0.00013112123219898426,0.0029815798286706103,1.885581582857885e-11,-3.968084845537362e-07,-9.937610795179763e-08,0.48539717492896584,-1.8238017741831366e-09,8.259181829688541e-07,-0.12911902151379784,1.5673497023176557e-09,0.5335748620107277,6.445374783348043e-09,-1.3413697763710702e-14,-1.7340355146720727e-13,-0.001384466165189698,-0.009139741442276795,-0.012338835663883017,-0.00021309167322165908,0.0031062824211684865,0.0012919168909272076,-0.016450403744945944,-1.8040489020010851e-12,3.7123829278501485e-08,-1.1714028797421857e-11,-0.03962220302293647,-3.4463427126682333e-11,-0.010163405588461542,0.004231713068810131,-1.2109456046623037e-05,0.04342615992684394,0.027657422377309383,8.455455110657961e-07,-1.769040292361378e-07,0.009236726981486932,5.896851962622621e-05,0.007031661656409007,8.4034142960233e-05,-0.00026967259507103443,0.0990383507719227,0.06440312948905083,0.07490626364435461,-0.03725309232144503,-0.15804257907867622,1.785529649157984e-05,0.0042554911540270916,-0.0006035943287983573,0.22844124558412254,-0.15637067686492,-2.7436602859081682e-05,0.024801370718063587,0.0008880471002500409,0.009836906329813398,0.0510547177988374,0.008256848652957713,0.0006814084939913656,0.2572441952582523,0.014000136381371016,-0.016658395827188963,-0.029150275556748234,0.009747597875947414,0.06335880034215575,-0.4275687720366573,0.00021689248340426437,0.006139512667539111,-0.05228962616444812,0.02323182108132394,-0.02362750106118782,-0.015841244894473725,0.04016575001614058,0.05242261406042698,0.12557409451419538,-0.003696300081973877,-0.027877443583373126,-0.10975782904240647,0.01863009974634997,-0.05276646263468934,8.526451924017243e-16,0.06875776699748551,-0.056462714965733435,-0.17166381982722223
76,2.0000283763340737e-33,1.0873373604597288e-30,8.335532984513428e-30,-1.7118502746400116e-14,4.9737954572963976e-14,2.7638375020782845e-14,5.657271707985796e-05,0.0011735488204828266,2.3114563782637656e-13,0.00019271442210042647,-0.003417491687835229,2.0909718080732855e-19,-1.8701592364252615e-19,1.487557858893229e-11,9.340830824302323e-17,-7.88995706353049e-05,-0.001891192891272891,3.64606209008863e-12,-1.7303603982241684e-07,-5.025741362525879e-07,0.21081545617087016,-1.6254563546481793e-10,-5.238966838525465e-07,-0.6138515000186718,2.2697421172198617e-09,-0.34009840355569815,-4.064364621156055e-10,4.750570695607731e-15,-1.611855716116944e-14,-0.0006136625382100214,-0.003667918104022443,-0.005868054904221025,-0.002109569969487675,0.018637069602463627,0.0002422911031049722,0.010098034383620053,-7.104591333497444e-13,1.2841004089207745e-08,-6.61302493522546e-12,-0.017519938050011803,-1.5989562886157728e-11,-0.05050440669088679,0.0030135659503177834,-7.011218802141999e-06,-0.027437635030228332,0.019272046527410644,-6.920749226447106e-06,-1.8914074205380485e-06,-0.015626696821223314,6.819300412628622e-05,-4.944233755895382e-05,6.774433156983042e-05,-0.0001900742917341998,0.05548857085208284,-0.07589203848969747,0.04889693633181356,-0.022711145050476663,-0.24634145727843323,-1.6233152861786697e-05,-6.542356342402349e-05,0.00033276045228890656,-0.16479254051566689,0.036137103386616604,-6.824247053633314e-07,0.008855163585885999,0.004154870111191617,0.01065493916357199,0.013738164067702905,0.006189032086376061,0.017022321951729414,0.1482446646186905,-0.0040651661254715345,0.06670747765741031,0.012092927071075647,0.13891059634478584,0.4295370369262509,0.15398010344055046,-0.09164707474828034,-0.07835174945384178,0.022588080197188398,-0.07739909636201643,-0.014795028896073235,0.03473181637355357,-0.019518528911070327,0.043145306933026935,-0.043307954700930074,-0.010740998618687875,-0.0534853696280815,-0.09470516506358809,0.017484547765855497,0.0039351847175342234,-5.832033784245828e-15,0.15057103164019714,0.20045301268382168,0.03009020963093665
77,4.239819172793067e-35,2.5035466609378537e-32,1.9227236153691573e-31,-3.9231804413026985e-16,-2.9440420527779145e-16,2.900518009427571e-16,4.091345836503506e-05,0.000884833767584991,3.432032217838719e-13,-3.569431001531544e-05,0.0006611617067500176,-4.3080106491886807e-19,-2.9585973608704275e-19,2.868941815776036e-11,1.9652601679171624e-16,-2.5204288464400568e-05,-0.0006408483844310255,2.266557548989928e-11,-3.879023543534e-07,2.973847822112167e-07,0.46820254452664783,-4.926201101403857e-09,-5.539401206835934e-07,0.34987594109617837,-1.9122190814342245e-08,-0.3412732799378096,-5.443218509208837e-08,7.892637931396975e-14,-3.63802536549999e-13,0.012627439759292904,0.051656009713092914,0.04980604429826865,-0.011319584584235978,0.055115133292008574,0.010574932119089215,-0.05434677493447888,3.44485123095979e-13,1.9173052798845057e-08,3.690524951229517e-12,0.07996550044224157,1.4796755200694513e-11,-0.05918691727365169,-0.0022840977766434025,5.694142645750509e-06,0.05779767092579016,-0.0148883196546741,-3.3421671368123093e-07,7.63988422384215e-08,-0.007516245867455517,-4.01979857751546e-05,0.0005554057548910892,-5.119577313164636e-05,0.00019358269126936836,-0.07491523574364733,-0.07685110328871084,-0.08784077386653898,0.27980477765562234,-0.04154905890615219,1.1360987377930363e-05,-0.0017714378308350516,1.4223539368667968e-05,-0.03735654893201398,-0.18542789072248775,0.00010672955723162358,-0.02396181926075148,0.004416846916943334,0.002849518322412687,-0.04135975943929376,-0.020649087241914842,0.010603176005553792,-0.4127573774259721,-0.0009529815956733585,-0.13188108423754835,-0.01953724531788631,0.05777314242207878,0.21082502341045975,-0.21430623475625352,-0.05597875124588633,-0.04233547327057932,0.03092312297574249,0.0963935381541003,0.04818360289100169,-0.018098977146209904,0.007288322070500922,-0.1620695489144164,0.0234773123821874,0.006499233524112989,-0.07444608646377282,0.14842380605756922,0.01873984450717483,-0.04040298656915062,1.3479912567478316e-15,0.11128911273941688,0.04277537056916572,-0.09271024888892404
78,-4.0537160586387234e-35,-2.3895238222726693e-32,-1.8339690421926589e-31,3.749453671595663e-16,-9.860536986355005e-17,4.077540556638742e-16,-3.914972269780015e-05,-0.0008464815857988794,-2.9209291978714574e-13,-1.2525198712452618e-05,0.0002259148249415236,1.8259022279240172e-19,-5.755142262754032e-20,-2.7694877511817556e-11,-1.0946482526452488e-16,-3.9945774680210996e-05,-0.0009365547807154874,-2.1720922378336233e-11,3.7268394705764504e-07,9.22268602121739e-08,-0.4482931490949904,4.714864952520138e-09,-7.678655707419737e-07,0.119035116452195,5.125318667157518e-09,-0.49272353793894186,2.962184778399479e-08,-3.773047009592036e-14,-5.667500579373367e-13,-0.012107191901493728,-0.04402431186145084,-0.05539676368519548,-0.002759162196373495,0.015025828122421142,0.011825127031905261,-0.07710988928042099,-3.262459901705848e-12,7.896773287740508e-08,-1.9213018498466945e-11,-0.07516118662732245,-5.3817519643495054e-11,-0.019423374941178784,0.005855977351815011,-1.9030294161249537e-05,0.0830439288110566,0.038376679626458514,2.057391518268609e-06,-1.510476188958806e-07,0.013447854511395334,7.315702948052221e-05,0.009724599962917996,0.00010217396208789346,-0.00033593623659363423,0.1232401021624131,0.08005651992393807,0.08701626340887607,-0.03551494075367374,-0.17917908100685825,2.0283490779330914e-05,0.004803866471748697,-0.0006838350465348469,0.25961885192011397,-0.17616810147326184,-2.8254924713300504e-05,0.02609081534313826,0.0009571167553917283,0.01035617009153162,0.053353748863168446,0.008485157376334863,0.0007218558560290996,0.26608377437900127,0.014512394700368338,-0.017872659153503518,-0.03022558241487103,0.010033669415909597,0.06585162699020962,-0.4433895748586745,0.000164330577814563,0.006174757760811474,-0.05321972790848403,0.023994297253193908,-0.02376767025859497,-0.016057363490599635,0.04040076885165494,0.05235031061806995,0.1254838425371856,-0.0037348870795490567,-0.028543614940932077,-0.10983422523880247,0.018750215870428674,-0.05332506948356187,9.04387598038798e-16,0.06882773528505526,-0.05642080663302987,-0.17184882329818607
79,-1.7622360169647792e-35,-1.0351066669048445e-32,-7.931629658100489e-32,1.6288279225477116e-16,-4.730115835781513e-16,-2.632703616939276e-16,-1.701840458256332e-05,-0.0003678833569334241,-1.304066978224789e-13,-5.8301528509329965e-05,0.0010714261117029493,9.539599666970609e-20,3.6391400468822544e-22,-1.2476758030054874e-11,-6.560095504321081e-17,2.327696720751467e-05,0.0005921686773814792,-6.236805933302546e-12,1.624031713788315e-07,4.731477921637892e-07,-0.19469539524203353,1.2525886395243232e-09,4.914600073880127e-07,0.5668065707130594,-5.118970304002199e-09,0.31431173931301937,1.780626641704644e-08,4.383992278839484e-14,5.090390221292728e-14,-0.005171901699089993,-0.01734273162047906,-0.027432623839830167,-0.016566272422657107,0.08766264185810532,-0.002969205679875975,0.04783799152707658,-1.073328318935463e-12,1.8726002322983446e-08,-1.0230970634385427e-11,-0.03372314802733987,-2.3197913809091877e-11,-0.09640858225957755,0.004187236538480018,-1.0625433054151967e-05,-0.05247359697795487,0.026789070105878957,-1.1543618148258933e-05,-2.53490424540856e-06,-0.0226875188800766,8.819892828435064e-05,-0.00042016371428087987,8.353461707939925e-05,-0.00023953025892939296,0.0689261574585943,-0.09736011598984906,0.05795606005027123,-0.02668204206948973,-0.2821438814474789,-1.833012305214438e-05,-0.0001360915157225743,0.0003834930265351963,-0.1897169686275128,0.041696004139825264,-5.264964616269407e-07,0.009283038355310637,0.004392948398266763,0.01121363439677888,0.014231287297807248,0.006481431100452598,0.017838447454753572,0.15462918799335626,-0.004260869384444024,0.06858108585016517,0.012569484760417545,0.14489109964590569,0.4478167002156071,0.16042485165056378,-0.09395669582527719,-0.07941870418081562,0.023127961684231448,-0.07873218626493406,-0.01493456206833083,0.03511308709416142,-0.019642880877128833,0.04312059399186231,-0.04323788417110666,-0.010986439577923814,-0.054472065394372216,-0.094883918554246,0.01759478342911932,0.003982589202554216,-5.674630237167732e-15,0.15064448186455037,0.20079001943700947,0.03003525305364733
80,-8.76004977965566e-20,-3.1264603058186574e-17,-2.3982564427385303e-16,0.48942799025783523,0.36576920391406387,-0.3561128358406131,8.724767983463776e-06,0.00016528645843966468,-9.24228410161052e-09,-7.913782377823938e-06,0.0001300466426881928,2.961894199893056e-16,3.3958713485525944e-16,-3.954379724899347e-08,-3.033800628199858e-15,-6.370431427151879e-06,-0.00013486433318062006,5.356773113125391e-08,-0.0001165201635025002,0.00011285438481650998,-1.6960867712983317e-05,-5.678539920308357e-06,-0.00013171501901031998,-1.4786090529503624e-05,-1.0345031537333133e-05,1.756345718808383e-05,-1.0498703110423282e-05,2.869963210084998e-12,-2.8708446946576788e-11,0.0028335561046549346,0.03969526927269955,-0.039500216140620804,0.002546049646006968,-0.005680655133239449,-0.001089375751138849,0.003625118989963164,-8.499515660297124e-11,7.839141605872252e-06,-2.3536135639222783e-10,-2.469056574856213e-05,-5.454060671670022e-10,-3.197909768867273e-05,0.014790085250752729,-0.0005608295546670038,4.2948920612569565e-05,0.10261457844335801,-6.415009939693411e-05,-4.176445279622765e-06,0.13514609896052712,4.237470887538613e-05,-0.403207853341993,-0.00034480160280933006,0.0001309281844015887,-0.017514699749766206,-0.004584204911399391,-0.0076594859450172,-0.007909062248810814,0.03310245495221607,1.7661437028500085e-05,-0.004706320476066124,2.8383156320092774e-05,-0.09962794157573442,-0.19766404036837937,-6.444720889683248e-05,0.023418583482408745,-0.0053910595488492,-0.00783664416945257,0.009876738292924962,0.013534561779268052,-0.006279345198933766,0.04156691971800912,0.03949009112701563,0.27498113829136533,0.015056716283292297,-0.0008320760208373612,-0.02069954542375006,-0.01035207008017301,0.17196639123959856,0.05297682890383994,0.01006355883127881,-0.1905744475261775,-0.034117382248934625,0.019327977787020386,-0.0082822849194982,-0.181258602180542,0.029968631932828258,0.003118181155351681,0.18204176635595995,0.12369784642283284,-0.005482332702800064,0.04618082162239356,1.1876632156304555e-15,0.1169024992899632,0.02122835341892235,-0.07067078017802794
81,8.389554448206225e-20,2.982047334495953e-17,2.2900770061161704e-16,-0.4680902131268758,0.1250120650384562,-0.5152235970904485,-7.796873867885348e-06,-0.00014721738791887952,8.657966561913167e-09,-2.248324548288441e-06,3.624332714910657e-05,-1.2058849118256238e-16,1.4901354362270557e-16,5.3379167627738316e-08,-1.9433604215727256e-15,-7.5437979276013225e-06,-0.000157185936036078,-3.630213043885843e-08,0.00011406249874721526,3.879283648859103e-05,1.3679112195504813e-05,1.0041263097468835e-05,-0.00018934979187322943,-2.768324413958187e-06,-2.857221370083135e-06,1.3370160444820247e-05,-8.342143254951922e-06,3.842946574530525e-12,2.550880885042549e-11,-0.0010776741090291525,-0.010007252485451291,0.005744401466720814,-0.000837697665632748,0.002879702783646079,0.0010515823220803168,-0.006280838651303882,1.712817601373759e-10,-4.551117442054493e-06,7.008276763571695e-10,9.893629900459562e-05,1.5824302073440386e-09,0.00011149532772949792,-0.04683497965980035,0.0005685626799123647,-0.00022020657340961208,-0.3224313803190996,-0.0002476063429875635,-9.126854922118095e-06,-0.2187608977051831,0.00017428586100646086,-0.1501021183538935,0.00010473791791038363,-0.0004053668026733519,0.1359440109790307,0.021374465668375055,0.012657742526616597,-0.016302447229647115,-0.03060642587669876,1.1169715664082726e-05,-0.0011047515391793738,-0.00010080702584844814,0.056681556178777036,-0.05665084101809958,0.00010553275082608003,-0.04865966679482001,-0.0016289210188726376,-0.01499359170198721,-0.06008214407145129,-0.0032416215188749604,-0.0025155633841670807,-0.045942668344776505,-0.02998733435710871,-0.22755892994740212,-0.007105016323702478,0.009653753485368611,-0.018041060876890447,0.12584342926211542,0.017154980064366117,-0.010671522927863174,0.300081449494001,-0.16418884263252959,0.018269033931229514,0.03288351139042304,-0.012889886248921734,0.06100412685509465,0.15672820482324237,0.05513589393667105,0.1587098359520881,-0.0890781759394086,-0.005993776963881703,0.07249578186526053,2.104913142508473e-15,0.0737230116086661,-0.05785404031108706,-0.14668921073057062
82,3.6435284609640554e-20,1.2878254825691794e-17,9.904242880276269e-17,-0.20346434240248693,0.5922495058077106,0.32868432150528526,-3.3530361020927817e-06,-6.326854412215402e-05,3.445412154288041e-09,-1.1272368102604575e-05,0.00018406747865323543,-8.752510126064469e-17,2.8552621773591686e-16,3.676815760197117e-08,-6.8369964109959175e-15,4.845537654914295e-06,0.00010282237464572514,-5.4051448225073465e-08,4.868310830581421e-05,0.00018004427921220395,5.747008538888108e-06,1.9951628960456666e-06,0.0001226255255559978,-1.6718326315161153e-05,-1.2189463872184172e-05,-9.488112874231124e-06,1.1607599447746708e-05,4.977718371115229e-12,6.674677808721648e-12,-0.00031937886629232004,-0.0017094800456904516,-0.0006473394835822938,-0.0009936043940203762,0.005277223430458604,-0.00011489680363658408,0.002646651087416036,3.950564250993017e-11,-7.672001314074902e-07,3.1552878328698625e-10,-2.2378586796165733e-05,3.0171507654363343e-10,0.00020246888454655444,-0.036155384045619895,0.0002205367357648868,3.803098673868089e-05,-0.23146770480908022,0.0005329282869531238,1.1043745688619077e-05,0.35269563042461655,-0.00010486254152932582,0.05433926760826162,9.804411374045465e-05,-0.00013374957115813387,0.09023910518279234,-0.05480563846010463,0.002883103645842305,-0.00033173529488956784,-0.07305194484366986,1.0255714944670878e-05,-0.002357635143402673,0.00011962563601523583,-0.05360238399768369,0.015556958743990091,-5.267638064646987e-06,-0.01589584228246,-0.010000610018006548,-0.021037519528279872,0.0014883873400797455,-0.005488341361806169,-0.026779566073490996,-0.017540959114254597,-0.026009409647878633,-0.16986946244262335,-0.007026415743750899,-0.03606021464169427,-0.03961420824608651,0.006252275873024761,0.34549319474548323,0.1157516652037643,-0.11391159886042297,0.1747046540898439,0.007806684871094927,-0.0358961498730086,0.00478606148756088,0.05966414379526719,-0.06235366295326268,0.022104141426608288,0.11090655349824799,-0.08135065406830573,-0.00046401664744800486,-0.009590905531963657,-5.229854779983587e-15,0.1708494183984245,0.16807670033736022,0.03953322645978458
83,-1.3595154398288073e-24,-5.7077732524032235e-22,-4.37994251108148e-21,8.935227798452808e-06,8.258188198606074e-06,-9.50736581381172e-06,-3.6302018063313995e-09,-7.118874624073744e-08,6.963750640608371e-12,4.125589797496798e-09,-6.989731870686755e-08,-3.0707580773991527e-19,-3.2520501807139907e-19,3.7238260505914464e-11,3.951901679151354e-18,3.904197841978856e-09,8.586827306697403e-08,-5.983075738668002e-11,1.1589571876349275e-07,-1.4121038500925243e-07,1.5494602285490155e-08,8.514876465311219e-09,1.9329626354848537e-07,1.6953548960389106e-08,2.0486997617477323e-08,-2.3866320044115e-08,2.2964339840663427e-08,-9.513287045865489e-15,1.2432173849635855e-13,-6.4439626059927584e-06,-9.954418523905437e-05,0.0001057449741990233,-7.42449827428032e-06,1.842973029808428e-05,3.715618843975288e-06,-1.4436717164755115e-05,5.403348661654583e-13,-4.222208206991248e-08,2.239325911604246e-12,1.1423039407873441e-07,-2.29674651207401e-13,1.8306977413317146e-07,-8.575058483464918e-05,0.09096197746447039,-1.2062197279030473e-06,-0.0006041336496208429,0.012511352296817047,4.7702418485680136e-08,-0.0015147709338991088,-5.966493778387543e-07,0.0045574385148949795,5.2552802797737795e-06,-1.1835298949079761e-06,-4.2885310508682806e-05,0.00017607186872990022,0.00011536213715640167,0.0002802235230205196,0.001375553214202325,4.769145199928823e-07,0.3985354330071039,2.048021975092299e-06,-0.0037889299625817087,0.0039372991637642435,8.38909580565708e-06,-0.009070258423887567,0.000641112290463677,-0.004512613519708035,-0.1622889363767848,-0.765836502821452,-0.0022034407907735327,0.04952049375709583,0.008270585123251493,0.03498637538639704,0.002083889858293166,-0.2587595171009364,0.07972916223544164,-0.004495073917479196,-0.011114392619228737,-0.007537774110393389,-0.005206416924642676,-0.00722282589800983,-0.001493703531007277,0.00013584229542370284,0.015842189326002933,-0.011873475010806434,0.007885257809078967,-0.003011436468950656,-0.007544028325828376,0.002342745707964432,-0.375408090785239,-0.008357198812214276,-2.0163593150162464e-16,0.022557371788316356,0.010024268641568473,-0.015875611770939175
84,1.3015251573862888e-24,5.444181195718215e-22,4.180262861626329e-21,-8.545969590866744e-06,2.8235971063217495e-06,-1.3754492428705792e-05,3.2549693528109923e-09,6.362216333752567e-08,-6.5334496210583155e-12,1.1788520431178695e-09,-1.959928582497793e-08,1.875885320023438e-19,1.542773557954591e-20,-5.077172633062587e-11,2.5458067872698037e-18,4.5967639885871366e-09,9.947554853697942e-08,4.0569789383635695e-11,-1.1379911953130837e-07,-4.963865445504242e-08,-1.255355592437097e-08,-1.522084791981e-08,2.773874637305533e-07,3.2507350837166324e-09,5.889653456900367e-09,-1.7994981058791823e-08,1.8215037399129167e-08,-1.2689497217707217e-14,-1.1095937864334322e-13,2.4634492630266503e-06,2.518520022445994e-05,-1.5379822560893042e-05,2.49706253576519e-06,-9.735921802591128e-06,-3.5630065775661526e-06,2.443490046726505e-05,-1.0655936028452981e-12,2.4615186640198353e-08,-5.399921044843076e-12,-4.4419569080962e-07,-9.546155554616515e-12,-6.949289063713361e-07,0.00043937810374609275,-0.07591514228955745,2.3433476350467573e-06,0.0029927778255292936,0.04082020782994656,1.0362178931131947e-07,0.0018609727722538713,-2.1985243409782337e-06,0.0019034401557360041,-1.401770497605596e-06,5.736059771617113e-06,-0.0020772582728702223,-0.00021959052015000418,-0.00024356031098147742,0.00045510387388172246,0.0033677673817878798,8.457108872826099e-07,0.41953020841823674,6.924179840018883e-06,-0.009846421260898542,-0.004213338905545656,-8.661142997740386e-06,0.0075672573113091356,-0.00119076209033353,0.0026262792899980794,0.12704210150295672,0.5696159427740906,-0.005621674277261857,-0.03643704734759909,-0.0013195437666672105,-0.013609871872541673,-0.0004645710866283478,-0.5483126063223994,0.16820231725358123,0.016600349490445896,-0.028848044206655234,-0.012237029114259225,0.01972389720514582,-0.007820825780638354,0.0016424049750748619,0.001252549824183368,0.015600843121216334,-0.0006114033647991379,0.014385639881961603,0.001598080144087454,-0.008981459260140937,-0.007932032325677341,-0.3769183636943576,-0.006549320953694567,-2.230288634220361e-16,0.02029430553354045,0.005560949744412883,-0.02008359643769092
85,5.65706303909202e-25,2.35175874517592e-22,1.806277459923206e-21,-3.7148610114782686e-06,1.3370680917756488e-05,8.772871650820714e-06,1.399423016988148e-09,2.7335271543034047e-08,-2.6010830459465397e-12,5.8652220428583546e-09,-9.873550946586584e-08,4.1859341752844676e-20,-2.89239759667356e-19,-3.510432970605298e-11,8.719037397877354e-18,-2.9397213656380475e-09,-6.480499326690374e-08,6.088380127462242e-11,-4.8664164310668886e-08,-2.2451432082122697e-07,-5.273137954147855e-09,-3.0567818561961354e-09,-1.7748876088566894e-07,1.9137074502129176e-08,2.412160923435614e-08,1.2629108227360603e-08,-2.5190095104723683e-08,-1.637562866778399e-14,-2.962595954214415e-14,7.072336875009671e-07,3.7792409783906863e-06,2.470550810550529e-06,2.866911919930326e-06,-1.721883596900054e-05,3.6475947178844885e-07,-1.0039695713874141e-05,-2.6798400177466604e-13,4.1471106773288476e-09,-2.475765585886197e-12,9.13886260661721e-08,3.679626144085784e-13,-1.2023361404628405e-06,0.000351598924657004,-0.026547309104787337,-3.3771385703573404e-08,0.002245030382685214,-0.07724349990808328,-1.23205397263903e-07,-0.0035659327543756006,1.085921096715931e-06,-0.00010517859637419488,-1.1783266414005473e-06,2.3928555747168046e-06,-0.0015198584879842411,0.0009515450462744637,-8.973821253983399e-05,0.0001720556879662677,0.004741970327619326,1.028799594608361e-06,0.4783667539506134,-8.365140374468093e-08,-0.00718311065903374,-0.007663338980813174,9.714041481961111e-07,0.0009442711864739721,0.0005350797634148612,0.0016653137107989263,0.02775531751196584,0.15742300319006322,0.00737061231634864,-0.010474330219030345,-0.0058713400611152934,-0.014727498909069272,-0.00146020939639769,0.7318743847957387,-0.22377579617422222,-0.013950697603138228,0.01439939711338135,-0.0021329379092623513,-0.02518082521661739,0.027570755083364977,0.0011629852060653283,-0.004286289014748239,0.01724751335439428,0.00024451193755964124,0.0017989324963088237,-0.0024305461553283977,-0.015956139380860747,-0.008394115019474293,-0.385863985186572,-0.013267744010072493,-6.301587744901295e-16,0.025974680622268487,0.019396140151157405,-0.008958808309253745
86,-1.1629933911458972e-17,3.798077844731307e-18,-1.8640566301351994e-17,1.7174225301937138e-11,-7.0249136285243014e-12,4.056510730712691e-11,6.451404532944283e-12,1.3683179140604268e-10,-5.74988495663032e-07,2.5199171249300212e-12,-4.42511971631576e-11,5.9419281818164605e-15,-1.6675460253372958e-16,-2.7928876331267237e-06,8.201975398631191e-14,1.239886868570433e-11,2.882850108301255e-10,1.172194222111418e-06,-0.005499389142289207,-0.0018284567533074067,-4.303435712759965e-09,-0.0003316360196262054,0.008733079673655239,1.4945253251099598e-09,8.925423989329227e-05,-1.3149330585745288e-08,0.0002666886700582576,-5.261302523386411e-11,-1.700026759933547e-10,3.021693509841074e-08,5.572776480181394e-07,-6.154243379197725e-07,7.100871473940376e-08,-3.1195337033238894e-07,-7.64689428269611e-08,6.715887337732842e-07,-6.776374989101015e-10,1.717374866465488e-05,-2.0126233608059912e-09,-1.713162769384112e-08,-3.4707748497635292e-09,-6.418110529545638e-08,-0.0029883894029868,-6.683818296107478e-07,1.9505647436294011e-07,0.0014542976482174936,1.7001939743501907e-07,-6.639445687544746e-06,0.0008336510289597226,4.310011680365879e-05,0.0002814896606669432,6.0073497653297734e-05,3.4431012332520363e-05,-0.002713271567813797,-0.0008280985258397183,0.0030642176195259142,-0.0013982514296251522,-0.002739260071681075,2.5481503384271924e-05,-3.703734594050815e-05,0.0001640740326461905,0.005066004266366604,-0.001620797441212193,0.0004878290412716488,-0.3104083327280181,-0.018602371744431658,-0.12912264929174622,-0.48378772252314794,0.11821064093653628,-0.0038627335821395823,0.07697306352906497,-0.10494787609924629,0.2053443050232991,-0.24686139511247124,-0.005142755396654282,0.010629741362181226,-0.051934666426726325,0.001336237835037778,-0.042019176954980496,-0.02469269670373587,0.2691436506751667,0.22384293841837924,0.14375014342580159,-0.23566178116216147,0.08060462339920318,0.2156408000119168,-0.1784575429741951,-0.04363159006292275,0.05415640992278101,-0.011073499523507167,0.4641517729112142,4.3984845214054034e-15,0.0637880211579992,-0.01382146413817425,0.07004368279894342
87,7.401971291250696e-18,5.588174320870654e-18,-5.156098532291511e-18,-0.0005846790144260407,-0.0005405413091043146,0.0006226910311040439,-2.64578725463734e-07,-5.178509202923745e-06,3.9468129329599515e-07,3.0040316668267103e-07,-5.081151989300847e-06,-7.240428604704009e-15,-7.252958438189103e-15,1.306112595142638e-06,7.613618632261739e-14,2.8610859954921655e-07,6.281412546655367e-06,-1.4820035189806156e-06,0.0036534481823190463,-0.0028325977487399356,1.1131978938935995e-06,0.00011162099130416116,0.0027875958902667903,1.2204862432967849e-06,0.00015571049632831708,-1.7447063020816353e-06,0.00013914197789768263,-2.643315637548112e-11,1.7957434739326525e-10,-0.0004868889185030457,-0.007604313395824297,0.008141698201015318,-0.0005819569754986933,0.0014830514464882487,0.00029802535508926446,-0.001186627128266112,3.3631401150388e-10,-3.841574646860364e-05,7.385621537185169e-10,9.747690945197807e-06,1.4671033797014114e-09,1.7701155251551478e-05,-0.017671532486590973,0.00041090136103406167,-3.2199681477757e-05,-0.12836584319378397,4.783880888627078e-05,7.509329101637573e-06,-0.2085067585384277,-2.3748767892818912e-05,0.7169085153991265,0.0002988299952383819,-0.00034436909351487696,0.0906618154794379,0.062116832883566224,-0.05705189959670159,-0.0724604793574193,0.09398106822143144,1.535940764016965e-05,-0.011642639679592913,0.00038181898983644515,-0.21772551714372204,-0.3451669396961664,0.0001169051215449757,-6.046100178449565e-05,0.0002148557720620549,0.0019017754100729913,0.013531545131035666,0.015103489309444997,-0.0023143563325314057,0.04635149436646922,0.026246017189730127,0.2510785224974555,0.011933974342608141,-0.0009325498559185688,-0.02278811039438624,-0.00799789518662122,0.152423850878951,0.06700400009536399,-0.016987218403448457,-0.2005757806011737,-0.05278072081114484,0.02384727966014047,-0.009367902637148163,-0.1713253219320333,0.027985779393180987,-0.002136868197151477,0.18005713819579527,0.09993394920034639,-0.005175174376389646,0.05610420434169874,1.9225324042877076e-15,0.10816555719858564,0.011826831736773909,-0.0570226608132746
88,-7.078570653030158e-18,1.8276901474827907e-18,-8.020672589717369e-18,0.0005624585158241095,-0.00018582581416626707,0.0009061774141767903,2.3783654243052005e-07,4.639656678045576e-06,-3.6747464211912883e-07,8.581938724066127e-08,-1.4239143302587355e-06,4.315859505601212e-15,4.016133998143359e-16,-1.7608096417100947e-06,4.807980886442567e-14,3.4069463242288203e-07,7.3615616467472075e-06,9.873903315707209e-07,-0.003557141566963224,-0.0009690249481534607,-9.038010043257604e-07,-0.0001992916319605935,0.0039883409756244935,2.2969846120319738e-07,4.3747079915354986e-05,-1.3361227810381628e-06,0.00011418972318358229,-3.281193083034943e-11,-1.5083551019053526e-10,0.00018728290943211714,0.001947992206601378,-0.001214792543892467,0.00019465443665141617,-0.0007627060757306922,-0.00028898805922423365,0.002050646238379368,-6.606870296328915e-10,2.010893482250409e-05,-2.2414986994448474e-09,-3.833035820944002e-05,-4.351796843257026e-09,-6.0598834021994653e-05,0.053010923108538166,-0.0004182871314194173,0.00015675555339119863,0.38498307457635367,0.000189126282817148,1.3138064645553074e-05,0.32357963486298963,-0.00046847267899978483,0.24648583879446953,-0.00017171632595171593,0.0014390784323588502,-0.4870550501420191,-0.1603492706427648,0.30912867731442617,-0.13104683666638134,-0.08144947829764379,1.0757212784454308e-05,-0.0031084593457583317,-0.0003615414803504461,0.122418607691055,-0.11145393196865527,2.7255162770657517e-05,-0.017761795760154856,-0.0003981260261171288,-0.006499341769306061,-0.03294555828773423,-0.012806297431607362,-0.0017896613808674041,-0.05807616826715552,-0.026123135999185386,-0.21990879447114475,-0.00422758431986578,0.011401767388474105,-0.02041288414562002,0.13270503563203956,0.016762692233079333,-0.011835354027366952,0.29607072565204645,-0.14670284909070738,0.03105645589444445,0.03604072040318179,-0.025542032931166088,0.059619455811729505,0.15203873986952804,0.05210676717595205,0.15341861738241971,-0.07103000276626259,-0.006062196025550209,0.08983021948961414,2.05083773098311e-15,0.06916968863064174,-0.052096926923099265,-0.12435803497118574
89,-3.074064223410407e-18,8.907016445019225e-18,4.829817229700594e-18,0.00024306197973819816,-0.0008752386460932584,-0.0005747301840954801,1.0168538206208141e-07,1.982331195489967e-06,-1.4696224340369963e-07,4.2787305625470593e-07,-7.191455222976817e-06,9.381998883893211e-16,-6.4139502947883076e-15,-1.2243296020161767e-06,1.6909377549704947e-13,-2.175880535990927e-07,-4.788234084425097e-06,1.5058749676549572e-06,-0.0015270152195731304,-0.0045223165437038495,-3.7750241187092817e-07,-3.8994255978685236e-05,-0.0025983124124948904,1.3806287135981101e-06,0.0001849603983623551,9.435035672699955e-07,-0.00015637193183141255,-4.2868586050918583e-11,-3.784340988664198e-11,5.512184276233746e-05,0.00033159516375906974,0.0001291407736774206,0.00022693741035641527,-0.0013737886328007672,3.0434065584574972e-05,-0.000850237990381297,-1.3324190452021224e-10,2.9451261161265538e-06,-9.556983235229834e-10,8.462922819878447e-06,-5.62491467359628e-10,-0.00010828285344427942,0.042621469169244856,-0.0001617992672456025,-2.57652260933501e-05,0.2738760985610783,-0.000409828629976453,-1.1850253317266981e-06,-0.514659073930545,-0.0002812053874996918,-0.09335468005652894,-0.0002994686875185954,0.0010645631997091942,-0.3232595651385103,0.4552313553390991,-0.007078027772766044,0.0067987019271786645,-0.22236894212006034,-1.6690528492905998e-05,-0.005851998591804446,0.00025301280668055715,-0.12606615584764375,0.028604352457454484,5.056995353975047e-06,-0.006612361789938066,-0.003825283065523165,-0.009089150936166412,-0.003402196903848452,-0.005266668509028711,-0.015075945760648532,-0.019252410675332746,-0.019394388885301986,-0.15924278845267334,-0.00614567342014191,-0.03956163164770469,-0.04314889467815959,0.005030987738104449,0.3172201454973146,0.13838292114994763,-0.10076190074280039,0.18382871656328573,0.013637950907601384,-0.04606989849934347,0.009184212654820029,0.05971850842174792,-0.06189888161962482,0.02355096406323382,0.12308558069707845,-0.0677512599068595,-0.00022908993153539087,-0.007860535988590066,-4.702845251410939e-15,0.16231416278876057,0.14064806304664787,0.03907966255110063
90,2.314995059220687e-25,1.0320780962144921e-22,7.92129179231891e-22,-1.6159204583818553e-06,-1.495180539783155e-06,1.7238029089174985e-06,5.643610080288714e-05,0.0010731423394065092,-6.853249770315194e-11,-6.320715094903098e-05,0.0010412870608856573,5.495536578850204e-18,4.875133261046687e-18,-5.573637346981479e-10,-6.620999571755516e-17,-5.951176258195376e-05,-0.0012626847874143466,1.079419735286045e-09,-1.7751908652707388e-06,2.4618754924665717e-06,-0.0001217413351501777,-3.2985216325208083e-07,-3.955099151255972e-06,-0.00012985118292253614,-1.1835983200377002e-06,0.00017607994156932695,-2.1342587351930354e-06,-1.0113932924338893e-12,9.774663967950278e-12,0.02764368502093281,0.41444390714168255,-0.43479246769875274,0.028667699999835886,-0.06727547998268317,-0.01205998488502849,0.03847451556353918,3.663598314368159e-11,-2.398127289530573e-06,1.3387410527608209e-10,-0.00012274387486449826,3.329783000153157e-10,-0.00048492862225164775,-0.016514041683279804,0.00022277378754109799,0.0002457459987312507,-0.11116960475025081,3.624370978247224e-06,8.532264662704184e-07,-0.086714594434095,-7.461875358649011e-05,0.1383060730961458,0.00013425873685714277,0.00023196508900239155,-0.10158704645728929,-0.09434487313941847,0.02086129432418147,0.22506946166168346,-0.16040686117947084,-2.1314937684506257e-05,0.008878460230261238,-0.0005777329701945802,0.3295901180533155,0.49599015615431113,-0.00028054883019125335,0.03604069302141966,-0.008567153280547591,-0.014301361924426577,0.0016794334896725657,0.016825955121687098,-0.006608628012796341,0.004612102210133066,0.03442847263920633,0.17862116759291274,0.01022666845154355,0.006182798597383482,-0.00043559394531384664,-0.023680163593871754,0.11428761444435194,0.017699236654717815,0.02333787245794893,-0.09700773558164166,-0.0016028351865124738,0.005128069208773223,-0.0020694064021566476,-0.17518941668266197,0.027669392423312743,0.0054427783226172685,0.10294269999317143,0.13749805340301918,0.004726917284572,0.013023789783014843,9.546773356269638e-16,0.11593005915160406,0.03113536623358629,-0.08207499333986204
91,-3.864137893989238e-36,-2.278064890857446e-33,-1.7483456796899895e-32,3.5749723197750844e-17,-1.1674520716284782e-17,5.712960844014222e-17,-0.010380687860905659,0.0006283834398469248,-4.336756120386372e-15,-0.0034818072114096285,-0.00024207528407636477,-3.730843957637313e-19,-1.5059795805682823e-17,-1.4892829087781367e-14,4.338843229739166e-17,-0.016465811461832913,0.0009092053177692324,8.673702108752566e-14,-5.780589862981649e-11,3.008407133370418e-11,-8.346216260546816e-06,-1.34243106756891e-10,-1.1527381513226506e-10,2.855057055097824e-06,-9.131213112537293e-10,-1.4437981413265097e-05,-1.1414286423590618e-08,6.766248346402746e-15,-4.5241964350486506e-14,0.053663445562445185,-0.01082647729844037,-0.005931571998650774,0.01910501338874531,0.008053722714624865,-0.07934091829102097,-0.015343847982082234,3.4703403653811233e-13,-3.6515449906792667e-09,2.9186627109857905e-12,-0.011314044031282267,1.0964921008868881e-11,-0.004336030338597322,-0.002100978859730094,3.929906294204762e-06,0.024525466934573064,-0.01358091824442233,-2.0527593814176563e-07,1.672313791496527e-07,-0.005496917239536286,-6.022485882296157e-05,-0.005008345880185784,-0.00015124296018550898,0.000309997119829477,-0.12055541413394201,-0.14294093496431884,-0.5733082125084895,-0.3934454775586735,-0.292558361981299,1.7360739779741616e-05,0.0057579804139736,-0.0006852339215540973,0.2763461398402257,-0.13304014372976114,-4.0370474864934434e-06,0.0017942063763453865,0.0004581588625645675,-0.00042174977379457276,-0.015589690225056616,-0.0068189383454529085,0.0011339965521019685,-0.2215184160976519,0.007590311551093915,0.17913979802876737,0.02752813345369098,-0.012944191780887968,-0.04427728598575789,0.2619635986234493,-0.011031834948334448,0.010280939930088679,-0.18426967337370073,0.07678718630666581,-0.03416133968764709,-0.025378522675082966,0.05034306573011771,0.053787662315988805,0.13038718853532802,-0.03518917429293281,-0.0891875882627727,-0.11877206137818959,0.023189439186605793,-0.07748368074773149,8.252592123721194e-16,0.07189719119004506,-0.06079721643438482,-0.18556742156480843
92,3.8289956968062353e-28,1.7093945863284886e-25,1.3118545301178442e-24,-2.672721041927748e-09,-4.413984730836778e-09,4.1316113181918155e-09,2.92123247019391e-11,5.930392903176471e-10,-9.313153625744588e-14,-5.370989420866539e-11,9.34942744984717e-10,7.059470979015222e-21,8.29946903504045e-21,-6.155047053058759e-13,-1.1839093392709768e-19,-4.473408118689954e-11,-1.0204032849639111e-09,1.1891363342056125e-12,-2.1611046413641713e-09,3.9763393129719185e-09,-2.87315983029202e-10,-2.8445111337831204e-10,-4.811625199304846e-09,-4.5461363714799677e-10,-9.085415115986687e-10,6.396690426727682e-10,-9.86980598125409e-10,5.503911257889715e-16,-2.35977020215133e-14,3.6350261842893564e-07,6.3359715540693524e-06,-7.2678478786677164e-06,6.049936788795697e-07,-1.928985571938474e-06,-4.3031388988888725e-07,2.4698727440566683e-06,-4.739098895185232e-13,1.3287451808634517e-08,-6.816602287282705e-12,-4.037332925092857e-08,3.6330797405804895e-11,-3.0567256940516335e-07,-0.0002343949457026032,-0.7724192670662886,7.689939672363182e-06,-0.0015849874942867588,-0.22635148537467525,6.790248888605043e-09,8.31616166855535e-05,2.0156557669815303e-07,0.00017541595346182477,6.527968386830139e-07,-1.7396156529827523e-06,0.0007343458307849572,-0.00015185813012574698,7.343647648028849e-05,-0.0001717481627652182,-0.0027459908109564407,-1.0426258015326828e-06,-0.3962582478240117,-3.165855352690881e-06,0.007396120158653661,0.005208913246514467,5.172899618463149e-07,-0.0004376544012725767,0.00034182999439158707,0.00017535107841220766,-0.01699984397346895,-0.08252258901486861,0.0005608105239431245,0.005631613272135629,0.0010286602111622151,0.006132608887249368,0.00017147709327166447,-0.00330583825713535,0.002478595696876886,-0.0031785183263210496,-0.013776402374068585,-0.009410982798798864,-0.007148333768950278,0.006409351141460481,0.0004073134388650052,-0.0012891178801105708,0.018582238732200697,-0.004736388035282318,0.007864951487499949,-0.0024525744880526975,-0.01629655317217491,-0.0044171665514785696,-0.4308748379984765,-0.011663359826006739,-4.0490760076402396e-16,0.02340694344602819,0.0124285148949217,-0.015444151857429566
93,-4.251200619199451e-28,-1.88605225666313e-25,-1.4481314921378504e-24,2.9636349579328515e-09,-2.6752159386404835e-09,5.499642976497955e-09,-2.941852515451074e-11,-5.946635860029359e-10,9.606534750553774e-14,-2.7100562277116537e-11,4.655771773135088e-10,-4.428291854450764e-21,7.290642699132528e-22,1.0261558295107326e-12,-9.990326875372611e-20,-4.7782403071965547e-11,-1.068976259243433e-09,-1.1585122040417874e-12,2.3272354507408946e-09,2.1220339659671645e-09,2.547264687114841e-10,4.825998820749253e-10,-6.566178964763787e-09,-1.5225610109377306e-10,-3.2470034443846587e-10,3.992623103822072e-10,-5.587366684508625e-10,9.770602324882407e-16,2.0207594284436535e-14,-1.7105310706627176e-07,-2.2988064657471474e-06,1.987935789309893e-06,-2.929605214437791e-07,1.2579617347790126e-06,3.936597778754697e-07,-3.2610498729759436e-06,4.830401454325762e-13,-9.622396214145545e-09,5.8285343602148894e-12,7.425922130445604e-08,-8.937408232241012e-12,2.0627216489578196e-07,5.114849277491147e-05,0.5938464288778758,-6.98433937316727e-06,0.0004032042876759223,-0.5498062796790675,1.9646681635116856e-08,0.001308770302723882,-1.9875928551612996e-07,-0.0007372592307000212,-8.618500406857022e-07,6.41215096835129e-08,0.00020113272309191422,-0.00021921982907717886,3.723596307082069e-06,-0.00013897544902207487,-0.002365485464517099,-9.751418293250836e-07,-0.38659410275560013,-2.4562389355342887e-06,0.006401143634411841,0.003969321690336602,-1.6677363216048045e-06,0.0016346175365981818,0.00012415590130073444,0.0010586395888905365,0.018231881005132792,0.08026477176763691,0.00024209678785026628,-0.00477986798707332,-0.00014989203397341644,0.00045863038797227406,-0.00013661269128749837,-0.02834928064613347,0.010113797702899592,-0.000910298394981679,-0.01546783138939035,-0.009852355200887751,-0.004624312213534388,0.0065915235484277634,0.0007535434581668747,-0.001203514635221287,0.018555651777808865,-0.0035059055490410168,0.008480578211677737,-0.0019470518896207102,-0.016482815965993474,-0.005540698104825648,-0.4308450838891895,-0.011499876341634368,-2.4872281430334437e-16,0.023199869173365487,0.012037843367065558,-0.015820009691852887
94,-2.0525033104353276e-28,-9.046040046660897e-26,-6.945160440763371e-25,1.4302566554152675e-09,-6.267566269435291e-09,-1.6083956919111847e-09,-1.361548558331095e-11,-2.7466991921068663e-10,4.2301887532996876e-14,-7.090932081031678e-11,1.2285490039122092e-09,-9.218953885530463e-22,7.219321971768227e-21,7.252301627741857e-13,-2.3312732745577565e-19,1.5489107436740188e-11,3.6311398649831497e-10,-1.3059908568744152e-12,1.0873609649617052e-09,5.912904473487005e-09,1.1036519680993979e-10,1.559077117216247e-10,2.800979795691682e-09,-5.066544534081164e-10,-1.0846113852302545e-09,-1.7596220476601323e-10,9.569303811424466e-10,1.4053403727659353e-15,5.924490374007059e-15,-3.757494950347389e-08,-1.926293183915535e-07,-2.2603578382287404e-07,-2.1813736291281223e-07,1.5407053960515998e-06,4.843036329755292e-09,8.566017087475075e-07,1.0843881080177084e-13,-2.4021317230165156e-09,1.9669067702573425e-12,-1.0020691621124072e-08,-2.6602787181024736e-11,3.500268464028563e-07,2.743326680823486e-05,0.18966004668003356,-9.483906342997195e-07,0.00016517353457453257,0.7991793818809005,-3.079263479154201e-08,-0.0005644358669223743,4.7228816312955815e-07,-0.001040847789557495,-6.626906410120317e-07,-5.799794258705631e-07,0.00027469197978600724,-9.265894808601298e-06,2.7522927092023046e-05,-0.00016484210616056925,-0.0020839584250763625,-9.186826892745509e-07,-0.359627324152963,-3.1217024591862916e-06,0.0064238260032484125,0.0035576218928680646,-5.583386737638884e-07,0.0008430545075861814,0.0002905133884846261,0.0008836890293026809,0.006440424235654518,0.02996078499657927,0.0013760174976154027,-0.0016198463422395664,-0.0004303417730853884,0.0008373416004098859,-0.00019170191774957627,0.08237895778090554,-0.023788957953784384,-0.0036138959109084955,-0.011701936931303612,-0.008976824031103602,-0.008392010636554391,0.009343536471837157,0.0006833982100700722,-0.0016386037446140661,0.018642903150188087,-0.003546878939975088,0.007467866100580626,-0.0022987104722916266,-0.016918992052186967,-0.005472832951646985,-0.430609737480923,-0.011997746752812954,-6.754974850756262e-16,0.023643016944707572,0.013117395101660077,-0.014927016590780034
