,0,1,2,3,4,5,6,7,8,9,10,11,12,13,14,15,16,17,18,19,20,21,22,23,24,25,26,27,28,29,30,31,32,33,34,35,36,37,38,39,40,41,42,43,44,45,46,47,48,49,50,51,52,53,54,55,56,57,58,59,60,61,62,63,64,65,66,67,68,69,70,71,72,73,74,75,76,77,78,79,80,81,82,83,84,85,86,87,88,89,90,91,92,93,94
0,-7.612655107792557e-17,8.978523818098399e-17,1.143224162935697e-16,1.388955454263594e-16,1.0475603896011619e-17,2.497540470255964e-16,1.939442004888233e-16,1.146782116897352e-16,-4.131534332981523e-12,0.30667586418530035,0.07346232254839813,-1.628689377263065e-16,1.9936742956609745e-16,0.0022084739375327744,-5.961101570882417e-11,-6.52684568017862e-14,-2.1741501273339133e-16,-4.072479142702674e-11,7.727577188541166e-14,-3.037779527420736e-10,1.3189995677969563e-16,-3.3949874964681206e-16,2.3943333722189678e-17,-8.06830255567128e-12,-1.1870210120049178e-12,3.956722601320096e-15,6.512477308884894e-16,1.2439581994727697e-17,0.22549048669763672,4.661608203410843e-09,6.482703558147573e-15,0.12059287536445494,9.206069398774717e-13,-4.3641824047179964e-13,-0.6499333446045943,0.2654434182476004,2.6576205446991924e-14,-8.659300579743651e-12,0.06440835822477059,-3.016489218503085e-05,-6.681938334472907e-10,3.2435476915831497e-11,-1.6558406482750896e-08,-5.414721342189338e-09,-7.608637206423313e-09,-5.647666204387716e-05,-1.8022516220656287e-05,3.1221873130517775e-05,-0.006861236130478395,8.333041267481999e-05,-4.221749121702308e-09,-3.6621227784226727e-07,-1.5666138393554552e-07,2.5494895643579052e-08,7.53918187350851e-09,4.595313233872077e-08,5.257792632252274e-10,-5.721349460819008e-08,6.135945736669962e-06,0.06681975119317697,-0.0006059790865427759,3.2714907794958586e-06,-0.00020216645182219423,-0.012194910348513742,0.00040877592683630806,-0.007136659076668147,6.16685162274881e-05,5.785478638797661e-05,-0.002621551097816433,0.0010669250269983001,0.0013162566823154732,0.005883474359501539,-0.00034098878019734545,0.0025065616429566424,0.001357302740484865,-0.0002837787988879918,-0.0009533316672939613,-0.0025485189078757143,0.5773502691896216,-0.0009655857819001252,0.0016807480776875631,-0.00451673926512643,-0.0014807705213555897,0.0008543877478050969,0.0003053380638715299,0.0002706742080447905,0.0003665488256307291,-0.000595386424978702,-0.0003617131031180649,-0.000451824024662315,0.001979414692274646,-0.0003340998346508823,-1.8113272474210096e-05,4.110855998409789e-06,-9.224153563283869e-05
1,-3.8125438447758875e-17,1.6123977804143335e-16,8.66327069325195e-17,3.61267697022801e-17,3.804467091254838e-16,-1.5164505467728313e-16,-1.2645160484898574e-16,-3.0423649780800485e-16,1.2144488414447768e-12,-0.09167728338101165,-0.3102762481222766,4.188086954858187e-16,2.498097539569518e-16,0.009751892424735592,9.128424080808977e-11,1.8289601581198023e-14,2.967657456982674e-17,1.3370213458244517e-11,-1.0220789740686144e-13,4.174424906063805e-11,2.521399159339241e-16,-3.9615057967074964e-17,3.396567750697576e-16,4.456806300843917e-11,-2.6864857750111412e-14,-6.998399099548085e-16,1.30539287222718e-16,1.365160820360443e-16,-0.06595144405522599,-9.441986776714084e-10,-1.4056600603424601e-15,-0.4437148591490835,-7.800477789425155e-14,1.4367944583189373e-13,0.09648305481792434,-0.4792484031850203,-6.689063938286133e-15,3.138892901955595e-12,-0.34507203753410715,6.714529190925944e-05,3.9481321890437403e-10,-2.956569091962777e-11,1.1354572305610891e-08,-1.499260357143337e-11,3.921503974285336e-09,3.4121398727056696e-05,-3.222628477519002e-06,-1.893354789550463e-05,0.0043842871680622765,-3.8493766389703346e-05,2.563965890324694e-09,2.2426177032829564e-07,7.841505790442386e-08,-5.663595911118561e-08,-1.728505507010638e-08,2.3534608788970195e-08,4.1614731580762977e-10,-3.0572250548574156e-08,-9.883451038036381e-07,-0.018298891003709353,0.0001564821011558232,-1.3954837630154352e-06,0.0001472011712442224,0.037283261407597586,-0.0039497881930297815,0.028015530404732564,0.00020299439532972307,-0.0007765810757537478,-2.9485772405360653e-05,2.1075214000328664e-06,0.00030352961800557545,0.0015765621100954628,-0.0001260991844222056,-0.004469849138383946,0.0010762389149509644,-0.002600858734198533,0.0022476952590712597,-0.00010297503916887635,0.5773502691896247,0.0025290002158325103,-0.00211181100401339,0.0006370222840596472,0.0017987955019984501,-0.000198662652780069,-0.0007644009539453149,-0.00038866178372984046,3.840485859868152e-05,-0.0007739473547873276,-0.0008409139411810724,-0.0007462109768615221,0.0010422077429145934,0.0008500994587642051,6.633524856514703e-05,4.241941741839931e-05,-0.0007128265734421243
2,-1.9380405542338978e-16,1.047867146898847e-16,-1.3174073126197795e-16,6.276667585934064e-17,1.9975218460223298e-16,-1.5438162152043686e-16,-1.5744621046345673e-16,2.4264487304564596e-16,2.917312275321097e-12,-0.21499858080428866,0.23681392557387884,-3.2829368758128027e-17,-1.5339482196666584e-16,-0.011960366362268444,-3.167221432256361e-11,4.6932825206069885e-14,-5.324566477484315e-17,2.735348573538778e-11,2.467685640969788e-14,2.620310054690816e-10,1.1522425015290513e-16,-3.649723233187577e-17,-4.291346109945084e-16,-3.649993636873532e-11,1.213620361597851e-12,-3.156351362126954e-15,-3.669339799403991e-16,-7.116595943790692e-17,-0.1595390426424131,-3.717408878817931e-09,-3.891803045335211e-15,0.32312198378468526,-8.429006528756707e-13,2.935365627041184e-13,0.5534502897866714,0.2138049849373971,-1.9981742489279323e-14,5.52069914961863e-12,0.28066367930930725,-3.698039972347877e-05,2.7338092894626444e-10,-2.87013978333166e-12,5.2038340247728e-09,5.429714287601747e-09,3.6871334979253423e-09,2.235526331974296e-05,2.1245144697342782e-05,-1.2288325237027344e-05,0.002476948962436336,-4.4836646287971486e-05,1.657783672200523e-09,1.4195050771145382e-07,7.824632662840189e-08,3.114106285682016e-08,9.745873072231669e-09,-6.948774012395258e-08,-9.419266428978747e-10,8.778574459192232e-08,-5.1476006338414295e-06,-0.04852086018938474,0.000449496985386635,-1.8760070162102337e-06,5.4965280577789016e-05,-0.02508835105904,0.0035410122661918416,-0.020878871328045653,-0.0002646629115577155,0.000718726289365551,0.0026510368702076055,-0.0010690325483928525,-0.001619786300308563,-0.007460036469536399,0.0004670879646157203,0.001963287495470412,-0.002433541655408299,0.0028846375330807096,-0.0012943635917967175,0.0026514939469863183,0.5773502691896311,-0.0015634144339428649,0.00043106292633078255,0.003879716980987978,-0.00031802498062518655,-0.0006557250951239503,0.00045906289004912445,0.0001179875756871314,-0.0004049536842265567,0.0013693337797526265,0.0012026270442905668,0.0011980350015130376,-0.0030216224351564303,-0.0005159996241103665,-4.822197609462912e-05,-4.6530273415188564e-05,0.000805068109075182
3,2.0198109778495136e-16,2.0062982654076178e-16,2.0909457520505402e-16,-2.525668338407074e-16,-2.5822604493859884e-16,2.8503773016494545e-16,-5.986283925843502e-16,4.8243800510188064e-18,1.570001329864112e-11,-0.7100247652775702,0.20029421707631312,5.270900385483911e-16,1.0289186647169929e-16,-0.5906971520983069,5.885272012076683e-11,1.7596923547201683e-13,-1.3334207903947284e-15,5.258767678290565e-11,-2.2338328414438345e-13,-1.7952216298121276e-11,2.2801733083605776e-17,-1.0627606961653103e-16,1.552739761866518e-17,5.321538341070387e-12,-1.2065953503099704e-13,-7.89566928873206e-16,1.1596766346997592e-16,2.3085273796246388e-17,0.03300625568881466,5.985623939149847e-10,-2.1876544255404554e-16,-0.057010012174395525,2.575371405410833e-13,-1.427389165161102e-14,-0.298755871773196,0.03978027236400904,5.969881536637234e-15,-3.150201871677141e-12,-0.08226129451755719,4.697206978283557e-06,-2.655758753438554e-10,1.059163136856239e-11,-6.733503083929015e-09,-3.362481769340824e-09,-4.017149752936365e-09,-2.8752212355990114e-05,-1.3442536669820023e-05,1.6225189425623832e-05,-0.0035706304056201408,5.577095562042534e-05,-2.1138452906607544e-09,-1.9363453849608157e-07,-9.384849199102151e-08,-1.6857631932863642e-08,-5.389241426721989e-09,5.945576827703176e-08,7.089145507607527e-10,-6.491616187180888e-08,6.32417389477113e-06,0.06380241251636141,-0.0005897780786543578,2.770380493947215e-06,-0.00014735794406955534,-0.007603289795688833,0.0002846133105638539,0.023506028183786228,0.0002441928769492022,-0.00024387808886642545,-0.003935377695631865,0.001608401586448908,0.0020056431930542324,0.008953008442393095,-0.0005285284728842029,0.0027784331449197046,0.002991121587451237,-0.001030247852882881,-0.0008037579969951869,-0.0035238892031422293,-4.596673787884254e-15,-0.0012649804491801362,0.000563886366209879,-0.0056587159767394115,0.00030254432941115723,0.0008696393763069156,-6.645276440990238e-06,9.155930464015105e-05,0.00045878192912996574,-0.0010048933042543435,-0.0012466875932657933,-0.0020794436757039804,0.002972822282209313,0.0005376485437794916,0.0003381924886892245,-0.00012187903743943162,-0.0010143418270222636
4,4.124458971900365e-16,1.1825525058702453e-17,-1.742456858965595e-16,1.172089990143184e-16,1.9882707289630443e-17,3.6048948222275253e-16,7.453390803763284e-17,6.866196158614597e-16,-1.3209440347323873e-11,0.5548362296059717,0.49350446515603935,-1.6087163154969804e-16,8.098407712569951e-17,-0.5835733212642558,-1.9689069014952735e-10,-1.413959993835165e-13,-1.2760866529443758e-15,-4.8140531896201207e-11,5.92536243811447e-15,-6.325210572311083e-10,4.780294389211798e-17,1.4671372417192156e-16,7.512942681024959e-17,-4.6057109459555835e-12,-1.2832955793998545e-12,1.177993511414822e-15,8.175389330721552e-17,5.5452798286670844e-17,-0.01770020600462348,6.859202110500989e-10,5.897654120865147e-16,-0.13141717975765968,2.647861601659073e-13,1.2131608612761968e-14,0.19646143607572095,-0.16855343937355327,-3.5104891163373122e-15,2.6101019715839693e-12,-0.138968463001535,3.109783748869467e-05,2.788232691325175e-10,-1.5064934152232248e-11,1.17145134956299e-08,2.844410599512049e-09,5.1850504398424505e-09,4.2974896235614794e-05,9.627936015744328e-06,-2.465398526079493e-05,0.006277410991418917,-5.9341576422130425e-05,3.1568319233952638e-09,2.983596561229532e-07,1.2610424224328158e-07,-5.529502525132206e-08,-1.6761417380093287e-08,-1.3468602660280367e-08,-1.1319657151249642e-10,2.8498114887306242e-08,-3.995814560166855e-06,-0.05067008489919947,0.0004444068365969501,-2.911160869853312e-06,0.00020619390981635167,0.013815014363000718,-0.0004336263470050148,0.03618663648886204,0.00013399511258733874,-0.00034761401117887737,0.0008165404231173655,-0.0003239899803786046,-0.0003900492103785076,-0.0017679387527951666,9.267918270790966e-05,-0.0018304876822744576,0.0004835019084341976,-0.000507662742841417,0.0009850896044175507,0.0012338480363675507,2.769639722113473e-15,0.0005572951817550526,-0.0026168446734124986,0.002839950927163462,0.0031138244586513537,-0.000760146357522053,-0.000589359189831061,-0.0004259979899204698,-0.0002420328107420394,0.00010012237132162085,-0.0005739599104708553,-0.0012386305351919857,-0.0007533966113314498,0.001171206404047781,0.00037279191176387065,-0.00012974067381405605,-0.000839462095359237
5,2.773103642771757e-16,1.215475766664161e-16,-8.294018752764652e-17,-3.568889555475294e-16,-3.0787090136449837e-16,-4.761393693667411e-16,-3.6932792831106813e-16,-2.934409986748242e-16,-4.710552733533216e-12,0.17672033133149037,-0.7449014622531022,2.631885666040361e-16,-1.8309766304667638e-16,-0.552116834155586,1.9473358656812023e-10,-5.321553011227155e-14,-1.211473476764648e-15,-1.5068507997578223e-11,-2.9789865359473696e-13,-5.480632395555511e-10,4.6946765911447586e-17,-1.690271618252553e-17,-2.1008930229067872e-16,5.0237775240959245e-11,-1.3111189032906278e-12,5.12990333679868e-16,1.0710326377830202e-16,-8.442648882303305e-18,-0.002869583122973373,6.682268861737142e-10,7.628671692505563e-16,0.14235990519960792,2.6513082807682095e-13,2.904464918890293e-15,0.12294608399135847,0.20758547316371817,-1.48626612086891e-15,5.224944255294349e-13,0.164843941333708,-2.766842732384835e-05,-4.284382420992533e-11,8.321457159321519e-12,-9.358185188421657e-10,2.861596812154384e-09,4.422216712793482e-10,-3.6033610790627985e-07,1.3753195849110249e-05,1.3593713011240405e-07,-1.5426145565944977e-05,-6.166333739670959e-06,-4.417197385371792e-11,-2.928683155458548e-09,1.6009425632290413e-08,3.009220829060503e-08,9.311529161769484e-09,-5.081636196215328e-08,-7.638866781957136e-10,7.841439226256842e-08,-2.333526382467133e-06,-0.01932127387058538,0.0001773490583399602,-4.876483927242947e-07,-5.123380145088293e-05,-0.051666748932773385,0.006506348179339573,-0.013592113442234021,-0.00022874311936176166,0.0010448266004490319,0.0008699873981665944,-0.00032780707761944717,-0.0009424973839257827,-0.004640771725171097,0.00032240456745853804,0.006388412836844413,-0.001504851759432899,0.004281877748372354,-0.003232523646958239,0.001426088390947002,1.7943301795010116e-15,-0.0042154920219834476,0.0013796512318721,0.0016413339858125284,-0.0003012341060399345,-0.0003811877896924032,0.0008694404947152107,0.00031716384563161397,-0.0003154601118436799,0.0015365406758581102,0.000990003579396184,0.00015001628457412684,-0.0027153372788323873,-0.00044084825222109544,0.00024608033419941383,-0.0002108639326038765,0.0005119781102974022
6,-4.1172999713278e-17,-1.6903057942172076e-16,-2.0581999996741854e-17,6.784935054179593e-17,1.4398129812527885e-16,-1.7541502382156845e-16,-7.199436046288366e-17,3.231339183000149e-16,-1.0778241756453068e-10,0.06793039387758704,-0.010587894668147121,5.866210065915128e-18,4.511274864834767e-16,0.03984795339890221,-3.5099039133233e-11,-3.35428746996307e-13,-1.5056569000674135e-16,2.4777722972068356e-10,-2.2711288595589644e-13,8.586140006427879e-10,1.9704780303420733e-16,-9.022158538331917e-17,-4.219005585253975e-16,-6.029729452555096e-11,3.159135683855691e-12,-1.8632438953977124e-14,-5.761273157981222e-16,1.6782428272209583e-16,-0.5758521781902655,-1.2302190733878042e-08,-2.3645342391737643e-14,-0.024748982716098485,-1.2816834846777246e-12,1.4947951951514361e-12,-0.014123114334180356,0.3714202700732647,-5.2216263361304474e-14,3.3340090430566452e-12,-0.3969646672727678,4.476470957431088e-05,-3.9817082639330006e-10,2.4536025047925555e-11,-9.53002941220089e-09,-6.406839705601267e-09,-1.2033967666003345e-08,-8.623124966183937e-05,-3.964991186432233e-05,5.088721353829826e-05,-0.010618835958493231,0.0002720265219545501,-6.11364147402372e-09,-6.347366773461338e-07,-3.597569670409034e-07,-2.8461212666006005e-07,-8.851078144056679e-08,4.226257410931093e-07,4.728215992413261e-09,-3.7314977547285144e-07,4.6180893333479024e-05,0.44794529575682834,-0.004211816073733892,1.801291003536417e-05,-0.0009592316887333597,-0.15029599413655845,0.016359609147171474,0.35286080608158676,0.002615643936433683,-0.0015438315745322521,-0.03831659664684393,0.0157470787615658,0.018570447317450313,0.08191863795259555,-0.004768658615675895,0.038403628253444684,0.03164355390223544,-0.0037538494755547857,-0.012579963857864706,-0.03189201890591491,-2.4469603588430097e-14,-0.021463039885029407,8.519953499288747e-06,-0.04991312465221538,0.01391420901378272,0.0063251790419112715,-0.00030144438620268636,0.0002022371009697189,0.003666932931351406,-0.007456891190857554,-0.013789600437550729,-0.02732111615563433,0.024825950266670126,0.009312699592594594,0.00571068360926915,-0.0023069407842737067,-0.013359436558853632
7,-2.0618650135017125e-16,-1.7577767176821485e-16,-1.5850008326917012e-16,-3.2262815407956934e-16,2.5801182055252324e-17,-6.880456943627382e-17,-2.1193853007363618e-17,5.19946664034469e-16,9.190204673418071e-11,-0.05501805559930509,-0.029880156545724436,-2.7982552316639047e-16,-6.058691490764621e-17,0.04114835880791934,1.4643201003300083e-10,2.7988419217702667e-13,-1.080635654563926e-16,-2.060381392841713e-10,5.08515327228788e-13,-2.786362796240207e-09,9.794834385236026e-18,2.126713447313754e-16,-3.924865668944529e-16,-2.0555669270128488e-10,-9.921245647598071e-12,1.6206565098862877e-14,1.3557862399628075e-15,-2.80894933021199e-16,0.4871354755823351,1.7987842472171354e-08,2.0636727519695484e-14,0.1958074075852189,4.53566520203779e-12,-1.1348215126856603e-12,0.17697245516347485,0.2358875362394922,4.323998672115837e-14,-2.8463050410339957e-12,-0.5162319867440502,9.328562009676121e-05,1.7114882293167907e-10,5.372264936624272e-12,6.253923737733918e-08,1.7940820360871492e-08,2.971207250744096e-08,0.00026974540519480203,6.869852728081546e-05,-0.00016197715493559354,0.047902512911059486,-0.000369686680849251,1.9323643495753862e-08,2.02901925115346e-06,8.957769789536525e-07,-5.572530494326348e-07,-1.6962124533580515e-07,-2.1447993544268153e-08,-5.828021615503241e-11,2.0977528714026746e-07,-2.505373572716831e-05,-0.3652296189726983,0.00309736823073665,-2.3445133831848635e-05,0.0017098885511609143,0.04796367988593135,0.006258658730982563,0.4726910705335803,0.002042555811797013,-0.0032512352957991277,-0.003258005477953541,0.0014860992697797442,0.0012149644250478207,0.00447037971298081,-0.0003273107828111308,-0.002110415614875295,0.014063510480940468,-0.0033346257063723004,0.004186819609373402,0.004010965468935326,2.5082692027713548e-14,-0.003800229604174377,-0.027079940394117128,0.015740724993610716,0.03763107877042924,-0.006491733319211247,-0.005850586572771361,-0.004322909567873697,-0.0016909660797083906,-0.00018728342437657091,-0.009723816845852398,-0.021666744101445163,-0.0021587543895483547,0.015192539634885793,0.005984768022209025,-0.002270510997938292,-0.012848315789186599
8,1.5640050616018633e-16,-6.104884471381517e-17,4.460832104765465e-16,5.418365740558635e-16,-2.4249091391975885e-17,-1.5102979092380616e-16,2.890886855707398e-16,-1.4138925782782555e-16,3.294069657265119e-11,-0.018277883564923728,0.051688152462780815,-2.254037999663171e-16,-3.554270083615112e-16,0.04587449259313241,-2.5454643724383557e-10,1.140304036764735e-13,5.746049672107757e-17,-5.3141926604260424e-11,-6.165896559606508e-13,-2.3562336902282046e-09,7.399916823162705e-16,9.906240709673535e-17,-5.953293414508916e-16,5.224573580181349e-10,-1.1295872741181387e-11,7.438165640910849e-15,1.4661665889300158e-15,-2.7561318532550305e-17,0.1766156197901046,1.2353617464253451e-08,1.125150651676853e-14,-0.6326200528923107,4.297395032590132e-12,-2.526222189553628e-13,0.11659403651089308,0.4024290547829249,1.64776800894568e-14,-3.199069468793226e-13,0.15197435967697112,-2.833895971926255e-05,-1.5048737577604064e-10,1.9185326253968983e-11,3.1777266984141377e-09,1.9217676974759394e-08,4.548667408152793e-09,1.40483539825452e-05,0.00010241038637402593,-8.191404158176835e-06,0.002707264174706442,-3.4702344333719694e-05,9.645713585887184e-10,8.294478468432885e-08,1.5726594343828622e-07,1.6585685100876927e-07,5.15717361991309e-08,-4.1030906637408477e-07,-6.323862364988799e-09,7.209132266230348e-07,-1.740591978117248e-05,-0.14761282412234616,0.0013135733775470142,-3.6047158307486797e-06,-0.0005858246657551281,-0.5651755292167151,0.07155497251173519,-0.0575063144663711,-0.0018928266003512418,0.010742585310052502,0.003073429057308808,-0.0009284174512236348,-0.007189606924051501,-0.0370742097379513,0.0027207993433651444,0.07584807012265507,-0.01077677102547929,0.04613195180893511,-0.03770171343823395,0.011056469504744908,-7.054721778397922e-16,-0.050642053071392405,0.014064926843025745,0.01142798782898025,0.000671189666741292,-0.003664199064001815,0.009471464898833413,0.0033991953405953686,-0.003092801188271267,0.015767340110945306,0.008254017454591102,-0.0037832450743048303,-0.026582031830403283,-0.0027416965173840276,0.00394910326040053,-0.002848199003994795,0.0030385447436861216
9,-9.26642555836138e-16,3.61815087000499e-17,-6.209882225076063e-17,4.161513099853688e-15,7.26993535566196e-17,-2.2636469391004187e-16,-6.637165996222026e-17,1.4098098554012766e-16,1.1921608209980049e-09,-0.0088088849162828,0.0007789748581938066,6.682140295551744e-17,-4.0692163505206375e-16,-0.0036330971757510717,8.107094472644648e-11,2.613316541227065e-12,-7.267105495202837e-18,-1.2032551583174958e-09,1.0646882383295577e-12,3.4066797021442277e-10,9.196484620651376e-17,-3.0258208525690685e-16,1.50979723371786e-16,3.4031113676129384e-10,2.6489878754625797e-12,3.8221071232608e-14,1.978915443488147e-15,-1.86128621561382e-16,0.418068546614893,6.3758135106869944e-09,3.034741353916672e-14,0.027617594114120243,-1.9087709156314746e-12,-1.61249011149927e-12,0.11732964484953046,-0.29492284479338865,2.5278320529805106e-14,1.6172129913230313e-12,0.31373081686791027,-4.5627752058063945e-05,2.3798672536511754e-10,-1.9462279962593032e-11,-1.6911637124074554e-08,-6.114894807445456e-09,-1.0446166656182623e-08,-9.198842259230504e-05,-3.4271776271282244e-05,5.6594725297909576e-05,-0.015036634828683735,0.0002342453265737734,-6.441799312872271e-09,-7.250664223862659e-07,-3.89745529747477e-07,-1.7798102529674526e-07,-5.598072803986599e-08,4.3352458770709733e-07,4.6620134041463015e-09,-4.320018601022278e-07,5.633333963523202e-05,0.5753633770148953,-0.005349246007015048,2.4163154089823426e-05,-0.001319551926347428,-0.19917621841298025,0.021259558460830143,0.4640438799763219,0.003538356371391809,-0.0020455668154089855,-0.05438483575955814,0.02230651752993249,0.026600285321590155,0.11765196549296715,-0.006842230269945937,0.056765019254092663,0.04685382263295482,-0.005287369155176755,-0.019591422697854608,-0.04838571074997605,-2.990910636032665e-14,-0.033865962631181294,-0.00018269333242961817,-0.07698418054938132,0.02247752198999702,0.009933622590394252,-0.0004909141612380741,0.0002765538988806053,0.005810612588725508,-0.011092114794616194,-0.020728163698552786,-0.04125512097733094,0.03820991913813575,0.014826927335022328,0.009276601931781044,-0.0037689210778127633,-0.021148317551264978
10,1.0057727300473203e-15,4.70618616642182e-16,5.658536206054433e-17,5.9098690768580886e-15,6.08153624660599e-17,7.777922549659683e-17,-3.7975782054537325e-16,-4.52955587350628e-16,-1.0170080786097134e-09,0.007275877933101252,0.0025381634542543602,1.2877431450591643e-16,4.0328603288944654e-16,-0.004114656733726078,-1.393424720612101e-09,-2.1523930737422e-12,1.9828428104515063e-17,9.861009442932187e-10,-3.700536648383377e-12,1.4759632566102114e-08,-3.325092312097314e-16,-5.30087937828511e-16,2.1682247320788144e-16,1.0876367495628586e-09,3.325055004604569e-11,-3.523900122402565e-14,-4.5324182775738724e-15,-2.778732689032413e-16,-0.3551332556276066,-2.603057252745324e-08,-2.675279246141953e-14,-0.11801484255938019,-7.706692084229252e-12,1.0293936562341812e-12,-0.20912523439341815,-0.126396433125685,-2.255273182639364e-14,-1.328087633761376e-12,0.41583193223705034,-6.970491843649553e-05,-1.066658857442122e-10,-1.2739815193469129e-12,4.274470218845687e-09,4.744710118207462e-09,9.683067013848838e-09,0.00011229583775217795,3.958245389964392e-05,-7.935299784009572e-05,0.03414952473685254,-0.0002587321125122652,7.229368839062307e-09,1.1235626318671762e-06,6.167123522243999e-07,-4.140345982515487e-07,-1.260274463874059e-07,-7.555858214666223e-08,-7.718421498649251e-10,2.737366932223398e-07,-3.2475502901075414e-05,-0.47313772728769377,0.004007280967924081,-3.058812299882438e-05,0.002235968433586197,0.05894247554407923,0.008743108933808042,0.6240431781598226,0.0026896206543434854,-0.004290839360594658,-0.003886958685602945,0.0017969444749239007,0.001372777010713781,0.0048126947109281846,-0.000368886719046309,-0.00266867843806879,0.020584211978124108,-0.004433597735359355,0.006119251445195887,0.0061200162693341555,1.9508745915164714e-14,-0.00642291900866379,-0.042425662526695315,0.02408483595748742,0.05969594046536571,-0.010288544447364083,-0.009329552119311949,-0.006932751815437431,-0.0026625908949594775,-0.00013218378722953668,-0.014570148622503509,-0.03270397981961085,-0.003324948352457331,0.024062154730399295,0.009715589357660218,-0.0037050380042599786,-0.020402115195500493
11,1.423853554229616e-16,-1.0700700116256836e-15,-6.807069410064586e-17,5.956623473886948e-15,-1.0536823609962575e-17,9.68543838026494e-17,-1.5822889335743953e-17,7.95668348853105e-17,-3.6067525073980317e-10,0.002483857040738124,-0.0049840286089757845,1.9578102402367132e-16,2.371270708061131e-16,-0.005232616920465387,2.5465881886799996e-09,-9.205248266175252e-13,3.7388414829941534e-16,2.0774525353119417e-10,5.196644872121877e-12,1.3052317388117399e-08,-7.840208356234031e-16,1.8158732088035346e-16,8.07423521639178e-16,-2.3302869879049925e-09,4.1551300109300003e-11,-1.6746400561075614e-14,-3.773270155001054e-15,8.120193472585008e-17,-0.12938859878179818,-2.0814598399791603e-08,-1.8924183899376782e-14,0.435228219521395,-7.91819386391556e-12,8.011946713935062e-14,-0.12756056089481527,-0.34988784862401723,-9.596978797924917e-15,-7.372455696046141e-13,-0.1610513658078905,3.0604243554937076e-05,1.43957399144346e-10,-1.6530844251464444e-11,5.426530956300179e-09,3.480521926349248e-09,3.453692409612069e-09,2.3980080350595244e-05,4.3433847239396955e-05,-1.4163574961808148e-05,0.004184823182572683,-4.539401476493159e-05,1.7104335271110488e-09,1.6637067957025382e-07,1.483702655736522e-07,1.2165372987357902e-07,3.8046051454289606e-08,-4.0824463038538064e-07,-5.976713998040032e-09,7.794406990200974e-07,-2.1172001989081293e-05,-0.19036092355663317,0.0016793789921350348,-5.057417777448931e-06,-0.0007269047159514183,-0.7382035795395967,0.0937617232933602,-0.07136618587555096,-0.0025631914352915366,0.014778256539983702,0.004266139795687205,-0.0012761465510375462,-0.010245725019378768,-0.05302074787500149,0.003891620975868115,0.1114664212749713,-0.015761941720954013,0.06793441806773157,-0.058157898423986325,0.016686445360439495,3.13873233240578e-14,-0.07927739897837102,0.02198925493267071,0.017482737832517647,0.0013268080292949353,-0.005835599514553817,0.015162227702843003,0.005462462748705151,-0.0049515984016305645,0.023638778473757817,0.012317150036529662,-0.00600891303721922,-0.041125398721111914,-0.004194300924738379,0.006413373994559802,-0.004615465197569829,0.004639460170854708
12,6.7942121635557616e-12,-1.181669050782018e-12,2.5227786734338337e-16,-2.860232877882512e-11,-7.65706351167121e-17,3.210684210542561e-16,-1.2020334722253107e-16,9.289987911938296e-17,-2.5954124198468333e-07,5.472988854906786e-05,-2.841053263579761e-06,-7.151754656309985e-17,3.7128372933705314e-16,1.5621980389869177e-05,2.1543357488037247e-08,-4.206513559739181e-10,2.5027052911175177e-16,1.156775768396875e-07,-6.060014538093403e-11,-5.44944124482401e-07,2.4906625504458888e-18,6.35416532760518e-17,2.812875923229655e-16,-4.040479660894598e-08,-1.1306688916589577e-09,-1.4788334332197958e-12,-6.689584909957897e-14,5.154574421361242e-15,-0.009639735796844193,3.6209605004168483e-07,-6.011006344146391e-13,-0.0007312621258350702,2.3709606503871266e-10,2.6367462200959685e-11,-0.0048778862673723,0.007329874934926162,4.2176402145548363e-13,-8.445162958031869e-11,-0.007547732802092707,0.0003084528283761205,3.956125239428628e-09,-7.210331647785873e-11,2.6490929679970424e-07,1.2571037077304184e-07,2.1220793299969937e-07,0.001238601743840075,0.0005688615905547541,-0.0006245561781324484,0.0239361086936605,-0.003612416473195188,9.445130412727074e-08,6.694809206152988e-06,3.3318477168805355e-06,5.318341945203347e-06,1.6400906166066166e-06,-3.6924219248012706e-06,-4.567833997023771e-08,1.6234854209476281e-06,-0.00012807108595390456,-0.15973315076513234,0.0039038608395062318,3.60083673232918e-05,-0.0032010222561580292,0.04809376226079037,-0.030644610886954325,-0.15460558242590333,0.00397308994681245,-0.002378169964913072,-0.1695173513941096,0.0676330645868691,0.09430158326568501,0.4313518502060325,-0.024963075535303123,0.24648530905657406,0.2199049990825841,-0.026637904538463257,-0.12446835102883855,-0.2842051208698551,8.404710847706117e-14,-0.23134931438046585,0.00167998661498615,-0.5064631367686011,0.16514438357248573,0.07570806531416902,-0.0037757489894729725,0.0016658116241707775,0.045525406757145004,-0.05973912139471386,-0.1087817010138998,-0.2166683098786186,0.25116375054373574,0.10659804221063612,0.07460336922852011,-0.030908413818975557,-0.15182131660363912
13,-5.79813741413977e-12,-5.593746246964508e-12,-1.012566939934892e-16,-3.289195299895581e-11,-6.575357754933563e-17,-2.8470959690414335e-16,-9.603645599504881e-17,4.3560768403773777e-16,2.215554719033732e-07,-4.7551880857308765e-05,-1.1133042763120832e-05,2.4751215602650807e-16,2.7367686257757147e-16,2.1726277932161713e-05,2.9585223270383524e-07,3.38782718210509e-10,-3.4046720939506803e-16,-9.228360877307677e-08,5.590282516183933e-10,-1.6651020502543055e-06,-4.1604937519324296e-16,-2.765032339574608e-16,-2.5450364110187655e-16,-1.1417038935989144e-07,-2.4753081521483184e-09,1.4909079834230917e-12,2.5692753415016706e-13,5.9424655096725625e-15,0.009721790303503767,8.013689523795849e-07,5.852835661719231e-13,0.003098445245772652,2.962273701521184e-10,-5.284086643968355e-12,0.008714407674919666,0.002884745111312957,-2.9444915072613623e-13,7.04449688610794e-11,-0.014326936654881734,-0.00015411112933462107,-2.7403047948334903e-09,5.431633242221945e-11,-1.1013776714054443e-06,-3.3376351104670923e-07,-5.506110035425515e-07,-0.004950879015902577,-0.001203096142450188,0.002911100393912502,-0.7487686412434511,0.005788344651841034,-3.572196266074531e-07,-3.5461843719757916e-05,-1.4242673360891253e-05,8.798868726953378e-06,2.6802569902965043e-06,-1.3890261294459378e-06,-1.8851778776738223e-08,-1.056451240555276e-07,-2.783766538073459e-06,0.009981845889610609,-0.00013800783883699628,-3.5232486690155713e-06,0.00037369365083056335,-0.002790523075905896,0.003326581400095501,-0.030035836367350688,-0.0008730753303210576,-0.0012425803859238678,0.03737556826886303,-0.015122759493366276,-0.018979871220777312,-0.0863800121836475,0.004946322085426349,-0.02452258691698207,0.07132142172408815,-0.004378953055566289,0.03644104112855429,0.05232778784436697,-6.778530317792958e-14,-0.04608228428734866,-0.29741480103080226,0.17093791917206802,0.43879817786003866,-0.07964809855657834,-0.07268912501513163,-0.05545820071673923,-0.020765974072737763,0.007481710138066046,-0.06885270521798358,-0.16352405581645632,-0.03147586894411943,0.17359178838092687,0.07824559036681358,-0.030401423085879276,-0.14639051070641318
14,-2.014540573174991e-12,1.1901101604262927e-11,-5.18499177105478e-17,-3.295719277847008e-11,3.7271746104131e-17,-2.2918873383946958e-17,6.111170488001008e-17,1.3930919047616412e-16,7.744626186624617e-08,-1.5892205709339092e-05,2.3635066571227575e-05,-5.5393590991053936e-17,-4.0550235937344e-17,2.9011452681102714e-05,-5.202475262110819e-07,1.541066682051124e-10,-1.776269391257852e-16,-1.3075003289116711e-08,-8.222376354111916e-10,-1.4505157075068228e-06,2.0550397907080575e-16,-9.351819888612927e-17,6.985497562788496e-16,2.082672818506604e-07,-3.1321590805971434e-09,7.865039885452623e-13,2.610341003711082e-13,7.319889442735538e-15,0.0029928614804151377,7.035035532183233e-07,6.367733300180884e-13,-0.00970027526172997,2.913610347464235e-10,8.323877737645669e-12,0.003757883079425309,0.008886322149665147,-6.231312201028446e-14,1.8756245157561133e-11,0.004546681564365965,-2.6299820921449078e-05,-5.703007803949942e-10,1.0576116446210393e-11,-8.088474021094811e-08,-3.722317723646132e-07,-8.240648137218437e-08,-0.00014668796430723023,-0.0019644680771549496,5.8832669982784504e-05,-0.005588828564591474,0.00022779545282882607,-1.1456401089445332e-08,-1.1686737081742663e-07,-1.9581050264762546e-06,-2.572534551092442e-06,-7.957497965382772e-07,4.105727267985465e-06,7.179552365657615e-08,-5.598431460368986e-06,5.165561020568296e-05,0.05311681679549926,-0.0009377073447155257,-1.459290832435402e-05,0.0017293132734269212,0.20657395431248624,-0.015049746441422417,0.03215857471977592,-0.003826145827823276,0.02674954869437319,0.01939936247681922,-0.006486573306835865,-0.03717114502293539,-0.19580357950538863,0.014064096650179889,0.4750464004932644,-0.07512307054197596,0.3023987415305856,-0.3629096541408987,0.09832660592666817,-4.431563838151696e-15,-0.5399773338049123,0.1526813507959257,0.11584702986305097,0.013505773710126175,-0.04539727184703808,0.11887752272933308,0.04380056607109563,-0.03947570596157198,0.1236179739584796,0.06556712495974683,-0.03534435369013033,-0.2699698835291105,-0.02868243246941836,0.05175514490808163,-0.03750409699000522,0.03181440327006839
15,3.676489109641448e-15,4.9195032611427744e-15,-2.1058373348637277e-16,4.896304199214092e-14,1.5435764967932044e-16,7.353124648576434e-17,4.316520314505182e-16,-1.183030505467489e-16,-5.694189390986527e-09,1.8260882942128067e-06,4.375499007830508e-07,-1.2950655438351333e-16,-3.987068068078431e-16,-9.868901207471732e-07,-1.104636101174268e-08,-1.1523334196432108e-11,-2.330431570690016e-17,4.94940453183649e-09,-2.68039129966833e-11,1.0013496470690216e-07,-3.363606951661509e-16,-1.153214589977926e-16,-1.3911798959238142e-16,8.729382579388028e-09,2.070055062827498e-10,-1.408201099492662e-13,-2.1578441351592047e-14,-6.196330211668384e-16,-0.0014819558706206438,-1.047373108664606e-07,-7.046012510106866e-14,-0.0006450065245498938,-3.895202867648227e-11,7.238337254575999e-13,-0.0020975484184593426,-0.0007119316716355518,4.9267567721283505e-14,-1.535474889360097e-11,0.003953457706100329,4.22536423913744e-05,6.993846381358486e-10,-1.3496236220533743e-11,4.273482652987662e-07,1.371763759557922e-07,2.5606362379069826e-07,0.0026349698093754603,0.0006560487403960624,-0.001709419832817351,0.6576146106550421,-0.004194136140770984,1.8082161045944265e-07,2.2878653151309744e-05,1.1136914969985614e-05,-1.0801042533289532e-05,-3.303939302204589e-06,3.0225958761867893e-06,3.3424258007215204e-08,4.1526794691862385e-07,8.134191793718786e-05,0.0943441285341017,-0.0018015595704721046,-1.6683027963425317e-05,0.0014073483097815334,-0.009326834764022955,0.01100021804635143,-0.0768197475143853,-0.0020012086530163497,-0.00268024925597776,0.06778579030290521,-0.027755884288572397,-0.03245986030255458,-0.14535365049213356,0.008350375849405298,-0.036693684736000064,0.10080194531838,-0.006432457806417188,0.04353522750910198,0.06588252509745343,-7.580885215573906e-14,-0.052044095560891894,-0.3272405393207494,0.1987112428833342,0.46876695131217044,-0.0815663783773967,-0.07414257293129059,-0.055631299605980004,-0.020847352290656065,0.010036641318385478,-0.09026423055424931,-0.21300923983361658,-0.03642083418766537,0.187431605167479,0.0791780218718748,-0.03045466436771791,-0.15838628324997975
16,-7.464655831595666e-08,1.767879199424835e-08,9.112509499401903e-17,2.155561688372107e-07,-6.319629454852279e-17,-7.563882026119258e-17,-1.4850379917533e-16,1.2819525055800306e-16,7.203929769697474e-05,-2.946446181923967e-07,8.4868027923296e-09,2.564499893707914e-16,1.5341888929309609e-16,-5.158893523561303e-08,-1.3712099363646932e-05,8.962444555072279e-08,-6.107639944619691e-14,-1.6170220050614004e-05,-2.620553912636597e-09,0.0001430351507789782,-3.155418118936178e-14,1.338167830745318e-15,2.5627124787808574e-15,6.355363993032048e-06,1.94899225244111e-07,1.1265627945458684e-10,3.944468779719858e-13,-7.230823655179926e-13,0.00019657222225670946,-3.988680227391427e-05,3.582046935377343e-11,1.8617006677993826e-05,-2.223377367278556e-08,-1.7945779555327807e-09,0.00017242411332553807,-0.00015846518896234238,-2.1271932454974642e-11,3.294023781126382e-09,0.00013117223341996157,-0.010688641898993297,-1.406376427604431e-07,2.6057236858778017e-09,-3.0750730221564205e-06,-1.6969777366154954e-06,-3.5108390483508496e-06,-0.015700918055629377,-0.007565554795042181,0.0071848380336802,-0.01190260849953997,0.05920614354133544,-1.2460219381383139e-06,-7.359573362568523e-05,-4.3301999868167114e-05,-6.332032832711689e-05,-1.9459837838242708e-05,3.137634306519932e-05,4.2690164395447306e-07,-1.1463845552383763e-05,0.0006347743279296167,0.03300803263371716,-0.012947960130949307,-0.0001626199677764515,0.012084679493503787,-0.0005341743454697767,0.0804209383382787,0.05395741822818832,-0.011105834048223703,0.006265943352480422,0.26707823074392223,-0.11002996594321562,-0.12169743428482259,-0.519434996140119,0.030086506554941363,-0.2715589370232516,-0.2216889307414362,-0.010955756639064463,-0.06861476875199865,-0.10146313613967148,6.880106992514483e-14,-0.1822086719722607,0.10105195245772695,-0.48785850285685856,0.1307498586210344,0.14319532313985073,-0.0026620213613593197,0.003763318381364233,0.0899526218061532,-0.005040919731293516,0.07639200107661676,0.18165680983549332,0.23239251430240576,0.09579213628695095,0.1382928017996477,-0.06134361227935518,-0.16092818393608171
17,6.369886250736733e-08,6.588317104382569e-08,-4.5208300631459344e-17,2.3104766883338124e-07,3.78607549273993e-17,4.4731742946870107e-17,-5.3479006311399955e-17,6.14888613913127e-17,-5.910135476091681e-05,2.5421174030820936e-07,4.048123968846215e-08,-1.6958370635788042e-18,1.7397594024845197e-16,-9.827870886355957e-08,-7.881228776274129e-05,-6.615816418949682e-08,4.592407251931034e-14,1.140939514898753e-05,-1.1037561366701135e-07,0.0002599894565463524,3.323310599905218e-14,-1.978204916017037e-15,9.937342088767659e-14,1.5573960693378153e-05,2.7876958603626104e-07,-1.0673100250889967e-10,-2.483905527209208e-11,-6.919112413440031e-13,-0.00018646518660538224,-5.7538919182606816e-05,-3.054071969752384e-11,-5.664812280720612e-05,-2.266791176046689e-08,-3.907178890475414e-11,-0.00023219484351965624,-3.978449768092258e-05,9.675277405165507e-12,-1.7903462254805876e-09,0.0003223774569707708,0.0018832122759159895,5.034895188144129e-08,-1.094582472752741e-09,1.807078554914188e-05,4.2651709574345e-06,6.060404177481337e-06,0.04413063225488265,0.006738050036526969,-0.020496991845275227,0.045077895350461195,-0.006303878878347224,3.545527063042327e-06,0.0001873145420133808,1.8400666752945922e-05,3.374215401729043e-05,1.042664151392173e-05,-1.2931515142707351e-05,-7.935148279294789e-08,-1.039421579142554e-05,-0.00045734003792998975,-0.01137571158605183,0.004673534210797759,0.00011908180080292489,-0.009116878308025118,-0.0060542191568665185,-0.059901287548838916,-0.00912577677756039,0.0050759146834894004,0.029262270093024692,-0.2079235344545377,0.08800551192502513,0.07730165037970453,0.32646501413490575,-0.01821423477944666,0.04394262171889688,-0.4616559713776016,0.07800588696096099,-0.03264744362808162,-0.003530535771951926,-4.25003847265686e-14,0.038537199463476446,-0.06275881480799016,0.0010726756180187622,0.3237456070367751,-0.1291767228424069,-0.11873827780630763,-0.10866178767561364,-0.040864064318259764,0.014482916491806885,0.2702946265695022,0.5832259431531753,-0.05549169364329353,0.0855080210533745,0.13925391464806292,-0.06033434433671509,-0.05708953789624739
18,2.169998650714897e-08,-1.2647370951312594e-07,-6.1986899192082005e-18,2.0443120296157094e-07,5.936421551118279e-18,7.700722499121622e-17,1.2235265588348422e-16,-2.476994549374081e-17,-2.1082538960925547e-05,8.725362797590825e-08,-9.635320919784418e-08,-4.66564679674688e-17,-1.3581534274743676e-16,-1.3931452196251335e-07,0.00013512125762395996,-3.418345004247786e-08,2.2782782997903002e-14,8.008081703708938e-07,1.6911007926559825e-07,0.00022737998775727207,-3.561229735062514e-15,8.130292212503048e-16,-1.518569188506984e-13,-2.696157637059632e-05,3.6399948753021215e-07,-6.993826316170469e-11,-2.91820697300801e-11,-9.015026238646319e-13,-6.074074776707963e-05,-5.3869689739265433e-05,-4.929384107432428e-11,0.00018567579430975388,-2.2592298864967196e-08,-7.242981161905613e-10,-0.0001003745692834533,-0.00019435057507726444,2.0714962895885714e-12,-6.24242665635356e-10,-0.00010544834533746022,0.0002640329207099924,1.2969706856848544e-08,-2.2741607004941284e-10,1.2435166848510064e-06,1.0594232097699526e-05,1.6130308284685986e-06,-0.0002878321145841651,0.04598992377129063,0.000527817614650827,0.002850380292213319,0.0004147795030162147,-1.458812767343119e-08,-1.618021577634624e-05,3.123320113046869e-05,3.2236333548039626e-05,9.949946121441094e-06,-4.304968108305351e-05,-8.396296765022625e-07,5.130505145723345e-05,-0.00027489856081812527,-0.011516357625411583,0.0019161124638877995,6.359490293703745e-05,-0.005748871522755648,-0.05277801379192637,-0.031988253083863404,-0.01355630929351074,0.013204705097996471,-0.09262387505403925,0.004425753788379611,-0.004805200363855212,0.05102488888485136,0.26986453807663185,-0.021194054925289477,-0.6069447149247981,0.051588780315537104,-0.3196847009888492,-0.15222519960197298,0.037665465450159454,-2.397082012359832e-15,-0.48905071877498674,0.1533604605230386,0.12671054692121736,0.03582722832120559,-0.08302105243580388,0.21524721816980993,0.08637265758359186,-0.07779726553437351,-0.04499720703228277,-0.0201257779839174,-0.0035634256883790576,-0.21074507423966235,-0.030920111671946967,0.0983643551168699,-0.0746053487451992,0.03723170394906658
19,0.0006503317317284225,-0.0001994697984539434,3.355040401103457e-17,-0.0012622552421119094,-1.9351426480496453e-17,5.010095877349429e-17,2.681239218558401e-17,2.998222064807191e-15,-0.015899391704534447,2.154021803426865e-09,-3.207065265975193e-11,-5.510418212817053e-15,-1.1780125711509147e-16,1.839900945174323e-10,0.004551653505842169,-1.527628687651885e-05,1.0561885094462534e-11,0.0018201796952809675,2.69285058564987e-06,-0.025012135955907414,4.443434044990334e-12,-2.0112467746872627e-13,-2.4611321384019185e-12,-0.0007979298399639528,-2.3765485397528988e-05,-6.6951170974400214e-09,5.550868420886012e-10,8.049701606814988e-11,-7.160866559190543e-06,0.003171648044520543,-1.6571017931357318e-09,-1.0161400797636194e-06,1.6198096483859292e-06,1.014125274733536e-07,-1.6537712660905455e-05,1.167594846139177e-05,8.782078448904682e-10,-1.0469840640555783e-07,4.6971195184945905e-05,0.3084610286529616,4.112075513153927e-06,-7.677719352502918e-08,-2.5631373760945044e-05,3.738700946451645e-06,4.0062796876808386e-05,0.09676762257127543,0.06304215776359713,-0.039875980853148155,-0.0076878776715669055,-0.8371575509894158,7.822208432175467e-06,0.0004702544030907417,0.0005132394435700627,0.0005633681714573684,0.00017256483728806047,-0.00020752180038881207,-3.177116550863706e-06,7.499386892824527e-05,-0.0024915203437139454,0.0010673922946889225,0.049021944336663514,0.00040884450509286993,-0.025710588391097397,-0.01828157142474542,-0.14925556210370558,0.0040033912451092986,0.0134273620230122,-0.01669409294059432,-0.07655195576007304,0.03629146405329515,0.0014610787124880278,-0.05027800529191384,0.0028865431771123826,-0.016693540759349663,0.06791423775119407,0.022568142332002418,0.06909512808427572,0.1863046876913528,1.4666385680666354e-14,0.013942599297907648,0.11935720689633433,-0.005881518079867396,0.013092421206992508,0.17741092966206676,0.0007832907128636654,0.005916136016606374,0.12224391335573499,0.04554034637319849,0.0057678919809166585,0.007873228640612826,0.018925472039664194,0.02901977029949476,0.17295827322338914,-0.08368904421153624,-0.07726258617095601
20,-0.0005554517739009221,-0.0006174571046113219,9.987736642933387e-17,-0.0013078113851252109,1.4810787725996303e-16,1.9021707456068097e-16,-2.0487329384331802e-16,-2.588411515212216e-15,0.012772214129931684,-1.8483048319330197e-09,-1.9367460628463261e-10,-7.845900411045495e-16,2.280476758610937e-16,6.512075089538733e-10,0.017533681839494098,1.0374253637940745e-05,-7.33305724178985e-12,-0.001156947540871399,1.862365483002897e-05,-0.035668386555766,-5.1744542333424106e-12,3.400386887631019e-13,-1.6934286235672e-11,-0.0018176800505488732,-2.8319114510247233e-05,6.749526899856096e-09,2.1954825967216603e-09,7.543032953845307e-11,6.395043710646702e-06,0.003916049841461866,1.4110526926331322e-09,2.200395738576343e-06,1.6125053374058937e-06,2.2253721512234604e-08,1.4615955288677592e-05,8.470452921492807e-07,-2.579181271433152e-10,4.2363112591715415e-08,-1.747854432226378e-05,0.011863781675774452,-7.002268820119849e-07,1.8976541077181544e-08,-0.00042367381485213727,-8.070647137271844e-05,-0.00011123490563408923,-0.7835481336265936,-0.05886826609806273,0.3395848912008457,0.005792797831688699,-0.11044214298472564,-6.537858453518768e-05,-0.002879395138441224,-9.968185285609736e-05,-0.0002120916221538177,-6.564100157147345e-05,3.1984791260454365e-05,-5.607627927677495e-07,0.00011638759539791997,0.001619463533206782,0.000513684375043569,-0.005301688424969061,-0.00027280592783556157,0.018436219984231502,0.012562658854481884,0.10900586848094551,-0.0019185713939378277,-5.597336046065455e-06,-0.08102789232362939,0.1098210404495717,-0.052559269000728465,-0.002891761823779973,0.017401726720851007,-0.0022742579525686737,0.06494706860732122,0.21023456060655538,-0.06419221125291538,-0.038731819414957014,-0.009659301926423731,-1.1805517294517235e-14,0.08743583685898987,0.15637116038636145,-0.029401160479209175,0.06519127663292933,-0.15047161860453534,-0.13540941431128295,-0.14699892115508537,-0.05598992952832738,-0.008564038584885457,0.03800288597897157,0.11295145725621956,-0.07324648039651173,-0.04278605924221464,0.17164986004130736,-0.08235696337115553,0.0649845693866191
21,-0.00018398876231077587,0.0010657494218169006,6.824210730606735e-18,-0.0010084263309592767,1.613729444191417e-17,1.656527807422453e-17,3.3970046665734114e-17,-8.429757792141524e-16,0.004526510676644241,-6.525635884194461e-10,5.267035004082687e-10,7.808255243132543e-15,-1.3984269052954854e-17,9.330555644141449e-10,-0.02777743014107181,6.100667352271178e-06,-4.039506152190247e-12,5.2994751768890996e-05,-2.7460106555194218e-05,-0.02849802000922449,1.2235461426529487e-12,-1.8560526198577184e-13,2.491763094901808e-11,0.002767722037125187,-3.3722120959169635e-05,5.040380205336541e-09,2.620592305530205e-09,8.520267688610147e-11,2.1534190948869435e-06,0.003290897561551474,3.0784069479437946e-09,-7.364423394643868e-06,1.3915434543798344e-06,4.752130109441077e-08,6.141830847295939e-06,1.0004307402069121e-05,-3.4840116520835644e-11,1.5620028427778e-08,8.046638335390774e-06,0.010132547190103623,-1.4885995568517164e-07,2.144754328152879e-09,-8.39894262804903e-06,-0.00024141868613135968,-2.5295718158761047e-05,0.056459059912328455,-0.8595724920180725,-0.031615976477419726,0.0004817804318952934,-0.05677667165571991,4.503053397081605e-06,0.00047044251835558795,-0.00042060353475019803,-0.0003146097915570817,-9.693210544007333e-05,0.00036043319821582517,7.822119643866767e-06,-0.0003750097533088125,0.0012054960954832226,0.00036758146106940105,-0.003694697195020153,-0.0001744220800886274,0.014547899387631362,0.012293976200090245,0.08838153791914426,-0.0014072187477245951,-0.025163388255218,0.18141930650846658,-0.08770794264604768,0.040362388086384426,-0.009355323591785682,-0.06027606079418558,0.008321992209771156,0.051819716265264146,0.023493565989336034,-0.05270490661983072,0.20058384212503125,-0.06104789917499638,-1.5263141607209563e-15,-0.02409577335088889,0.04493231467652885,0.02646720731835838,0.03954862861222279,-0.09965238777293013,0.25749634186681086,0.11699019571879345,-0.10526514446328118,-0.09270239823496775,-0.040438335386615655,0.05265171963823419,0.03590286525390359,-0.01611234113218685,0.12559856075958473,-0.10217920254835235,0.023210347976353744
22,-0.5337890191577662,0.11770449894584818,-3.904528780222931e-17,0.440265848134574,7.758926277678148e-17,-3.691151061208216e-17,-4.021348371332851e-15,-9.819479877505396e-14,0.31228207204667874,-2.9397517028887886e-12,-2.3575458990659367e-11,1.2299639331553375e-13,-3.993966498907797e-15,-4.8504474419462175e-11,-0.060849543488645796,0.0002243232130857828,-1.5677948502369814e-10,-0.016525247034513572,-2.776484645364753e-05,0.20173043561356926,-5.56645542523477e-11,2.6131593153385977e-12,2.566286143667602e-11,0.004954093465786912,0.00013373072837477055,3.2587122249605666e-08,-3.14752872540968e-09,-4.568418861107944e-10,9.962971862656298e-07,-0.010721761161424474,6.0720357978550565e-09,2.843223721313622e-07,-5.429038142817363e-06,-3.222629608213443e-07,7.2792059510014076e-06,-6.1737584960410916e-06,-2.1783482557781964e-09,1.8322468157750186e-07,-6.454752147731266e-05,-0.3909270756674158,-5.777074869916665e-06,1.120274643017913e-07,2.555729584672769e-05,1.5351059898406967e-07,-1.7327590293773797e-05,-0.019420380690460877,-0.015020011526839384,0.004021284125179849,0.00128555894108773,0.07027646995513523,-1.9333387582592967e-06,-3.003315594077068e-05,-1.0520976654662301e-05,0.00012731063270493106,3.932237625018025e-05,-8.637423180532676e-05,-1.1367336211172863e-06,3.813014910015309e-05,-0.001620640958458457,-0.0021306595306995833,0.0341668804674245,0.0003236981729847892,-0.021300824414175377,-0.014935133104996931,-0.127496006154051,-0.0011100281111690983,0.012668020581725701,-0.014468692147343065,-0.09633787956638465,0.044061988084363915,0.012578002206335263,0.00024229038103670014,-5.29224674218977e-05,0.0021661364638387976,0.07504843916530579,0.024310623468778134,0.07793887104305026,0.20353518550246683,1.260465647607562e-14,0.02704253442143557,0.12095267687461908,0.03335381805412912,0.00836969730228922,0.19152331124449531,0.001197902117589199,0.0070002930636042515,0.13398505283959286,0.04746183039525969,0.00364786591794118,0.0009357282299713525,0.0012682788553286957,0.0267248735978031,0.18685279978681074,-0.09113227204524818,-0.07517212034181149
23,0.43205620897633645,0.3452820499497772,-1.0279012954525491e-17,0.4322843551331173,-7.719617583163073e-17,2.0689140380621784e-16,3.309583615180382e-15,7.718876341125505e-14,-0.23771018995519053,-1.9701718907324562e-11,-7.667551590538925e-11,8.898706489578347e-15,-1.522148819936342e-15,-7.167334196155294e-11,-0.2217826610182998,-0.0001442895941179841,1.0310629840402796e-10,0.009943353562727434,-0.00018098685945077086,0.27214227088725257,6.147601761619156e-11,-4.189780795176104e-12,1.6644767221639456e-10,0.010687346776172517,0.00015072397414195882,-3.1171333546722265e-08,-1.1632213208365588e-08,-4.055977714802881e-10,-4.9190364864726e-07,-0.012511096596366648,-4.8997309759585525e-09,-2.806511228158447e-07,-5.1195714247543605e-06,-6.843010249255896e-08,-1.7312579740038092e-06,-2.6056530138592956e-07,5.948491305399541e-10,-6.904824088056769e-08,-1.6494416695364056e-07,-0.019246681209491693,8.712444578194049e-07,-2.5175114775342155e-08,0.0002867751210733883,4.782479686529363e-05,5.090254857973213e-05,0.257161764139205,0.013737639866280035,-0.08188436163882346,-0.0030665747664571385,0.02345583292536213,2.4592510465567654e-05,0.00047424059645797867,-7.48632314076027e-06,-5.3697236826863775e-05,-1.669737240763017e-05,1.7636033119838823e-05,-8.75638695190858e-08,5.252174970429149e-05,0.001019594256374626,0.0016567992425701923,-0.004635660001505426,-0.0002084396443630655,0.014658684817599948,0.010239748854220965,0.0891751400366292,-7.218004477720548e-05,-0.0008631718953664119,-0.06750560033351383,0.11472719427444675,-0.05364911155008393,-0.010069192640908796,-0.015771214936552824,-0.00022212212039187195,0.05534218567576406,0.22653946363616137,-0.06484433392631747,-0.037617018007619435,-0.01396193879630994,-1.328028437168471e-14,0.08612483120294066,0.16694395474771154,-0.03766298057569168,0.04785953111193491,-0.15350000294074206,-0.13761362576252242,-0.1520447221449846,-0.05853485446301827,-0.010191349283682568,0.0188481051339661,0.07166707161231019,-0.06683944464628816,-0.04998173171787737,0.17558755212209684,-0.08507430698385006,0.07101712925126434
24,0.14399254756148064,-0.5996161904873001,6.916166296093354e-18,0.3353617100772462,-1.7008492780792798e-16,2.4769691676845913e-16,1.3080619611177627e-15,2.5941986769184928e-14,-0.08475934359805361,6.734408139047199e-11,1.092991166204475e-10,-1.6420323176355074e-13,5.987329472523954e-15,-3.2476087390657794e-11,0.3533700382745692,-8.54420571846351e-05,5.718480436300616e-11,-0.0004710182208344989,0.0002684289664947539,0.218597295650723,-1.4679593358873154e-11,2.3045533279825663e-12,-2.4635954237145256e-10,-0.016350706282772562,0.00018037803514022908,-2.3475816039436678e-08,-1.3972601753789162e-08,-4.6019049155654174e-10,-1.3911687171655906e-07,-0.010555120965936447,-1.0832881865480632e-08,8.34820037180136e-07,-4.432465807272132e-06,-1.4445197453718969e-07,-6.018714390844647e-07,-1.4928263456670483e-06,7.829069641006728e-11,-2.5711358183769048e-08,-3.354390758851548e-06,-0.013587714290236154,1.8112528024767287e-07,-2.6169832472039252e-09,4.256507122821388e-06,0.00014731461750298744,1.1304020069581729e-05,-0.022393168248364258,0.26847168221728046,0.009332770136431186,-0.0003311800719073174,0.008322517800751024,-2.0132576295236754e-06,-9.406924073111561e-05,1.2364806200449322e-05,-6.533875527774177e-05,-2.0293070410154453e-05,0.0001361989233751773,2.5318543200145086e-06,-0.00017916450870444174,0.0007351406307306663,0.0011895197474238429,-0.0027491715707618474,-0.00013005395919937613,0.011214108889705322,0.012874921366272107,0.06955391105132287,3.447230061112531e-05,-0.02144818250212662,0.1558129620095295,-0.07410070455235372,0.034224084277002596,-0.012524503419498819,-0.07497805760273425,0.009009559135342992,0.08847143367030416,0.01988593477447113,-0.028046465167440048,0.21265884647769018,-0.06416393899806057,-1.5478407473344287e-15,0.007760336232199525,0.03727438239973074,0.016431077068383235,0.039083004841084935,-0.10224034203053275,0.26402705132236987,0.12158716283984772,-0.1096593701833102,-0.08674256838459264,-0.03854736525227195,0.05075284746291798,0.05193390216758684,-0.015077030066797557,0.12973247953500433,-0.10642913866792593,0.022029924420337417
25,0.5419903991214549,-0.11945962402419388,6.859720459232537e-17,-0.44634035296898333,2.9357409227197926e-17,-5.137984977840133e-17,-3.644102488204095e-15,-9.058097609100516e-14,0.2966433426040849,-8.113979490415222e-12,-2.23657881739449e-11,1.155062905765915e-13,-3.7163102365374345e-15,-4.756645853275612e-11,-0.05776059836294082,0.00021567956276465932,-1.5068706019275586e-10,-0.0160686375685177,-2.6511007735513067e-05,0.19104893516439847,-5.3883297274436616e-11,2.531531091872764e-12,2.4486946804469783e-11,0.004833807317860521,0.00012888551991428136,3.2280538313877086e-08,-2.9273704739801737e-09,-4.4170090110854435e-10,1.0032302295337896e-06,-0.010506396625261306,6.044344430779469e-09,2.88692288799206e-07,-5.328479784951759e-06,-3.1786196528381517e-07,7.271636117697772e-06,-6.185680118949534e-06,-2.1611943545250305e-09,1.8238798451780368e-07,-6.434119883682072e-05,-0.38985781108979334,-5.757798967100806e-06,1.1162992869696971e-07,2.5852195253921334e-05,3.253507029582741e-07,-1.729829482042594e-05,-0.018825516741750762,-0.014484720927017289,0.003744935509775822,0.0013053767044477508,0.0735634656185776,-1.885041047941973e-06,-2.8226220216605155e-05,-1.1933260313065056e-05,0.00012574575974115657,3.884463983494014e-05,-8.597599208333866e-05,-1.1309894899235727e-06,3.8026317280947844e-05,-0.0016160165129786518,-0.002137655017806021,0.034045413580162255,0.00032308846666339783,-0.021267929718695122,-0.014910309195158525,-0.12731910677859515,-0.0011237882550591382,0.012656016271409538,-0.014457953557554134,-0.09630560882479947,0.04404403168845927,0.01259911874097407,0.00039273133817026713,-6.220406119461362e-05,0.002225017986134069,0.0749759918540994,0.02433767072164963,0.07792400072613731,0.20346415983561889,1.2494819524305269e-14,0.027095545455357386,0.1208951931852228,0.033466734620367436,0.008317777389990608,0.19152015816362608,0.0011992281716823676,0.007000976129220506,0.1339895071748175,0.04744951569668214,0.0036126531471197256,0.0008277169551694889,0.0012282854112115576,0.026700589844764085,0.18685056042431042,-0.09113855196272069,-0.07513229946963847
26,-0.43863770988796474,-0.3503668634640561,1.735430684595614e-16,-0.43811160536988497,-8.606988074147045e-17,1.7086118967950192e-16,3.00271705901239e-15,7.136909581980314e-14,-0.22668577972773693,-1.3982290551256097e-11,-7.267170508576036e-11,6.5862911250197166e-15,-1.4443840274869858e-15,-7.11600665426416e-11,-0.2116801799030746,-0.00013970967292478798,9.975896196802582e-11,0.009796231123440849,-0.00017485403216319653,0.26030257156576,5.949320027764444e-11,-4.03813136692785e-12,1.6073760134271097e-10,0.010444481970350267,0.00014584369618399714,-3.0736925848239114e-08,-1.1311436478508797e-08,-3.9166198225118227e-10,-5.082816918068359e-07,-0.012288960893148683,-4.840278799219435e-09,-2.83573499167153e-07,-5.024610151883178e-06,-6.603966556261055e-08,-1.7788212699350255e-06,-2.686332884892259e-07,5.965462448071082e-10,-6.90463090038464e-08,-2.7360952382207855e-08,-0.01881153369576448,8.760804371148905e-07,-2.5248637737992474e-08,0.0002876044440575376,4.80930456046591e-05,5.121694039769086e-05,0.2598052785780775,0.014329638542365032,-0.0831080268059345,-0.0030798587333757577,0.025037109192114552,2.4803374483936217e-05,0.00048478255993970025,-7.509710532155181e-06,-5.341615314615413e-05,-1.6608274772892435e-05,1.7588461042716315e-05,-8.555559983762848e-08,5.221583000756331e-05,0.0010168552680973938,0.0016557438061983118,-0.004668168272594004,-0.00020808562068963082,0.014634155758692225,0.010225370697160792,0.08903560854691213,-6.990617978672708e-05,-0.0008668221116090156,-0.06740220010753,0.11466478480776389,-0.05361587265550904,-0.010079618348894608,-0.015824891500189474,-0.00021817168474458552,0.05529685825680998,0.22643573760389185,-0.06478689151779951,-0.037607530719931656,-0.013995567120656156,-1.3246964718058687e-14,0.08612394120870985,0.1669199161471048,-0.03764366563411146,0.04776808654484601,-0.153494601272313,-0.13760744182002735,-0.1520510075721688,-0.05853842029894932,-0.010191009561067358,0.018758301628994778,0.0714402404448487,-0.06680629835224604,-0.05000599268659183,0.1755851208179145,-0.08508065714927253,0.07103804774134478
27,-0.14618828495359895,0.6084597772758071,-3.7202172216046216e-17,-0.33989516126493796,-1.151348113365854e-16,1.8158252013580075e-16,1.2820124702733991e-15,2.4025346478167238e-14,-0.08083623587206555,6.602898022257754e-11,1.0264452535585878e-10,-1.5277229472848974e-13,5.716374914380096e-15,-3.4550488406538795e-11,0.3372735807039177,-8.21463313027799e-05,5.498460252038696e-11,-0.0003757927367840694,0.0002589584550467028,0.2090781675645747,-1.379458881891773e-11,2.188647130190107e-12,-2.375711541240713e-10,-0.016021933329891942,0.00017534925011198038,-2.308728072557416e-08,-1.361909455907982e-08,-4.466004668759922e-10,-1.458432582098543e-07,-0.010371980527315276,-1.0692803429979246e-08,8.578354386399144e-07,-4.353854055861774e-06,-1.4181443625690273e-07,-6.271262224374918e-07,-1.5257074212680599e-06,8.120286308891123e-11,-2.5758080586981147e-08,-3.3168800001351647e-06,-0.0133110581382229,1.8486647461001953e-07,-2.694385259653207e-09,4.397853713187692e-06,0.00014788726145410032,1.1406074625917835e-05,-0.02225195195989909,0.2715044970525725,0.009293454387551308,-0.0003300180083519775,0.009309512523101998,-2.0010462887490848e-06,-9.462066585881469e-05,1.3706040718645197e-05,-6.442632353715243e-05,-2.0011060998299587e-05,0.00013500829965504434,2.5047533717863634e-06,-0.00017799836112702698,0.0007324874696388628,0.001189070755271404,-0.00276694357537681,-0.00012976536145867584,0.011188859464756439,0.012862348854002071,0.06940500377546159,3.7461516693158486e-05,-0.0214110348662233,0.1555473802437374,-0.07397498975933003,0.03416589061680998,-0.01252214886624556,-0.0749433462027314,0.00900272501267273,0.08855656012700158,0.019836467944113572,-0.027921080961959447,0.21261586995725767,-0.06416098000894621,-1.6511459579330388e-15,0.007891845956314888,0.03722124663971655,0.016410021868389208,0.03905525705812698,-0.10223596933444672,0.2640173491234592,0.12159203911785854,-0.10966426383911881,-0.08667083676466762,-0.038532507031851945,0.05067898755623143,0.051971998805327574,-0.015076075043018127,0.1297322638705409,-0.10643659879940749,0.022029485550844784
28,-0.00882960829999676,0.0019474548917324396,-1.8145984706702141e-16,0.007289101328622184,-3.0396990010487e-16,2.9581456709493924e-16,1.5622249128876944e-14,3.698367560870394e-13,-0.6691865995300674,-1.7148518248358635e-10,5.598728354015522e-11,-3.432161525322751e-13,1.1752125709012464e-14,9.54713364374436e-11,0.13579321306165248,-0.0003256259478551684,2.3065355102415335e-10,0.013276227007823202,5.34922793479628e-05,-0.49791446166964415,5.863288366793353e-11,-2.616881037088816e-12,-5.0472058886019475e-11,-0.003170066559719248,-0.00019643809064310956,1.141154898176626e-08,1.1859811279673344e-08,5.737065315068753e-10,8.536855209317231e-07,0.00530836492090386,4.111933779340186e-09,2.8892180483956297e-07,2.0625472119069025e-06,8.316973106693834e-09,4.98918669106645e-06,-4.50628042587885e-06,-8.052192647265823e-10,1.0454558181330716e-07,-3.952190109224031e-05,-0.24304769269013318,-3.534384713490603e-06,6.795416507353984e-08,6.508762339528942e-06,-5.0672905897483945e-06,-1.709704681373765e-05,-0.012617852605580753,-0.006914622662906765,-0.0008522399312571814,0.0019033394818438625,0.16312456458705948,-1.583958628731833e-06,8.364922655436804e-06,-5.4105105991660806e-05,6.701049426863311e-05,2.088932381015094e-05,-6.923666178184482e-05,-8.958658699130977e-07,3.3536131725651334e-05,-0.0014038705381571887,-0.0022846620783314934,0.028483436600351096,0.0002935939843744641,-0.01964087267859709,-0.013782673609975147,-0.11842707601078394,-0.00150774875282508,0.012024263783847536,-0.014009780280128085,-0.09332580765759482,0.042578681733462645,0.013096853700427779,0.005610265225936313,-0.0003973575559840194,0.0031920806524060002,0.06983810493077036,0.02527880237337217,0.07633069016871506,0.19892899994775814,1.2374403292280992e-14,0.0283139474469595,0.11803948318998421,0.03676249817132546,0.006570773775682166,0.191248285644227,0.001225463113113634,0.0070279452323791045,0.13409790239722777,0.04668842562836354,0.002497115148392832,-0.003063419921027228,8.101831721718724e-05,0.025923138636691007,0.18655266254086705,-0.09130338593258558,-0.07368657864939342
29,1.9053518347399412e-05,-5.847746645621123e-06,3.979590746377256e-18,-3.705907805429161e-05,5.610789721801582e-17,2.5985037305509362e-17,-8.66850564329526e-16,-2.170516187260414e-14,0.062412329991851694,2.4743486312159474e-11,-8.288384494384947e-12,2.8319815256896638e-14,-8.807012218003711e-16,-1.6619506060024538e-11,-0.01899396425854536,4.111214370827777e-05,-2.8793733322948276e-11,-0.00279396978473856,-9.900356336243258e-06,0.11976254465148906,-8.745518359569488e-12,3.75443351737776e-13,9.228135256751231e-12,0.0010187849152523624,7.062909858930335e-05,-4.799858824464733e-09,-4.2779585345740175e-09,-2.0404332515397393e-10,-7.169401698394796e-07,-0.003510154184203299,-2.420127870482213e-09,-4.292667618955767e-07,-1.376269415551889e-06,-5.904515670363673e-09,-1.035791919322767e-05,9.982085179357723e-06,7.888999805541909e-10,-1.715496745584277e-07,0.00012152888613976612,0.7318462998794592,8.579095956822937e-06,-1.532863569830704e-07,-0.00039561800131043893,-0.00019422213584267811,-0.00015601462068925412,-0.06649707285337937,-0.03405097452857853,-0.0035252460021245524,0.004655266540147944,0.4836452571780754,-9.825905567790827e-06,2.9146384527207945e-05,-0.00014731729537609134,0.0001326396157514266,4.126516412063408e-05,-0.00011314811779721456,-1.5438081922973365e-06,4.9652937126712614e-05,-0.0018586716315063113,-0.0033098136485169498,0.0022350366826117208,0.00037260799446443415,-0.02426554161874629,-0.016778579011605205,-0.1439729727136413,-0.0017692348158418545,0.01387139813152972,-0.016000392535660463,-0.10329045747644454,0.04723351428197133,0.014326736030869527,0.006116665700620116,-0.00043351575544430616,0.0033916867983103034,0.07319084072588995,0.026742967167964635,0.0760000261473635,0.20187161631250064,1.270203665365013e-14,0.0272325321251444,0.10828586410656581,0.03612282920353899,0.009741085941650485,0.19387774672633964,0.001236906003301718,0.006994197176381549,0.1335297489311247,0.04826894994939792,0.0025651390283503955,-0.0031410797311767495,7.939377629054465e-05,0.01830872458771204,0.1869106106604841,-0.09077792519243066,-0.05686719566476513
30,0.007130132681552111,0.005693607356953351,-1.325956159539993e-16,0.007114205251929122,7.164196050764244e-17,-2.884441050267496e-16,-1.252960450813607e-14,-2.8004526407569434e-13,0.4615054536153842,1.7573395561069895e-10,1.618543198642507e-10,-1.3587884314914902e-13,8.546760446333214e-15,8.05478431537973e-11,0.4250255703261213,0.00015205340075792105,-1.132347975438359e-10,-2.995118853663849e-05,0.00021928983555880154,-0.5072778764088377,-6.716597610078275e-11,5.589547790743878e-12,-2.0591127613723462e-10,-0.005868214336270159,-0.00018359707319492256,-3.101974051471887e-10,1.0412455253561649e-08,5.470749085937282e-10,-9.274517122106782e-07,0.004200913586630143,-4.4747630795464946e-10,-3.5206660906970116e-07,2.0290639340246216e-06,1.1183510101041412e-07,-3.46230235667466e-06,3.2562327154205157e-07,7.098825453554391e-10,-6.54481742796902e-08,1.0924204478537949e-05,0.04063126106683086,1.3650386188227311e-06,-3.1637147083315945e-08,0.0002455302203894437,4.1161756317852064e-05,5.153902944132332e-05,0.2958371806813311,0.02388011466889823,-0.10716967070543677,-0.0031263592487097906,0.06620278260220315,2.6811803470919603e-05,0.0007365533197176084,-6.834266243180671e-06,-4.24537580930888e-05,-1.3138643957124109e-05,1.54119814766092e-05,-1.2107376741587764e-08,3.956900187413163e-05,0.0008945659253920187,0.001560702992892212,-0.006068727548469455,-0.00019128871650171233,0.01345490854693643,0.009468395984061809,0.08224901619264173,1.8164388089543e-05,-0.0009940398783313152,-0.06248794870739998,0.11069968869412307,-0.05161061364033915,-0.010202107603862132,-0.01679944559401799,-0.00012350395310491762,0.052427968355428047,0.21843801010002056,-0.06177001215750691,-0.03752391087266989,-0.015656725573972224,-1.2739399651267419e-14,0.08538114763833712,0.16490985369595668,-0.03683106246026133,0.04469816620025704,-0.15316334296126183,-0.13728206131330284,-0.15220622193047056,-0.058639048076866825,-0.01007589233174989,0.015754948373448263,0.06322954917320023,-0.0652634919818482,-0.05055136794985731,0.1752891350207329,-0.08524936964984528,0.07144822788074813
31,0.002376372281132641,-0.009888022699854693,1.2638692872788557e-16,0.005519754096455337,9.237085711187243e-17,-2.5588262870264833e-16,-4.335796042361085e-15,-9.218202246698419e-14,0.1646302613967887,-8.107674311579242e-11,-2.493081942779406e-10,5.661222853358769e-13,-2.2801500044860825e-14,-1.831174744441302e-11,-0.6775621870485318,0.00012648040566404348,-8.428529754297292e-11,0.005629499200937444,-0.00034910844711384973,-0.40800862960082557,4.1682786789988353e-11,-5.095434180199786e-12,3.2622743111799725e-10,0.0061310466967893,-0.00016475208723244395,3.989967376628469e-09,1.034519796036754e-08,4.705228871430049e-10,-3.5402110611571887e-07,0.003218296960398899,-4.3388136240930536e-10,1.2485401914584413e-06,1.485573471192012e-06,5.591291098208831e-08,-1.6392745695641844e-06,-1.6128487829018808e-06,3.058393728700572e-10,-2.8634535656699987e-08,2.9319373211681835e-06,0.025044748458378396,5.951895835663135e-07,-1.0822692764711967e-08,-3.0058806413803376e-06,0.00013198747374650434,1.1559293290229562e-05,-0.019988004523906863,0.31704894434700515,0.008422758406337187,-0.0002270634633101447,0.03553116954557134,-1.8506588440357074e-06,-0.00010688717486382486,5.3842974837534904e-05,-3.100525929730619e-05,-9.670983519267519e-06,8.712822988208109e-05,1.4424486729152688e-06,-0.00012898147446192,0.0006156881903256016,0.0011205886117062684,-0.003551608493852665,-0.0001163461217921795,0.01000241794019951,0.01197991846481916,0.06237683371624006,0.0001385634301827965,-0.019588690947473262,0.14246693973846902,-0.06784998583639353,0.03132354247885099,-0.012152953663390736,-0.07188022777505966,0.008559136483022632,0.08914911233614314,0.017014126250045798,-0.023383766662860322,0.20895183432348835,-0.06378477522875092,-2.6074031518902432e-15,0.011774747782850705,0.035057747148171024,0.015594422917421403,0.03799682890768109,-0.10196897581838252,0.2633893278001946,0.12171316020654027,-0.10978504001069875,-0.08318762348471828,-0.037543529353341674,0.04748285333369807,0.052784143405813645,-0.01496756561404251,0.1295596313199965,-0.10663849358833853,0.021937755583935757
32,4.31158864085464e-06,-9.514902907896428e-07,-1.3224160867202473e-15,-3.5752344723590892e-06,4.145783868335204e-16,2.229617952580444e-15,-5.919947322024242e-13,-1.268270393883468e-11,0.018363567538221378,1.0872390150502453e-11,-1.2548648367247409e-12,5.613513427574905e-12,-2.4776262832908536e-13,-3.989987098443926e-12,-0.002958646997954191,-0.005808864216946132,3.986459745299157e-09,0.5141288850308092,0.0007736104016209972,0.02029153860886013,1.898839771074171e-09,-9.624610521837404e-11,-6.73069560312623e-10,-0.18502842496082414,-0.004914546953630924,-8.499853890943618e-07,1.419855367510699e-07,1.6266595140252297e-08,-4.507239405464554e-08,0.4549560048492703,-8.696344137780512e-08,6.326484661246752e-09,0.0002147838451075919,9.826428474776297e-06,-2.935962105716181e-07,1.2380601487275365e-07,3.972520997953103e-08,-1.4108937222768413e-06,2.0621121993119428e-06,0.011664762183172339,1.569276581848028e-05,-4.0580169782920953e-07,0.001442057277316953,0.0008373838366566994,0.0009141330492048587,0.043365387359468356,0.00913675289300886,0.06995785683462923,-0.00037107016341619966,-0.014786762609084531,1.897255438709791e-05,-0.00020691864184046579,-0.0006015545756725965,-0.0024801534345588435,-0.0007609309809586944,0.0009119957214485053,1.3091107817425578e-05,-0.00027162754687500376,0.01066334354848757,0.0025405738782614674,-0.022713325464742796,-0.001534596609142395,0.08419196601384601,0.05471153588619332,0.45454754419325577,-0.010556670035779274,-0.02966341522373873,0.018959353162918108,0.13550085935258385,-0.06617461652730444,0.015460300036715538,0.18766958214728346,-0.012419792835245101,0.005360819141015393,-0.2124287774876992,0.047669465054513444,-0.010396303476101817,-0.04530433459304786,6.277724036944547e-15,0.06141843691808769,0.05609677936346843,0.14197298127920152,-0.07677079806977831,0.15857746949762536,0.0015032478903378706,0.008325455314568936,0.14057777700780685,-0.0017133604251414977,-0.03454695435897782,-0.14500112433169735,-0.034538039646966785,0.05172613638911829,0.1667820865870367,-0.09934041225236634,-0.13439018546064985
33,-3.490014307802251e-06,-2.7845633848642427e-06,1.0638741827802076e-15,-3.470539714204504e-06,1.1543228050922282e-15,2.719132825402757e-15,4.955421570695164e-13,1.0633560375905124e-11,-0.014870173164528573,-1.1861208892476886e-11,-6.0517803417024e-12,1.0283307886780987e-11,-5.00615158009326e-13,-8.30907582400351e-13,-0.014615012585927973,0.005147681206758387,-3.5276649005841782e-09,-0.5053177878228448,0.004770873516068809,0.009448334781305918,-1.8164439299144984e-09,9.021790616909569e-11,-4.269266743855077e-09,-0.37395084442660625,-0.004203529354276561,9.394187503693336e-07,3.31288517922443e-07,1.1080957425066151e-08,-9.39795136506452e-09,0.4509451355940739,1.4259632214302505e-07,2.630158577456208e-08,0.00018939623861374385,3.8651458946797595e-06,2.12279271624087e-07,-1.7500544758941458e-07,-6.461745862897529e-09,1.1248917926315915e-06,-1.7663117731067723e-06,-0.009842715522275608,-1.468341029687784e-05,4.044501953247564e-07,-0.002011022349188618,-0.00014489237760512412,9.011924065699159e-05,-0.13015372391916144,0.003409317367069621,-0.28991932283686356,-0.00016802559850540046,-0.0027522639988405676,-4.927512940340252e-05,0.005100202333781548,0.00032885978454211506,0.00024841937804552717,7.904824609624827e-05,3.868465686438967e-05,4.364486394564586e-06,-0.0005019778160638538,-0.0031037179445242507,-0.0008122918582638113,0.0059748750979128126,0.00034542171274416685,-0.026601515080291193,-0.017627245622471848,-0.1526407967176398,0.004177747183903575,-0.010080949654562547,0.15688954485721485,-0.06030695709208845,0.03404329096651371,-0.010734817313705146,-0.028500931651053083,0.0022382447202802217,-0.08905648832380081,-0.20436409839971204,0.07200603838567259,-0.040620839097487586,-0.09657519856598397,-7.038760595127216e-15,0.03998027137776628,0.08167979273904495,-0.0020130665408980767,-0.07141132121734782,-0.14334430577120802,-0.1223230549929469,-0.15601177818286616,-0.06021536907894252,-0.006890785308434075,-0.08891384806855504,-0.2409087665150837,0.002123652813196042,-0.04289420432391417,0.1574215097591924,-0.09116099415602617,0.03568265035280559
34,-1.1622345868760406e-06,4.830103239754049e-06,3.5039702620490075e-16,-2.6880078172841527e-06,-2.0241303572499e-15,1.938796604551021e-15,1.5897487233633685e-13,3.41508214587517e-12,-0.004938313277116382,7.596364596400352e-13,8.198414850906326e-12,-1.9911456217416258e-11,9.367396057374904e-13,2.351145228609485e-12,0.02033081444885792,0.0015263016412330774,-1.0486978917343012e-09,-0.12062239257729027,-0.006382317789050007,0.00914540970751453,-4.715935923255521e-10,2.4617973315574057e-11,5.696005211914639e-09,0.5950170097714305,-0.005450292044424322,7.654497510629237e-07,4.3529278379766274e-07,1.3494369513237127e-08,-1.43517363955737e-08,0.3744922620244064,3.3980933558232387e-07,-5.494853938302012e-09,0.00015910646297493717,5.3098314057486e-06,6.331369777858325e-08,-3.796335002924934e-08,1.844829362342383e-09,4.818447803795091e-07,-5.570471838291837e-07,-0.0038973034536157894,-4.8360994312572984e-06,6.954763672945137e-08,0.00011898210766248772,-0.0010782398378270633,0.00013055775371114924,0.01483414328844496,-0.024252410253715172,0.02574733406046199,0.00010426008137832157,0.0026280364843364783,5.158197256909707e-06,-0.0005571314435896484,0.0013251510592759061,0.0010535839240701252,0.0003258969459091523,-0.0016477709848932232,-3.6600500259189395e-05,0.0017634328179217094,-0.003475862811019139,-0.0011339721348967576,0.007727030483921846,0.0003353202948831126,-0.03368584262259916,-0.027587087001792094,-0.20021803972878602,0.004112326839568461,0.05770211967220843,-0.4311199805306939,0.21679448884637834,-0.10092983780563544,0.007461338538360408,0.09020607841486881,-0.013195698410245751,0.04070252853645119,-0.1205015219179342,0.14176167958745212,0.013432837947027819,-0.04621701187238596,-2.0351599349080903e-16,0.13394604050535064,-0.037570577134340866,-0.01563515021810079,-0.008036829645095958,-0.09290864321027231,0.23205480621288158,0.12484617352783334,-0.11188015686384827,0.0687742538023629,0.012157887456285297,-0.0849677612124191,0.06719714492877785,0.003007104918014868,0.11784919235468513,-0.11313747387114766,-0.009714136539065136
35,-1.4574468493242092e-09,6.219771617461143e-10,-1.829662427648856e-17,6.6618521841035304e-09,1.5496219778751308e-17,5.5474524251244676e-18,3.7089097345662e-17,2.3904997507395347e-17,-0.00019120426571955497,-1.1265508895549556e-13,3.860584719971495e-14,-7.953741465370996e-17,2.4231328962780043e-17,8.923923328222252e-14,8.411821543702256e-05,-1.6609682452885723e-07,1.1509289152731765e-13,1.7653168890641834e-05,5.605540697487653e-08,-0.0008462012619827338,4.0766333980914416e-14,-1.7394893859346186e-15,-5.189381079821785e-14,-9.091523181770062e-06,-6.87402248850309e-07,5.253496801082185e-11,4.173782268333797e-11,1.969443791085107e-12,1.2386680582868849e-08,5.2422094873473444e-05,3.350571856509613e-11,9.927271226880768e-09,2.0672619708452365e-08,9.22122319938503e-11,2.7389080536792277e-07,-2.7007951287018513e-07,-1.4864390453088056e-11,4.13984714881742e-09,-3.6412546175534655e-06,-0.021799615056355984,-2.393723896797577e-07,4.173401733642102e-09,1.609854674533343e-05,8.315604096573043e-06,7.44388124498609e-06,0.0035661142474999017,0.0018646085765382642,0.00020566892988874494,-0.00038025842186177275,-0.03369509607205687,5.046291825109537e-07,-1.8418982806018146e-06,1.0935076573852815e-05,-1.4184896010462254e-05,-4.427638809580291e-06,1.8753088263625455e-05,2.1948587985543262e-07,-1.2505374117888319e-05,0.0012546008285515722,-0.0076722378216062,-0.7539527714844033,0.000164693221817306,-0.006994680440891105,-0.0038383983999551734,-0.03223894837473052,-0.00021975678495463437,0.0012178146382840996,-0.001090069933235292,-0.0009917181780410007,0.0006578880813770022,-0.00018675539310041657,-0.00012096033091736307,7.978558126520475e-06,-0.0002702528301264493,-0.008890161416908009,-0.002456920705494921,-0.03491786682422524,-0.05681834236281774,6.384708531453799e-15,-0.028691452996159956,-0.24661723215165826,-0.02323464829971304,0.09398935393832537,0.2329842079559445,0.001376412494688195,0.00596774534590238,0.1152000606736889,-0.008442543086747287,-0.0005290866255468283,0.0006790645867625644,-5.4592187914085654e-05,-0.2070393389214607,0.18151811117787164,-0.07602005556310831,0.45161334620791715
36,3.9064803247356717e-13,-2.3180475192436107e-13,-2.2391072901895987e-18,-4.195893890048477e-12,9.111996605809337e-18,-7.9490022375611125e-19,-8.32983310745501e-18,3.373693026718894e-17,2.0460617791823693e-06,1.7885957346781494e-15,-6.26983770765859e-16,5.389273621309843e-17,1.4339025397657932e-16,-1.669399956780798e-15,-1.2992638285005923e-06,2.3413992506415575e-09,-1.7465064306127817e-15,-3.8816016111032785e-07,-1.1053604177399434e-09,2.078882880415433e-05,-5.501823591336337e-16,-2.246947990708069e-16,1.231266227419789e-15,2.814603679902791e-07,2.3186173037433114e-08,-1.989863075439998e-12,-1.411045065260293e-12,-6.576148630904051e-14,-7.342780670896051e-10,-2.694913220528228e-06,-1.5989638433263285e-12,-7.809803476477478e-10,-1.0687567154534671e-09,-4.9526891397589905e-12,-2.451037919206784e-08,2.4706168716149612e-08,9.5917498573765e-13,-3.3932526865213905e-10,3.6712800391280536e-07,0.0021857367276899367,2.255073747471896e-08,-3.8406316844967206e-10,-2.1636626517966534e-06,-1.1713456621259338e-06,-1.1577358530723672e-06,-0.0006162019165640675,-0.00032824295219947006,-3.8294285238241294e-05,9.424670064943092e-05,0.007314839069871999,-8.388133892621642e-08,3.6774743424779796e-07,-2.5041685149694085e-06,4.340887766178679e-06,1.3583005253420343e-06,-7.726417946077405e-06,-8.206773108921619e-08,6.441115557643982e-06,-0.0008833635033982262,0.007046719840952603,0.6511446392707471,-0.00019623023207234822,0.009842812921561112,0.006083544002409247,0.051720455437188936,0.0005312870597520539,-0.0039741860534430705,0.004509515164199999,0.029217474933958387,-0.013317946810380817,-0.004151447968926109,-0.001789109003260143,0.00012655123530728394,-0.0011127731015364815,-0.026478831110854802,-0.009021322470912066,-0.0543610568334119,-0.10501720935210025,9.433906641640794e-15,-0.03790600039235926,-0.30359255590354556,-0.03332468950893799,0.10720203424378075,0.23959194628909733,0.0014020874741333255,0.005846547552398272,0.11306817143092936,-0.01984301699826726,-0.001134059513216639,0.001420252275083239,-7.725207483229363e-05,-0.24263550289225858,0.1814786924190646,-0.07424143525325291,0.5320608975941534
37,4.245934270560801e-09,4.712137579016226e-09,2.2245265215776495e-17,9.934188873963558e-09,-2.296916005446341e-17,-1.570879558209451e-17,-1.5366433923243137e-14,-3.4027822442943953e-13,0.0007497535472085003,9.043843311968369e-13,4.726498989176673e-13,-4.636814444826336e-13,2.1958386213546467e-14,7.544330742440402e-14,0.0010823649896976012,-0.0003461964378089174,2.347250779479307e-10,0.05460121662959209,-0.0004583519685604458,-0.0011519812573631846,1.428660503706975e-10,-6.847645433673971e-12,4.0559137084631784e-10,0.058902230098200614,0.0007293539091270746,-1.8609888103668724e-07,-5.764054221571763e-08,-1.9048374274923306e-09,3.190580093222577e-09,-0.12828603933697258,-3.707627700395476e-08,-1.2965301114077301e-08,-5.425280520669161e-05,-1.1602062704214652e-06,-1.2563062303148448e-07,1.0696094750062123e-07,2.4436373144077484e-09,-5.871315650360986e-07,1.25033349198576e-06,0.0069077444644767136,9.374618406524089e-06,-2.49386318756536e-07,0.002321505355231299,0.0001831740100779146,-0.00014007403636800904,0.25942781201828996,-0.007129913114458204,0.7073849655509312,0.0014583147425577807,0.01140644267336263,8.924425807787445e-05,-0.015455931048875054,-0.0017451608136368163,0.004607453480893177,0.001419376963453147,0.0001616644676049066,2.362346635866957e-05,-0.0014491838382481718,-0.0067277319143547705,-0.00151991379735347,0.011508070613114261,0.000586007276120136,-0.043057108961701555,-0.02774227038254357,-0.2395971083524218,0.006113925976166967,-0.014259641578091073,0.21753184375162188,-0.07862224392801871,0.04458036973871589,-0.013684469338662603,-0.03610264540314617,0.0028388436950111374,-0.10754451003534554,-0.24083288471349765,0.08627703663727997,-0.044337090069456006,-0.10804478608549686,-5.9122878138555775e-15,0.04246673525029132,0.08564782453785301,-0.002168584433688379,-0.07378143562596258,-0.14494239238176979,-0.1234317229920724,-0.15606989643357558,-0.06026272638480093,-0.007935421640171168,-0.10133603031100581,-0.273768913380334,0.002282586555365991,-0.044555967017579357,0.158196022660232,-0.09113006989074937,0.0371032219349298
38,-2.559690022893934e-08,5.642261358120264e-09,2.1619112273894252e-13,2.141066910490503e-08,-6.480559453877824e-14,-4.0410170798832646e-13,3.4034288803265685e-12,7.037755433789435e-11,-0.005652550130851823,-6.0050437395252945e-12,1.9410669748675048e-13,-2.8049500684362847e-11,1.3048743627507995e-12,2.059155039678232e-12,0.0004646518614460818,0.012592402633820792,-8.775121185798634e-09,-0.5035625544196546,-0.0023528339284898314,-0.011126111539474627,-3.139938468940125e-09,1.695802730828511e-10,2.10410689852464e-09,0.18196987704808387,0.010580779770246369,-1.3955031539826717e-07,-5.729822978771054e-07,-3.140396923838809e-08,-5.5654456629423456e-08,-0.448165125150615,-1.3709090732825078e-07,-2.6421459886298516e-08,-0.00019466594066877847,-5.8754262521996555e-06,-5.160531718088213e-07,4.286446950762671e-07,-1.753563796266134e-09,-5.078382198361552e-07,4.140472609427154e-06,0.025120478938622574,6.91980404773992e-06,-1.660904138330764e-07,0.0006225567147209261,0.0005607974761427856,0.0005070278876523512,0.003530166121987715,0.00936551758763025,-0.025290317185656934,-0.0005989331806375948,-0.025044552596930374,3.6518565797830556e-06,0.001486305329445361,-0.0003404867395423807,-0.002538346364771492,-0.000780004632793417,0.0008446185670346057,1.0389312139540506e-05,-0.00017775223573651642,0.010563586670318316,0.0027220855957567095,-0.024668307713252676,-0.0015374357369917267,0.08642420556338383,0.05658712561523715,0.4704696435408881,-0.010698076376455104,-0.03072144131740051,0.01676698857865181,0.14424815212261186,-0.07050355002964832,0.01506980952655414,0.1901501806840446,-0.012486522225173373,0.008587893714991428,-0.21628471709598426,0.04228915483703968,-0.016518930429325188,-0.06100626651824914,5.011813656546461e-15,0.06182777804051032,0.049384781121621035,0.14741840003066128,-0.08224239113192543,0.15567746631253357,0.001590283264196424,0.008417743563799934,0.14101503055819797,-0.00605951485152555,-0.03367720488666739,-0.14327032293649677,-0.03697971829872063,0.05356529623700118,0.16455239310379963,-0.09994099158617697,-0.13795090666686033
39,2.071769725162271e-08,1.6519478749254072e-08,-1.7511783119106356e-13,2.0449357018006972e-08,-1.9565617318473706e-13,-4.2672260003384903e-13,-2.7528662746889926e-12,-5.6927794341366896e-11,0.004576313784389454,5.8580288899971375e-12,2.1588417772325354e-12,-5.687400872519921e-11,2.8403822623440245e-12,-4.130245523003998e-13,0.004891973853208659,-0.010300803938158796,7.1742352358764e-09,0.4403652801619885,-0.008644849176754009,0.0013763183786014506,2.9738956913367142e-09,-1.549617664200795e-10,7.864226370482693e-09,0.3069571564404736,0.008798294073412765,-1.2640750439647926e-07,-5.033384179092432e-07,-2.5807410170689496e-08,9.723633464971553e-08,-0.30969417802805566,-4.5759643232736354e-08,4.2682025798642116e-08,-0.00014028058721041008,-5.660295647447633e-06,5.194175689328331e-07,-1.8928637949990272e-07,-1.9043706056879345e-08,1.105985895123155e-06,-2.9017313203310516e-06,-0.014414715127901132,-1.5495906350505257e-05,4.1847253467382386e-07,-0.0027062344164408797,-0.00026131321506971534,-6.132747290012211e-05,-0.23793298219381653,0.0037250636415162254,-0.5126812215421546,-0.000359016171924534,-0.010040117614195342,-7.98063973056647e-05,0.010082884053442653,0.0009192950715160018,-0.0010273452902308045,-0.0003141840633288503,-2.8818259912213907e-05,-2.6083973988128573e-06,-0.00015981415151572505,-0.0022478562396180657,-0.0007583218735933373,0.005256225589795471,0.000328625111338013,-0.024157107687239884,-0.01618581413508824,-0.14028087093811686,0.0037625202108942353,-0.008288649650250031,0.14561721591067656,-0.06974846276894539,0.03789769761104341,-0.00949915100568694,-0.030434920176881063,0.0025151703942705083,-0.0899642234704558,-0.21224430768894836,0.0723010552699046,-0.038474522420349926,-0.09524908968532096,-6.25883695721662e-15,0.03383286882899503,0.07204780161138233,-0.0001882448581848659,-0.0791099533754654,-0.14166570817211785,-0.12049367574863461,-0.15630923220838083,-0.06034418729397121,-0.006399232921375763,-0.08939376713752456,-0.24298192093093468,0.0076165333351665586,-0.04142423804676578,0.1552702231723391,-0.09163913633507462,0.032456585702976264
40,6.900975077182187e-09,-2.8671647654150334e-08,-5.818564297055085e-14,1.585429915866245e-08,3.3692631968669213e-13,-3.180706873984057e-13,-9.1823714231429e-13,-1.89960794363355e-11,0.0015217147679544125,3.7666963392321847e-13,-2.8161200405812574e-12,1.0963000812917951e-10,-5.350637650150276e-12,-1.3421371005461296e-12,-0.006515865432115826,-0.00334496766138556,2.3332825915152826e-09,0.11816772396797977,0.014022906378978897,-0.001216754073029603,8.402663268122727e-10,-4.6207398245332165e-11,-1.2714024966773404e-08,-0.5829218374757448,0.009726284957141656,-5.408087653658479e-07,-6.510569800343144e-07,-2.658819462155637e-08,4.612569503389215e-08,-0.3673607278281549,-1.6698129390013626e-07,-1.0651746537928569e-07,-0.00016084289505843556,-5.425414850307001e-06,1.9300958681104534e-07,1.0963178808621722e-07,-9.928721896404079e-09,2.8277947050232514e-07,-7.003993298409958e-07,-0.004865415260816179,-3.446667719091778e-06,7.319682366191081e-08,-0.00016500841231267675,-0.000654583382266388,-3.4140054217752306e-05,-0.003606698466620522,-0.04126207752507342,-0.020063615540059636,5.404880370151715e-05,-0.00034659166572225287,-1.9856475653695848e-06,0.00032952130162309937,0.0010443478717029773,0.0007635537878210785,0.00023615044931437455,-0.0014354861737778727,-3.1780733393419186e-05,0.0016138615502288005,-0.0033558325153168985,-0.0011787339492979442,0.007815191119268627,0.00035420696728489745,-0.034080378936675766,-0.028171705147492586,-0.20293750302541236,0.004094603681007893,0.05944940467167981,-0.44401340483568913,0.22278212864747093,-0.10368325918271493,0.008554190871193709,0.09504504801780111,-0.013922850246468263,0.03595306977991848,-0.1201780026676153,0.14574041213605515,-0.0026236882735472694,-0.04173840676421866,2.46258129944971e-16,0.14084505666847122,-0.043521280936787095,-0.018564843485203885,-0.011320713367602453,-0.0917653957255998,0.22876338654108017,0.12502278769160374,-0.11198045344855276,0.0783754564518913,0.017180597602844322,-0.08822858931659255,0.06697099027334356,0.004458639948825368,0.11646514887119644,-0.11360609412772404,-0.011935580968189669
41,6.268472887805537e-12,-1.3808962208347772e-12,-8.791189411018221e-10,-5.356703630427921e-12,2.6577471123697395e-10,1.6802020927505708e-09,-4.660047744990292e-10,-9.282647320551411e-09,0.00014102204630266944,-3.2131122161294255e-13,-4.093367787566855e-14,3.3976400144923597e-09,-1.6676370742253585e-10,-3.1217561369069225e-15,-0.00010751196525960697,-0.5377435196252698,3.8333675416039836e-07,-0.003923818844200424,0.12324143192302538,6.551081300730068e-05,7.37629073877606e-08,-4.700526843439667e-09,-1.1329125215442444e-07,-2.9467763692700642e-05,-0.44551557224290544,3.1506429723042136e-05,2.9010254868712952e-05,1.2681851269774312e-06,1.6170696360503972e-09,-0.0031503456920059848,5.807628430573892e-06,2.749170411289759e-10,-0.00038940359861403396,-8.212399625503173e-05,1.7656366182605275e-08,-1.0720923995674852e-08,-7.058140617495789e-07,2.2522527633596315e-05,-1.4285651974429274e-07,-0.0008267476890199991,-0.0002180083461623398,5.652662653725892e-06,-0.013740552301329933,-0.010588905687996647,-0.01546655478094157,-0.0047881252694749665,-0.000816822320452959,-0.009634336397522645,3.304765379265293e-05,0.0012870608443242757,-6.352877532679043e-05,-0.010631396772244221,0.003936644947015242,0.016074496145004176,0.004892515901476738,-0.0037983329202533507,-6.967775246709031e-05,0.0014499915906872958,-0.02943475627261206,-0.0007442165209780189,0.006111006709189342,0.002660047650780649,-0.06702754926425096,-0.02346063286628663,-0.19641970361729374,0.006577449231630758,-0.010324157755517045,0.031238680287233464,0.049639198976384025,-0.028066156838550717,-0.017245581628656522,-0.07870343232758739,0.010167663481868193,0.10810314370848875,0.06839896536961806,-0.21941545484739322,-0.14502319494567503,-0.3557585907673319,1.5090943008761547e-15,0.022440030852113442,-0.13828888980030404,0.19869783616540795,-0.18569793095395418,0.07700090795215064,0.0029379038745013714,0.011102370362512657,0.1499279296660266,-0.1214722269830768,0.04701616793501745,0.1347244762779668,-0.08588433916260375,0.08639007927321195,0.0975009467258218,-0.11274068845483018,-0.18474782073258583
42,-5.0733345707979935e-12,-4.0431286294381176e-12,7.126692954540451e-10,-4.919840728575462e-12,7.945706165276287e-10,1.7022394792927458e-09,3.7636857342909455e-10,7.496395076133694e-09,-0.00011429159997334409,2.317752091714891e-13,-4.533073506558164e-14,7.762760091686272e-09,-3.992381423668907e-10,-1.0545989381650553e-13,-5.7091626330716566e-05,0.4374567440340185,-3.117005919589779e-07,0.003924448171782686,0.3467481388824775,0.0001102741379211741,-1.0281992543180254e-07,5.659692442409981e-09,-3.2294855819041203e-07,0.0017968646348219027,-0.42936889392018385,-1.3744508751065484e-05,2.2392755202244434e-05,1.2989796287422257e-06,-1.1865894611200462e-09,-0.0044811377116439535,-5.481995953200487e-08,-1.2331257424173461e-09,0.0001810796214569097,5.808050705036717e-05,-1.5840558483412414e-08,9.197769456155717e-09,2.93798081012253e-07,-2.218698883301576e-05,1.2004755681658804e-07,0.0006453903153376683,0.0002461632340058932,-7.094984003762872e-06,0.018214109865605017,-0.0007414068392365628,-0.005182448064330379,0.01141080858912921,-0.00015481830554987558,0.026197659584083384,8.01999039249609e-06,-2.1565792427326364e-05,0.0001636527712112026,0.017201767290158366,0.0061493224432238175,-0.018400110099915126,-0.005702973038619704,-0.002003195311118457,-0.00014835648362452488,0.00809825561106701,0.014645232888578169,0.0005243348680140608,-0.0040470075390749176,0.0004160614399004034,0.0332906838080091,0.02121495981175808,0.18318996539957103,-0.008069801240527348,0.05967440993007172,-0.32552687043622236,-0.32248035265751546,0.13433357291603354,0.0259580025482987,-0.1609325891574481,0.015783727754635293,0.0025332611636885655,-0.028311850040313172,-0.0660695827578225,0.04454172037607776,0.04353593589648013,-3.874530211157411e-15,-0.152539450737124,-0.19454585733764196,0.015892443462862713,-0.23648651118819763,-0.08998755992760218,-0.0681888234594541,-0.1608301670301989,-0.06271477794235744,0.0024793690493743826,-0.002236836808931448,0.00637598964015286,0.1386093306241454,0.0014770172457186344,0.09025433097016827,-0.10139857694443953,-0.040724532273250805
43,-1.690207851253778e-12,7.020224702370407e-12,2.3655560870466917e-10,-3.832719390633577e-12,-1.3708976145854784e-09,1.29318850212057e-09,1.257475076389824e-10,2.505641076585226e-09,-3.794700656958297e-05,1.2437329305689304e-13,1.1001940390375609e-13,-1.4359081958066125e-08,7.28160939182739e-10,1.2931703408190925e-13,0.0002113263724988817,0.14378026014202588,-1.025833045736572e-07,-0.00011110576567344368,-0.6049699068459939,8.496387495423093e-05,-3.165397419794585e-08,1.8261419548496434e-09,5.613348634218423e-07,-0.005217867986804165,-0.3408040702824134,-3.837321644368309e-06,1.871644906846575e-05,1.025007377348184e-06,-3.2728879124419384e-10,-0.002748702945899525,-4.616235513735987e-06,1.3702934456657807e-09,8.626851433791367e-05,-5.857538885185535e-06,-5.096187958424063e-09,2.711230572357968e-10,8.48298198703403e-08,-1.232775106693166e-05,3.40196821785552e-08,0.00022565642556133917,0.00011645218314588038,-1.8918460504003364e-06,-0.0007440875903175629,0.01781562105599849,-0.004932164867874198,-0.0007200982697570685,0.001782385526903624,-0.0014873048732861125,-1.3430810064151115e-05,-0.0003558429800774319,-1.632923224022454e-05,-0.0007311248864437112,-0.016283223847974915,-0.006734640182001458,-0.0020960196705154996,0.011371236121378013,0.00028050308079155344,-0.010146097919392768,0.005497815087325946,0.00032382222898702886,-0.0023335380532931126,0.0005960461016054107,0.013715969359525066,0.010761214098000543,0.08214250355545065,-0.0022022782018704472,-0.01934825851652496,0.18122224537839723,-0.08919502923682401,0.04530056192719637,0.01699248215193361,-0.011348616471386566,-0.0038668664474963334,-0.113838131347649,0.13066261057353815,0.02142514569575794,-0.38521246303276235,0.12676758644663663,1.469931586980076e-15,0.2318663201891291,-0.17978559226007038,-0.09783411713171745,-0.08013636543587352,-0.05578900923721885,0.1303635919377538,0.12749194855465523,-0.1124537277796716,0.23086385358557862,0.14264463470919134,-0.016611339239666286,0.027203161498445337,0.036639329205808625,0.07332192843838942,-0.12318601032127548,-0.05405508596412872
44,-6.032852040394438e-14,1.3286779676885847e-14,9.057543262280966e-08,5.4188020252812594e-14,-2.7578005982097223e-08,-1.7484089689498697e-07,1.4970338130411646e-09,2.8670943119183945e-08,-8.598045714202169e-05,4.059774253483656e-13,4.084528769120779e-14,-9.911179482948096e-09,5.119775387146157e-10,-2.7950898961881303e-14,0.00010670347738250473,0.5345143320327345,-3.889336407062009e-07,0.013907692911582321,-0.1224582497032642,0.00012532873717278304,-4.332763214744545e-09,1.4613843326082252e-09,1.1567078038068509e-07,-0.0038444704914835726,0.44279971138044993,1.7481907649635963e-06,-2.5004764024397927e-05,-1.3344156287599466e-06,2.2076287303250386e-09,0.012948479128056046,1.4389565689798898e-06,8.694474950124188e-10,-0.0001251629285939287,-3.075858065931687e-05,2.5515256386566884e-08,-1.808555064817831e-08,-3.073244289365536e-07,1.6363997858497124e-05,-2.0816334700764325e-07,-0.0012275402845693284,-0.000171643296119154,4.4212357046954116e-06,-0.011403002447843919,-0.00847058702756022,-0.009910566321385855,-0.004748633834376695,-0.0009396680890049145,-0.009082125162762158,4.191089483653135e-05,0.0016642728832827187,-6.266947352587105e-05,-0.009732661193866989,0.0034718127710459123,0.01507234379620572,0.004597336582004955,-0.0036269018793170225,-6.219972955728403e-05,0.0012268526554218672,-0.02802292674603211,-0.0007882652858199683,0.006503908338697983,0.0025285778905977875,-0.06702492209259109,-0.024538349496331806,-0.20540952982548538,0.0068197368985430645,-0.010197352890672758,0.03406626386390686,0.05125556796687388,-0.02842953307202032,-0.01790050207717449,-0.07974331552249508,0.010118214426365789,0.10782929859589425,0.07299220811824916,-0.21828273195022457,-0.14462587400918472,-0.35673793755141453,1.682097398854323e-15,0.021176353613213753,-0.14069781635926773,0.19742086350455232,-0.1864150735283404,0.0749470252009058,0.00293939400260083,0.011169395389420368,0.15015288490817333,-0.12267350699421325,0.04713777984629537,0.13863360037648828,-0.08673607216545373,0.08650443220238385,0.0956048533634491,-0.11301258615901238,-0.18429613162877329
45,4.883257562825844e-14,3.8899828637526255e-14,-7.35314666945084e-08,4.5348240460551453e-14,-8.187313187475375e-08,-1.740208454184187e-07,-1.2059450108015461e-09,-2.309180234646723e-08,7.018243066889868e-05,-3.1347948422637926e-13,2.153363492101373e-14,-2.457426641038015e-08,1.3076367114955406e-09,1.1844855310968932e-13,5.614023223587278e-06,-0.43850211529528854,3.1867292021735674e-07,-0.012547968939556772,-0.34872379751573684,-0.00019556263472563358,1.248049731150714e-07,-6.690191089500967e-09,3.3104797858001874e-07,-0.007516776222135468,0.4355540590385208,-9.824270413476795e-06,-2.5546941288733237e-05,-1.2992828263891777e-06,-3.1433864062662843e-09,0.008801924409664399,-1.3226332973844554e-06,-1.76732133908425e-09,0.00013459968162459523,3.403019499613461e-05,-2.3672846826869646e-08,1.1253241400973194e-08,2.5481189907378107e-07,-1.3091312698319929e-05,1.5946702296373678e-07,0.0008331135043606529,0.0001539835869406281,-4.373327305698921e-06,0.013631761840514678,-9.186469326272925e-05,-0.0015296230427923325,0.014781465381995306,-0.00019979893260519148,0.03335663981309916,1.3364729916154666e-05,0.00013905275186599334,0.00012549476186766946,0.013720189902778167,0.005030178568712967,-0.016156145324654092,-0.0050029096645946135,-0.0017949256480529945,-0.0001300631905591638,0.007353157512262785,0.01448870371882209,0.0005268264686775281,-0.004058361496314784,0.00029838796106488685,0.03379468791284994,0.021064064869126303,0.18190304500675605,-0.007971666980146664,0.05818924119917484,-0.3209709980970057,-0.3136131622336232,0.13038805734335973,0.025859008148299372,-0.15600859378160722,0.01530410549470053,0.0040697893139293425,-0.024093680812730292,-0.06484887011566935,0.047771676693652204,0.04839869973016824,-4.059735230847823e-15,-0.15593851645574444,-0.19867369506437,0.015255079440987656,-0.2383241350139051,-0.08848382507478154,-0.06676866003085546,-0.16090490833143287,-0.06275254245168738,0.002843105194444267,-0.0009174485463969617,0.011463815085686922,0.14029372942259108,0.0022715087816128085,0.08841209062883468,-0.10159097908016436,-0.04166033290547561
46,1.6268314202909054e-14,-6.754980653787661e-14,-2.4380540227878485e-08,3.58910335057709e-14,1.4135189155669897e-07,-1.3351030010032177e-07,-4.028821621990344e-10,-7.71927784965347e-09,2.311819788216401e-05,-1.342628922823712e-13,-8.034188274962867e-14,4.405305218499214e-08,-2.324782388328556e-09,-1.0952203418106326e-13,-0.00014621335748633832,-0.1429006023896067,1.040796723391746e-07,-0.0022956519174143508,0.6013287091283005,-9.7677625390775e-05,5.262501873941908e-08,-2.805885470886215e-09,-5.697484408013453e-07,0.016886001897949254,0.3387720952078027,-5.208665351995542e-06,-1.9638000027261177e-05,-1.0152572541958925e-06,-1.3913387258392691e-09,0.010282519380366884,-1.4282594766037106e-06,3.3457273510926607e-09,6.744915925372929e-05,7.629841662602035e-06,-8.197259177422751e-09,-2.119514524021766e-09,1.0702472895622467e-07,-6.343152767704358e-06,4.275202231709938e-08,0.000286671617067368,6.488826383573976e-05,-1.0403467193618167e-06,-0.00034603132876201024,0.012684780048387122,-0.0020233333054305138,-0.0006166339491758188,0.0024025331089617516,-0.0010829690969496818,-1.4013081162267077e-05,-0.0003367319594549562,-1.4711081486956558e-05,-0.0006114869397217469,-0.013216202500361167,-0.005789540374230949,-0.0017985164494045093,0.010112164117132103,0.0002480845706456422,-0.009296611730393405,0.0055948197852709065,0.00033958852556218295,-0.0024368438326728688,0.0004981573556647473,0.014634325289582062,0.011104925831032252,0.0845324950290076,-0.002237342953255643,-0.02058714895183475,0.18916882740742674,-0.09114410178696498,0.046246581592317114,0.016458750298749828,-0.011787965425257342,-0.0036428765854642107,-0.11451010799156779,0.13265229955833996,0.01952950054832565,-0.38784716349190607,0.1299028331611255,1.6014252687701297e-15,0.2315940602520563,-0.1809139210375107,-0.09911463705242499,-0.08078636437090986,-0.05474938559922154,0.127618352952189,0.12753634292832944,-0.11245008696332395,0.22924460283819872,0.14199533020879115,-0.015151059883852246,0.025780226553335377,0.03700906069150742,0.07206863309042126,-0.1233766714344135,-0.05428943180654614
47,1.676366714366441e-14,-1.9405475773648207e-19,-0.5379333624801133,-2.4138677242207124e-16,0.11855410952241989,0.44294716577467347,9.12944405571319e-06,0.00016206441169324873,-1.2510691064641013e-08,1.6061551119811965e-16,2.650272726908024e-18,-3.795302328290572e-05,2.138509871581054e-06,-2.716781899827561e-16,3.109730379779455e-08,0.0001380459328317612,-1.6362992438697642e-05,9.364154026396532e-06,-4.565321058095357e-05,1.341555331196415e-07,0.00018172329483820998,-9.049221709845486e-06,4.2369109390037625e-06,-4.728236701756075e-06,0.0003129758863102752,0.008938480378781921,0.0013087245773557626,-3.443968256114613e-05,1.6576066321931056e-11,6.109360923672882e-05,0.00127797947071152,1.020039131342109e-11,-0.07390544856014228,-0.014501948346427285,6.597702043427809e-10,-4.369871321933354e-10,-9.278878221087752e-05,0.0014417024750001247,-8.313212080232495e-09,-4.666606413796774e-05,-0.009257716944123126,0.00025497483763439207,-0.22157885853970335,-0.17042717101541627,-0.32201226950895245,0.0008780782231585254,0.0001497732301906641,0.0013445092802135334,-3.312862517430213e-06,-0.00015118770353066203,-8.124803396881052e-05,-0.01489907805935374,-0.0005802034221442385,-0.0475560292148476,-0.014420186487088453,0.013534919955384306,0.0003417914480240111,-0.011890799656547841,0.1550505396647331,6.313587580528303e-05,-0.00036020149078169023,-0.0162074095841665,0.1906941645677056,-0.0016414585351578654,-0.009893476051239945,-0.0009374962064670291,0.04028379351590731,-0.012434616833060382,-0.03582006007540006,0.04158467541110088,-0.005933040614170365,-0.002032219207352414,-0.01208746871985539,-0.1156010009751057,0.09313787551426088,0.24863945854592154,0.0911419592650116,-0.09023813853298555,-2.967067684871685e-15,0.002791594875984914,-0.0651446255056823,-0.1111933038074646,-0.03984153392657603,-0.09153195290746188,0.006178933871582602,0.019993725210112244,0.17551613164989427,0.0006594085820531911,-0.07112283926636011,0.056968266995758125,-0.22928205102010402,0.0383304382010472,-0.06676333891031833,-0.13746347633394954,-0.009846624094831686
48,-1.3566238623249616e-14,-5.690882058337391e-19,0.4353303056983973,1.9326597684712103e-16,0.34777512988784737,0.4348814054808648,-7.190651600216253e-06,-0.00012750338195582176,1.023463743481431e-08,-3.711846530590897e-17,-1.0138359883688428e-16,-9.907977624738853e-05,5.666063523103767e-06,1.0206306519676289e-16,-4.700601571529885e-09,-0.00011324922550962683,1.2398035180276912e-05,-8.215104663407739e-06,-0.00013075712286069843,-1.412423086788768e-07,0.00010974311277246129,-5.471134996205677e-06,9.174195984101747e-06,-7.3990132758662485e-06,0.00030967366118316627,-0.005366514833348349,-0.000835165181260605,-3.890594040939324e-06,-1.837509605870037e-11,-2.5059766445853754e-06,7.95779662786377e-05,-2.7213192974967156e-11,0.030780192211056052,0.009741189349890187,-6.154053850587955e-10,3.819584262018954e-10,2.5502643542311994e-05,-0.0016515691298631832,7.5175205901851e-09,3.983731288917284e-05,0.013751200052809432,-0.0004223314662417516,0.37562194752054,-0.052629593329770755,-0.2049762410911749,-0.0010259639706300047,1.8192723762343218e-05,-0.0013391349397875677,6.146628891164201e-08,4.211911967866783e-05,0.0018117219393163442,0.066254514654892,0.004282464582845647,0.060236597466170716,0.01886288847473733,0.010574602245008027,0.0007556374561643307,-0.04467067634027146,-0.011776386853457665,-5.0344429989270594e-05,0.00038022789805989963,-0.010023903060271913,0.06050369980764829,-0.004990383908250953,-0.04138884468821538,0.0017053647972284814,-0.06757199129877586,0.04762108196500988,0.06776117523836896,-0.05617710858872709,0.06339513703341247,0.01694426317380868,-0.00221578583232138,0.08332213275428134,-0.06462685984943567,-0.19387925710785028,0.17400674763698226,0.019881480891582284,2.401549781935005e-15,-0.030161751947399167,-0.07355152662454086,-0.14477038943588347,-0.045483910378657885,0.06662797643094784,0.06623948100700514,-0.16660061470027027,-0.06639403717169694,0.23955625448088955,0.07381210521471106,-0.0601527619157908,-0.20254673334709414,0.04018921020872714,-0.07568257022336218,-0.1166984081878867,-0.008816669862593215
49,-4.521631239759134e-15,9.882487617913818e-19,0.14509571713493638,6.383253409559408e-17,-0.6039137055774686,0.3373958513432448,-2.4258778658950974e-06,-4.306447819715383e-05,3.358181392953631e-09,-1.1126226797253293e-16,-8.836296518663122e-17,0.00017494473160295035,-9.968291600731754e-06,-3.3383032906798654e-17,-3.4651917956523836e-08,-3.685344325453401e-05,4.25716973237906e-06,-1.8239731288340833e-06,0.00022541691958437047,-6.033325362856133e-08,8.962310043000163e-05,-4.471724985437809e-06,-1.6734877359490475e-05,1.6922428029110516e-05,0.00023961829870441093,-0.0021141151036055904,-0.00031328216066775754,-5.308651734333919e-06,-6.820639309499294e-12,1.3791731240699857e-05,-0.0011463982196852976,3.369663106776416e-11,0.01665191446752066,-0.001932876660086692,-1.9136205820238882e-10,2.110453438695666e-11,5.315101717709603e-06,-0.0010644575181023783,1.9710805831938613e-09,1.2454899267891299e-05,0.007551700546530579,-0.0001233871665269772,-0.04114845770506326,0.40002777657163174,-0.1650754101869041,-5.5245152960644785e-06,-0.0002227430887647575,-9.711198558121275e-05,1.5328345164947024e-06,2.866540708648563e-05,-0.00012701634201532766,-0.004777733039964746,-0.015198462465737774,0.02569919798573853,0.008106427096639347,-0.06995853692668648,-0.00156681322874115,0.06460572767034278,-0.0012256927816113635,-2.4329220881017568e-05,0.00017528604186447117,-0.008977529104920359,0.044585723596752294,-0.0026179484214777066,-0.02030319546587752,0.000514953930574407,-0.014812062861759333,-0.02933474855612488,0.009692481607202156,-0.013423682107948918,-0.05266569100341125,0.004992335200004635,0.019759420802411037,0.07769060855414299,-0.09925984589636169,-0.10832421255679196,-0.0710155061068289,0.18956761250560347,1.0402372778372972e-15,0.051178071954660134,-0.05577219048788531,-0.13610322047163995,-0.02709318805736684,0.04078212618792341,-0.10573140221486346,0.13675297034031042,-0.11586878479579665,-0.27056404070391094,-0.18429781502721496,0.013652131577537602,-0.15952840824991277,0.032178292354438115,-0.03492651285926268,-0.14262141338161227,-0.006691007497355852
50,-1.7158821190828432e-17,1.9722757215999446e-22,0.0005506137181604649,2.468195687654656e-19,-0.0001214327656712657,-0.00045446584674476825,-0.0007505169760889849,-0.012911609616587818,6.035239804374087e-10,-5.697904237556449e-18,3.1909728620957923e-18,0.00293486804531838,-0.0001711594152426256,5.0851545913371625e-18,-2.25293271441668e-09,-9.39400369275605e-06,0.0006263692837053728,-1.2089691596281796e-06,3.3789329036485795e-06,-2.2595657015694276e-08,-0.01204950076355571,0.0006224244259522411,-0.00015137841546369413,9.601151739423754e-07,-3.530830654741175e-05,-0.12469695982891695,-0.020390966439173888,0.0008359139395467721,2.0522423038317216e-11,-0.0003411102331734308,-0.015287517534070975,3.3173332532798206e-12,0.7789805356064958,0.14350164125839604,1.443325292105512e-10,-8.317130928317137e-11,0.0008202401045415309,-0.003423391025692241,-1.2821627293822845e-09,-7.255899306137747e-06,0.00736697230713191,-0.0002461937455174976,0.0002243787673032264,0.0044064388671268915,0.006271015657910937,-0.0003059403682674953,-2.915511217901363e-05,-0.001320235390138225,-4.179875237134617e-08,1.5231037385668883e-05,-0.0003011528335137521,-0.0688130101100654,0.04641539068826688,0.07633747255266475,0.024799780648506534,0.016979939338489552,1.0866317386422239e-05,0.04887890763121981,-0.3417716199316685,0.00010793741978368487,-0.0011258379777300844,0.01579447231661608,-0.2814631155035512,0.0109845982337171,0.08648096772331565,-0.0017641362304222283,0.02746853643500088,-0.015562675700645956,-0.028973419733475236,0.0393965750143423,-0.00812948173995312,0.0025561923478310804,-0.013119336768355529,-0.07996736349890637,0.05541307386507351,0.1687113707459255,0.05777951405236809,-0.03273092644844335,-3.785629535867428e-15,-0.00031762550811183904,-0.030537586091934976,-0.07364907588152003,-0.008815502706565927,-0.10579247386551112,0.006294484254457284,0.020995774787669397,0.17559976293040105,-0.002728076436187702,-0.028445340851838617,0.020887383856291377,-0.11942271454303945,0.006651095489220599,-0.08181732208408841,-0.13727483232437515,0.006587458707802451
51,1.3854066679906376e-17,5.765038052865798e-22,-0.0004445666206282778,-1.973930314368664e-19,-0.0003550720588355449,-0.00044374985057663117,0.0005703947778617755,0.009789717729764853,-4.410058685403829e-10,3.698693325238327e-18,-5.400207507497903e-18,0.007811597391362035,-0.00046059109931688273,-1.6309372466713993e-18,6.257337962235133e-10,6.584871092657625e-06,-0.0004367173350042942,7.838296009036689e-07,7.536598469175247e-06,1.4489740111132381e-08,-0.009717154030041471,0.0005021982490098403,-0.00034589551215534047,6.233340892827851e-07,-1.6263090385538816e-05,0.049426335226777994,0.009443420943052718,0.0004035125339777029,2.2008859632254677e-12,3.650453623675767e-05,-0.005777484789219348,9.931223416120358e-12,-0.08274228594723275,-0.05381981726602599,2.8922066325827105e-10,-2.0255907329505188e-10,9.395583762805099e-05,0.009250269181844857,-4.054003324874349e-09,-2.129141868704785e-05,-0.06434171384220837,0.0020321884629460173,-0.3813107029648519,0.05960404507984362,0.08886329240725946,0.003375525913230257,-2.896744644089377e-06,0.012338731379451856,-3.172297178179487e-06,0.00023651731177303024,0.0029633868635964926,0.5387881632263423,0.19610371513226843,-0.4686200735226695,-0.15301592999119792,-0.014887365361975224,0.00030902474226211454,0.13690963528767153,-0.17951354663886732,-6.08230316944573e-05,0.0003291260753894805,0.013437149425394899,-0.25974942409272767,0.004308403736724199,0.03052345840620647,0.0004100438921958455,0.011757749995736099,0.038629365271622106,0.041239762038605396,-0.030473579380111616,0.004366939988029797,0.019048993811865072,-0.01544555635562616,0.03891315347995925,-0.029147313750088975,-0.09090998934870169,0.09656154717311197,0.0074601272502686595,2.6745085137931907e-15,-0.007324561127846418,-0.031966228266656446,-0.0825596319593491,-0.008360815980316,0.08116581748787303,0.07825126519158075,-0.16454297071654791,-0.0660092257791875,0.11726997882867704,0.06661316619949247,-0.04293852910458448,-0.1246201327897995,0.018718034216291816,-0.09074104289280131,-0.11580239956245825,-0.008869220804800017
52,4.617596388944175e-18,-1.0011750910829605e-21,-0.00014817520940220294,-6.538037383754269e-20,0.0006165908817138558,-0.000344286811892987,0.00019010991378675806,0.0032664488893934507,-1.4538865896287596e-10,-1.051227806911733e-18,3.0695619968115624e-18,-0.013573300293308159,0.0007985790425368136,2.1231980124026216e-18,1.6878000022264593e-09,2.1614423784308848e-06,-0.00014590643835060837,2.035007987608246e-07,-1.3128544353756495e-05,5.5904403079599504e-09,-0.00755478258622841,0.00039064036496213624,0.0006038231525901239,-1.6540331249734804e-06,-1.3103997076144398e-05,0.017638993399580687,0.0032199836100094627,0.0003222285873189838,3.737059596121449e-13,2.149498397509791e-05,0.012808860640019185,-9.841228297767223e-12,-0.05653588640662986,0.05079085592000391,7.313006760444515e-11,-2.055670762876812e-11,0.00013530783899360428,0.007160497923653343,-6.519789603301711e-10,-4.2624369763962695e-06,-0.042880337493852234,0.0007758930503337444,0.054509852863943345,-0.33372228997163145,0.06686179960150133,-0.000249224273528429,0.00037201830373001765,-0.0008928027175857053,6.710187592262562e-06,-0.0003806054369644579,-0.0002391157004789497,-0.011627214096621225,-0.6881736906523065,-0.2557000683536656,-0.08321951192330952,0.3278312837072471,0.0007015962909554282,-0.18594288243058407,-0.12188545065872877,-3.9597794526466104e-05,0.0001986450144324823,0.00725399181326176,-0.18146122482041216,0.003543225086567083,0.0269286459107966,-0.0001302434308288292,0.014155380990851878,-0.021229767488518136,0.007332335218212855,-0.006473864514664127,-0.010968127819919187,0.00095180754707643,0.0188628518482242,0.03940039129545567,-0.05337618151534691,-0.046453988135883674,-0.01809701665992123,0.0929826958214214,8.756415950870467e-16,0.013285530927315254,-0.02065446709066086,-0.06780743730864296,-0.010846322809545794,0.04942524956850322,-0.1266423374240411,0.13557077744709609,-0.11423169976872163,-0.15801976136716667,-0.09430799923064942,0.005266960720288362,-0.08921290707184933,0.009281283690752443,-0.04503552053636085,-0.14196044216329093,-0.005330368452945795
53,1.5014888786223404e-20,-1.7133183307825335e-25,-4.818166765678594e-07,-2.159971235243822e-22,1.0632176086465779e-07,3.9942101700978736e-07,0.03187558961439897,0.5304168729337434,4.8311073456013626e-12,-1.6815673622754365e-16,-1.202983828078279e-16,-0.11689958824205085,0.007068741084254274,-8.352169084597897e-17,5.102118159577496e-11,1.0474196895195161e-07,-0.01111195036530383,4.401072019393793e-08,-1.9802101552052086e-08,1.192194867268171e-09,0.43721804380424456,-0.023509593721829,0.0024522726169859685,-8.596816684265564e-08,6.809125749481718e-06,0.34510138892204645,0.07957091441469935,-0.009215085958136091,-1.5041959527313193e-13,-2.566095125667752e-06,0.016960341296459815,-2.541044827534864e-13,0.0024565674945793534,0.07669020169931412,-8.92195637681034e-11,9.309560922987126e-11,0.0017408509115023464,-0.05827555774932955,-1.0124624965007266e-09,-5.963616218715797e-06,0.28283534626453094,-0.008186725999039492,-0.03510991931078622,-0.01226622001298558,0.01458067215056187,0.0006412051924676081,3.788509541588944e-05,0.003217549503078354,3.2758966491871133e-06,5.021832696509846e-05,0.0031103100195861446,0.21063494068343785,-0.13076561375137097,0.21324185528432096,0.0689105540417486,-0.1713539064180505,-0.0009229459124953331,-0.06837595021307949,0.15663701336504549,-6.645931878824424e-05,0.0006015486623655158,0.015215817638623676,-0.19143483879286455,0.004202661964668063,0.03152302103116257,-9.916410017907699e-05,-0.031657873228405145,-0.003940687918317339,0.002780514001962878,-0.0010700211897763994,-0.001999273612068516,0.002162927456045181,-0.0006156632009398969,0.018019978415007163,-0.020933105961909355,-0.040922336258166145,-0.010030688091596266,0.04605706031791324,-4.053581092945309e-15,-0.0039863479133698644,0.018935185825911652,0.0027221825853353233,0.029845643853698815,-0.11793654062840157,0.006196662019098401,0.022083552964720043,0.17404700774131832,-0.00690931289973965,0.03781142777325126,-0.02982561077257126,0.059939280985040366,-0.032968791493738284,-0.0966290120603916,-0.13581812355168849,0.02535607378056797
54,-1.2138112103517812e-20,-5.004244244080027e-25,3.8950303995090153e-07,1.7289225119243661e-22,3.106829780530804e-07,3.868714825651524e-07,-0.025800262465569768,-0.42916990266027577,-4.617639403818646e-12,6.636517715386602e-17,2.7449046704316613e-16,-0.34301708709429185,0.02084898003228406,1.2957705126194855e-16,8.564527258142926e-13,-1.6176667816939805e-08,0.008987124427890932,-4.0632344791161185e-08,-3.0507685018955796e-08,-9.806899260734383e-10,0.42924242670720064,-0.023004907939100237,0.007183063017250314,1.805398230417211e-08,-5.136624918242998e-06,-0.2777189468983865,-0.06476154416351207,-0.008966942930370144,-1.357147748674529e-13,2.956827512567642e-05,0.052689673835699585,-1.7198205090995223e-13,-0.0738688523145282,0.21436357383940838,-9.478493825887748e-11,9.763751570988819e-11,-0.0006495822929499556,-0.0529182597424184,-7.906309470504177e-10,-4.8374876651024295e-06,0.2839798073216263,-0.008725332094182034,0.0281407590915901,-0.010183364755716894,-0.009890341313745834,-0.000695064403502405,-3.872915344639364e-06,-0.0034702611891669465,-1.2544995607703205e-06,-0.00010918529052256178,-0.0035554801912012737,-0.21694936051362093,-0.0024463622672713818,-0.1704628502358887,-0.054996104266479065,-0.13009825934797475,-0.0010128850221184336,0.12322705247189351,0.21750506614525036,-9.499197644264343e-05,0.0008812360040980185,0.015860339566287057,-0.19527153574082046,0.004165021180634697,0.03125332582544041,-0.00043628751025954164,0.08276332965645945,0.012566601583942044,-0.00157845545901555,0.0013490021518112567,-0.06426102645996953,0.011283048192012193,-0.02025453178603948,-0.008623674896834653,0.012030576151942933,0.022249668702732907,-0.0220619716450409,-0.006802182160572888,3.1221099199666625e-15,0.020616791611598857,0.023750763119890855,0.015854478904796115,0.0370681784904086,0.09800641401365194,0.09103949303822484,-0.16154586493859047,-0.06573947990773707,-0.056428209749432086,0.04879846175177484,-0.014836034873461289,0.004503376748770669,-0.00905215649728675,-0.10625067749612183,-0.11384351113463444,-0.00846474833214974
55,-4.047456731870738e-21,8.695325804497503e-25,1.298798934360461e-07,5.71965028896494e-23,-5.397847365532449e-07,3.0049107861255285e-07,-0.008591818267513335,-0.14313081492717147,-2.603342475531491e-12,1.1521445790918004e-16,-1.398710366739908e-16,0.595557304253471,-0.03614006183169003,3.820555903411807e-17,2.2515499077008812e-11,1.4299923156911174e-08,0.0029915039363301852,-1.460678096999709e-08,1.1409461049250588e-07,-3.68216151393722e-10,0.3330219027906652,-0.017847721409718704,-0.01248049781415142,8.818416973430658e-08,-1.754364979876446e-06,-0.09377761521603498,-0.021008278131949745,-0.006974399294512884,-1.3424010278864516e-12,-2.0100310176348464e-05,-0.08892780863206699,-6.916282088915346e-13,0.058307085282053264,-0.38456370321020306,-7.256513325971484e-11,7.442866905037408e-11,-0.0008685790861191318,-0.04352410827415335,-6.842699220979699e-10,-4.0934712592925905e-06,0.21874034536097733,-0.005042350351336406,-0.009734210801229163,0.02091615520503225,-0.004221839644528399,2.056219873368838e-05,-4.799549612045231e-05,-5.962717155932297e-05,-2.932939648605961e-06,7.410555315876868e-05,0.0005508115165485431,-0.019432009009982747,0.19500757696004004,0.00028387386781092677,0.0003060821235111222,0.21846503929067507,0.0019989607119439666,-0.2771136872429809,0.13852042486606653,-6.482669410798328e-05,0.0005911864104115287,0.010491108161147317,-0.13674029299343327,0.0028869181405500694,0.021771872196855117,-0.0002291101997530015,0.02912427626453966,0.003078585654936982,0.0046380053084369155,-0.0023128500229101737,0.04562847336357679,-0.006250205007306781,0.012721581612311607,-0.009408584895703192,0.012454037217779847,0.020368506654251,0.04049835141674637,-0.04137479007973303,9.727035327319334e-16,-0.03344708975840134,0.02541267627401398,0.032380940879688236,0.009721332715571894,0.05930460762535496,-0.14887370050267026,0.13372183901721119,-0.11211308691042943,0.018924948681681306,0.04029519289908169,-0.00703536681087158,0.020682043665892817,-0.01930332831012736,-0.05555329549920227,-0.1403758234790404,-0.0033731494260989025
56,-3.727871781278901e-23,4.224543482619795e-28,1.1962468311958292e-09,5.374100041234267e-25,-2.6418088472338473e-10,-1.0016733446816802e-09,-0.03241376351610452,-0.03548051721708955,-6.048910727074257e-13,1.1571869643105828e-17,1.5407513079419014e-17,0.007786341507291867,-0.007658008936855705,1.3101193404228974e-17,-6.42389540763527e-12,-1.312513146794696e-08,0.0017954120128749634,-1.3954799708323656e-08,5.79579189546883e-09,-4.37985627424112e-10,-0.029366349317298916,0.027238854838901233,-0.00039701161013526757,4.6322558432772316e-08,-1.0161628560222901e-05,-0.24920968803875937,-0.15802732889929383,0.0014948164219046646,-1.1536548707266283e-12,2.1507606047323795e-05,-0.037425482465593414,1.3269442744064733e-13,-0.04698651528579358,-0.06569582151381957,6.071092144145806e-11,-6.236420054988801e-11,0.6088295141790593,0.14280170020327546,6.750300212550812e-10,4.0789013174725305e-06,-0.2163814322803278,-0.12661288255904599,-0.01089972459092393,-0.003702528453667095,0.005246540709518926,0.00045376723355478315,2.2076141829855677e-05,0.0020661637280783938,1.96159695840011e-06,3.17834252297797e-05,-0.5014540464662982,0.1332164256870307,-0.07915113529282597,0.12521074391538717,0.04045064303301565,-0.09760948293023836,-0.0005183779599788214,-0.044733356875272946,0.11291068762871388,-4.4197950923945534e-05,0.00041376880404000364,0.007145244125085458,-0.08054070788568328,0.0015570341035406918,0.011592274544812048,-0.0002555463452750171,0.1093260994395075,0.021174065558539054,0.01679103884699436,-0.01678546747120423,0.0011538266582834795,0.0037656165707310708,0.001597288667511143,0.0441712353361683,-0.04332565748314324,-0.09749246373802392,-0.030155269080379847,0.05418936786464569,-4.4482578108683716e-15,-0.003929297853957229,0.028854883978434283,0.021921013875508325,0.037128955821101074,-0.11969014300141383,0.006333974799448016,0.02216500453608389,0.17405733251854236,0.0523791151450958,-0.04173834346065476,-0.0020542076128653667,0.09830294189458223,-0.04019962632249163,-0.09965494862104428,-0.1364180847417152,0.02847460821297201
57,3.0152604618712075e-23,1.2322524578280209e-27,-9.675750620768204e-10,-4.296474375608922e-25,-7.710567090990729e-10,-9.52104346489033e-10,0.02634191308500071,0.02869886102810016,5.048223304010153e-13,-7.956676478409093e-18,-1.062499953203626e-17,0.02294862956101379,-0.020705773789553725,-1.7050122793559435e-17,2.5652329841229524e-12,6.549423254531137e-09,-0.0014520582052891615,1.1800065562954158e-08,4.96420093972364e-09,3.54468888580561e-10,-0.028951452441617717,0.02461086434041125,-0.0011609753720461032,-2.2017841926591504e-08,8.447732369820448e-06,0.19949464360149952,0.13341748416081334,0.0014462620114544227,6.103551811695351e-13,-3.1589240477736566e-05,-0.10676916110021331,-6.040429754796731e-13,0.07689196635694866,-0.14950745816123792,4.2552697462437264e-11,-3.8228404955587526e-11,-0.4942304299767865,0.11917330973959667,1.0088779011510827e-09,5.767159725274246e-06,-0.2138691152262539,-0.3864422586944817,0.05233602768696718,-0.006832655167157921,-0.014359375002274558,-0.0005600430616276394,-3.6090014393923163e-06,-0.0026509163231223,-3.4271575316665917e-07,-7.07885737070529e-05,-0.4910400876995575,-0.14865486418542212,-0.015260117462623438,-0.02770811230108182,-0.008689357627441002,0.020653070215661897,-0.00026033402057108984,0.17448614273580862,0.1894081876498532,-7.064501364783499e-05,0.0006749786138030049,0.010954079994130669,-0.12924257703537803,0.002696928915624364,0.02018590629033377,-0.00017530733716570023,0.005053805098058305,-0.0010467342652506744,-0.0036332788877081745,0.004471003264276693,0.01352595603901224,-0.0036173132049794137,0.004737242009709003,-0.017473983247383893,0.014556996917176499,0.04252474104751723,-0.055164803242741166,-0.016337313884730604,3.3687119092932046e-15,0.026926959838111664,0.03555350027946131,0.040918983645841,0.04612081207212935,0.10154789317712708,0.09375202580346151,-0.16168245091763905,-0.06584163052343155,-0.03254207727648088,-0.061335555445571406,0.034178990810718596,0.03647469133647854,-0.01460286829833372,-0.10964831342670794,-0.11437110962640666,-0.00849150044228714
58,1.0055105414575649e-23,-2.1423281745398355e-27,-3.2266099042628186e-10,-1.4200588920039392e-25,1.3403174742107314e-09,-7.419556367665348e-10,0.008655152168535017,0.009582254617427928,2.4193852800206426e-13,-8.660081357394782e-18,-1.553149193692003e-17,-0.03981083560466751,0.03656441029455682,2.5179385079637847e-17,-1.2417462153096392e-12,8.62900525941484e-10,-0.0004834914522209657,4.024615000137706e-09,-1.8198218356455322e-08,1.2617028618021547e-10,-0.022374635010763838,0.02056943569634608,0.002016354156669873,-3.239735114896853e-08,2.6439251164698897e-06,0.06847013293170502,0.0406222665895259,0.001123805746630901,1.3504992958665901e-12,8.475841646543943e-06,0.17793609870881227,1.451446042993199e-12,-0.028185124979790234,0.28342799494443704,5.850105181453316e-11,-8.543047230761603e-11,-0.16621305706263526,0.07950376806473665,5.098942095689249e-10,3.110975677292318e-06,-0.14241584924086498,0.6909961965209951,-0.0035548791285032817,0.040239756488381184,-0.009399727363056425,7.38638494514901e-05,-5.628790891118562e-05,8.802633176000045e-05,-2.1687642777795674e-06,7.213004602554942e-05,-0.3839288554716187,-0.007686138593893215,0.16309197264378628,0.022099187044640926,0.007312595628203797,0.11002230816803385,0.0011479241016981577,-0.1462084022050991,0.090560875947573,-3.541650170742295e-05,0.00033438045905679974,0.00573129703138343,-0.06855161313543451,0.001424902703441164,0.010661471135293813,-9.299867124514477e-06,-0.0335927132678186,-0.006861293815327733,-0.011955064373885578,0.010033487484858081,-0.10347997473016567,0.016620887340860906,-0.035443355617137934,-0.013644103938551798,0.020416486902993004,0.018298532567777442,0.046532435978567835,-0.07137126233616427,6.507664302564529e-16,-0.0413114024550492,0.03420871984676739,0.05383112699998678,0.013657258902666966,0.061138376023816006,-0.15277794470906703,0.1338111665838634,-0.11206260750343558,0.10420581106850453,0.0033223700575836074,0.016066039402465974,0.044859508769156675,-0.024526105622516763,-0.05768602005786776,-0.14091915970262803,-0.0030044536413087446
59,-2.736674696864022e-22,3.1008764517545713e-27,8.781789296371982e-09,3.946856556990644e-24,-1.9393854142840125e-09,-7.3566082517387206e-09,-0.030322184590503086,-0.5391068292490674,-2.886921686774293e-11,2.064823230839089e-16,8.029803887630495e-17,0.11875635253452875,-0.006676206682194199,1.0036367535162395e-16,8.302078450959461e-11,4.056558564015737e-07,-0.0012335163049381783,8.387281031645775e-08,-1.8060469137323936e-07,1.8235082024999295e-09,-0.4443270947911582,0.02202158504685838,0.00027757488379655156,-1.0823753797918085e-07,7.914235028481683e-06,0.3065465411376399,0.0804787571226885,-0.0010693996367924488,-7.941459922823501e-13,8.682592903056606e-06,0.017969338805915395,-3.2813774887327824e-13,-0.022816646853029334,0.06268765348072643,-8.143146006142619e-11,8.262909894461666e-11,-0.08287148854005096,-0.0618786741556556,-8.626097355405924e-10,-5.078073980588301e-06,0.2472246305598275,0.011307159390333792,-0.03478757461337486,-0.01213525688371685,0.014522414508928622,0.0006497217966751137,3.929379870128823e-05,0.0033031077760022733,3.3628399075308405e-06,5.079717323076778e-05,0.07289214172582678,0.2167367201670396,-0.13545528485800443,0.2167972933925337,0.07005601039158742,-0.177072805508989,-0.0009521827391804783,-0.07122699089604759,0.17141039244188902,-7.221749633021322e-05,0.0006567880617961591,0.015290710415862567,-0.190597264481459,0.00399741458709632,0.029806405125375576,1.2884067127096723e-05,-0.054197593761208446,-0.006902953056931321,0.0022820874729975733,-0.0008069804069263827,-0.0018097780446735925,0.0018152282638588938,-0.00021069740723426135,0.018870859745929097,-0.021278284155057708,-0.04265899292418573,-0.010426989020069834,0.04833805451549951,-4.19968844629841e-15,-0.004138813992524451,0.01976479200191735,0.0036003315623330066,0.03053223769790674,-0.11821627054261583,0.006194012530474104,0.022108237184338655,0.17398914329709206,-0.015008308910673212,0.05116929948122055,-0.035640206879073294,0.06274111767634735,-0.03370303667266739,-0.09681945163140601,-0.13562594386884713,0.025738878048676805
60,2.213553867212629e-22,9.044779960926261e-27,-7.103132742318556e-09,-3.1492201776369423e-24,-5.6603646282539225e-09,-6.986924082721931e-09,0.024540408012038058,0.4362333156050847,2.3283406999534784e-11,-3.7876299999626104e-17,-2.4452309109259633e-16,0.34865413270092027,-0.019881109725212138,-6.174700832489426e-17,-6.410660287063157e-11,-3.748459068556609e-07,0.0010015343183329324,-5.6297570583308115e-08,-3.72706667604886e-07,-1.2761932800013314e-09,-0.43634848221364975,0.021940658693173284,0.0007974328335324921,-6.455904669026501e-09,-4.213818994757992e-06,-0.24456562297560008,-0.06573552413726777,-0.0009689309490977104,-1.8484332393283828e-13,2.4879649901389835e-05,0.05321326682985324,-4.770338163869824e-13,-0.06235935051096114,0.18931361171889757,-9.188155826005197e-11,9.001151983479562e-11,0.0678025514124621,-0.05423858858948844,-5.534909281247679e-10,-3.5137694166836553e-06,0.2527051798930433,0.04666694393434759,0.04143992865267472,-0.011752997899904902,-0.013019786065865454,-0.0008311968785736025,-4.313854792970813e-06,-0.00397426405191249,-1.2206302579402542e-06,-0.00012000127811814052,0.06411528410598887,-0.24110247917261562,-0.007704092676514773,-0.16580406858169727,-0.053453460323743304,-0.14331858934233338,-0.0010871597046624903,0.11120060230656553,0.22308765761139665,-9.344575648228507e-05,0.0008738359950061369,0.01562782510010099,-0.1894231217177759,0.004117855606602749,0.03100114351614587,-0.0004954186751372246,0.09447225674507609,0.012841514143740445,-0.00335198126689478,0.0024279761145424277,-0.0769494701463814,0.012716281258456565,-0.02351395375604222,-0.009606810239200134,0.013545163266539048,0.02466779375128848,-0.022990786978047087,-0.006197344063860207,3.220499388647845e-15,0.020992917822624732,0.024609086884191066,0.016929883993812216,0.037813933109452684,0.09822824707344141,0.09121347893136725,-0.16137329470951808,-0.06569529176975351,-0.06726140852401544,0.062279269099874704,-0.019929719545749944,0.00605003248552562,-0.009515129158339889,-0.10641603058717712,-0.11363913446927855,-0.008440441035228681
61,7.381531591907761e-23,-1.5724892429059654e-26,-2.368679599210493e-09,-1.0426449003312144e-24,9.839401460726275e-09,-5.445673709953657e-09,0.00817562824665897,0.14544762766461033,8.921504556000489e-12,-1.4089887827835558e-16,1.3979077594723147e-16,-0.6052908578295553,0.03438564939205327,-6.245116545185696e-17,-1.0779641680784508e-10,-1.474595665642103e-07,0.0003389833689836985,-1.5423428170330166e-08,6.370546548717425e-07,-4.70694695985878e-10,-0.3385651276998216,0.016812646982011556,-0.0013865071642533283,1.3070728982881268e-07,-1.068567000816621e-06,-0.08271796973322497,-0.02108125954070109,-0.0007641631906376235,-1.196111128785344e-12,-1.7992674855711637e-05,-0.08973025152680386,-2.938866793114443e-13,0.05221909573602353,-0.3387184425056901,-6.653815856593511e-11,6.96746996659909e-11,0.022234173467371107,-0.04258146594997293,-5.815557445874341e-10,-3.4631076189207462e-06,0.19086729536358618,-0.09947467837593539,-0.010956156597558513,0.03199400860999081,-0.006475093610476374,1.632424165698041e-05,-6.051589435831579e-05,-6.159908328661056e-05,-3.209960156899106e-06,8.683241176783361e-05,0.05376181970612923,-0.020725386557252166,0.22029788665973277,0.007243874303782582,0.002577674723393166,0.2148223958732966,0.0020325297101020986,-0.28004530834169644,0.1455678212670582,-6.534349683156577e-05,0.0006006410958318725,0.010576887836045051,-0.1353247612304953,0.0028806751919751624,0.021735129841274764,-0.0002533709427663303,0.037437289880490686,0.005500038216792895,0.006680408201538835,-0.003763544002176961,0.06817818852510157,-0.009672906656540536,0.018882386510069956,-0.01104260527490151,0.014356265728552097,0.023606919042746432,0.042159357772853324,-0.04330517010889899,7.949729725611279e-16,-0.034402338769913485,0.026232290461441495,0.03394088041612331,0.010077249802937994,0.05948588977229945,-0.1492799424201714,0.13362740733339595,-0.11204630154340366,0.015477125203890146,0.051125256650766115,-0.01061376993480567,0.022332369584601393,-0.019830470558135457,-0.05568197620940107,-0.14019111948173127,-0.003339252750314656
62,7.131199297361453e-26,-8.02832699137613e-31,-2.288350450956291e-12,-1.0279919825655953e-27,5.059806842582083e-13,1.964901772825418e-12,0.5889132356726781,-0.03462115658937657,-3.038735322733091e-14,-8.57495601210796e-17,-3.2917551410702146e-16,0.008218053303316547,0.13789240726098387,7.55021934361431e-17,2.3306867764520766e-12,5.487501835669096e-10,8.839625195859258e-06,6.153677479826471e-10,-2.4562393412661967e-10,2.878650908226926e-11,-0.025695564774305416,-0.4902428843016357,-1.156805500194473e-07,-9.493989609257124e-09,1.2043461440123545e-05,-0.04517780778016441,0.21632802980297108,3.96804656800415e-05,2.4962261385539295e-14,-1.7758624993906366e-06,0.0644978572973242,-1.04520506237719e-13,0.004498409359017751,-0.012563835731888049,1.6535485961592424e-11,-1.3790251562526366e-11,-0.037768567171937606,-0.1916355167592016,9.697462538780476e-11,5.688754448896759e-07,-0.0329363925774687,0.004658111495763994,0.0077796823911058756,0.0022342433035826815,-0.003712795222756298,-0.00020355059823913042,-1.0789801240841239e-05,-0.0010754901206709558,-1.2958984529185255e-06,-2.1228667844649883e-05,0.03112368855448949,-0.07432921631632873,0.046303114823979155,-0.10656958679444752,-0.03451373453871024,0.0500863216048095,0.00030578981534915765,-0.0032230469054204086,-0.054996754526639206,2.1918657456785214e-05,-0.0001917513407177936,-0.008707913403983738,0.12173760690422639,-0.003005114817679562,-0.022666157216525637,-0.0003607171813229043,0.26597995729878654,0.04912762091229091,0.032432077731662415,-0.03460993188200638,0.009350933323324626,0.004539937507519858,0.005621372456330295,0.07295353938843574,-0.06805858180686368,-0.15976724171147388,-0.053657379076689105,0.061815635669448754,-4.696401383928577e-15,-0.003573812237231016,0.03968318752054911,0.043770317666723964,0.04498864264781856,-0.1217257094540945,0.0067677309751961795,0.0221188887028277,0.17468800438370655,0.12239520799184331,-0.1395400233476546,0.03305162132355411,0.1407658668768281,-0.04790988929046433,-0.10299585717784052,-0.13727963972591495,0.03173533334596271
63,-5.769470291825476e-26,-2.336929775463012e-30,1.8513814279449485e-12,8.206486631024254e-28,1.4740837287653421e-12,1.7816978612183405e-12,-0.4803746183467165,0.02828343387024286,1.2613322510346745e-14,2.08361978377335e-16,-8.25691753688672e-17,0.022522819742505803,0.3788492574377456,7.523952563539183e-17,2.2097141988360037e-12,6.648039502247094e-10,-1.7476663136997557e-05,-6.181330826871299e-10,-8.998878669986908e-12,-2.85017161524781e-11,-0.02432798369718489,-0.4654738959262306,-2.2719093542556435e-06,8.230611966011873e-09,-1.1569483617359984e-05,0.04408168250927732,-0.2078801347500289,-2.3654237594145446e-05,-1.0225184975509741e-13,-3.3984465986668205e-06,0.16152556517084554,-6.732682621174193e-14,0.008647000580022886,-0.03353986641071399,2.0465218440770318e-11,-1.780674863568493e-11,0.03739313047612589,-0.20618664912297224,4.6995217807655665e-11,3.263458700422693e-07,-0.03722773317686564,0.02425435774302034,-0.010188157408342538,0.0018647726021466685,0.003842299683466416,0.0002413395028394639,3.2893657293113544e-06,0.0012997556361944876,8.467139583074454e-07,4.470516240855403e-05,0.04086087565999563,0.08761877925817732,-0.008746879800289709,0.14302196655949542,0.046441805735017404,0.21818415109200961,0.0009711843998639868,0.14769799670755449,0.014945985695138138,6.346995537804775e-06,-3.786293520833267e-05,-0.001724204163573383,0.02564418991173448,-0.0005735371665418535,-0.0043437039433414214,0.0002592657926595084,-0.10971657620474391,-0.0206483826101963,-0.006454049866486164,0.008571978938913115,0.11709394567429776,-0.02342684065163043,0.03790254365615623,-0.028451827939009428,0.017489060984266388,0.06742615001333274,-0.09398277943646442,-0.028033261864424314,3.110512471644691e-15,0.03415784508441587,0.04874489138333807,0.06989782642187048,0.056097755532182186,0.10548000370999128,0.0969015543500573,-0.16210891247775291,-0.06590988566658657,-0.0010770447668504756,-0.19778299631964902,0.09469051360289452,0.07323293679123083,-0.02069586013951758,-0.11341699909470786,-0.11510300577721622,-0.008568300024936137
64,-1.923840692968178e-26,4.065542093913657e-30,6.173466116640562e-13,2.7209638907808418e-28,-2.563904359182242e-12,1.401979861828628e-12,-0.15670387995007887,0.0091809600305086,1.8120252539022577e-14,-1.7485091390078876e-17,4.3017841882475986e-16,-0.039396388446693624,-0.6632722040274418,-2.947932863758546e-16,1.738598765458181e-12,5.135203858687396e-10,-1.3098321133971243e-05,-1.779499406595836e-10,-2.41538913498995e-10,-8.542084014994235e-12,-0.0196746333578502,-0.37548351746091485,2.291664336642242e-05,3.497330629625638e-09,-3.2229996656366387e-06,0.011302582796338166,-0.057789351083556595,4.796489927375812e-06,2.448230233196939e-14,5.9108453926139444e-06,-0.24937421789956188,-1.1519224548292886e-13,-0.014971084075990744,0.0497335104260542,1.2768790905346424e-11,-8.770784795534696e-12,0.014657669432774596,-0.14862952280704853,6.039500108659088e-11,3.640361866709209e-07,-0.027642724377200698,-0.048724687305650397,0.0012858220758303728,-0.006061332789253645,0.0015103109547291507,6.693675697018746e-07,1.2964151691392005e-05,5.621952575972427e-05,9.250316195231556e-07,-1.964811422688357e-05,0.024950954026257976,0.008063481411037486,-0.05724302439928686,0.005851488241898861,0.001827498287029834,-0.10638976328055963,-0.0008273980117252202,0.11637266671269438,-0.0537780232524052,3.064719304429e-05,-0.00027021217554573196,-0.004412746836917805,0.06400953159632161,-0.0013401369208667542,-0.010221466785344156,0.00031304524369850405,-0.11437849868545807,-0.019415265782811098,-0.03188477595764363,0.024736891988691154,-0.27873854974578666,0.043273229087584665,-0.09182411863119479,-0.018206247514537813,0.029045481999653514,0.015230021087710053,0.051954861487518746,-0.10457954545074521,5.922943950064961e-16,-0.04951483812737284,0.0436704943168505,0.07751121881929032,0.017852816465373456,0.06335325664668377,-0.15712238297046346,0.13427086066166521,-0.1125491573689349,0.20224419476855207,-0.043705869930116104,0.04415325406079745,0.0716007240864469,-0.030042278947090113,-0.05990747270339056,-0.1417238598621472,-0.0026580222400502257
65,-4.165555134492653e-28,4.6626265498217353e-33,1.3366969984804272e-14,6.0017836058308865e-30,-2.9609122480263057e-15,-1.214526487871204e-14,-0.09821218319328386,0.005978749148083369,8.391215668871164e-15,1.3351453570504922e-17,5.0564072154793916e-17,-0.0014376169054583507,-0.023319597643793953,-2.867480562732195e-17,-3.9013302402541756e-13,-5.874365419400812e-11,-5.598440770471646e-06,-5.631403497450652e-10,9.684217130906829e-11,-3.2519384814709244e-11,0.004561842023755857,0.08349740402733703,2.0037012111845327e-06,1.7898600391007735e-08,-2.9802059481814365e-05,0.1740997279577159,-0.5395988124728074,-7.79039101689692e-05,4.43504859244619e-13,-3.6433359773258717e-06,-0.15590522616876198,2.4407758066415496e-13,0.0068309755916886265,0.04845376875402169,-5.7686838525193515e-11,4.979338376426353e-11,-0.18372609912484839,0.46249363351728634,-3.350561156039832e-10,-2.0511554079172177e-06,0.1362451011613926,0.048428958994743816,0.00661369796082491,0.002537462074322383,-0.0038392024567633497,-0.0002606244143846462,-1.4180056382746413e-05,-0.0013291876731154279,-1.624477237366035e-06,-2.369540074454044e-05,0.14795282880863575,-0.09145725055130544,0.061009523806212926,-0.12250196825089184,-0.03964708958984963,0.09293619858728869,0.0005081721822472992,0.02493255198469445,-0.06918498500881673,2.8032497384659018e-05,-0.000246189969994117,-0.010397603320352177,0.14357482958539305,-0.003502587529657475,-0.026402863099230626,-0.00038163147628965686,0.28688610450575447,0.05281374557219476,0.034277007030346564,-0.03674879975563737,0.008287903434674853,0.004997547768880469,0.005451176859317293,0.07643095518998576,-0.07092709295222906,-0.16731116380914515,-0.05583423321055017,0.06278478987621686,-4.743906547309428e-15,-0.0036226549778495365,0.04074504358754703,0.04590345746656295,0.04574970054937778,-0.12198753346824029,0.006789352510815567,0.02210890902240349,0.17475107152578684,0.13012562951974677,-0.14899338717560628,0.036312295440228196,0.1451205990272887,-0.04869904918254043,-0.1033062549653047,-0.13733494311597144,0.032097558931677136
66,3.3705251305287014e-28,1.3532697539060425e-32,-1.081577527714423e-14,-4.8021073173708876e-30,-8.603752379419666e-15,-9.873920923142662e-15,0.07984069669601054,-0.004864750952607154,-4.700344599838445e-15,-1.499742833345241e-17,3.1253397882995653e-18,-0.0038501111849362606,-0.06260650727891043,-7.68288236420417e-18,-3.4523480444660125e-13,-1.1237375745603438e-10,5.69401765082e-06,4.92946692355503e-10,-5.509020613045499e-11,2.814686638125058e-11,0.004037268204709673,0.07458942440421426,1.5855459696176838e-06,-1.453073437335403e-08,2.5236572519728125e-05,-0.14689136202615916,0.4569304819766007,6.280706767867115e-05,-4.911167365021395e-14,1.6893516927870957e-05,-0.3426156577848901,4.3478422862244555e-13,-0.04168709033348125,0.10738832748753045,-4.532781505671747e-11,3.6752891965950536e-11,0.14428315646211326,0.3979238720673793,-4.3262398925783106e-10,-2.5143727580061296e-06,0.12296678258425198,0.1286942933938579,-0.02378168020750242,0.003018835083056833,0.007686621993680515,0.0003986744557009022,5.09966490195435e-06,0.002085348952495776,1.1414189333954873e-06,6.803448276193921e-05,0.16103172496679471,0.13534842415917303,-0.009012209035916157,0.19120992641321555,0.06206079320071777,0.29902994083833057,0.00135218621237962,0.19878219241014072,0.010710133009044777,1.038562137303738e-05,-7.131966590629507e-05,-0.0027155658519856154,0.03857425288656169,-0.0008595032156101998,-0.006493463341801386,0.0002806768251866167,-0.11284383495076604,-0.02121131158150827,-0.006417960760156177,0.008546226028295675,0.12310273053517334,-0.024573360066073593,0.03986538615459727,-0.02874208913882809,0.017341540338994745,0.06811306405102092,-0.09709185922068614,-0.028868404453002542,3.082910320983054e-15,0.03467391649620044,0.04987591184120706,0.07235954094266603,0.05694223484255099,0.10576059487560813,0.09713031264204702,-0.162133420838148,-0.06591285824161706,0.0024724296156200046,-0.20896527790712005,0.09956030851559573,0.07653006106274933,-0.021252032066539823,-0.11373458913032222,-0.11515845244684504,-0.008536161598282698
67,1.1238047158810553e-28,-2.3562273694063051e-32,-3.606209361307249e-15,-1.5878538938099743e-30,1.497579582351806e-14,-7.97353697260047e-15,0.026202205096711083,-0.0015910092341186845,-4.3523771689803425e-15,3.7830273928287316e-19,-7.140056820465545e-17,0.0068096193974492986,0.11075094412620717,4.63633136447792e-17,-2.782405375866105e-13,-8.252656535057145e-11,3.468688885467781e-06,1.447755381430691e-10,6.750493867293898e-11,8.514938888219508e-12,0.003425856606884903,0.06289062017659168,-8.882309150733099e-06,-5.38979117863109e-09,7.584387977000196e-06,-0.04363793817933784,0.13724003047996733,1.022598468129634e-05,-4.4115059099658926e-13,-1.6344096966306642e-05,0.6152523200643029,-2.044608024284723e-13,0.043066188028161104,-0.19331193898614416,-4.8147118180979506e-11,4.9414508250532404e-11,0.03878553252216682,0.37336401783827144,-2.6609783907101484e-10,-1.6279566621492119e-06,0.09862973314984598,-0.1916055294727897,2.5964460199919226e-05,-0.013718967694193703,0.0037260975454025433,2.7470177441014556e-06,2.3439613362887685e-05,0.00012004976774974272,1.3670028279774807e-06,-3.0291854003407486e-05,0.11318162274818261,0.0144356326117162,-0.08732549229670815,0.009154977358639097,0.002874947912137749,-0.12089275244804853,-0.001022998317263782,0.15892562943342411,-0.06868426306864346,3.7764276131813276e-05,-0.0003347930657153455,-0.005549300263190615,0.07893971658974137,-0.0016526616587753129,-0.012581895286409878,0.0003453892231406721,-0.12185195462622021,-0.02055403262147873,-0.03404356344922974,0.026291411841725593,-0.2990171605615333,0.04638657860503758,-0.09833398728301289,-0.018559539007207856,0.029912796931609628,0.014561951823866461,0.05268841484592717,-0.10812662250983611,6.451308114386574e-16,-0.05043101591969941,0.04464181168594823,0.07997310263257669,0.018266337716245945,0.0635739466716323,-0.1575772336086119,0.13429639987738437,-0.11260082258235425,0.213008694309978,-0.048358618160225526,0.04698825129324657,0.07439028656796606,-0.030614280325086084,-0.060115561539371684,-0.14177285735494033,-0.002617165235350686
68,-1.2950920335433669e-27,1.449522898073324e-32,4.155858184846501e-14,1.8646965573825154e-29,-9.205757384329185e-15,-3.782108172939844e-14,-0.46216414140038137,0.028678442751550993,6.505886158867228e-14,9.13834775768525e-17,2.516192561927709e-16,-0.006754507767824721,-0.10780803018461119,-1.3489918678077452e-16,-1.2686767201784934e-12,6.573048687881819e-10,-0.00017244428272587055,2.1379118092486033e-09,-6.218106496782014e-10,8.132284380322267e-11,0.021280591973634855,0.3826664537661984,3.5476134769597626e-05,-1.9772593369878526e-08,2.2860850275560787e-05,-0.07809962474139807,0.4096851604837846,-9.735610776193843e-05,1.4271076151174957e-14,-2.807102000500135e-06,0.11298629366685654,-1.932201119882864e-13,0.007112392898418587,-0.020751375462172823,2.845852840484775e-11,-2.322707395137579e-11,-0.04969163389707879,-0.3471207782381256,1.4465778987922142e-10,8.578368603833406e-07,-0.054566704669809576,0.00347090872841782,0.009239476434846123,0.0024652231467363933,-0.00426142849096023,-0.00023509292979791851,-1.2075486062092955e-05,-0.0012322113203139316,-1.4369168757720416e-06,-2.470127384385712e-05,0.0402672437167071,-0.0846614069283861,0.05082262659048738,-0.12020779041412721,-0.038934940022878034,0.0431412097480448,0.00028560627121196417,-0.013350385782987488,-0.06438679533246529,2.529529707172642e-05,-0.0002236747844863022,-0.009363764510872794,0.12985528898371526,-0.0031836269545014897,-0.024005252398107472,-0.0003583277534409105,0.26931280556095644,0.04974629759555497,0.03290180233554631,-0.03512713110090683,0.010835018127522779,0.004337582922612126,0.006136670708763315,0.07375980178855375,-0.06882215487369583,-0.16149782349725636,-0.05472128869099002,0.06199032439154802,-4.620864936603504e-15,-0.003503453721798682,0.040124430371467804,0.044680211492482115,0.04531285478329548,-0.12178020135858877,0.006805591389128226,0.022120233017618573,0.17472631472021852,0.1248199725327623,-0.14377506046760183,0.03465839625320324,0.1424014271881834,-0.04820203584435935,-0.10313002000643817,-0.13731347158023063,0.03184244792017343
69,1.0486182511237108e-27,4.210845057254664e-32,-3.36494135425705e-14,-1.4939028856146394e-29,-2.67742875551314e-14,-3.069901819434117e-14,0.383717251999815,-0.02384877130704873,-4.4189781477365584e-14,-1.1891460594772851e-17,7.28661054652057e-18,-0.01915911344708992,-0.30513619090029087,-1.1308703158549036e-16,-2.2182316910214877e-12,-1.3217907285977522e-09,0.00015372784647704963,-1.7888916187201417e-09,-3.5165948174515253e-10,-6.684387083184229e-11,0.021426074252649238,0.38439549515875565,0.00011624416543901872,1.4371743532933995e-08,-1.976177202164e-05,0.06991083102785513,-0.35453626022682266,-0.00019839975740587305,-1.5501220353956304e-13,-5.489644487321728e-06,0.2748168371194485,-1.3477559037751185e-13,0.013929493212767489,-0.0526624867128788,3.1263533804586466e-11,-2.650481899581611e-11,0.047481943642629344,-0.3423394134360567,7.890712623163946e-11,5.288415052346499e-07,-0.05603607239918765,0.027726571259704742,-0.010787942999772471,0.0020510321076351932,0.003988035187574208,0.0002454705599304289,3.1838264991047695e-06,0.001310986412972723,8.092929880350944e-07,4.444721434614077e-05,0.04784719065723662,0.08749665672137975,-0.007836003100581006,0.13398728123317358,0.04348981427593767,0.1940216653159629,0.0008897340683087576,0.11645651546851687,-0.0011907151586030163,1.212770424247295e-05,-9.38022097396955e-05,-0.0024814254345459307,0.034352133140777556,-0.0007490382635533016,-0.005656474032042292,0.0002913818405686112,-0.11957810704439606,-0.022313829464728135,-0.006763061246265359,0.009003530256584501,0.12407223326223069,-0.024763451194549237,0.04011380585487197,-0.02939524421284063,0.017876090178232055,0.0695484698963789,-0.09604376162151365,-0.028720725482580676,3.413066445354773e-15,0.034580506264529416,0.04938853213859408,0.07134154253027783,0.05658839983702435,0.10570725734012763,0.09708417095545811,-0.16213730075981028,-0.06591653555906501,-3.1652253894859486e-06,-0.20494369703093046,0.09791855524310283,0.07495210923185122,-0.02096901965722547,-0.11359011181689702,-0.11512336387264836,-0.008597801185335404
70,3.493955191227313e-28,-7.324910591454276e-32,-1.1211853611456817e-14,-4.931670897777967e-30,4.6560363121882175e-14,-2.477124498272344e-14,0.12288917839495667,-0.007606219906236462,-2.8322478995897574e-14,1.2263894825534996e-17,-3.2590761318420085e-16,0.03259998457788444,0.5203489498357349,1.8120283044882663e-16,-1.3721334916609628e-12,-5.973653550191359e-10,5.470719194111279e-05,-5.721195828488566e-10,1.9040330967894575e-09,-2.1716361415328423e-11,0.016368640311466436,0.29437371350970254,-0.00020344058723604808,8.031951583787063e-09,-5.66794210495455e-06,0.018014547073803983,-0.10141209548862351,-0.00012135464435158251,3.1049084925370324e-14,1.0406691675102991e-05,-0.46333792979547395,-2.0101395941425739e-13,-0.0262365248289739,0.08451158392831587,2.2118260529719773e-11,-1.5553008149625478e-11,0.02096962185192708,-0.27197987822852504,9.636431209970699e-11,5.832692442786237e-07,-0.04544532286163414,-0.0668239594301161,0.001895928053052112,-0.007367095795172751,0.0017021656395589564,-6.246857041785227e-06,1.4996090369517743e-05,3.0409376653864117e-05,1.01096757442111e-06,-2.336046812301411e-05,0.032528367329702636,0.0069620666165369546,-0.0641760822962768,0.0027190091122553306,0.0008023430226013547,-0.11900469143218224,-0.0009149657994414389,0.12011352165597594,-0.06024616268560892,3.337389268890134e-05,-0.00029559159928834166,-0.0048059691993305965,0.06903046478233543,-0.0014437512417968563,-0.011003079618402018,0.00032674848149143404,-0.11807521475902918,-0.020000818818372186,-0.03260764663655811,0.02529081738338957,-0.2843073343089263,0.04410034697685919,-0.09362068687605807,-0.018450382617663224,0.02939005693330906,0.015314232605728713,0.05204816520438246,-0.10578142114486572,7.098510889658167e-16,-0.04978062078270345,0.044027777756604845,0.0784006487137681,0.018018480103021567,0.06344586067968591,-0.15728088870925463,0.13430310179062946,-0.11257549817409955,0.205651346238686,-0.04568375653307191,0.045291256809725,0.07259534237431786,-0.03024434555263636,-0.05999067265069724,-0.14175774589150963,-0.002650081603436899
71,1.0175610237522122e-24,-1.145578197839453e-29,-3.265279972894971e-11,-1.4634202396627123e-26,7.219715365796919e-12,2.8030431807498188e-11,0.0031586361897612235,0.0581082712505072,5.307688116076756e-12,-1.77834295636869e-17,-1.9184125048478444e-17,-0.012798466965074567,0.0006917412159657818,-1.425171189103344e-16,-2.6556307359091254e-11,-6.934712540444382e-08,0.05291813714423807,-3.892299771208203e-08,3.660603240176845e-08,-1.0461478967657959e-09,0.0479124218449243,-0.002259386963206765,-0.011681372013647877,8.830443238179264e-08,-8.025274704553662e-06,-0.49698816266512985,-0.09465159953335359,0.04373772535363138,-1.6194223338438162e-12,3.168541610802848e-05,-0.01871521678162855,1.9161510013222055e-13,-0.06808069972611909,-0.12446508335840206,1.3393967191635875e-10,-1.4378327387964166e-10,-0.3912688410896309,0.056215161005042244,1.329624824290172e-09,8.01202722770044e-06,-0.42393211834074307,0.09782635381557807,-0.011894862444556535,-0.0031569820808394922,0.007203331776796579,0.0004184702582590594,2.791167724767176e-05,0.0023743175810975407,2.5287655333323114e-06,3.6250064733236716e-05,0.3236431883230333,0.1608880832631326,-0.10436492065964854,0.15709173969885182,0.05074515816932367,-0.13462335417500335,-0.000724986742577135,-0.05333419317967886,0.16419240871267968,-7.122979599194234e-05,0.000650644000506729,0.010750416614639664,-0.12989130551675646,0.0018621864825952286,0.012996032847951389,0.0005892732056106953,-0.16110344406104662,-0.02103644101354726,-0.00043099935400053857,0.0005566988327868161,0.0006613576775763955,-0.00031593351248283483,0.0022198762269026056,0.021829920735446907,-0.02191566296184883,-0.0486087369862691,-0.011938929356503064,0.05734043663729055,-4.179405858047476e-15,-0.004739442779991052,0.022916218804193932,0.007181691290732103,0.03304002674367049,-0.11912799832027239,0.006153325038457469,0.022239582192561242,0.1735682745523397,-0.05162702285431164,0.11017203944233775,-0.060866758981309,0.07370433004132583,-0.03641503558122093,-0.09723471802181659,-0.1345461288507035,0.027138307662927425
72,-8.232560519814683e-25,-3.334751754625736e-29,2.641769324037199e-11,1.1743941519141738e-26,2.1034200036907906e-11,2.5430260874038347e-11,-0.0025563713862400425,-0.04702305259637779,-4.255555120714256e-12,1.8876486164506196e-18,2.0349952842938222e-17,-0.037591667331513944,0.0020752384270131805,1.0506966042770817e-16,1.6981122050614413e-11,5.989688813031291e-08,-0.042833053015903906,2.9776946072087452e-08,5.5866272390158225e-08,8.034078205256474e-10,0.047077653501977484,-0.0023078599868409998,-0.0342324025185796,-2.7694999562145198e-08,6.141049035622062e-06,0.4007966085173204,0.07692615207481551,0.042843790625702184,9.044921910475196e-13,-5.840196538861891e-05,-0.06385752148542674,-9.282037266633206e-13,0.14280093627671803,-0.3042819034295436,1.0757889854131954e-10,-1.271228547202867e-10,0.315494547902954,0.06619990896597636,1.7903093238931527e-09,1.0308071549626567e-05,-0.3972776874563675,0.2633166416301668,0.07787816049181917,-0.008552264848823862,-0.02027307895778362,-0.0010038122782271392,-6.793008020099611e-06,-0.0042682289424684,-7.438557279545057e-07,-0.00011270744158344542,0.3102107037783647,-0.23754305666354517,-0.018859339163555516,-0.09792733693125448,-0.03144779260790008,-0.13683248134264614,-0.000958369187247517,0.037153091982765216,0.16282703958832323,-5.4218585360248156e-05,0.000533387008617757,0.009586967035215917,-0.10511306252704866,0.0027379524644814426,0.021166363434871528,-0.0006910735378543949,0.13817584979605324,0.01248488794861692,-0.011703126598286059,0.007426711190262867,-0.13029346256053997,0.018276770848576065,-0.03686065290584761,-0.013910036492431102,0.020168821892226386,0.03513046264878792,-0.02653485128079801,-0.003517660667652666,3.1614937899243685e-15,0.022335987674834926,0.027842396282202787,0.021209100245774704,0.04050639598761431,0.09882673321803982,0.0916308699528621,-0.16036366676129662,-0.06543376803256463,-0.11450353709659898,0.12149201358899298,-0.04230030702663724,0.01233396558032478,-0.01124757561781205,-0.10667264600524394,-0.1124974821294709,-0.008319856754842163
73,-2.74514060578676e-25,5.801393952563819e-29,8.808958328641589e-12,3.877192679633725e-27,-3.658489781838606e-11,2.0008267776896573e-11,-0.0008517741151111222,-0.015676630967471815,-1.552823211574123e-12,1.4030712413830805e-17,-1.4019382357351495e-17,0.0652556490672086,-0.00358276253387664,3.8203617006448064e-17,2.121549593603698e-11,2.2792058021792237e-08,-0.014272473132392039,9.35181053846075e-09,-1.0930236332013789e-07,2.8943345438169096e-10,0.03652867240697814,-0.0017439468463426211,0.05945333398685237,-7.550218265640426e-08,2.0724766442018798e-06,0.13466433600223335,0.025152830575313145,0.033276366531115625,2.4173255035486076e-12,2.1842062462128025e-05,0.10586483980207434,2.3227488466055203e-12,-0.06743615556435033,0.5617800840746711,1.0131009316165784e-10,-9.362278306142918e-11,0.10666111933550693,0.06050680948905073,9.974299096878166e-10,6.086758284708964e-06,-0.3252776970909167,-0.42999765317904876,-0.004526950787764554,0.05928700100145082,-0.012824609094977095,-3.335991656851708e-05,-7.985931453763697e-05,-0.00013043451954323744,-2.9824036408827728e-06,9.54806801101814e-05,0.24550875874401346,-0.02093432444331267,0.22323155552160312,0.025600006011691587,0.008499829979613736,0.1348456897870742,0.00147656670458411,-0.1975874466956079,0.11805679722442856,-4.446126925851992e-05,0.00042420517110021373,0.0074650277096990104,-0.08703067550238815,0.0020083056057991085,0.015248892231273846,-0.00031605178393486524,0.07138433567378359,0.016305548245242548,0.015698713587894063,-0.010307213376502982,0.17041189351931732,-0.02534342949926225,0.046851346026522064,-0.018156575279658946,0.022580885712337684,0.03763895881532346,0.04851297171164987,-0.050689718675635285,3.8040783771411613e-16,-0.037977370173831626,0.029313115356759185,0.04001438523752548,0.011392944581646565,0.060021747833359174,-0.15045269224230481,0.13302434441410502,-0.11158829935938168,-0.0013137042063631557,0.09864904805866873,-0.026495662908277737,0.028895720864368483,-0.021780061816132176,-0.05596734287580119,-0.1391360801464901,-0.0031969314941522322
74,-1.4115328520435526e-27,1.5799203137889432e-32,4.52950847187972e-14,2.035072858981517e-29,-1.003306432186028e-14,-4.1159289448932045e-14,-0.00016030235575667824,-0.003098093269777895,-7.926324934233771e-13,8.89535628266226e-19,1.0932862178441122e-18,0.0006815931586085329,-3.4529583639381196e-05,1.3220948220785987e-15,-9.616613564195342e-12,-4.18457112812692e-07,-0.557432426311012,-1.8544326729969013e-09,1.2105649452387144e-07,-2.8319389566931163e-11,-0.002561611305176998,0.00013044894579419532,0.12297904267980407,-6.371601851132958e-10,-1.2760772928138408e-06,0.01665067529222898,0.0018056896745082588,-0.4594502608541788,2.0662851687629137e-13,-3.321973981898839e-06,0.00019879034199931313,2.2272618463713123e-15,0.007490497011360553,0.005316429124349339,-5.429581540254888e-12,6.010998740886192e-12,0.04637700559375905,0.0004548723908787203,-1.8102201900477066e-11,-1.4018880289871245e-07,0.015761308281145057,-0.010640192419758878,0.011491918714437489,0.0035048700105953304,-0.005869182414809459,-0.0003091261168976547,-1.7773741761741786e-05,-0.001694538494199437,-2.130795096631295e-06,-3.237513661252513e-05,-0.03943917937048435,-0.11832827078085054,0.07771910543947713,-0.16805447848567714,-0.05440306650929594,0.13765935450338132,0.0007000053414224647,0.06959898396189536,-0.035788751949224,-5.7552638608478245e-06,2.9588033628652782e-05,-0.010189320247751729,0.1290718105846958,-0.005493058732291587,-0.04391904094654192,0.002030040837754144,-0.4124350984654681,-0.054416570312989354,-0.007418985940130641,0.003959299525717477,0.009426844699369113,-0.00620040804824517,0.008882947324158352,0.027002070816353658,-0.021788727221717603,-0.05883612682366636,-0.014983916580052653,0.07583754083933238,-4.501585209219069e-15,-0.0060185700953462465,0.02957667308777943,0.014903723414574304,0.03844972673361129,-0.12165381533280313,0.006077653688476381,0.022464692660084554,0.17435824428804275,-0.1351268179025101,0.24259729440122882,-0.11674090529300844,0.09659116599884986,-0.042172758504919625,-0.09991047075434577,-0.13528454438174514,0.03006848610626286
75,1.142135502643616e-27,4.585690890622384e-32,-3.665031547949411e-14,-1.6253875570355162e-29,-2.915493947235569e-14,-3.345731317422687e-14,0.00012974395051328357,0.002507333145491442,6.376586402240354e-13,-1.0182303620082963e-18,-1.4267128647127474e-18,0.0020050573370133757,-0.00010585220566762776,-1.0720698727103568e-15,9.085309700786892e-12,3.3866530049920093e-07,0.45124082819833966,1.6996497389970295e-09,3.515422197778431e-07,2.3791587521542512e-11,-0.002504014725013784,0.00010534295521391043,0.3604984246387331,1.3672552229344202e-09,-1.5100231975714096e-06,-0.013700165400430474,-0.0013726194328101966,-0.45103666888983873,-8.70244034654777e-14,3.05973760047887e-06,0.0012677420997787158,1.2685082514515816e-13,-0.007344303222554945,0.009909417891713963,-9.414403348825867e-13,2.87554073811661e-12,-0.037497243582210175,-0.0016955818397302097,-1.2301569922559993e-10,-6.651539315137065e-07,0.011821772309010683,-0.030233715667311385,-0.01813351117339745,0.0027391683515968534,0.006093057449290325,0.00037537039704030046,4.898707145661047e-06,0.0018843680944105635,1.0224423751382098e-06,5.901951264974541e-05,-0.03542414206026563,0.1215071465592618,-0.011063275603556192,0.13863474297124662,0.04485774953227456,0.05612475290039632,0.0005323104954931666,-0.15340399175128222,-0.17793625421454404,0.00010685321047497718,-0.0009340662958192989,-0.01489576583156845,0.20824604938887106,-0.0028333481553036903,-0.01932716274655215,-0.0009865097954223903,0.21874913502158663,0.008636580153401071,-0.031202911791126338,0.018944959975290637,-0.2435560934306373,0.029168231077288834,-0.06451350551663793,-0.023467289094698297,0.0348848079323413,0.05815416949428518,-0.033694289100373226,0.0025003105918978237,2.910802684251407e-15,0.024971191460476314,0.03464428772204678,0.030264372140820256,0.046291575080604615,0.10068427982642207,0.09318690491164547,-0.1600925647014472,-0.06517929950177767,-0.2193463497068732,0.2538237169800646,-0.09230303603160765,0.025847927939451662,-0.01496753909417995,-0.10906545802785962,-0.11280531153430663,-0.008026321214429628
76,3.8080993514960564e-28,-7.984239249739559e-32,-1.221991983162033e-14,-5.3799035986219124e-30,5.0746957973149904e-14,-2.70191769848621e-14,4.323274386006635e-05,0.0008357662332591916,2.2084565837993737e-13,-5.687872252087023e-19,8.641251841563528e-19,-0.0034791013571906656,0.00018175713262293336,-3.5542385424197016e-16,5.171134791018854e-13,1.1257650209476836e-07,0.15033787471123747,5.683132535801388e-10,-6.127376455865698e-07,1.2889659080365773e-11,-0.0019470696544078557,8.088271195984759e-05,-0.6259974334974135,-3.2437682995056766e-09,-1.1165971965902333e-06,-0.0045942522525739705,-0.0004529546157184947,-0.3500274548594757,-1.1543232051911446e-13,-2.969303530964868e-07,-0.001971599298431196,-1.8122800388837584e-13,0.0012356567683939118,-0.01940555378912325,-3.082016726889491e-12,1.9132859331077403e-12,-0.012582214464134095,-0.0019890789947197385,-3.3951395658266836e-11,-2.1687375854836819e-07,0.011514783806993839,0.05171505816906915,0.0016005381488579217,-0.01210845068835599,0.003002094440214688,2.002968052692682e-05,2.3711651022576618e-05,0.00015015137153255264,1.6087631020102054e-06,-3.305664351684691e-05,-0.029022073779295672,0.01679127972835654,-0.09920896205215092,0.014493238889073334,0.0045883724869284735,-0.17158684922963677,-0.0013662529271050137,0.2104517069331965,-0.08905055649186906,5.560349422283328e-05,-0.0004804315773171982,-0.0072703162213624455,0.11189403371971282,-0.0017524063352668418,-0.012786570392644863,-0.00036070039496913773,0.14050354902473985,0.04032911001524311,0.0356658410296475,-0.025058492569165217,0.4023880602930841,-0.061201598764170216,0.11040847284736129,-0.033856011379481785,0.04067582723068205,0.06851128875181373,0.06140356837942692,-0.06548103121737359,4.502031120014872e-16,-0.045290857798368236,0.03578878802451809,0.05264927626177741,0.014263740103071429,0.06161766684285639,-0.154353850118015,0.13341306029903324,-0.11181283617491526,-0.04162707097888623,0.20484907845390643,-0.06229970212162773,0.04279920976049013,-0.02593911676131235,-0.05777301492863095,-0.13973872301449738,-0.002873586780694776
77,1.3428195972080546e-29,-1.4957288158289967e-34,-4.309013754185489e-16,-1.9316447907056758e-31,9.569857963375192e-17,4.432241672997497e-16,4.834361300793079e-05,0.0009712613299848586,4.642713175539159e-13,-2.796599170133612e-19,-4.2786992538862736e-20,-0.00021339789909748176,1.0204338992134454e-05,-1.2208694209192685e-15,1.0981018443792751e-11,3.9396760508747317e-07,0.514835769216887,5.836413032530787e-09,-1.1532705000568859e-07,1.5098829131769545e-10,0.0008084767351729613,-5.144164184188771e-05,-0.11359460572502238,-1.2292148058339761e-08,2.513005994447039e-06,0.07847238381574788,0.014212877106257155,0.42428457120534585,3.5446170210215837e-13,-6.345393253805449e-06,0.002750516629229127,-2.9443442166199794e-14,0.01387151877545317,0.020316921037218882,-2.2236287243912622e-11,2.3870832308768266e-11,0.08812157393152577,-0.007311716399867955,-1.805232194123253e-10,-1.1191969202628808e-06,0.06815114576962743,-0.021280767850230385,0.012893457150777443,0.0038454169225956973,-0.006781166342000043,-0.0003638233844972824,-2.1263104752373137e-05,-0.0020082206343206396,-2.495530185377343e-06,-3.770985638484532e-05,-0.07402876085709213,-0.1400337907226603,0.09198110489322851,-0.19352175727499119,-0.06263889038350473,0.15911460991069645,0.0008121555012163945,0.07932360421296175,-0.05196401662009528,-4.324884742823689e-07,-2.0945025976208672e-05,-0.011820873733855309,0.14918019247765332,-0.006057188852169864,-0.048279369045112486,0.0021377942853872942,-0.43111651712888177,-0.05689849556406452,-0.007943095076230894,0.004213439552311738,0.010114318241955104,-0.006647491857252704,0.009389705087891923,0.027368405836921655,-0.021759790278271227,-0.05955724898834187,-0.015203216631126419,0.0771848803142418,-4.536907417269201e-15,-0.006113874708957605,0.03006836780700394,0.015479043485223574,0.03884686911582732,-0.12181244367195639,0.006065886062016727,0.022477242118761075,0.17438390078965524,-0.14134366447144792,0.2524418597409237,-0.12088438805919803,0.0982700027690952,-0.04259359083545566,-0.10010964983902564,-0.13534639815701624,0.030278872634604
78,-1.0865998188047318e-29,-4.323456766019968e-34,3.486822484049706e-16,1.5468791675732986e-31,2.7707046192835826e-16,2.7715808251937536e-16,-3.912665243937399e-05,-0.0007860503578876114,-3.741659967117776e-13,-2.6720302428782992e-20,4.3856268144421e-19,-0.0006288472724614495,3.21069716865354e-05,9.893798473700337e-16,-9.760807787634947e-12,-3.1890314882586153e-07,-0.41672126205942583,-4.83481719912571e-09,-3.30345747990572e-07,-1.202616900101243e-10,0.0007801977636277514,-2.2681123707984213e-05,-0.33293507521722426,4.560027172120466e-09,3.5718443689628174e-07,-0.06316321690281315,-0.011624246747476355,0.4164402814369249,-2.0456050030322998e-13,1.0245301722763525e-05,0.009687867335467528,2.1636164861389356e-13,-0.02491066691139135,0.04758555283649751,-1.4911871234628664e-11,1.892842122559185e-11,-0.0711490787481416,-0.010469464326023657,-3.340380239868642e-10,-1.88588935798958e-06,0.06125034972545296,-0.058529274097883645,-0.02668556546879578,0.0035640608903107916,0.008387751222430453,0.0004910803008159765,5.921004519729464e-06,0.0023915149944420864,1.158600289661112e-06,7.287491889979873e-05,-0.06850290853400229,0.1507257178457105,-0.010268815406965824,0.15675939745786133,0.05070219945706513,0.07171556790447929,0.0006514184937455352,-0.16768581845360747,-0.20471477189768972,0.00011933963217407119,-0.0010480920705577923,-0.01679235491925183,0.2324126393175966,-0.003264888271382485,-0.022466792144571587,-0.0010074797652833514,0.2246244134596916,0.008332264407449785,-0.032654772717594004,0.019801162559328463,-0.2518958584067033,0.02996140857605105,-0.06654343851970014,-0.024179567981310015,0.03598083725189387,0.059867483595799444,-0.03421530118541783,0.0029433476409577463,2.886753401325706e-15,0.025159835039140207,0.03514837817314849,0.030937442240071614,0.04671867128694695,0.10082413417424264,0.09328898857464946,-0.16006448080409455,-0.06516712874040721,-0.2271369561486793,0.2636774353280948,-0.09602549289685042,0.02685242082374227,-0.015244413629351541,-0.10925145310496846,-0.11284807844913484,-0.008004043083409544
79,-3.622631794937506e-30,7.536044360046646e-34,1.1624770948034723e-16,5.107246424158747e-32,-4.827467065751091e-16,2.413137825414238e-16,-1.303798387732741e-05,-0.0002619899686799146,-1.2765697926679488e-13,2.7699978103734725e-19,-1.722903029569774e-19,0.0010906178496953567,-5.4775527670628834e-05,3.2818995222669186e-16,-1.7203565749639409e-12,-1.0612523613958628e-07,-0.13883831767925953,-1.5833920981415174e-09,5.773863996108385e-07,-4.675618259585607e-11,0.0006094016452488999,-1.9704990877829745e-05,0.5781259375169554,1.2121001265742732e-08,6.826940982264506e-07,-0.021171813543698438,-0.0038200517278666945,0.32316094363754677,-4.1613742112308087e-13,-2.9813918607596243e-06,-0.01592418599313775,-4.4418893977041625e-13,0.009559566202887046,-0.08896546634140073,-1.5826622257684817e-11,1.3831638527506275e-11,-0.023971639219958412,-0.00979809764490184,-1.562003291756652e-10,-9.615831910544699e-07,0.051682183961606586,0.09743654999225909,0.0019256708864739721,-0.018444741901324745,0.0044188821497105285,2.5567681905359687e-05,3.2503027324399684e-05,0.00017511434789705703,1.9787929695263003e-06,-4.366381733029675e-05,-0.05522399830219109,0.01990576706252051,-0.125519320932623,0.013282098517635389,0.004170911821176162,-0.1951913870340649,-0.0015883271412181902,0.24230738141413943,-0.10548172836048153,6.341984129284864e-05,-0.0005512928260204307,-0.008421080707616537,0.12732931434125525,-0.0020448926315571048,-0.014967248078209415,-0.0003633358767894428,0.145587847432128,0.04211009854426765,0.03714389303662429,-0.026152756479501448,0.419614341139889,-0.0638674100190637,0.11512924775315006,-0.03502061651624326,0.0420186047379507,0.07080139153984438,0.062345005598500175,-0.06656115595436653,3.1538319791608713e-16,-0.04582432324501781,0.03626767902800979,0.05358079876044582,0.014479818172604667,0.06173595213327622,-0.1546285594184471,0.13342768980165834,-0.1118250483182454,-0.044664117776874006,0.21276136469782028,-0.06497173132906936,0.04382959540359234,-0.026246879132119892,-0.05791848689535152,-0.13979787416861675,-0.002848879249938794
80,-1.6765663713348112e-14,1.9719804753800823e-19,0.5379971131414254,2.4173656723521276e-16,-0.11862107129390012,-0.44368448899151564,9.926373846604204e-06,0.00017575631776582803,-1.1901278729826546e-08,2.986248224475845e-17,1.0002575389455746e-16,-4.1041148101277155e-05,2.318887247719809e-06,7.968870774712737e-18,2.998230238061061e-08,0.00013300392967017507,-1.7011173315141383e-05,9.153032307893237e-06,-4.395691588080926e-05,1.3204691015181896e-07,0.00019417105264758948,-9.69364954836505e-06,4.39116821595029e-06,-4.640949198774824e-06,0.00030145829746932066,0.009061823697050006,0.001329082038251259,-3.5261487813948923e-05,1.644242998250733e-11,6.0833908999469654e-05,0.0012925992159871717,1.0122377134740235e-11,-0.07464290401298432,-0.014637076574733949,6.568006561122253e-10,-4.3476903290502973e-10,-9.35166250627338e-05,0.0014449280313787473,-8.280428855030858e-09,-4.647568524008009e-05,-0.009266287982749236,0.00025524978828457307,-0.22135429519193342,-0.17011450125805652,-0.31999396416776327,0.0008776093803748495,0.00014954655815083807,0.0013454635568540384,-3.307135154632122e-06,-0.0001509196534538426,-8.396913333525903e-05,-0.014828286728496875,-0.0006649897002569689,-0.04774055254348565,-0.014468348860274736,0.013523480899840224,0.00034444320728203566,-0.011981928077526805,0.1557587512371273,6.29749625025975e-05,-0.00035830467748863815,-0.01627958669891312,0.19133436625735153,-0.00166163057154453,-0.010049532088725012,-0.0009355709247325995,0.04029646786835345,-0.01242630565071534,-0.03581380595572369,0.04159856768302346,-0.005927573584074314,-0.002047372684262835,-0.012094646440177083,-0.11562836005966623,0.09318687374929213,0.24870417957571447,0.09116701913581275,-0.09033851027838663,-2.8728987899833436e-15,0.0027974245176785395,-0.06520114598175523,-0.1112195098004678,-0.03989397334911215,-0.09150044040426486,0.006178629604301131,0.019991784039689584,0.17551547735757417,0.0006529523044961753,-0.07117055233693026,0.05702435746626886,-0.229420595560335,0.03835920482220313,-0.06672984743900506,-0.1374624800348198,-0.009893604399253292
81,1.3568037912087297e-14,5.7835082308131235e-19,-0.43538778483417717,-1.9339999633876867e-16,-0.3479781152989239,-0.4356192039160601,-7.79428676079234e-06,-0.00013785000617158258,9.730449290502864e-09,3.37344977972667e-18,1.3058442214738925e-17,-0.00010729843098406372,6.151391132683606e-06,9.304677690026717e-17,-4.768102083162864e-09,-0.00010905495362035308,1.2848924290109717e-05,-8.021333165407324e-06,-0.00012592582225575238,-1.3779994540317528e-07,0.00011978667029675335,-5.991509543920897e-06,9.52624204390758e-06,-7.2251033229577525e-06,0.0002982928484364728,-0.005416579629351205,-0.0008447258802650003,-4.278303555037886e-06,-1.8205017459158662e-11,-2.950897706360046e-06,8.478026585694102e-05,-2.706460051675519e-11,0.03087520361920188,0.009794766094727327,-6.128480316084894e-10,3.8071798414948904e-10,2.5444744963027304e-05,-0.0016587868162738877,7.494218962308994e-09,3.971799491964937e-05,0.013792791390671681,-0.0004237031337527909,0.3750116146765096,-0.0524823699394043,-0.2033771018522559,-0.0010306654414829377,1.8017492470939852e-05,-0.0013621100904749996,7.183154168425745e-08,4.1750839325841134e-05,0.0017985850312821972,0.06497381072917499,0.0038822025120132924,0.06114171052521763,0.019148557947094823,0.0106112522029121,0.0007628825484525385,-0.04493994226789606,-0.011521656211237925,-5.0264365455267867e-05,0.0003798010140823333,-0.010084445664157362,0.060955094340142874,-0.00500080622894006,-0.04146715025639803,0.0017061979820879609,-0.0676699002915544,0.04759710608336854,0.06775591845551349,-0.05620608475877634,0.06347780663686428,0.01692225148245588,-0.0022166199491710655,0.08337565636189208,-0.06467148725775122,-0.19400804393172436,0.17410064291759084,0.019900716621336707,2.506853722855037e-15,-0.030202998526145938,-0.07362142245718771,-0.1448420974256839,-0.04554841708410295,0.06659637127521065,0.06621313101296072,-0.16660430546208593,-0.06639470778325725,0.23969992030034315,0.07381469526373997,-0.060169394033187815,-0.20262544568733065,0.04019762930419085,-0.07564894054285466,-0.11669885714697464,-0.008829797956438876
82,4.52216986422821e-15,-1.0042291738865497e-18,-0.14511291550055366,-6.386937168735211e-17,0.6042548354291057,-0.3379574998900641,-2.6267758759508998e-06,-4.651186530961196e-05,3.1929896571917627e-09,4.0476366636382735e-17,6.932471894193199e-17,0.0001892223269728765,-1.0809577244448399e-05,-9.416707292194328e-17,-3.3109522487946594e-08,-3.5494156272761166e-05,4.407699817751122e-06,-1.788991417871514e-06,0.00021715557406218772,-5.861192269744449e-08,9.743459167099451e-05,-4.876637178077022e-06,-1.7350022059367633e-05,1.6535354983030116e-05,0.00023080021136757912,-0.002132140022589201,-0.000316563100303462,-5.620029047599502e-06,-6.744647834063677e-12,1.3303626075498105e-05,-0.0011586915529154611,3.3407532624242617e-11,0.016713815530547967,-0.001978209378648922,-1.9046278806408027e-10,2.1381752200592563e-11,5.20995480624361e-06,-0.0010699635073042105,1.9646407380038378e-09,1.2412586787491529e-05,0.0075790908320165044,-0.00012389805605832836,-0.04109079761590937,0.39904231503244797,-0.16384543076822355,-5.241470022982606e-06,-0.00022287587186430502,-9.54947645793268e-05,1.518711712586936e-06,2.9492159289005107e-05,-0.0001275150971865716,-0.004772315345245931,-0.013756856342499688,0.026185484467142896,0.008261322911041777,-0.07057602656415296,-0.0015821614913054589,0.06497561497745839,-0.0010442731228575443,-2.4265687661872763e-05,0.00017495406527795777,-0.00902658283083321,0.044902421044415414,-0.002625198692338005,-0.020358825946105896,0.0005155767675667366,-0.01485293508712122,-0.029324328479993934,0.00968437489286939,-0.013429792709424876,-0.052722299320224444,0.0049986676391792694,0.019781014345691506,0.07772481410032898,-0.09930080660475527,-0.10839676983656682,-0.07111393243166868,0.18969281704590601,8.481446464596502e-16,0.05124466037733452,-0.05583303832553487,-0.1361937020168721,-0.02711805050965737,0.04076304236597435,-0.10568508318113774,0.13675504103714323,-0.11587169037308598,-0.2706710371146905,-0.18439061193712591,0.013661049682972479,-0.15961008656645306,0.032193417293902606,-0.03490398390056598,-0.142621524420195,-0.006706369866522189
83,-3.1448631755433806e-19,5.0222519835308355e-24,1.0091630337404747e-05,4.558972302802222e-21,-3.0922079997750797e-06,-1.9526071965699227e-05,-4.254458664784715e-09,-7.782373537640706e-08,9.356257346146227e-12,-1.4908771478954382e-19,-1.506112940354851e-20,2.5341889505885915e-08,-1.3860555703085028e-09,3.222815755455636e-20,-3.361937222803418e-11,-1.3628866065508244e-07,1.598701814929497e-08,-1.4496646890937822e-08,6.262331197980983e-08,-2.3274928040169015e-10,-2.072009211781697e-07,9.975941317221117e-09,-5.762025476580345e-09,1.0260956039521637e-08,-7.375028808593398e-07,-2.4048704701425222e-05,-3.1358596699826785e-06,8.111264698133684e-08,-7.144659861639567e-14,-2.233940007778478e-07,-4.339273687144182e-06,-6.010281285328454e-14,0.00027345555574443753,5.593231405401882e-05,-4.408589626447524e-12,2.9821231154572175e-12,4.3102899343893005e-07,-8.8154247069224e-06,6.33254807721516e-11,3.5286322561574753e-07,6.662278288574802e-05,-1.7903115325886607e-06,0.002422477023904837,0.001870784043925548,0.00371392571020811,-1.3114306084589295e-05,-2.172919225509329e-06,-2.220936939907559e-05,8.58650046706259e-08,3.017774096653901e-06,2.5995091055514673e-06,0.0003591846037877898,8.30103061256954e-06,0.09663996054104959,-0.2971712120465079,0.0003737384720608649,-0.05482596769510872,0.00020912658315136288,-0.00784213974210274,-2.555413232858339e-06,9.907812085761342e-06,0.4355183806022949,0.02143172042448882,-0.0006804650395068252,-0.005385218146684802,0.0002426039544830575,-0.01273593625805428,0.005061505817935165,-0.3020499488362146,-0.6511168746984497,-0.0833807501212902,0.023723927743276196,0.2437903016419993,-0.028843888234204598,0.020030241828898974,0.05140092439352432,-0.002147943740501891,-0.016998668444886306,-2.5842532066271785e-16,-0.0027853426571096125,0.042331451307225036,0.01960391757772099,-0.03745861007027482,-0.0045255677358246186,-0.0011757397388821006,0.00028806676943045296,0.009953583448970545,0.007019856066055669,0.002781069313935631,0.005655925205795894,0.026457859526622766,0.29862968531849865,-0.012189637736062072,-0.023227457025133617,0.16803592736820655
84,2.545040899743459e-19,1.4728985798537334e-23,-8.166845570847808e-06,-3.594685711988303e-21,-9.071288695765498e-06,-1.9170548517495003e-05,3.3517193531121623e-09,6.12421021434617e-08,-7.655541207358367e-12,1.2394639831972706e-19,-5.6917914646145784e-21,6.619754735967456e-08,-3.6748087870759416e-09,-5.946582150569487e-20,5.2062833041530935e-12,1.1183383117351644e-07,-1.2121990949633144e-08,1.2714125711511486e-08,1.7974913768532853e-07,2.4446361128077834e-10,-1.2466764954444328e-07,6.010009959763332e-09,-1.247308423864817e-08,1.5962874293661702e-08,-7.298984188007149e-07,1.4532331669953679e-05,2.0105314808916224e-06,8.569260299178197e-09,7.857964055745934e-14,1.1689970645607986e-08,-2.1135232378655636e-07,1.542272986270791e-13,-0.00011625292202388949,-3.780149146898564e-05,4.092946643392442e-12,-2.6033328013509087e-12,-1.241890099492435e-07,9.958858457592427e-06,-5.705298338960083e-11,-3.010969549233295e-07,-9.589286546218924e-05,2.8625239842856715e-06,-0.0038713676516638268,0.00043315688201857084,0.00222749421844995,1.4685330780453092e-05,-5.734634977860707e-08,2.156402259627156e-05,-1.9246940668543217e-08,-1.1501516062554408e-06,-2.3329471154363753e-05,-0.001099758401614132,-8.10444061136413e-05,-0.07906972517496183,0.24136561463384115,0.0007604033837190945,-0.1623218819899296,0.0008835004459257033,-0.0019128255582101595,3.111942930683181e-06,-2.4403922562806877e-05,0.44295190661159606,0.033001029823744046,-0.0003884735597900644,-0.0025611573066022554,-0.00015460483437219931,0.010241041471292974,-0.011008268237940056,0.21563325676625586,0.4909557270495911,-0.12616685104809064,0.06427084805360814,0.5262732631496422,0.00976756115145215,-0.00285418166104666,-0.029173366488252455,0.006159097483056154,-0.007380082956023001,4.7400108312239257e-17,-0.0055586677474246775,0.04192625992944401,0.01711080177141045,-0.03800804199648111,0.004827547372537326,0.0027583387916571664,-0.010919019554108433,-0.0035366820770988032,0.04218833061788035,0.021769079626771357,-0.007994881864435331,0.028679125775110368,0.3000238758913138,-0.012807507839068094,-0.022005779876746838,0.16882365425703014
85,8.482695742098271e-20,-2.5578480573216593e-23,-2.722033527097681e-06,-1.1755223288001321e-21,1.575291357639815e-05,-1.487433393822594e-05,1.1309349864150431e-09,2.0687956707666622e-08,-2.512904970169886e-12,5.127029594389899e-20,2.1766617251474825e-20,-1.1700681296818038e-07,6.471531068999205e-09,4.434673939423479e-20,3.737779872230257e-11,3.641322518674738e-08,-4.163280245083528e-09,2.8358755290483672e-09,-3.104884042110784e-07,1.0435361280303861e-10,-1.0217524424917228e-07,4.929097039377564e-09,2.2811808906170717e-08,-3.674288892929709e-08,-5.672621202902723e-07,5.712222245304826e-06,7.533537356477801e-07,1.2324226820355303e-08,2.9189553281749465e-14,-4.9371086892982016e-08,3.874414378950598e-06,-1.88677083791285e-13,-6.205703207847018e-05,7.051989877403048e-06,1.2809417011571893e-12,-1.7248214524605435e-13,-2.6627934518060876e-08,6.34736657843279e-06,-1.5202334089903084e-11,-9.478812684138276e-08,-5.2264363331776516e-05,8.444433807282559e-07,0.00034746364259207005,-0.004205660567028166,0.001879022939806943,5.160417871654752e-07,3.0483423000187718e-06,2.238585406765031e-06,-3.851494019832705e-08,-6.45361389086968e-07,1.3288860414019281e-06,5.0426367937543864e-05,0.00028256049016657845,-0.02667765811837529,0.08091249607510427,2.2560437480843865e-06,0.28841889616686267,-0.0013319927340302198,-0.00232464416084216,1.8410352483326023e-06,-1.526610646748658e-05,0.4807670930093554,0.03746610807330486,-0.0006807763118834543,-0.005081835330159159,2.5649722201576694e-05,-0.00041627402837859,0.005604944819308372,0.07204412341111555,0.12881847656011758,0.18781432424131614,-0.07893045991772646,-0.6920240362156643,0.01673049948977007,-0.01440591960334258,-0.019009855288642775,-0.021122465750184144,0.015963746705147726,-1.9181680592216414e-16,0.001675290015443178,0.045071646905883486,0.019358663305189174,-0.03743287443930963,0.003556311952092211,-0.00912105073537962,0.008918571992196266,-0.00765452863611203,-0.044142011573134354,-0.016437165640557725,0.0018810434979474027,0.03555228412209806,0.30780983215705376,-0.01007245486109194,-0.023698990337747965,0.17393258072288223
86,-7.707669660720339e-18,-8.536818431558274e-18,1.1696155232170307e-11,-1.6816710796237453e-17,1.810782733764014e-11,6.50361795375252e-11,4.733701076812764e-12,9.33826102884579e-11,-4.4022257464605413e-07,2.9107508001207798e-15,-2.0449781336860475e-16,1.384185978341149e-10,-7.151153299326417e-12,-1.2937684827371925e-15,-5.0722270959321315e-08,0.0036179313039643077,-2.6028588974167847e-09,0.0001609286445457227,0.004014867384648966,2.799134951135582e-06,-1.1930466098613649e-09,6.185803298778682e-11,-3.772149004716998e-09,0.00013520160620192714,-0.008525214105558615,2.155309450895684e-07,5.012357376267077e-07,2.522624247120063e-08,1.0694065391150232e-10,-0.0002605688245069638,3.64088370373968e-08,7.913219755825212e-11,-4.006701954851928e-06,-1.0514491553685746e-06,1.200184709433624e-09,-5.827060629045778e-10,-9.411515745266177e-09,6.098623585303762e-07,-9.065137130656104e-09,-4.710782857521223e-05,-8.201925259834462e-06,2.2776186801834099e-07,-0.001018509516840969,7.174327406473837e-06,0.00013109718099528063,-0.0013975077524686179,1.9219033742667304e-05,-0.0033796626098236706,-1.7582213344334844e-06,-1.622176669098018e-05,-1.144460391340071e-05,-0.0014824794066842083,-0.0006160611908357159,0.0025648795038683563,0.0007959675879555945,0.000368440978234552,2.457918334189427e-05,-0.0018169099178953906,-0.004582095158218892,-0.0002026900008534403,0.0014939459345057323,-0.00013715435463590689,-0.017267517248046847,-0.011562142720348391,-0.10056115584094508,0.005487039112248798,-0.04578958428388689,0.2764773501413397,0.3880769048278893,-0.1562722361091774,-0.03836056167341127,0.24541619289402497,-0.023784894880883662,-0.012036754473560552,0.1335541262155432,0.22512690899139806,0.14043545264289634,0.2877879531009498,-5.017834583062961e-15,-0.2916277571262789,-0.3159482851645926,0.03520139692289471,-0.32284494239084754,-0.09824484604034199,-0.07286122273926192,-0.1637421129909841,-0.06406659908360575,-0.10131697419256566,-0.022010056751086415,0.1868347887920892,0.3121653130160373,0.003252574759370206,0.09327713576922855,-0.10280897799393642,-0.06031238381330088
87,2.8715506378451605e-17,-1.791572311802497e-18,-0.000660563691402794,-8.44342809831979e-18,0.00020260401402134049,0.001281956205073823,-3.102892786238444e-07,-5.66570739487866e-06,4.859985517241204e-07,-3.4834810168931366e-15,-3.219787864021645e-16,1.8652336957450422e-06,-1.0217974399337761e-07,3.6945826364335696e-16,-8.305892216718107e-07,-0.004049978015884171,1.1501926864503288e-06,-0.00017236529647562363,0.0009510548056657164,-2.185123421377689e-06,-1.545418556194089e-05,7.442783164270174e-07,-4.24912036189583e-07,6.043113078602317e-05,-0.00374276729147082,-0.0018634780696605985,-0.00023880847567426763,6.244626837667783e-06,-1.1238064006021284e-10,-0.00022834148727813,-0.000352158282238525,-4.4895071975627265e-11,0.02253396118946262,0.004644850540251678,-2.385263019607888e-09,1.5424677889099462e-09,3.781909463879468e-05,-0.0008443995287169769,2.517205463842144e-08,0.00014302763012365575,0.006854587388091713,-0.0001813649835702524,0.3350503589153708,0.2822308979353307,0.6326359762560717,-0.00019417714010814185,-0.0001281259424217632,0.0018577002484275818,2.1259473344000293e-06,0.00012306127746491903,0.0005404226906213332,0.15552871032799498,-0.06375388066101029,-0.17321705370120283,-0.051636700985986314,0.02820159016020185,0.0009680889256828025,-0.024736125470040993,0.24667658580703625,-3.2461650890187295e-05,0.0004920091002732998,-0.022289787083231764,0.24234586047070297,-0.005804592304155669,-0.04359711265477907,-8.803291208306309e-05,0.0415268395914566,-0.003646377446757902,-0.021995807726908248,0.03634507245100723,-0.007728521445660777,-0.004343485586782196,-0.011986558297225006,-0.10318387797835359,0.09434407367926285,0.22669493789116435,0.08072235191012316,-0.11424145749442591,-2.443531490971065e-15,0.004793044635984762,-0.06490098689009145,-0.09142925452704492,-0.0443451109723335,-0.06990369678297109,0.005726652328369956,0.01819906492339893,0.16278532925440742,-0.010085496683492531,-0.06751288804096042,0.06478008035759923,-0.22798879832434232,0.041501463915207704,-0.05571972720481883,-0.12727042456578225,-0.021334473029740113
88,-2.333689391924808e-17,-5.243238114882341e-18,0.0005377038712338167,-5.247239672610091e-18,0.0005978205147511916,0.0012660146316587051,2.450779347087367e-07,4.469954893516086e-06,-3.951181173932659e-07,2.7191591869192977e-15,-8.254312451004081e-17,4.904513043729643e-06,-2.7261943350356826e-07,-9.940710755507726e-16,1.2353505948544216e-07,0.0033021811197190393,-8.742199773590175e-07,0.00015046860855179046,0.002708478149092937,2.3000212435459166e-06,-9.567805627610985e-06,4.617192051970527e-07,-9.272260376262561e-07,9.559802704413058e-05,-0.0036930499721526573,0.001124452722161301,0.00015339045140770721,7.405650848891249e-07,1.1526093790733284e-10,-8.242364999048818e-05,-2.09783421270421e-05,1.127957209364157e-10,-0.009494641436170629,-0.003145578993121054,2.0805895015747554e-09,-1.225770773727627e-09,-1.070485611604101e-05,0.0009596367922704798,-2.081778046776052e-08,-0.00011108562173857089,-0.009952463184693202,0.0002939168936417532,-0.5448664814934147,0.07620313469361596,0.3790768393329931,-0.0007447674897585671,-3.509754884431052e-05,-0.00613923791383553,2.7087258408068507e-06,-0.00016263553753577647,-0.00461305090447088,-0.4027761062359019,-0.13802134231025703,0.26977509001812044,0.08415163620598756,0.026342916504184875,0.002243567434685474,-0.08926122029499173,-0.0048924228867267385,1.4126327572259343e-05,-0.000131566651655853,-0.014648176589986574,0.09433099355088273,-0.003722974533810311,-0.029796864205900577,0.0010936005266699252,-0.07222558406164292,0.023286067490405765,0.04560970838468004,-0.04891722800247954,0.07021533256180199,0.007265601887518946,-0.0015776728971467657,0.08110066109712816,-0.06758053605445108,-0.19144384905376924,0.1747538893840413,0.029425068710762895,1.5990857377239025e-15,-0.04032315391688629,-0.0787066016662463,-0.14119216601523485,-0.054018397433277285,0.04956917014238144,0.0526797261398036,-0.15639803277445252,-0.06200359186987307,0.23685571448461662,0.06732162016931431,-0.05956212978238215,-0.1825071753689136,0.03531035147823477,-0.0643156019455344,-0.10921585953597224,-0.006728910357788713
89,-7.74487332422713e-18,9.107713431559989e-18,0.0001781725107015798,-4.483771724692854e-18,-0.001032064161514578,0.000976475101009741,8.211505051511883e-08,1.4994496072730271e-06,-1.3043166225650604e-07,1.0878640914713815e-15,5.250510377913499e-16,-8.599385905674993e-06,4.7630074172911403e-07,7.683441172384006e-16,9.272964446631839e-07,0.0010811108413585234,-2.981273235955687e-07,3.3445877247668925e-05,-0.004698465631116725,9.917581520131788e-07,-7.740959571224668e-06,3.737913503846114e-07,1.679283990587784e-06,-0.00021899660545901978,-0.00287580604550992,0.00043997460656935647,5.7236017740991624e-05,9.84111446621785e-07,4.452378709280805e-11,-0.00015650623775312068,0.00031514258463828925,-1.4710772336248792e-10,-0.0050895786056068485,0.000606130832097057,6.84604274367479e-10,-5.4946737116955905e-11,-2.2907292602812003e-06,0.0006101395613645299,-5.930021602509503e-09,-3.773583057111764e-05,-0.005384945391070891,8.490880841784675e-05,0.054633349028188574,-0.6298184471664908,0.3080477402081123,0.00020209465360872099,0.00010207016254495286,0.0009078443474577485,-4.623981500872438e-06,0.0002076559266110049,0.00036259859588642907,0.02609906487412486,0.4063116627121972,0.1222468769652504,0.03843975938808749,-0.179038975488601,-0.004623842952479,0.12840203749462245,0.0053621613663450045,1.2926129071279267e-05,-0.00010441935985024906,-0.012815153154618508,0.06647243787096595,-0.0021426776763500636,-0.016562305251558912,0.0003632920511279928,-0.019145821054694336,-0.01618378525204001,0.004315771546201148,-0.011092890652186988,-0.05490026835704995,0.006570456522195757,0.020422869433511872,0.06840663415942762,-0.0899322931272934,-0.10313232162754037,-0.089962222893674,0.19480497491959534,9.376819929357588e-16,0.06311722523381348,-0.06121307734417329,-0.13823318625136782,-0.026872621780111874,0.031186393457609835,-0.08405343124234199,0.12761882930104673,-0.10819203097827064,-0.24720260314577225,-0.17115670035442365,0.010786865406818608,-0.15006486654716183,0.03105305299810845,-0.028626644546727895,-0.13249650666580648,-0.007328878786697669
90,3.938978633894906e-20,-6.251642104632964e-25,-1.2639891051467392e-06,-5.715033466335206e-22,3.8792665093819855e-07,2.458301620352616e-06,4.478183497549506e-05,0.0007950324711581112,-5.952079001723994e-11,1.3028006621939431e-18,-3.480919911730226e-20,-0.0002575052858085983,1.4545689609837642e-05,-3.1070523610940115e-19,3.3351783853204315e-10,1.254941791669735e-06,-8.273292512953749e-05,2.696322955904149e-07,-6.624331913842354e-07,5.762961769524426e-09,0.001902509787329259,-9.459975804893542e-05,2.9317054904073256e-05,-3.276785490507475e-07,1.3491314547215933e-05,0.05580231365103842,0.007816735341185602,-0.00031592346772747287,-1.8479516772444868e-11,0.0002410498593904745,0.00960268535267297,-5.348821925709583e-12,-0.5555473881289351,-0.10897143809810818,-3.2868322491392244e-10,2.0261212407807137e-10,-0.000863860424317501,0.0061125241578753944,4.406003270142518e-09,2.438703431126389e-05,-0.019743294481563492,0.0006111989489505209,0.1970165399427734,0.1065110694321642,0.052124935693291505,-0.0015604941457057946,-0.00013974493025596232,-0.005385182206678565,-1.038002722018776e-07,4.542781728117983e-05,-0.001781081256402403,-0.23905039714605245,0.12767754373746296,0.1548071031476796,0.050195613594699054,0.028671491627623252,1.9298511523932672e-05,0.07525812662089369,-0.48073241126033056,0.00014391213801957922,-0.0015175607855323853,0.020263926418436752,-0.35421723664960914,0.013662405660366332,0.1074431417289278,-0.0021264279578083363,0.032612757394691605,-0.01831134690883224,-0.03313554158937167,0.045150112982383854,-0.009199399899705127,0.002883906898331512,-0.014810280362441714,-0.08816419750348878,0.06036422261109356,0.18529455915835708,0.06055749885344574,-0.034739437938674914,-3.934314716383029e-15,-0.0003282490540282124,-0.03134729166872521,-0.07667002916888732,-0.008979237116970459,-0.10653338972748944,0.006331600989733351,0.021022240994497805,0.17586003943659745,-0.0029379735551357286,-0.03047496950454479,0.022345032185788483,-0.12417710046198503,0.00679376690777506,-0.0821193140528645,-0.1373955252677787,0.00673240846857896
91,-6.964222668963669e-31,-3.859106914875404e-35,2.2347701320013297e-17,9.842029141969248e-33,2.4729437915264595e-17,4.7935876786186784e-17,-0.006365192105879461,0.0004077236777170738,1.1796645851306416e-15,-1.0390492043620436e-19,6.341883575273682e-19,0.0004585762557600581,0.007087061648166691,1.5676516317564462e-18,8.61110379308662e-14,4.67384071871651e-11,-5.379761963517977e-06,9.981809182089962e-11,1.753842337646009e-11,4.183259566544836e-12,-0.0008815610874819167,-0.015281747503410718,-5.735585268885413e-06,-1.1442680545654466e-09,1.721431573071935e-06,-0.006881059396847342,0.030962327688529318,1.713397686010351e-05,2.466458655850464e-14,7.487435300834012e-07,-0.034601744775161855,2.931530856754735e-14,-0.0019114924875959787,0.007530925398700208,-7.887309351081089e-12,6.85759214263918e-12,-0.00829368287781622,0.07813940028671618,-2.285397509996941e-11,-1.5217734169012922e-07,0.01499863204404276,-0.007223365749225865,0.004413182289135351,-0.0008895697672953564,-0.001961417588374926,-0.0001385392943544662,-1.8420184526118897e-06,-0.0008181479706164159,-7.643619722306001e-07,-3.441813606294989e-05,-0.025656479304688704,-0.060133830410135564,0.006563476142131392,-0.17943458555428862,-0.05849778727640252,-0.4794230176560434,-0.0017607249907342273,-0.5623199900870783,-0.23913798187933782,8.671723586666056e-05,-0.0008395457392037027,-0.01028094519793999,0.11696128814989487,-0.0022967518732073273,-0.017180993742753815,0.0007028863417746429,-0.26099212641604536,-0.04605592221891647,-0.011885106680408111,0.015999222812653313,0.20639123763264047,-0.04057216261758628,0.06592254376945807,-0.043122850068776496,0.024846737876105154,0.10026330890189339,-0.1137693759802009,-0.03576754595478256,3.132425072570965e-15,0.03881890459342484,0.05407317040150989,0.08233019099489113,0.06022760213631073,0.10802966110913952,0.09883626548367287,-0.16243652005372627,-0.06608869152336265,-4.187030664224754e-06,-0.2652401940727592,0.12595861655578974,0.08611454671790249,-0.02254655411673864,-0.11475929788086811,-0.11518428483470518,-0.00926283773014292
92,1.0166458864415361e-22,-1.2926417914993871e-27,-3.262341438952733e-09,-1.4841736343431494e-24,8.019881051853708e-10,9.624682402123495e-09,3.4522552329969527e-11,6.50916817233508e-10,-1.2361583428419504e-13,2.9607655240290178e-21,2.5777545827812854e-22,-1.8425483404047387e-10,9.704601171630792e-12,-6.3854782282248995e-22,6.021587351696505e-13,2.396345871503305e-09,-2.74932074826312e-10,4.0946404946556414e-10,-9.287122459275939e-10,7.752343870623448e-12,2.9799542654750917e-09,-1.386384227471855e-10,9.474948049869426e-11,-3.172978863595499e-10,1.9157781914747823e-08,1.1663486767609138e-06,1.3519269997706286e-07,-2.8472791343129046e-09,6.5070381537128185e-15,1.2928618144560034e-08,2.495754222863816e-07,7.716493293714386e-15,-1.8130134272051263e-05,-3.974953088020682e-06,6.464272333898675e-13,-4.342015377273677e-13,-3.5283129748802864e-08,1.248965980115323e-06,-1.0798211011025068e-11,-5.922594181101685e-08,-1.2208872309676461e-05,3.1867799559287936e-07,-0.0007140102324888739,-0.0005095685416063517,-0.0006113143483519482,5.457590036855103e-06,8.278901917314998e-07,1.0368374241217719e-05,-6.63240051258639e-08,-1.6609561078578216e-06,-3.0368992394931345e-06,-0.0003077848079167596,1.3212123490006537e-05,-0.2154116326776876,0.6702088059580642,-0.0021932123915298176,0.20108173349352723,0.0006395546151576496,-0.0012216506048359382,-3.0487698346481034e-06,2.1973570883885542e-05,-0.3905336205132543,-0.034521571977487626,0.0005421805651220147,0.0038901320745546707,5.8244793980068554e-05,-0.004485252628113027,0.0026824325331639364,-0.13119663001192475,-0.2823843585572513,-0.024213247939353137,0.004618208079335662,0.06095541489320379,-0.01211457868645483,0.009272606796257243,0.021232356798023662,-0.011108096743801466,-0.010111235643212793,-2.482298893500034e-16,-0.0032640208339246145,0.059062161361398344,0.03222015639308066,-0.04651168749241584,-0.0003511227765625188,-0.00264754997457803,0.0002508045002978236,0.0024676259111700784,0.0015389053813463542,0.00635362076139407,0.0018711475978506374,0.04964419114838888,0.38712748848156975,-0.012232153141196057,-0.023327563382239822,0.21966636485022228
93,-8.378653909140475e-23,-4.4074358173585514e-27,2.688648050957533e-09,1.1753900926244456e-24,2.7357387039278364e-09,9.48195982229497e-09,-2.7938516632170717e-11,-5.263875514169161e-10,1.0239304484663141e-13,-2.389965663000413e-21,-1.059734875117026e-23,-5.177366409803975e-10,2.7928784143589074e-11,1.1657335740900142e-21,-2.1668473874604725e-13,-1.987228453005806e-09,2.1703718138086342e-10,-3.5405125260103875e-10,-3.0061365411732556e-09,-7.428095570898692e-12,1.2896989129600364e-09,-6.022746677949976e-11,1.9908125306124938e-10,-3.8978237016755756e-10,1.912839355393536e-08,-8.05248294814932e-07,-9.65231589220374e-08,3.867037069520259e-10,-6.268837649396533e-15,-3.868541026538388e-09,-4.960029050063316e-08,-1.535842848779149e-14,1.0397251107475417e-05,3.012157065286204e-06,-5.632344904205772e-13,3.7590421223610384e-13,1.7286873651241067e-08,-1.166523869795604e-06,9.281573789553662e-12,4.9300501683343164e-08,1.277600076808188e-05,-3.647864387560562e-07,0.0008437612509131529,1.1489766720411872e-05,-0.00013434792690169398,-5.2510479306842334e-06,-1.7556358139347143e-07,-9.246821248948953e-06,3.4527950391933574e-08,1.034431080423411e-06,5.956348130686356e-06,0.0004272049737817808,5.086495867778066e-05,0.16873302348640776,-0.524544211451908,-0.0032529378488307553,0.5050126114946509,0.001919442249897953,0.00420180024874227,1.1765541476873576e-06,-4.833753354780467e-06,-0.37377873547315726,-0.0266338148821914,0.000691789547161065,0.0053704475583371825,-0.0001473532549200955,0.006899926053863714,-0.004896255715856021,0.10160106954972896,0.2332030030577416,-0.03683002142121174,0.019547656296633024,0.16068880840158983,0.003984210295346751,-0.00013705421546324244,-0.011542167454288639,-0.008536146650552074,-0.006031666915703568,-1.131599369540038e-16,-0.004101111787649846,0.05884506003379172,0.031255562976469566,-0.0466158489037437,0.0027302456984908885,-0.0015510230098796395,-0.003077026094932116,-0.0020261056846037013,0.013572273493556993,0.012881388750188278,-0.0031661820476380697,0.050390863410962,0.38704228128023693,-0.012384333809422375,-0.022955185196691964,0.21961903434959007
94,-2.8595766277374135e-23,8.560189876099004e-27,9.176169874483866e-10,3.866301278892414e-25,-5.313097375979258e-09,8.522140709479247e-09,-9.59712502952149e-12,-1.8095262153531486e-10,3.4512068804170066e-14,-9.236520158032294e-22,-3.735825117426986e-22,1.03126448877295e-09,-5.532257748383192e-11,-7.33736177954666e-22,-5.782103611721277e-13,-6.6557229713508e-10,7.531115887173606e-11,-9.169292693737475e-11,5.736698631294556e-09,-3.063379529677054e-12,1.4152457630959585e-09,-6.607788726896987e-11,-4.190106875844867e-10,1.1054755002120591e-09,1.7095119549817285e-08,-3.045765857343904e-07,-3.5381929714632995e-08,-1.8003625665922192e-10,-2.280733748027358e-15,1.3526074558361633e-09,-2.0352117574394823e-07,1.5035632657484672e-14,4.755046841256256e-06,-3.4022888106229304e-08,-1.7936680245955914e-13,5.606275115902847e-14,5.0805862192704294e-09,-6.504101605693998e-07,2.653697251728421e-12,1.5823327816426686e-08,6.240927007853514e-06,-1.0675901609171284e-07,-7.669148196479584e-06,0.000791220861343624,-0.00019847562429463667,-6.041826291344742e-07,-8.530734254759446e-07,-1.6164051370834664e-06,2.955236942051103e-08,4.846087125988806e-07,-4.6099639727896603e-07,-1.2215301396009496e-05,-0.00010986829521354813,0.05428576836034445,-0.1685429154962296,0.005366737220080546,-0.7693639567817557,-0.00254095912558251,0.003029329817752279,3.223753194371321e-07,7.7953517707107e-07,-0.29168998695710635,-0.020610035945274285,0.0004646605280635793,0.0034993073040582995,-5.348714113806132e-05,0.0017768167939291586,0.002125035173392631,0.035650673939166495,0.07027513330859972,0.07328580826177042,-0.03075645003493351,-0.2665947759376416,0.0052437854568096465,-0.003194376694672751,-0.006249937590190033,-0.01610817646627491,0.0005670016947993179,-4.3450400560027274e-16,-0.0020589920953140795,0.05911101974753348,0.031445706467434664,-0.04614369620118863,0.002189805612160005,-0.00460052732573472,0.0020746479055159766,-0.0027288650177662724,-0.013229724230453578,0.0009238483126419771,9.658955035732027e-05,0.051457735011089405,0.38602619503589164,-0.01167545046020649,-0.02339302375243082,0.219178029969966
