,0,1,2,3,4,5,6,7,8,9,10,11,12,13,14,15,16,17,18,19,20,21,22,23,24,25,26,27,28,29,30,31,32,33,34,35,36,37,38,39,40,41,42,43,44,45,46,47,48,49,50,51,52,53,54,55,56,57,58,59,60,61,62,63,64,65,66,67,68,69,70,71,72,73,74,75,76,77,78,79,80,81,82,83,84,85,86,87,88,89,90,91,92,93,94
0,1.043074208697788e-16,-3.658452535632597e-16,-6.226365784467509e-17,-2.805852218393738e-16,-2.9629494758871153e-16,4.4066753288105603e-16,1.164036609036201e-16,-8.245792523797118e-18,-3.664192686580127e-12,-2.3632915548725186e-16,1.378839263076832e-16,0.30635242298393023,0.07410875452229312,0.0027946602839649505,-5.6723211711176376e-14,3.490578706460324e-11,1.7775630593702075e-16,-9.735488868387001e-17,2.8988935409670164e-16,-1.5617053297457364e-10,-4.8343306264449034e-11,-7.000612140587002e-14,3.367334805345885e-16,-4.374855709504341e-12,3.4704765510619115e-13,-9.512249921104738e-17,-1.42739707309008e-16,3.500863990646402e-15,-6.64373892022149e-10,-0.2207830191381694,-2.659372731280872e-13,-7.827610041434292e-14,-0.08541010947150075,1.1774943186335736e-13,0.08161358664346845,0.6995856760338839,0.10165467648789646,3.013236867196493e-14,8.137015803759936e-13,-7.408642197108677e-05,2.392371841108762e-11,5.197299916834915e-12,-2.22503077305589e-05,-2.4995188303370875e-08,3.9377124843461705e-10,1.3672594282206737e-09,1.146419070830414e-08,-6.812490880642965e-05,-5.591529468831237e-05,-0.006669388132602249,0.0001375415569682312,2.0893837683388165e-07,-9.581858268602406e-10,-9.764217199409565e-11,-3.35186846361859e-07,-3.446533218884128e-09,1.49801662142642e-08,7.764203099683929e-08,-1.5397791133470224e-06,-0.00010686868722775998,-0.066273372189372,-0.010947331246889704,-0.014326703530233553,-0.001259493767730554,-7.933444871466984e-05,8.857612898896359e-07,-7.144322810970907e-05,5.855877577765498e-05,-6.20389012521719e-05,-0.0016674275238578635,7.623253983100455e-05,0.006453424588452519,0.0032063479652399843,0.00020469903360703385,0.001215223689655827,-0.0003219420462134014,0.0002050085175998295,0.0026426863277900915,-0.0003927543481387446,0.0018449002666751908,0.004700222423095374,-0.0017238436503178782,-0.0018455529287631828,-0.0004269196168060978,-0.0004088276627230464,0.00038962582957749686,0.00030029850651331247,-0.5773502691896284,-0.0003138571606983672,0.00017530927930584572,-0.0002897031550945456,0.0008727155537541628,-2.6650707989497883e-05,-8.204256046434778e-06,1.6375761780015057e-05
1,-7.628996329625708e-17,7.567700789420073e-17,1.378194162329047e-16,3.8164371732274285e-16,-1.5645246795367633e-16,-8.211416794922247e-17,2.5450533409697453e-18,-3.069527700958669e-17,1.0560222887934567e-12,-3.1082574609843393e-16,-4.469698692871755e-16,-0.09104247980913552,-0.3102681177340368,0.012654503357787755,1.408185355852304e-14,-7.268338340300062e-11,9.858958367797628e-17,4.198450734893306e-17,-4.0284323658876785e-16,1.2777195857494822e-11,1.3457114834998687e-11,1.0358593907782043e-13,-3.5580168415734803e-16,4.3950159607032065e-11,-5.0204320173453305e-14,6.124541824277012e-16,-8.16258301654654e-17,-3.549888570827766e-16,-1.9747053953975954e-11,0.06180129838339216,8.516994456875857e-14,2.4926689204917987e-14,0.1763481807195374,-4.1688159407967476e-14,-0.49825807612487133,-0.23344548211085087,-0.470792798338944,-9.264986223873624e-15,-1.8835978526081458e-13,2.96008795835777e-05,-9.152978736642188e-12,-1.8399644104553314e-12,1.3329787746498202e-05,1.572101688527924e-08,-2.3345936658281926e-10,2.8164231200847318e-09,-5.819864583754476e-09,3.0045931125709598e-05,4.2641190072103964e-05,0.004299568644902575,-7.44860421690675e-05,-1.315827508508906e-07,-3.375387748229004e-08,1.9390837800620226e-10,2.371575335351688e-07,2.602661710030847e-09,1.4952074320558432e-08,4.489136855555497e-08,1.7865984861247096e-07,2.8357090482789812e-05,0.01680595220978484,0.04200928601846315,0.022407650563017908,0.0011621133000692685,2.034533075061126e-05,-2.329118458588472e-07,-0.00028611457153146107,-0.0010021364810767932,3.869885309256969e-05,0.0005511039875225588,3.4927927183227845e-05,0.0013325594871290132,-0.004338114146532881,3.9256894207647495e-05,0.002533671742242376,0.00010046254928824243,0.0018286445055284777,-0.00016239382482180262,0.0019025989573626782,-0.0017549383519104322,6.11309136912627e-05,0.002196284002889201,0.0024476193335887003,-0.0016256861460011926,0.0006093624614122358,5.483081376907793e-05,-0.0004308748699514108,-0.5773502691896225,0.0007485261728558138,0.0017466899154789139,-0.0017552498948709273,-0.0001897969095736394,9.879229523078386e-05,-6.460546015990372e-05,-0.0011073728721789206
2,2.480981389967872e-16,-9.034978051317434e-17,3.26032583906848e-16,-1.775822449575388e-17,8.958724638780841e-17,1.4344207656500132e-16,-7.310475583872712e-17,-1.161314561961368e-16,2.6080909292393016e-12,3.494899559266777e-16,1.4538848668307355e-16,-0.2153099431747949,0.2361593632117434,-0.015449163641752276,3.968404636489711e-14,3.777995907043049e-11,1.7026092633456267e-16,2.964057767118394e-16,1.0513083537125e-16,1.4338947634394872e-10,3.489214512738791e-11,-3.347807602238414e-14,-1.3390441463567993e-16,-3.957454597544381e-11,-2.967018688635648e-13,-2.0548406092295587e-16,-1.6530823732574397e-16,-2.8246417933449408e-15,6.841246128681038e-10,0.15898172075477704,1.8026606058737828e-13,5.3213942413293055e-14,-0.09093807124803589,-7.635767400138066e-14,0.41664448948140426,-0.46614019392303424,0.3691381218510465,-2.0868144624651013e-14,-6.254869433446042e-13,4.448554238852725e-05,-1.477080743827048e-11,-3.3572436088158272e-12,8.920519971853087e-06,9.27417185645224e-09,-1.6031196839206447e-10,-4.1836826824080085e-09,-5.644325843372404e-09,3.807897765178469e-05,1.3274104592835688e-05,0.00236981948770603,-6.305551479300236e-05,-7.735562578914432e-08,3.471206326848411e-08,-9.62666280087127e-11,9.802931290298649e-08,8.438715128274001e-10,-2.993223914276928e-08,-1.2253339990311256e-07,1.3611192652045389e-06,7.851159674696188e-05,0.04946741997957233,-0.03106195477147299,-0.008080947032764555,9.738046766914426e-05,5.898911796403035e-05,-6.528494439920723e-07,0.0003575577996418592,0.0009435777052990149,2.334004816043234e-05,0.0011163235363506104,-0.00011116046701451002,-0.0077859840756617305,0.0011317661812532674,-0.0002439559278171366,-0.0037488954319093875,0.00022147949692663915,-0.002033653023130289,-0.002480292502968137,-0.0015098446092244899,-8.996191476254394e-05,-0.00476135333676592,-0.00047244035259665546,-0.0006020664048515393,0.0020526057628083637,-0.0002005347986963667,-0.00044445664335384,0.00013057636342550234,-0.5773502691896264,-0.0004346690121454987,-0.0019219991947831698,0.0020449530499630406,-0.0006829186443026738,-7.214158723784872e-05,7.280971620716199e-05,0.0010909971103992258
3,8.51222474786295e-17,-1.882904888983896e-16,4.336710299762458e-16,2.0560805478167827e-16,2.6976005008288967e-16,-3.3021169853821617e-16,-7.740507202731902e-17,5.372592453790851e-16,1.378090217844619e-11,8.562802713149578e-16,4.936304028605847e-16,-0.708182222808576,0.19321733573155986,-0.5944312601007762,1.4881133746482888e-13,-3.706962962859843e-11,-5.708497470271257e-17,1.957573830336926e-18,5.3563241243841564e-17,-6.598653783800192e-10,2.489490050354203e-11,4.867243456850808e-13,7.377784025206096e-17,2.2416972955265257e-11,6.898077795087567e-13,4.3912766338550126e-17,-1.4013353492559743e-16,-6.909451882593636e-16,-4.96210165381046e-10,-0.035340115309325404,3.4647550050436777e-14,1.0371823244540018e-14,0.04283879107866374,2.2047686958619433e-15,-0.05768261185201441,0.29876414231496756,-0.08384613939525298,6.837275707594721e-15,2.34563438832176e-13,-3.161836975529932e-05,7.558871164839522e-12,2.245125918107755e-12,-1.0124059306819245e-05,-1.018394720410227e-08,1.6623040572482094e-10,1.4107690105052128e-09,5.801314477838895e-09,-3.320365345601333e-05,-2.4286611650128293e-05,-0.0029725273542123196,7.902082700768796e-05,1.0114147975513806e-07,-3.244111408930797e-08,1.5557614974026066e-11,-1.371711166180182e-07,-1.1538087623989744e-09,2.0423692747963943e-08,8.376600951640822e-08,-1.6765250865976102e-06,-0.00011175549810246549,-0.06081017571673741,0.019712679009283068,-0.028382939914590264,-0.0007015927740530776,-6.589342178000203e-05,8.631756647122139e-07,-0.0002658693561435879,-0.0003698633247525129,-8.035820382554111e-05,-0.0023460470756733283,0.00012012927758666499,0.009500575917191771,0.0045457096958132414,0.0003103738534945233,0.0023531127299357144,-0.0002513449898111153,0.0011697425742463689,0.00364522508819258,-0.0005538260712859378,0.0022584798191968613,0.006408081570291735,-0.0009457475940301465,0.0002869745677980995,-0.001434278596620131,8.596333429652954e-05,0.0004889615789891914,9.197177868036982e-05,-1.550088961901641e-15,-5.133110573911228e-05,0.002098694738252372,0.0004312820642791978,0.0008955695904586838,0.00041112712937431086,0.0001450601651708072,-0.0010738888949206006
4,4.2836209195766404e-17,-1.9287961349283133e-16,4.349617694132139e-17,1.3437609149047502e-16,-1.0993057330563635e-16,3.731377705722051e-16,7.582685365008145e-16,2.4389519358883666e-16,-1.237110884207939e-11,6.707107239620365e-16,1.1314792193805887e-15,0.5560793258647366,0.48912430135354146,-0.5851856621589717,-1.2693438209891554e-13,1.1505053213125514e-10,-1.513212464886503e-16,2.0415531299734344e-17,-1.4320850869760557e-16,-1.0901225080501868e-09,-9.783912047022517e-11,2.7453070201635714e-13,-8.324843956419311e-17,1.6868988593852607e-11,1.2250111978878433e-12,1.5256116475669626e-16,2.05495055937576e-16,2.1968493156022006e-15,-7.525582558049144e-10,0.011862481302589014,-1.3525985330115428e-14,-3.850536973120752e-15,0.08610216539929054,-1.6806721223098322e-15,-0.11238103450385827,-0.23512114086795685,-0.1709656223996419,-3.3794361522107877e-15,-1.087929814199362e-13,2.6516638817259072e-05,-6.8153892611268665e-12,-1.7877037980829121e-12,1.736195808541701e-05,1.7413591055750853e-08,-2.7418635888423047e-10,-1.4782415104822733e-10,-7.944506676442694e-09,5.3648677987553115e-05,4.7276200740223e-05,0.0062672560993978525,-0.00010909448219477732,-1.7692256506131008e-07,-3.101404090290576e-08,1.569002943299477e-10,3.299780522445605e-07,3.663662534904684e-09,-2.9783872880205277e-09,-4.168473143307526e-08,8.641195616285774e-07,6.81192529812308e-05,0.05262907979519536,0.039077833778224824,-0.0035470983324047945,0.0015077672614130274,7.067851395271662e-05,-6.448410399654135e-07,-0.0001383770017176089,-0.000474613323289719,3.105358545993411e-05,0.0006631225885160733,-1.802053410231679e-05,-0.0022452114119075562,-0.001317683548079669,-6.175261393295794e-05,0.00011947596374435536,0.0003438097296189253,0.0007921430217783491,-0.001283708745080143,0.00018188095225452573,-0.001205152309597806,-0.002435896126648384,0.0023122599948700575,0.0037878440286978304,-0.0006418198999674617,0.0008610427707636529,-0.00025586614363281267,-0.00048217141901339054,2.3912190425566524e-15,0.0005475806913206151,0.0017734107135837676,0.0009772948779772966,-0.0007688688249511105,0.0004620186726091485,0.00016074877466783333,-0.001104894900005932
5,-4.45341220099337e-16,-3.195397138872921e-16,-5.950118985955503e-16,-9.269394489068244e-17,-2.5784821324283045e-17,1.3475110512597736e-16,-3.875098532840038e-16,-4.896674063292059e-16,-4.8301152378985186e-12,-4.0873241974649945e-16,9.028244186373831e-16,0.18036332728556928,-0.7497373937287221,-0.5433206630853676,-5.156945175563199e-14,-2.017095069660343e-10,-5.707033114293689e-17,1.7218753596680434e-18,1.7759701486653813e-16,-1.054917762932391e-09,-6.368278353528229e-11,5.867289117793938e-13,2.403889928366753e-17,7.261056022486015e-11,1.1470421169280987e-12,-1.637108061830496e-16,1.3169147646735046e-16,1.2418452184279968e-15,-7.60177989119056e-10,-0.001350408751503051,2.067760388404069e-15,6.4235278907129e-16,-0.0032247000085901447,-1.0405064908294859e-19,0.22155761417522848,-0.056968397616977785,0.2325104065498199,4.117325454700869e-16,-2.914376259032857e-14,3.28907103062631e-06,-1.3161832316693018e-12,-3.599376130321583e-13,8.955441168781399e-07,5.579586763485383e-11,-1.3071821752910882e-11,-3.3583762989585194e-09,-9.663586529828006e-10,1.5343171005469373e-05,-7.2978384955079405e-06,0.00031062523118235665,-7.220073009597697e-06,-1.8066647550233021e-09,1.925726246164729e-08,-1.237939044739354e-10,-5.478793725388722e-10,2.5732035095217936e-11,-2.6336582060469267e-08,-1.1421832412780832e-07,5.693297544955249e-07,2.039035573180278e-05,0.023862553453363595,-0.0352340059871288,-0.04239154419095281,-0.0005307713543618291,3.565462144753228e-05,-2.483064903389465e-07,0.0003722021157884815,0.0013180094481532014,-3.844326859890864e-05,-0.0003314426188580782,-8.13174749326135e-05,-0.004670584192651976,0.006615350998885662,-0.00013311850710049223,-0.004537528672600342,0.00015809071267870078,-0.002575987019805009,-0.0009808243622210948,-0.0033820653733477087,0.00208958452227068,-0.0025509205634799293,-0.0018386442634932714,-0.0008550982805642509,0.002375818722645772,-0.00029422228653284564,-0.00036068339918915394,0.0003416218076202564,-2.0151411401692198e-15,-0.0008807797587817406,-0.0014675490793360489,0.004285470563987352,-0.00040688917879939165,0.0002733673104881066,0.0002842907302162509,0.0009918142099328586
6,-1.4686188329817978e-16,9.376064460051466e-17,1.3695261886578206e-16,5.523523952133541e-19,-1.2614192620539286e-16,1.3993136393625386e-18,3.198195410758262e-16,-5.2233050301295623e-17,-9.833627645740323e-11,-3.000719963159045e-16,-3.9142827812506504e-17,0.06781199874300639,-0.009292826004042612,0.05028331808544692,-3.0890590783675885e-13,7.019759552572861e-11,-4.8070059326437747e-17,3.0555886708765514e-16,4.261159319400456e-16,-2.3505466559902246e-10,2.182215693590144e-10,3.2961383183129076e-13,-4.877758087983089e-17,5.153690985082041e-12,2.034494630559909e-12,-3.2765931859906804e-18,-1.1055698076247857e-15,-1.7247110793115805e-14,-1.0093426563226116e-09,0.544832234191077,1.227281906246525e-12,3.623128045582215e-13,0.38277198889766284,-4.0442198307320855e-13,0.33634638503758213,0.13946334598860557,-0.2248465973559106,-5.490297609499009e-14,-1.181672575907367e-12,-2.76447362315998e-05,-1.941752460214372e-11,1.5966126659271603e-12,-2.3276688986847276e-05,-1.5611240690211097e-08,2.7426504901482344e-10,1.3650843560511398e-09,1.6658044511673942e-08,-6.893994302784633e-05,-6.653964984888756e-05,-0.006323602893973351,0.0003219044747126205,2.9988861754629827e-07,-3.330861749938468e-07,3.435486653589443e-10,-2.132065841750339e-07,6.982803050378724e-10,1.3296692014011423e-07,4.828432438587562e-07,-1.2524967806356209e-05,-0.0008498056139799299,-0.40995298701157723,0.24929922077620326,-0.34545143885034363,-0.0035972866744264855,-0.0003966621187220808,6.187460921595317e-06,-0.0024923279998291608,-0.003130477036192251,-0.0007698318068112436,-0.022123976656157895,0.0010463194683577397,0.08326699074286609,0.05113587382470989,0.00277419441225963,0.018131695664169917,-0.0014345972497614343,0.010559581366318807,0.03258799387010209,-0.009555977190681395,0.022684785723197452,0.05618209469004326,-0.005978089451071634,0.011907005792420142,-0.013214190450701272,0.002793909253710187,0.0039540385651208685,0.00010964650141874245,-1.3826784152635568e-14,-0.00019257936188414582,0.02416046795801953,0.012507585312154616,0.006749737255030058,0.005836757094969046,0.002290248225723094,-0.012754982489923112
7,2.1846586324834644e-17,3.9875857281133806e-16,2.7751165422790545e-17,-2.5473430983157037e-16,5.076214853282023e-17,1.6428352059497828e-16,-5.683892829730827e-17,-1.8712589308131833e-16,8.920463257332196e-11,7.492517637906446e-17,-2.4723051933034448e-17,-0.055851231329882595,-0.028873311308135773,0.051761437937205196,2.735452180966066e-13,-8.22331293083982e-11,-1.2445956459390023e-16,-2.0744347809162972e-16,6.330962267207468e-16,-1.7570044549686154e-09,-3.043550707664727e-10,-3.131071984727173e-13,6.629794307985045e-16,-9.793266420058445e-11,6.202605703144626e-12,-1.8378680828634383e-16,8.505638735192982e-16,2.1820455654835598e-14,-6.6238555492404296e-09,-0.5083029868069423,-8.135809199083243e-13,-2.377073121600099e-13,0.14225275477745639,3.281025712367492e-13,0.4499454449380617,-0.07208858799710485,-0.37581500413720936,5.664849763466378e-14,1.2431906345562636e-12,1.1493853853825304e-05,1.294077082561414e-11,-6.728895807175443e-13,0.00010623042843280368,8.918950369851644e-08,-1.4411539196736667e-09,-3.575253727154779e-09,-4.441695267606973e-08,0.0003561332567465707,0.0002960492339192311,0.045751673519868793,-0.0007132046290163031,-1.1795924348052941e-06,-3.4727415543918806e-07,1.2829060669282182e-09,2.4544539125429156e-06,2.8385604132786784e-08,4.734805645283459e-10,-2.8321218331881456e-07,4.531220663310149e-06,0.0004006365418440293,0.3894944909643844,0.4336980206953344,-0.14129889351932184,0.013321896360785011,0.0005700682927798817,-4.403261122765108e-06,-0.001905625810366244,-0.005100279051047702,9.030091259057621e-05,0.0006077978705902657,7.677804167090067e-05,-0.0015580265334153764,0.001748956824579949,8.351270391016251e-05,0.0048936117015161255,0.0031074089217650717,0.010088441832043446,-0.004788793492622587,-0.0012304979772903275,-0.006059026481043278,-0.010903707712085086,0.021759720121617525,0.04163604561322443,-0.009371885514223091,0.00946634243388511,-0.0016931070856050828,-0.004886926928158675,1.843320130854989e-14,0.005447216029905219,0.023744163957416235,0.013881592721751603,-0.006262476041544777,0.00626556249759653,0.002274581855155951,-0.014358117311124437
8,2.5062940362435295e-16,-2.402715040937606e-16,-9.075090429909692e-17,3.538424432898391e-16,3.2472784293542765e-16,-2.235121955992177e-16,9.719228048408573e-17,-6.328292721334654e-17,3.461962695029483e-11,-2.3828572121331146e-16,-1.6264843560270346e-16,-0.019122948904641314,0.05324208170850736,0.05711027057298813,1.1935488807585343e-13,3.0904417593776307e-10,1.7974007827145072e-16,1.6427279526907157e-16,2.097806556674983e-16,-1.6911804811662457e-09,-1.567537888016111e-10,7.978701403119682e-13,-9.889019910252833e-17,6.135615436239198e-10,5.278345099403734e-12,2.4909608268322572e-16,1.0272238597545454e-15,1.2066609580039985e-14,-6.947615171733603e-09,-0.21447447928958183,-1.5378174575525064e-13,-4.5150085645415965e-14,0.6613348811369092,5.820534047139222e-14,-0.177328229380511,-0.008687658693009937,0.33630122946503294,2.933189508242452e-14,7.27394371456433e-13,-2.4584898293341173e-06,-5.968132379813432e-13,4.455997043548635e-14,1.2420219160643316e-05,9.657216346031138e-09,-2.1415327152119843e-10,-2.0110812908299214e-08,-7.837817331400789e-09,0.0001286939471699603,-3.728963173593507e-05,0.004512205256173343,-5.281874702956745e-05,-5.4604271582437306e-08,9.818963805419839e-08,-8.984108515227641e-10,1.2371362247552795e-07,2.1789143126782068e-09,-2.174712695251777e-07,-1.0016079633332088e-06,3.925691439455748e-06,0.00010227749114093074,0.19165949902923668,-0.31974354353694395,-0.45903870364307375,-0.005492246072811295,0.0003129207895595615,-1.7631280615939903e-06,0.003461852970485284,0.01292894476975428,-0.0004721577045522305,-0.005740447898614359,-0.0007190194885147111,-0.0391153448934155,0.07348468590511016,-0.0010695832331572295,-0.045002449204383004,0.0015093545633564807,-0.025531406325229378,-0.006971704857966491,-0.03647880792412496,0.024245320758226892,-0.021283314116999852,-0.020016677691352843,-0.007877804172526736,0.02337367494981829,-0.002838685333846678,-0.0034629403174518867,0.00366142344338379,-2.008165935025196e-14,-0.00940894824295815,-0.01272058665373419,0.046490502452411805,-0.003671656624109561,0.0034805197311600696,0.003255919562158704,0.009231920419906598
9,5.882181199182356e-16,-4.1391241246337483e-16,-3.974544109170937e-15,-6.886114106051874e-17,5.4737181451368806e-17,-2.250309250417548e-16,8.550586789964179e-17,1.2559114734909434e-16,1.1072993587581036e-09,8.284302451676588e-17,-1.6753945433476056e-16,-0.008791391675079776,0.0005317743674427114,-0.005772371896626794,2.448814696034783e-12,-3.781237489728211e-10,-8.501079241531052e-17,-3.1965361417146666e-16,-4.158119959847205e-16,3.5775009766516547e-09,-9.474880240132306e-10,-1.9205749124476657e-12,4.0461974536803946e-16,1.2271859184862352e-10,-1.3255094051361004e-11,1.3776061760313334e-16,2.157793742166522e-15,3.494107882396773e-14,5.610045443815104e-09,-0.39475545243012045,-1.7976940098773397e-12,-5.375078329136335e-13,-0.29005859576164084,4.288478798811182e-13,-0.23713757113717585,-0.21193193120678921,0.18538494528173077,2.6084525979018875e-14,3.583910155580929e-13,2.3184258105333842e-05,3.113610083211575e-13,-1.643545959864186e-12,-2.3562084937044362e-05,-1.5979099764845452e-08,2.6403481732262924e-10,-3.503915317358535e-10,1.1938594763427983e-08,-7.329693132210509e-05,-7.273805202561867e-05,-0.008948981570952587,0.00029014955149079386,3.138440524075566e-07,-2.6347469253661617e-07,1.3451521739324287e-10,-3.9472943637683644e-07,-2.234134015485362e-09,1.2826072138265908e-07,5.221573361443158e-07,-1.4609738111851335e-05,-0.001043712211508248,-0.5254892708767289,0.3265551940032377,-0.45260997567406724,-0.005152175253108755,-0.0005174531710246459,7.819248759850825e-06,-0.003377171097577865,-0.0041173034186905875,-0.001087730566091778,-0.031460454770653,0.0014879659289706965,0.11980824814662983,0.07544661977422386,0.00398347885799679,0.02623396015384512,-0.0021200976294699155,0.01536160097993933,0.04944617819690079,-0.015005591485581626,0.03512406136067406,0.08667434886358738,-0.009260948329285396,0.019212766185915855,-0.019684491320232325,0.004488686148650913,0.006266811437038444,0.00012179504596754124,-2.3765568428794056e-14,-0.0002927832131500503,0.03628384309731092,0.019972391872802964,0.010614185191274347,0.009435041627799663,0.0037246815023817704,-0.020094198720117945
10,-4.745960730936668e-16,3.086370569649775e-16,-5.1622949402119034e-15,1.7269319235150575e-16,2.0187025157789817e-17,1.5583822729378445e-17,1.3079031377405236e-16,-1.5740256929231866e-16,-9.911157476690645e-10,-2.619208818591195e-16,-6.964734605147945e-17,0.007479502002901543,0.002320090732290175,-0.006390071277186113,-2.1096620073248488e-12,9.759068360287536e-10,1.0838773208750033e-16,-2.2323356496121765e-16,-2.5153834738872944e-16,1.1045718881170171e-08,1.5802745803349756e-09,2.4105181505969545e-12,9.522908437671683e-17,7.613101932892497e-10,-2.659829853582099e-11,4.530937055248338e-16,-3.024961150742476e-15,-4.764404771327258e-14,1.3843794618296724e-08,0.3720490286833984,9.669583980147845e-13,2.8231337491456297e-13,-0.12371711585438147,-3.324110953141024e-13,-0.31186450524566733,0.1423695235344221,0.3197766371480455,-3.103989787623838e-14,-4.80685342096962e-13,-1.4374433215243158e-05,2.2563571889403447e-12,9.896675128763598e-13,4.3845612411790135e-05,1.414931839877055e-08,-2.822860055947405e-10,-4.324656070250818e-09,-1.6742399277305167e-08,0.00018354769473564507,0.00013652166980961905,0.030769846390401503,-0.00047865238310495925,-6.850046333500097e-07,-2.555002522357449e-07,8.576801887963198e-10,1.6614675723703158e-06,1.9190170205644882e-08,-2.423104582075034e-08,-3.909178612632866e-07,5.905459485498032e-06,0.0005139728574646251,0.5049471558010151,0.5699722754244204,-0.18976874062936552,0.01747651705395533,0.0007427405029153696,-5.682278308350432e-06,-0.0024910779840557427,-0.006670302866443884,0.00012288294925018791,0.0009283554468973772,8.613299237214164e-05,-0.0034874636896132546,0.0036950053484329647,8.115107542259013e-05,0.0064461036122556645,0.0046518370885718155,0.014516415841213588,-0.007193845429698524,-0.002281708247648088,-0.00897211483232323,-0.016560929590420527,0.03388345163238442,0.06580676767854121,-0.013845194405397334,0.01493911009527488,-0.0026570965980332838,-0.007836787083664845,2.3302233452233555e-14,0.008685685250730846,0.035593073300090115,0.022023282845838276,-0.009903623119113702,0.010123453428792756,0.003691363380122015,-0.022665987375184934
11,-3.0065065317208853e-16,-1.4732084648834393e-15,-5.198205263455003e-15,-3.820516155665636e-17,6.194596600722868e-17,-7.079988822715534e-17,-1.2432253164202403e-17,1.4876443313811744e-16,-3.732890778118077e-10,3.060093656803167e-16,2.1032546998450412e-16,0.0026700784189185507,-0.005315247934966369,-0.007864575768938693,-9.358475533362505e-13,-2.89019509668065e-09,-1.6294898393755972e-16,2.5203006011678367e-16,-3.935844181161871e-16,1.0290061130432252e-08,7.95633845834527e-10,-6.3271585331277146e-12,-1.8019437751447912e-16,-2.5664331053459144e-09,-1.994937421734881e-11,-7.79723192906097e-17,-1.86802584631857e-15,-2.8394700173097466e-14,1.4270315013561247e-08,0.1584125618966502,8.104603844909301e-14,2.5519327065981212e-14,-0.49023384474226595,-6.995634961641104e-15,0.07612906960086047,0.03152129097698498,-0.3157144935449294,-1.941115106040338e-14,-4.009570496893302e-13,-5.200281232586757e-08,3.624068625403596e-12,1.4730127031250615e-13,1.8796767962103057e-05,1.5981672833234425e-08,-2.6416574945285396e-10,-4.1346074035593665e-09,-8.284332907176025e-09,0.00010165376892162888,2.018472760829236e-05,0.007742094709104349,-0.00010214442110395428,-1.625794953791778e-07,4.2108884942030464e-08,-5.477777459407082e-10,3.4099632328422476e-07,4.538745514650185e-09,-2.078294497757175e-07,-1.0773614573519374e-06,4.441081178806414e-06,0.00012568091093486598,0.2477114225199265,-0.4148413766459266,-0.5994210109348075,-0.006872661268771343,0.00041075992881964204,-2.249334210496334e-06,0.004682118599608827,0.017721380407673758,-0.0006663104796379988,-0.008347737453477977,-0.0010122329335182307,-0.0554805346563492,0.10754395190928645,-0.0015048583973623676,-0.06603389452217354,0.0022791272169109074,-0.03753700500490231,-0.010381431107839867,-0.056141226696726575,0.03757626225447972,-0.032667024941071314,-0.031311479126587244,-0.012233287123101858,0.03497357521729733,-0.00442786250690272,-0.005538030875634361,0.0058834724765535005,-2.7313831294953162e-14,-0.015051976508544352,-0.018648691803859054,0.07258101062292051,-0.005830964093177198,0.005617365452226591,0.005247393870819493,0.01437923684082771
12,-6.492214091784132e-12,1.070145357315581e-14,2.5705501033789632e-11,8.485570312359149e-17,8.013932092400685e-17,1.8960467635224585e-16,-2.0055621294227133e-16,2.6927180817599814e-17,-2.455728660234116e-07,-1.5958792474948332e-17,-2.326980304755977e-16,5.4606818196209866e-05,-9.558142015115204e-07,3.1742567592441663e-05,-4.0119169568274623e-10,2.2236937903949848e-08,-1.6312795728731408e-16,-4.600701974990526e-16,-2.805805542273453e-17,-6.411696695041321e-07,7.717323119031058e-08,1.69276094042178e-10,2.523783986242762e-16,-2.7037146578582795e-08,1.4838149381124859e-09,-3.692971500745028e-15,-1.1924296506944598e-13,-1.3127399290544115e-12,-3.901010478209009e-07,0.009093007144769506,4.824881776374705e-11,1.4689789482923736e-11,0.006807246977863869,-5.97406706203858e-12,0.005365464144097346,0.0071303540294200074,-0.004526137971283081,4.566722307645227e-13,1.5506670964260787e-11,0.00024050206027374698,3.452023222996747e-10,-9.608401555747601e-12,0.00033462759807065246,3.315839824135134e-07,-5.501095296803314e-09,-1.0935658248718668e-08,-2.8741080681263596e-07,0.0007920719175539285,0.0008388517414064157,0.0154947068354364,-0.004005448882684211,-3.2761570134307432e-06,4.981171177405502e-06,-7.721267011553836e-09,-1.3215461508352872e-06,-6.535463121994239e-08,-1.3596630509997908e-06,-3.2272727212841262e-06,5.8546195880755435e-05,0.0022074779883128792,0.14882563368120058,-0.10650684783057393,0.12904895013661932,-0.022507876588552776,-0.0003119018579140101,-7.305171822043674e-06,-0.004565701582218096,-0.001279355321527438,-0.0032059192613282882,-0.10145269100789736,0.004974243840644257,0.4547696951148506,0.3373871157824614,0.014685975190885136,0.11055260884006732,-0.011934932581263945,0.06435665674647298,0.2914472287596192,-0.09927135782920665,0.23053157425218876,0.5718425754231279,-0.06780199978769959,0.1408143547870774,-0.10060225783636367,0.03246248368619257,0.04903758995444969,0.00035933313823038963,-1.3761907460591025e-13,-0.002325088739095776,0.18747800103180093,0.140198660529477,0.08082246285241797,0.07527178994059482,0.03032685084763943,-0.1423397459675451
13,5.808073801899861e-12,-4.309096848994955e-12,2.8556421642107553e-11,7.362377933175387e-17,-2.5896811879725946e-17,-2.3567398089385397e-16,-9.008318961728683e-17,-6.19888415904198e-17,2.1636393376288135e-07,-5.3575183039761895e-17,-1.716517673527577e-16,-4.966687954026334e-05,-9.301774232510253e-06,4.0764349955684e-05,3.304839535965502e-10,-2.376506114646236e-07,7.089640895226828e-17,4.721311258253569e-16,-1.9757387432506776e-16,-1.3535231993930993e-06,-1.6312753548996556e-07,-4.119720969428148e-10,4.908479801725261e-16,-9.527287365166143e-08,2.3563191795027036e-09,-4.45107033269992e-15,1.3808785123711312e-13,2.0608644338665e-12,-5.944249839888515e-07,-0.010440918289580114,-1.465101877908737e-11,-4.1717861550092876e-12,0.004010753292529237,4.212992143093989e-12,0.009544554153283985,-0.007235931820656528,-0.01185370753705087,-3.525981489911595e-13,-1.3633405806470395e-11,-8.190541732731583e-05,-2.788615230507503e-10,4.050011536454963e-12,-0.001978273765879194,-1.654113710911847e-06,2.696558506750336e-08,8.152069519488983e-08,8.321453327914915e-07,-0.00644148749801589,-0.005428386866232659,-0.747136548513062,0.0115670152685799,2.0495696411444763e-05,5.6078000115949695e-06,-2.1468551204478804e-08,-3.9981614824601436e-05,-4.64430709365417e-07,-6.81897292359083e-07,-4.686987635846582e-07,2.427645497870723e-06,-4.896315415133395e-05,-0.017443349844163222,-0.029808149160527396,0.007495852702611674,0.0033187165551019,2.552036999571296e-05,5.105313592296678e-07,0.0013486487722714532,0.0017847584549219144,0.0005602577202681187,0.016073835351498433,-0.001095794250225481,-0.0994352600653038,0.03356776261334329,-0.0025000124442216137,-0.007771269764113649,0.024812021070110758,0.04834302397463948,-0.05362569269044233,-0.024295324682726778,-0.053855463241974766,-0.12160245300373737,0.2331410637679915,0.48051829470243773,-0.05905118294800565,0.1081485642963639,-0.020624612423692273,-0.06268145233235138,8.42680116351033e-14,0.06762289415718414,0.17588471696329833,0.15845640573170003,-0.07648355299039702,0.08098366096477977,0.03006685844075787,-0.16043190859151477
14,2.155366442652404e-12,1.2828411419029563e-11,2.728927904536889e-11,-3.6947861641005574e-17,8.325223846373139e-17,6.86284876444902e-17,-3.831180732133852e-17,4.398498607205663e-17,7.862224122250318e-08,8.726219927681629e-17,1.155467854159674e-16,-1.7522042904397184e-05,2.6315857920457337e-05,5.0898958752420865e-05,1.5204910418322568e-10,5.60693886261168e-07,4.8833147346703166e-17,1.7733467347367138e-16,-2.8266579172076614e-17,-1.159315229406968e-06,-7.630055700428114e-08,9.36123871846541e-10,-7.99416099422766e-16,2.1874932067777265e-07,1.42652528340433e-09,-3.115183693372069e-15,1.0840281757318885e-13,1.2784006460218316e-12,-5.529728318019965e-07,-0.003685571904676393,3.4881061718804236e-12,8.895266992218624e-13,0.011450567825886613,-2.4997880572924133e-12,-0.0009659959821424499,-0.0013127910926380947,0.00842563121392345,-6.484261379155778e-14,-3.836777739445287e-12,6.429659453875029e-06,-6.445417530318765e-11,-7.385304245983485e-13,-0.0001875778958267728,-2.6295188902505357e-07,5.103550606020371e-09,3.870890624914971e-07,1.4204152664144746e-07,-0.002158231619101188,0.0009514900103945452,-0.01124254164532429,-1.7515837499514306e-05,-3.6829262851003303e-07,-2.078974476236411e-06,1.5971027636033612e-08,1.5450572651470902e-06,6.548529947685753e-09,2.3936268507927877e-06,7.82312974576638e-06,-2.185859375785524e-05,-0.00014109535328406586,-0.06577860925133072,0.13031504539655772,0.16301792554393724,0.013181140721892016,7.605361638584086e-05,1.2165169310006417e-06,0.006001300072183615,0.03073413662776569,-0.0017439039466471634,-0.029220810332964007,-0.0029570438785060365,-0.1828048173562322,0.4485594487311416,-0.004570929144494983,-0.291265507477894,0.012778255682036836,-0.1685220201267165,-0.057031747664178324,-0.34996839239046246,0.24194121511270927,-0.2110554044344503,-0.21568208478876222,-0.08307374392808485,0.18198748317246607,-0.03062226319969322,-0.044044941940881835,0.0471600105255696,-7.315592096555977e-15,-0.11793295386350841,-0.08470888535221628,0.49442252481888305,-0.045175281256147656,0.045015548575968706,0.04231479223161857,0.09928016299319085
15,-4.060767460518695e-15,4.1795390345584756e-15,-3.9643176204705446e-14,-5.591431697694754e-17,1.9836311597354827e-16,3.85578130891779e-17,4.843052231308604e-18,-2.8698891583656313e-16,-6.081906761193878e-09,-5.083055893559519e-17,1.3922615234559263e-16,2.121215433599981e-06,4.0667249352930635e-07,-2.0275114876906532e-06,-1.2351610266530045e-11,9.760081827059949e-09,1.4030992185209323e-16,1.8410125520973888e-16,1.892363613853746e-16,7.574603752597221e-08,9.598758041627243e-09,2.1727291787409655e-11,-3.7763359159698277e-16,8.033779331970134e-09,-1.8166233652631706e-10,2.9612364972215057e-16,-1.2899942684551054e-14,-2.149682499522936e-13,7.168744339873331e-08,0.0017793261901885348,1.965558500518968e-12,5.574186974504678e-13,-0.0008561688205244113,-6.39365468318963e-13,-0.0023725573666872114,0.0019839542274934672,0.0036274581721081446,6.53526219120634e-14,2.7156289998939178e-12,2.3006321903907504e-05,6.480070490444787e-11,-1.126241650551985e-12,0.0011378830151766834,7.290380278236521e-07,-1.2196577990173205e-08,-3.837932262657751e-08,-4.4139950992189815e-07,0.004080704694360624,0.0034830083251499015,0.6601166438468989,-0.009612014320901608,-1.5155324853696882e-05,-7.88020546163582e-06,2.4380630443299854e-08,3.6403509388622026e-05,4.2930644367778913e-07,1.6347676778210474e-06,2.3360540859588423e-06,-3.9033362455354674e-05,-0.000682521701177632,-0.09320832809341896,-0.0712130982209716,0.02721188628767645,0.009248008212271855,0.00011257610981361282,3.402540614531917e-06,0.002800402863198159,0.0035776086022449357,0.0010624756103738914,0.028547810237337913,-0.0018462617139010362,-0.15901125406500077,0.050853589147601054,-0.004054649379298849,-0.011134656346850064,0.03349542900362425,0.06776383967944193,-0.06641857382879895,-0.028921701594136585,-0.06283773476504956,-0.13912815673749207,0.2568139650123002,0.5134101301298536,-0.07654856812157113,0.11608445169719951,-0.020718534351088943,-0.0629006030863856,8.525832759851377e-14,0.06888705146779589,0.22888602971130828,0.17871176035354366,-0.0782471203623577,0.0820431158729813,0.03012990186131124,-0.1740547607778701
16,7.222252001068788e-08,8.717044819166596e-09,-1.8770842934267845e-07,-4.703754923766653e-17,1.1127893759469481e-16,3.2743419981591115e-17,2.402048494958626e-17,-1.075310711059754e-18,6.93467373395459e-05,-1.2231395749384635e-16,-1.3376791774072588e-17,-2.9378370357009856e-07,-2.6292447985880682e-09,-1.4602401653574346e-07,8.684787052001321e-08,5.829796749994834e-06,-8.430121181659895e-16,4.913380174251703e-14,6.0479587761633e-14,0.0001330438609763586,-8.743581289168619e-06,-1.5119196037143828e-08,1.1402903828425151e-14,5.121771539587937e-06,-2.1638643821794022e-07,5.204767784365874e-13,1.0537599613745052e-11,9.711966159196156e-11,3.658792703984342e-05,-0.00018498190081462894,-3.354706711352876e-09,-1.0282911714371221e-09,-0.00013434206547698264,3.480030058234145e-10,-9.626265389938246e-05,-0.00021688633120631816,7.84385242504086e-05,-2.2490482834105583e-11,-7.10854996740983e-10,-0.008853386225460906,-1.4025165613074446e-08,3.5346807771144245e-10,-0.004413128609952151,-5.024245604587097e-06,8.46499064158382e-08,3.621808626313134e-07,5.2969185178654375e-06,-0.009395645125038375,-0.009957466206905614,-0.006961823298870622,0.0634382183222577,4.3904972610126876e-05,-6.0062540560329194e-05,1.1102007830412893e-07,3.2863887198703054e-05,1.166861521087789e-06,1.2926614591184256e-05,2.5819736736980072e-05,-0.0003611172195853726,-0.011311894919828747,-0.03200445227015315,0.03439860627767908,-0.031970642902272715,0.07656109586776097,0.0019385308718828102,2.5987057227552934e-05,0.012901263491427725,0.007497079331117109,0.006602587166974148,0.18266653494785703,-0.007630230046852739,-0.5582961697411065,-0.38427912713441237,-0.020017211069632022,-0.10063304223072331,-0.015137099485839956,-0.0979619523847435,0.09892104058172277,-0.05581858928432671,0.191587610947424,0.5255785638806023,-0.14381438462037702,0.11376861516912919,0.06107589545034847,0.02386558045602775,0.09606610579350096,0.0012581275504013568,-1.3796707453543116e-14,-0.008126677529952307,-0.15350997134112604,0.0982407561142767,0.14921750737729036,0.1391525795865887,0.05999909961664277,-0.14663253769023837
17,-6.368839687983325e-08,5.6537137806583484e-08,-1.998832782702162e-07,-1.8760110924058217e-17,1.4574760614136604e-17,3.2811957381634184e-17,-1.4778442628224935e-16,-2.3225738190813707e-17,-5.766322395653268e-05,-1.8783510284838466e-17,-1.488306649186463e-17,2.6872472453146095e-07,2.8938441728030985e-08,-2.1673042469098556e-07,-6.394978545542898e-08,6.882625233478113e-05,6.383723293398589e-16,-3.736107648166082e-14,-4.494892519537891e-14,0.0002191811030289691,2.261060307893738e-05,8.861253553762999e-08,-7.920635282097528e-14,1.3923619955355097e-05,-2.9020633466697353e-07,5.485182645632674e-13,-1.0563564203592836e-11,-1.4860142845500557e-10,4.424712825716508e-05,0.00020140242050285104,4.755320082336225e-10,1.2440714797201224e-10,-8.508153424020525e-05,-2.0850212045618102e-10,-0.00019620832190055042,0.00021082772603149414,0.00027614040801906794,1.2377193213874868e-11,4.4728949713327397e-10,0.0009648717427816646,7.389584801261927e-09,-6.49960920908161e-11,0.015790573816096783,2.2806995576151387e-05,-3.513824590612531e-07,2.344187429929923e-07,-7.3616687988261e-06,0.03509392063764374,0.035175102791531764,0.04266244365182048,-0.0036711563148620276,-6.500434535776806e-05,3.426481656935218e-05,-4.8142923428572865e-08,-9.869762171268914e-06,-1.3579171673856962e-07,-8.102049932446361e-06,-6.6903633476075704e-06,0.00026046885142635745,0.0028804694806972117,0.011655226528570243,-0.005215502801457668,-0.0007742711180180616,-0.06147806843960479,-0.0014398947033545256,-1.452763739336371e-05,-0.008149037609795478,0.0034027303310142257,-0.005082426544864471,-0.10612148423260694,0.00491000769755195,0.408391255061572,-0.1947460976304075,0.008984442463850115,-0.10919719775703386,-0.08779073123521547,-0.30539599085833713,0.024857920125537256,-0.007981150881590104,0.04545654521970803,-0.05780829132834894,0.022236504876757445,0.3390991350789664,0.25881482019132457,0.06544414830514263,-0.04050264787624337,-0.12204948788953578,3.7609835345827e-15,0.10985122370365676,-0.6318227852889851,-0.0069759478764252645,-0.12463186496383331,0.14261734935192777,0.05957729883247423,-0.047961670139648555
18,-2.279110230007105e-08,-1.3180886943402856e-07,-1.627844200907925e-07,1.3325566936273969e-17,3.430930081850441e-17,5.203752099664936e-17,-5.560684408150527e-17,-6.099293362170426e-17,-2.109069647424115e-05,2.6197700334650327e-17,1.4928121664135442e-16,9.926105500425592e-08,-1.1318553240732238e-07,-2.827099300915264e-07,-3.304951581217839e-08,-0.000140790291792861,3.103036799264065e-16,-1.7526599681411858e-14,-2.233268789950652e-14,0.0001784492911402078,1.032691137978485e-05,-1.8430548880350642e-07,1.5934732931121698e-13,-2.7706999822465842e-05,-1.5070112193580807e-07,3.485439179802964e-13,-1.0746055858950367e-11,-1.089828074314882e-10,4.198863122498787e-05,7.702734949859764e-05,-3.005135211564684e-10,-7.596953176212514e-11,-0.00023291138390902396,1.9535976843238168e-10,-4.1713119394172395e-06,5.07649645732027e-05,-0.00018425750992669989,2.5317152708144872e-12,1.6341226603203002e-10,-0.000315015741417729,2.3148546291396443e-09,3.5452664395222745e-11,0.0022367058564323025,4.65350258462489e-06,-9.881723095862302e-08,-1.0597671615470534e-05,-2.5849768656024345e-06,0.042449329171079804,-0.0261102183192097,0.005673120216114643,0.0031256995995619487,1.940143451546651e-05,2.7242330300627996e-05,-2.497669429237116e-07,-3.6700355468197626e-05,-2.2909268630583866e-07,-2.605743104222928e-05,-7.02879346938167e-05,0.0001421785829039801,0.0005260102614409403,0.012782351061749252,-0.038975586483763744,-0.03603530822081771,-0.039157805408748435,-0.00081621173740854,-2.4728234589371776e-06,-0.02057404679817495,-0.09938006402420087,0.005411668864877885,0.08036423783749551,0.005506651130168575,0.2620385151144429,-0.5670297376343165,0.00727237285575501,0.2956207678468337,0.008466771911937941,0.18411262527622183,-0.017362287726369257,-0.16152689562051975,0.1332871666978836,-0.17896573184511635,-0.18874620186910626,-0.04296930866485267,-0.08677055935960429,-0.023600456266448196,-0.08614049087866342,0.09215686418984394,-3.0433188832200434e-14,-0.2117956191141659,0.13721721238334167,0.48301913414753245,-0.08354599338036045,0.08683850110263625,0.08386909158550562,0.09126832221797192
19,-0.0006379982337871805,-0.00014857006122255754,0.001084835534470611,-2.3453336214643286e-16,2.589774196434243e-17,-7.921486371216011e-17,1.9708628758141201e-16,-3.1626501751647017e-15,-0.015579033987258439,4.577349262270049e-15,-3.067732528931357e-16,2.148003080070013e-09,5.188824228975991e-11,9.176016228345792e-10,-1.50429645731465e-05,-0.0034811469956260417,1.3464976843606348e-13,-8.62734554416521e-12,-1.053731703111158e-11,-0.021163272749941293,0.0006908287857956129,-4.0856375859368177e-07,6.411573202890418e-13,-0.0007031806248722305,2.474265392017562e-05,-5.7813073232007226e-11,-7.451590375504876e-10,-5.583771430499193e-09,-0.002686914197345713,6.749514865796955e-06,1.8827746369010847e-07,5.814167164217008e-08,5.574167555757054e-06,-1.5994612425481786e-08,4.541361181415467e-06,3.950771302367928e-05,-5.187563684387942e-07,8.861502947597832e-10,2.6076741884999385e-08,0.2624453424407669,4.5740802265585966e-07,-1.0417741676799264e-08,0.0320682911781548,2.9925956902880656e-05,-6.153097543366286e-07,-1.3752457275990925e-05,-7.643673834212221e-05,0.07590112452917204,0.053842618707145844,-0.014524654765680598,-0.855068281262979,-0.000474641188161763,0.0005566530942294416,-1.2465509085703073e-06,-0.00041573525062670833,-1.4701453478260338e-05,-9.869375827442829e-05,-0.00017508906606085635,0.001736442509524238,0.04907355296804665,-0.000579896978312596,0.0045556382839302195,-0.0005158162783492383,-0.15307137250103375,-0.005755485079996444,-9.029122989991343e-05,-0.017738818229849428,-0.022422897859912996,-0.0046318314497501714,-0.09966688777078378,0.0025248305923720816,-0.030678129301680273,0.002962647394492912,0.0034543039687395805,-0.0027144399061619345,0.03469222866046704,0.0740569304266843,-0.1946124701660264,0.039003815872809766,-0.038028920562250046,0.020155268734403074,-0.11412261234945534,0.015232008226911368,0.023888652159261958,7.5489041541912e-05,0.12900167169979374,0.002742296032915088,5.344116709809802e-14,-0.014684451289662025,-0.010696420249192023,-0.0042225799619184596,0.18044210668140498,0.1729951952969578,0.08150943054414202,-0.0619178125255393
20,0.0005536092222999731,-0.0005662594023160741,0.0011339045708694336,1.6682968802347762e-16,2.684004945826388e-17,4.449588448836104e-17,1.2197890399489024e-16,2.6751272190266484e-15,0.012472486842821796,6.356367235405339e-16,-1.7044152822271964e-16,-1.978476580432885e-09,-1.0044030253664189e-10,1.6505277354676464e-09,9.951936781657004e-06,-0.016204787160297857,-9.810514044611198e-14,5.992706574946341e-12,7.1285266879695924e-12,-0.030601024683071958,-0.002704727596264934,-1.59699841795678e-05,1.4401445429152464e-11,-0.0016958449509262296,3.1467844395133346e-05,-6.087971143564538e-11,6.839556281127404e-10,9.547082717901445e-09,-0.0030504101390657055,-6.9112472034743844e-06,-1.6676774589405783e-09,9.295673780948054e-10,3.5467074931404366e-06,1.0031191795627691e-08,8.939159134499542e-06,-1.3413456231461827e-05,-1.669084213217844e-05,-4.0822281028597223e-10,-1.4150947564534565e-08,0.010012132470947729,-1.932685971233006e-07,5.563394554685765e-10,-0.2785256420345048,-0.0004901617527074606,7.307077017028514e-06,-3.435287585615795e-05,0.00012398427437972044,-0.4967881259066969,-0.6414254699266965,0.008197194248607095,-0.09652797515653269,0.0009508634814262227,-0.00023776507739094418,-3.6171537333170806e-09,3.23630670157264e-05,-7.108503042892893e-07,2.2125017583056727e-05,-5.5133082353189774e-05,-0.0010920743574449321,-0.003486483541504976,-0.0005803219935691702,-0.0031669392474076388,-0.0006907947885776182,0.11213526658459161,0.003697388869600463,4.175224179972547e-05,0.0001761264739824183,-0.05446628426924257,0.00750600256484303,0.09357882944221303,-0.00026796959383353666,-0.04411275990999395,0.1015108621297201,0.002479013312389963,0.16922190401864076,0.0020571397342435322,0.15399013121298194,0.02737038883145524,0.0021376970444753106,0.06143723650575116,-0.04182577720190609,-0.16151778259325256,0.047184320831773804,0.028636572763872242,-0.006416919098867058,-0.05537839281374755,-0.16345269480649238,-4.02919789644816e-14,0.1228080657118292,-0.09349063624274313,-0.0968885655239907,-0.14519766933676218,0.17411921461354515,0.0810782131967868,0.08896113615816856
21,0.0001891270936769079,0.0010860176268038127,0.000747351544740744,-1.6722095895416107e-18,-2.456820210738737e-17,1.1571138318776592e-16,2.4702213663949433e-16,8.741450992005656e-16,0.004466735618753221,-7.593370288441132e-15,1.2228941291481368e-16,-7.603337804642085e-10,6.63427711444359e-10,2.1681514386537975e-09,5.812814523381595e-06,0.028315036221332215,-4.403232623116557e-14,3.0690998440958177e-12,3.907230459315839e-12,-0.02129299315957876,-0.0010741929359670507,2.9015189971537547e-05,-2.5413295396783326e-11,0.002815219531570977,1.1753424721569369e-05,-2.8823136371041914e-11,8.600830652103063e-10,7.410502067811679e-09,-0.00247803559924419,-2.776985229181381e-06,1.725063996289812e-08,4.14451342935151e-09,9.286715299634867e-06,-1.1787431420213682e-08,1.3276955377790078e-06,-3.4332367723292442e-06,1.0191514826916698e-05,-7.590795907598183e-11,-5.627579797999614e-09,0.00710801186072467,-6.86074214674455e-08,-1.1452282083862828e-09,-0.007851710238160616,-4.6693310861635155e-05,1.319741744011114e-06,0.00023276958944489035,3.653042245653366e-05,-0.680655380510719,0.5312090305351452,0.001624329914061511,-0.029464186846226165,-0.00042290281887819454,-0.0002716719154494474,3.0652072987182305e-06,0.0005119556188435061,3.3836413884870307e-06,0.00022530463732720404,0.0005074985022510257,-0.0007073110355280057,-0.002201314158968395,-0.00040267610990156824,0.00019849130564526365,0.00029455419764023603,0.0854510092489707,0.0025918172445125952,3.930430655881489e-06,0.03715777000231078,0.17891080424594405,-0.009905335934774665,-0.12598860446885826,-0.0036910691877316136,-0.04035377420760736,0.02011093740467333,-0.0030057375515727446,0.04543834060020642,-0.031807012476867846,-0.01891943084998478,0.047140342682284384,0.18386585231040894,-0.08921582750192437,0.025743049099543638,-0.032857772769240755,0.030695213559959304,-0.09510151677926579,-0.0012142929040916033,-0.11523597037728264,0.12327490901340406,-4.055960203469581e-14,-0.2513259291617312,-0.061027737443288405,0.05201394259668713,-0.10026361724485464,0.11222591143494803,0.11434485225738233,0.02393397840182891
22,0.5294847604695673,0.0886955144136389,-0.4520151446594175,7.060254683537732e-17,4.1495077634563377e-17,-1.0437670878836228e-16,4.012813822277707e-15,9.736933912016388e-14,0.3108875333343636,-9.424662812750477e-14,2.759002604752708e-15,1.0906493007715636e-11,-2.5945037972041063e-11,-2.2722382061961166e-10,0.00022360142573843404,0.04713976290961417,-2.1228715024219306e-12,1.3107979216866844e-10,1.5830371885472816e-10,0.2064584681564693,-0.006347477343075922,4.443663627135234e-06,-6.91073706062704e-12,0.004429229068431541,-0.00017133509427555232,4.0393628691660643e-10,4.215873933773381e-09,2.7591577634866716e-08,0.011339422211008057,-1.0125648414116488e-06,-7.008048164147672e-07,-2.1746088094725185e-07,-1.4406954896808117e-06,5.148181943473852e-08,-2.2182826808527033e-06,-3.9463012153677185e-05,-2.3744023216741484e-06,-2.2334826010382345e-09,-6.024506735883522e-08,-0.38666413744289474,-8.678796050266069e-07,1.5549316797984105e-08,-0.009780739609803931,-1.5453905526135598e-05,3.3272969122715553e-07,9.410444184668791e-06,3.690777306982483e-05,-0.01857103100475436,-0.008129470640496276,0.0020517714588789196,0.09380287513282409,7.943306668459422e-05,0.00010230044319789355,-9.730263643268689e-08,1.952006956508595e-05,5.647131617117401e-07,-3.4785641039966626e-05,-8.257167920687033e-05,0.0009909558369375375,0.031534276848089564,0.00242719087085072,0.0008520196500139475,0.002327811902793742,-0.12894436078239468,-0.00431445132283809,-6.305937014732084e-05,-0.016374918849419582,-0.01925793554735237,-0.0048100815620336305,-0.10806582957297109,0.0030272359655938133,0.023176205580895583,0.032048445512931914,0.004987664869040907,0.002384433714060202,0.03517055479616609,0.0762269503866055,-0.2119862063264058,0.046339138784921255,-0.057322010118699085,-0.02238816994328669,-0.1117210772341817,0.010965729623756242,0.022057655742950398,-0.0010680822019657982,0.14110133079919357,0.0035669306014766413,6.113422788715449e-14,-0.016338332257769695,-0.004463893466523055,-0.012080708967280236,0.19425368125343398,0.18695253014958307,0.08899620166114525,-0.05820348068078385
23,-0.4354072556161482,0.32035169630929705,-0.4477373584385071,-1.0023227150075645e-16,3.0971719479957713e-18,7.274603503861402e-17,-3.177627400941345e-15,-7.72780500664819e-14,-0.23582858108565513,-1.9042263519989066e-14,1.6782298184016567e-15,1.749595510487503e-11,-7.568302173206372e-11,-3.184357958454426e-10,-0.00014008918490864035,0.20738025512520653,1.4704332544203392e-12,-8.62401573672406e-11,-1.0142325307418757e-10,0.28263455556396455,0.023664248652084514,0.0001572562940454898,-1.4344617661552386e-10,0.01011202750489081,-0.0002063903165208299,4.030999814152485e-10,-3.661455175763116e-09,-4.4806302924373337e-08,0.0121864583104609,5.408630664533368e-07,3.874783509628588e-09,-3.931564332267203e-09,-3.626307626272792e-07,-3.063770494498309e-08,-1.1570440493527025e-06,3.581490653661277e-07,2.480075514913275e-06,9.682702915577414e-10,3.0787244835969415e-08,-0.017069349775157127,3.4345353930087065e-07,-6.766868188884751e-10,0.11147602721236066,0.0003388801002742004,-4.8118215972522385e-06,2.3315738839872854e-05,-5.8544843285888155e-05,0.1488596844776402,0.19854400466978983,-0.003758350176384517,0.02113613164654461,-0.0001782607455571141,-4.887767701623114e-05,4.531194030808288e-08,8.356510310718618e-06,2.486973615766122e-07,1.0896930837417757e-05,-1.6594964926561644e-05,-0.0006080072611946853,-0.002945835921309524,-0.0017058254418598569,-0.0014125172398124497,-0.0004769621615910046,0.09133908258928582,0.0026958542525419116,2.8626862722810888e-05,0.0015617582731342313,-0.042238051552278506,0.0066409124015848146,0.08928514502753267,-0.0007887832919939319,-0.07809914156703132,0.1071049194096612,0.0011705449450534176,0.16199389272482476,0.007664540341030836,0.16345714572334147,0.028931604691039295,0.004496171004364205,0.059650145816975315,-0.03121293518029272,-0.16905775548945595,0.026142291782707546,0.008628733616186384,-0.01123661908839867,-0.05793009546576851,-0.16888024378334884,-4.1220278586287e-14,0.12445408298047778,-0.04607681036362285,-0.1016837249300602,-0.14797944455760778,0.1781384128055203,0.08403006572352721,0.09550089362748476
24,-0.14965800852571529,-0.6181521086207098,-0.2968998120887274,1.4667911379561365e-16,8.865347212921114e-17,1.320701155926433e-16,-1.1272940932116001e-15,-2.6624144001201725e-14,-0.08496595151329206,1.6068125384276186e-13,-6.615702355404624e-15,5.0515547628402945e-11,9.400549566810752e-11,-1.6549416675769594e-10,-8.239177051527174e-05,-0.36429953574392593,6.620865047960115e-13,-4.446295469992866e-11,-5.596735357333155e-11,0.19760429662850904,0.009442807049281441,-0.00028721139641968543,2.5446689656786023e-10,-0.01685763847089914,-7.72400676001496e-05,1.9133608518865086e-10,-4.648786007691646e-09,-3.5028548385179184e-08,0.009930260038986014,2.0189309336162265e-07,-6.125146262098471e-08,-1.4767115209795595e-08,-9.497643770623231e-07,3.642343585834519e-08,-1.7742754619918677e-07,-3.963664531733944e-07,-1.6529393284259697e-06,1.8038253553611524e-10,1.2365073664196472e-08,-0.009796431194955912,1.235378395504492e-07,1.6376829973918944e-09,0.0006804006225808721,2.8306714309758688e-05,-8.159575999198605e-07,-0.00014452414795383732,-1.673913365664887e-05,0.21215052961453182,-0.1690693670798939,-0.0008270403562042126,0.0019035774051503207,9.031518587964831e-05,-4.5920574998962866e-05,2.0728627015673383e-07,-2.6972992418680036e-05,-1.6293897420932605e-07,7.351247569889192e-05,0.00022601664407808617,-0.0003827178342521897,-0.0013462909192701196,-0.001283301244659014,0.003019774190524929,0.0028741597259195986,0.06776221492563926,0.0018378896252091474,3.047534356034153e-06,0.031729817599439686,0.15376988024988014,-0.008592761538100886,-0.1123779671245891,-0.003665427996531232,-0.05861189867665577,0.06263714847211481,-0.00323798671292718,0.022892290538532378,-0.03022300685601467,-0.027467009574417507,0.04785698305521749,0.19757834117654388,-0.1006781198279484,0.03946265346660998,-0.021990759514520168,0.03332152752222416,-0.08790506836495281,-0.00015120664278829555,-0.11993163524254609,0.12792237584281957,-4.1436690220085996e-14,-0.25757001965132154,-0.06480187833544689,0.017520377547837977,-0.1027836091152414,0.11624087967691929,0.1193620097733508,0.01968613949558235
25,-0.5376268097127409,-0.09001974709054063,0.45845238537263233,4.0985493044123335e-17,7.085895240266877e-17,-1.0207902003896929e-16,3.683896643329899e-15,8.978486233204228e-14,0.2952048269259826,-8.852225943924747e-14,2.559138328027929e-15,5.036487256450018e-12,-2.4901585638969765e-11,-2.1992820531103514e-10,0.0002148926263187851,0.04471576637142862,-2.03659379197646e-12,1.2589549148588836e-10,1.5208842418591348e-10,0.19552293265953524,-0.006418935934506374,4.222172871151517e-06,-6.5585107510152375e-12,0.004324873195820194,-0.00016544302926072216,3.904811574017462e-10,4.168582268473364e-09,2.743882905031822e-08,0.0111016989205683,-1.0179829335072265e-06,-6.91818598261916e-07,-2.1464734342801793e-07,-1.4554221082296794e-06,5.096008292159652e-08,-2.2270159802096474e-06,-3.9344231727699876e-05,-2.3499846310284097e-06,-2.217797826026467e-09,-5.988301846352967e-08,-0.38527781307085807,-8.636954090465285e-07,1.5492612234037434e-08,-0.009622134906345822,-1.5254877074318004e-05,3.294772601747032e-07,9.376500216112394e-06,3.696419975048235e-05,-0.017983103797454027,-0.007949559808931748,0.002090514248235029,0.09675056830329172,8.01900610430366e-05,0.00010077957194186216,-9.473395998895585e-08,2.0601781882927694e-05,6.13552094668917e-07,-3.460284295441133e-05,-8.223320656589599e-05,0.000987314133138143,0.031411313747286736,0.002432497864342223,0.0008415657601696903,0.0023349096820711834,-0.12875068468834688,-0.004305138936829814,-6.28748943597663e-05,-0.01635717440738213,-0.019237279560061216,-0.004805814588610025,-0.10797956211761907,0.0030259588968644053,0.023317764896814686,0.03211777207546354,0.004986495723334277,0.0023435652744886277,0.03515414235143495,0.07614907399490979,-0.21191854072815924,0.04633534567426325,-0.05736701918359583,-0.022502975709058574,-0.11165310713729754,0.010922624800727705,0.022024402997540646,-0.001075585182120491,0.14110503945792258,0.003567547774621568,6.108795737562449e-14,-0.01633997954757701,-0.0043762417434687695,-0.012118967693361416,0.19424796450803758,0.18694937981893228,0.08900221642183513,-0.05817002837181089
26,0.4420459710836108,-0.32507604074595725,0.45399525858101475,-3.1194718574410566e-17,2.962531669043524e-17,4.127371777088554e-17,-3.039931361447593e-15,-7.148845885627304e-14,-0.22487570745284208,-1.6212224201545973e-14,1.5887593130211603e-15,2.1843325366925535e-11,-7.203843516928255e-11,-3.1031836364030297e-10,-0.00013573089843248924,0.1979279065142972,1.4191388433162182e-12,-8.341751570126312e-11,-9.819216012352515e-11,0.27006935066834836,0.022915175157797632,0.00015212318492766063,-1.3865639589954796e-10,0.009884490094142828,-0.0001998887004692726,3.8969441809221573e-10,-3.6057860461881542e-09,-4.411928394156786e-08,0.01194739545081841,5.582180723133257e-07,6.575374799036134e-09,-3.0273343386415937e-09,-3.774839262584369e-07,-3.0504131715562064e-08,-1.183705824393326e-06,4.391425119672964e-07,2.5328646295075958e-06,9.659569421058143e-10,3.069632895227277e-08,-0.016593633040333206,3.430829373212541e-07,-6.923377175502762e-10,0.11229052979854082,0.0003396925044949347,-4.825256482962628e-06,2.3352325123765505e-05,-5.8839032712077354e-05,0.15060090400464554,0.20048553326475638,-0.0037727759601501234,0.02235028294009216,-0.00018109798565586944,-4.8492187094854525e-05,4.576718471747369e-08,8.513027388614962e-06,2.654606377125208e-07,1.0860827161499276e-05,-1.6366298376468592e-05,-0.0006061042700896083,-0.0029756426915119177,-0.0017054028915933649,-0.0014077533643016573,-0.0004732375399359776,0.09120360144338173,0.002690890932891918,2.858881230815395e-05,0.0015686673922486198,-0.04215393286943856,0.006633194035288088,0.08922087411257704,-0.0007902142690140717,-0.07811379166950372,0.10707202753321143,0.0011647772898086446,0.16184966049341187,0.007675436898585238,0.16336597144144052,0.028944372653514957,0.004500600702401586,0.05960996820048276,-0.031200244235814394,-0.16902090510710455,0.026051352948396594,0.008547111896706594,-0.011253273119681552,-0.05793352597407583,-0.16888616045071914,-4.123298775469682e-14,0.12444680746861764,-0.04586175209911441,-0.10168698547505248,-0.14797428116293265,0.1781349398101506,0.08403627177682568,0.0955124283368748
27,0.15194221245108236,0.6272817377960705,0.3010588611837697,1.579875843955406e-16,3.62436449428416e-17,9.064368540041947e-17,-1.0768200521474898e-15,-2.4676151710331816e-14,-0.08102218932053916,1.4905658672406116e-13,-5.844899413961325e-15,5.02465073575417e-11,8.76373018680244e-11,-1.6563759228378886e-10,-7.925843550993925e-05,-0.34769058486922927,6.368168892913388e-13,-4.2778754251502945e-11,-5.3844383491496214e-11,0.18881831981929523,0.009103090905631758,-0.00027694499652924573,2.452940196914073e-10,-0.016512689385120374,-7.42911405435248e-05,1.8424139872744235e-10,-4.562852658134547e-09,-3.4432262232118425e-08,0.009745199590768942,2.0972999593912911e-07,-5.9052792014914694e-08,-1.4130983435925993e-08,-9.790185610472494e-07,3.596337292075986e-08,-1.832715914749311e-07,-3.610965563076213e-07,-1.6767116734003447e-06,1.8126534352411597e-10,1.2331080939060854e-08,-0.009544159134741294,1.2352460059238651e-07,1.623522571535418e-09,0.0007568875250034846,2.844735113984944e-05,-8.193291961239183e-07,-0.00014498699378576407,-1.6836107084250666e-05,0.21444495278705858,-0.17066321305506651,-0.0008270200079260217,0.002490712772683779,9.178782467983097e-05,-4.5145119142894534e-05,1.9638467311920758e-07,-2.866748392441385e-05,-1.674010612319769e-07,7.27639152200986e-05,0.00022447105836494188,-0.0003811566985552087,-0.001359903277914931,-0.0012834941345262836,0.003024875273922064,0.0028803330281307357,0.06762797960085888,0.001833321427565363,3.0653261904812956e-06,0.03167652473389306,0.15351299881500613,-0.008578518208978213,-0.11220715394507894,-0.0036622128257212424,-0.058608200450188316,0.06275376979596553,-0.0032363786252993586,0.02278277218598739,-0.030200637850290347,-0.027494418828700296,0.04784704401609593,0.1975457808392342,-0.10068965206795354,0.03948240290695509,-0.021933334816427653,0.03331443486692893,-0.08783727040235258,-0.00014891002466053578,-0.11993605258060086,0.1279264249113816,-4.143184776811432e-14,-0.25755965009114135,-0.06475948756791967,0.01738220488177668,-0.10277921628639289,0.1162410794513579,0.11936980290141846,0.019670960696028413
28,0.008760432548141354,0.0014679692266162667,-0.007485142274212488,-2.0307545984003236e-16,4.904545707131272e-17,3.471573972220836e-16,-1.6094954735574192e-14,-3.6771487362306613e-13,-0.6733135312303111,2.6403465309062757e-13,-8.299594098259136e-15,-2.0652179745589061e-10,5.556123568149939e-11,4.486341726230047e-10,-0.0003304960109223429,-0.10714260525616287,3.3516014751256216e-12,-1.9844968151703337e-10,-2.3694444149618603e-10,-0.5007729815693125,-0.010822803946234019,-1.0109068280092613e-05,1.601811733897392e-11,-0.0026179540454639148,0.00022185890679347935,-4.931878851528588e-10,9.931870678208778e-10,1.7104742035024088e-08,-0.005582725227141745,-8.409852781662616e-07,-4.918842771911966e-08,-1.3612055684055456e-08,-1.3075207707073614e-06,1.2581976291942148e-08,-1.6886518527348414e-06,-2.44194295254796e-05,-1.1064543378662178e-06,-9.860692712256752e-10,-3.0630198215932886e-08,-0.23222379923335457,-4.922061890882229e-07,9.334569676209932e-09,-0.00884156772309711,-2.7650344646513868e-05,4.784977790990315e-07,9.61452720080941e-06,3.5787684155948726e-05,-0.009589688946987631,-0.00639632111605981,0.0031843396029720417,0.17401562637851983,9.78576901449391e-05,4.53077378562001e-05,-9.364669942806397e-09,5.172878702988067e-05,2.0419361642320013e-06,-2.7214862785471198e-05,-6.793749683718723e-05,0.0008257313710369372,0.02586382515647209,0.002511140235747655,0.0004852153328717476,0.0024362848121421985,-0.11916834324757093,-0.0038637686700107705,-5.433693457580443e-05,-0.01546010977273155,-0.01836476514742905,-0.0045516971780473064,-0.10263155535442037,0.0029309601749663468,0.027931184242997665,0.03269604548859443,0.004835741134042961,4.6169327632158326e-05,0.03411963358891755,0.07157893745680699,-0.20747560846769159,0.045426493374202195,-0.058267246810622376,-0.025859538991695692,-0.10857931895050052,0.009487907910319254,0.0208431200380485,-0.001288592251044782,0.14117673509128556,0.0035961806935585,6.092542855601454e-14,-0.01636602187932404,-0.0012472583388746536,-0.013019402322482618,0.19386813471858358,0.1866102927331858,0.08915340432963466,-0.05700368064237139
29,-2.0713081137790676e-05,-4.827465976910323e-06,3.5288704726709604e-05,6.586600750213787e-18,9.694804633833171e-18,-2.906983429898902e-17,1.0752152538102676e-15,2.354704842155801e-14,0.06913202952076418,-2.4480973713870155e-14,3.9035910888189336e-16,3.3544607158220844e-11,-9.264631938117386e-12,-8.657920620088632e-11,4.627922217112467e-05,0.016657509043909034,-4.4127742985808176e-13,2.7148144310353234e-11,3.280723845286188e-11,0.1107204650304462,0.002537482065422162,2.086659443246508e-06,-3.2653928507272676e-12,0.000951293265560275,-7.204150862644204e-05,1.5844436816026075e-10,-4.0602468902216696e-10,-8.201572102365863e-09,0.003282245607579383,8.524696710869357e-07,3.38386426327474e-08,9.30650976769362e-09,2.0503090739865446e-06,-1.0477857448597452e-08,3.814807901144752e-06,7.357804660360996e-05,5.029865277308765e-06,1.1691917055467128e-09,4.1578984617488533e-08,0.7584076932805214,9.369120144860432e-07,-2.948058946719837e-08,-0.03820270191771271,-0.00036982833067757256,5.207494943259832e-06,8.180533024476149e-05,0.00019027559413986432,-0.034400839341488486,-0.0224687221863702,0.007746242337157172,0.4463629068032063,0.00028307082637026287,8.449734706182452e-05,-1.9277872823102623e-08,0.00012286095057354598,4.794108197855898e-06,-4.3536430930716375e-05,-9.801390308057843e-05,0.0011106258071752174,-0.0012359731674480487,0.003227757128370527,0.0005632415925116942,0.0029946526269850537,-0.14152601488433036,-0.004858899205159752,-7.179038170949876e-05,-0.017535762050280325,-0.0207012687131833,-0.005079016446584698,-0.11308649812367855,0.0031952722526028617,0.03011428368105327,0.034827400221552465,0.005229619844980168,4.85304032395539e-05,0.03531785257337856,0.0748275760617999,-0.20923309112483834,0.04509966099034582,-0.057258434807906135,-0.025071461337908028,-0.09796095841835717,0.011345197260869216,0.021328748029380673,-0.0018244442639961088,0.14032447553733596,0.0035719863833466405,6.204981039226535e-14,-0.016440023844027075,-0.0012777810317329975,-0.012439207136965606,0.1955078980837281,0.18660889775782988,0.08847354602963915,-0.03871753196885994
30,-0.007185565746691869,0.00528269395683999,-0.00737431061040729,6.223069890150812e-17,-8.302592786127594e-17,4.9576864713282076e-17,1.2073964430753594e-14,2.8086822110453506e-13,0.45803802695154133,1.5041450802509775e-13,-8.610960808509613e-15,1.1403552038573647e-10,1.5294150409597816e-10,4.671530584851691e-10,0.0001416975894807539,-0.39762144980914493,-1.8290507013162978e-12,9.580936365583947e-11,1.072453472443716e-10,-0.5340867938466629,-0.02553744189939707,-0.00017794820178468996,1.6896646011186683e-10,-0.005387999670861501,0.00022990750288354213,-4.94941764506739e-10,2.0925293461868426e-10,3.6674962698478332e-09,-0.0049843382521076425,9.723827078038267e-07,1.981909293077154e-07,6.120481017706137e-08,-5.184183390478477e-07,-1.9945986235501154e-08,-1.4134286996073643e-06,6.237872176836255e-06,3.6932021488464623e-06,7.549819982027777e-10,2.2323693263862066e-08,0.036027428666201206,2.9650494215784e-07,-2.3364248275370084e-09,0.11817114799358927,0.00029369018796563474,-4.248830524865455e-06,2.140427715286605e-05,-5.875800736795444e-05,0.17772174030564816,0.23003397787867857,-0.0037754044031146528,0.05280329938879199,-0.0002461063228312743,-3.403169079513529e-05,5.587530950033069e-08,1.1693366332900487e-05,7.272649376360072e-07,9.168071267008013e-06,-7.457811930382273e-06,-0.0005231535093407638,-0.004260078381848125,-0.0016346072547947018,-0.0012247045565019039,-0.0003772744091489111,0.08455525548604087,0.002457875901613221,2.6824590272478715e-05,0.001809916557416245,-0.03836763489542411,0.0062528434108720735,0.08582188634329882,-0.0008296311615061906,-0.07672713477614856,0.10338181290152496,0.0009271314550950249,0.15415559374198928,0.007750253630020585,0.15712442059343934,0.02970171940582019,0.004297116056315063,0.05803176762039861,-0.030519374591695625,-0.16664320051739132,0.023096821970941393,0.005892018261787314,-0.011716866141653048,-0.05802856221123502,-0.16901154854182274,-4.175309443770621e-14,0.12408796292123347,-0.038411790399288936,-0.1010137729103704,-0.14765554435231032,0.1777925464310907,0.08419582998315445,0.09545399143761753
31,-0.0024698957577176947,-0.010193983283814186,-0.0048903826197423395,-7.402759382174569e-17,-2.1779520866528406e-16,-6.037245652332447e-17,3.70441914583973e-15,9.529371809676413e-14,0.16508441431097587,-5.607712209820711e-13,2.3884173931450424e-14,-4.076654681381794e-11,-2.3023434760376125e-10,1.3180470628809014e-10,0.00011877249107897244,0.6988218969018712,-9.584367972360007e-13,6.363152050031867e-11,8.031472735429573e-11,-0.37341311045377884,-0.01280508143126062,0.00038146876815320005,-3.425396603039792e-10,0.006681586161916682,0.00012000573803687761,-2.829800255663969e-10,1.2901388761819254e-09,6.905345016064038e-09,-0.0033632233473662792,4.10392430460963e-07,9.846288048863964e-08,3.1332975752043445e-08,-1.4361932264783562e-06,1.435555327010317e-09,-1.6665253181499053e-07,2.6291298998748433e-06,-1.9064331394268495e-06,2.4386516882551644e-10,9.161251565935133e-09,0.01872309991214506,1.1729812529698052e-07,1.9393042946639557e-11,0.0017781836806598534,2.1985606775994576e-05,-6.906191066154133e-07,-0.00013082459242594972,-1.6950884579039675e-05,0.24857521385346068,-0.19422984208906688,-0.0007181537529260738,0.01800403528902856,0.00012372933609570088,-1.7430204561600986e-05,-1.6400180522452095e-07,-7.783560150096018e-05,-2.9851615182838786e-07,4.332609675018126e-05,0.00016026158017712748,-0.0003139114011108837,-0.0019746200123468404,-0.0012350294490484426,0.003068590647582751,0.002922057347736716,0.06120188488380548,0.0016230993538261461,3.85890547389572e-06,0.02904375606809965,0.1407776902963983,-0.007867660173537695,-0.1034647407616625,-0.0034769060091137645,-0.057018416165687216,0.0647047314892347,-0.003127331806440152,0.018698784982048477,-0.0290994366970359,-0.028275942723791258,0.04731841110306037,0.19439898572461606,-0.10006695137686276,0.03981675068731404,-0.019839951922645448,0.032937207592642466,-0.08449139269067195,-7.248553607964069e-05,-0.12002854532978326,0.12800960661533367,-4.036562512561026e-14,-0.25690680196748983,-0.06241040350897616,0.013039804088286852,-0.10250923960319604,0.11609363010138306,0.11957297548455623,0.019107801582732634
32,-4.277864647557185e-06,-7.173196376194896e-07,3.666073537084336e-06,1.3077001365318711e-15,-2.5947833630311004e-16,2.165899570529713e-15,5.7447335991891e-13,1.2485207032381629e-11,0.018276695464573233,-4.234688987934405e-12,1.8435753696610682e-13,1.191926660132703e-11,-1.1581234486466003e-12,-1.0683966255880121e-11,-0.005764606215016025,0.0021761597707372115,4.9841126581052165e-11,-3.2828283151161986e-09,-4.011278286229883e-09,-0.003991544151358444,0.5041185210134269,-0.0004409733552422642,3.811931143678598e-10,-0.17283246668803076,0.006197506893044415,-1.4421405864764241e-08,-1.242327989521447e-07,-5.643281995610109e-07,-0.47230838384953583,3.2593725099512206e-08,2.0089190914610462e-05,6.278961587432223e-06,-1.4609729228635058e-08,-1.1969990873593623e-06,2.4199681625657045e-09,1.0490917886354264e-06,1.4173968449696724e-07,3.4048386271527124e-08,7.094352604817531e-07,0.009667023423503018,6.033881968790235e-06,-6.766929184547905e-09,0.0676122291491964,0.001489575965973167,-2.1179990911639345e-05,-0.00044907766699579034,-0.0011559022432322064,-0.0016424407107143715,-0.01210783998679969,-0.0005289727223311328,-0.01872908783961504,-0.0008009079127157918,-0.002163429837432038,2.9417027409093376e-06,0.00040477164449123117,2.0781920465494752e-05,0.0003788906991095873,0.0007187327891965971,-0.007789420104500365,-0.01607807236858598,-0.002838200619376202,-0.012503996145113078,-0.002178733639533576,0.4596525130659984,0.022021507437903112,0.0004258096661292429,0.03921901369924941,0.03410496648533864,0.011218359518677406,0.22845840526194983,-0.003777940118299254,0.16821957494561907,-0.014505623516870118,-0.006451365993479092,-0.10630801079429067,-0.025069657125493052,-0.16844145327114357,0.026382057843999007,-0.007846277952024533,-0.07816907447538297,-0.13436745084678384,-0.04939575640142297,-0.05347257028888967,-0.02567569122825375,-0.003922402034629538,0.14798323010251313,0.004998699392055162,5.025217331243482e-14,-0.015863347115026537,0.11285028863709953,-0.036945524797068974,0.16340674811585837,0.16751881821077244,0.09764669794465883,-0.1403719231322536
33,3.5175161758925823e-06,-2.5842438171942172e-06,3.6015639413528057e-06,-1.0665854116788787e-15,-1.0910559552780289e-15,2.023145286418895e-15,-4.9081039885731e-13,-1.0674191563428006e-11,-0.014865107631861491,-9.691333295962047e-12,4.733726158596051e-13,-1.0436954465455797e-11,-5.745517049641819e-12,-1.3988183996407143e-11,0.005252032876894626,0.013898423974054294,-4.301471672818997e-11,2.930885154597579e-09,3.6486802305657864e-09,0.03481107541609588,-0.5168280136366347,-0.004606646098917229,3.993482303705705e-09,-0.361520068137633,0.006004676213513868,-1.1283152844248875e-08,1.1389855933564011e-07,1.4248027857134806e-06,-0.4459034676453311,-5.164555711588794e-09,2.900256553066055e-06,1.054600353948738e-06,-4.036445817890584e-08,6.373343083395317e-07,-2.074860636373337e-08,-8.882711914827596e-07,-1.945832519120357e-07,-1.730534868613337e-08,-5.849822437664496e-07,-0.008054854150120874,-6.0530821350020284e-06,2.088117926367593e-08,-0.30080344991532465,-0.002504571401008941,3.3283148941344785e-05,-0.00028921801226766144,-7.351120477879435e-05,0.062204578444376185,0.0741644279258533,-0.00019055642929690977,-0.0014236876603370109,-0.001730010901159378,0.00044144524204081854,2.4566900785264285e-07,-0.00012491789359226908,4.464304295880632e-06,-2.619998753904985e-05,0.000387383632595139,0.002310661613521296,0.0038627362013030275,0.0009349505480325709,0.00570112728776207,0.0007772767437115608,-0.1624764477137114,-0.005549061779222139,-1.552112477554313e-05,0.014624814215833679,0.12663817103274333,-0.009558711158302096,-0.049447315478161696,-0.002468766940409395,0.022738005986468395,-0.10808451674042732,-0.009433635818284252,-0.1997435386405164,-0.0008491144023703384,-0.1629367278919284,0.0693800457140616,-0.012793086277241433,-0.006383275617754432,-0.00023014642792189605,-0.07053597927676017,-0.0820707996444804,-0.08529001036986315,-0.02406067938318432,-0.05898000400288898,-0.17131320221975085,-4.129840532535465e-14,0.10822003846655665,0.22858886174561077,-0.05462310947168228,-0.13538303314274186,0.1588301157163932,0.08976903151678556,0.04169845002747392
34,1.207755241492028e-06,4.9793993152437594e-06,2.3837402264473653e-06,-3.5745636251409745e-16,2.0475040930646444e-15,1.4073316037940855e-15,-1.6181244612680316e-13,-3.5195219444955196e-12,-0.004963389854241401,2.0127230691475086e-11,-9.509114934743965e-13,-7.394470450796812e-13,7.812024106368273e-12,-1.6219844428669014e-13,0.0015936476184549814,-0.020951072451932378,-1.3235927692069772e-11,8.942147834726307e-10,1.1099979430049265e-09,0.01465548676117251,-0.12528231450804175,0.006550205009022775,-5.6908549804920326e-09,0.6065172551585702,0.0017793949250519952,-4.594505064687908e-09,1.5909891893494537e-07,1.176320241178052e-06,-0.3545145995098288,2.0855303487871816e-09,3.3017987445359148e-06,8.957533565367718e-07,-1.2808682659413537e-08,-1.140522519636344e-06,-2.4597230008165966e-08,-3.0754466477303646e-07,6.123617188212064e-08,-2.083709370581492e-09,-2.5296566108694656e-07,-0.0029461716136743536,-2.379563916898632e-06,-2.253848203243827e-08,0.014012632792277786,-8.958928311956168e-05,4.7101318388245e-06,0.0011021565349458992,-9.352785390143025e-05,-0.023158293759779108,0.012784987734675375,0.00017210117620485973,0.0027755967164788445,0.00037217552453956834,0.0008996395414150803,-1.1379619524486422e-05,-0.0014682248474544102,-7.942270296463412e-06,-0.0010280573840221185,-0.0023017795196802527,0.002098781568671783,0.00429204751433717,0.0012532800300316623,0.0006525798833165728,-0.0013438131861831584,-0.19303704445568176,-0.006203863619492033,5.3590320229677296e-05,-0.08494143755333192,-0.42005069316170945,0.024262487576883852,0.30075603256899275,0.005009736040225459,0.03962107694646674,0.070507478122706,0.0019232849011057546,-0.13533515787916595,0.01873997556528683,-0.054235502761617586,0.02449890224685565,0.021939699714610624,-0.04856802461703928,0.04087676341352018,0.04726970593796559,0.01340808641970908,0.06465799564578713,0.0032097054195204173,-0.12070104936915162,0.12951490016921763,-3.765658942647433e-14,-0.22460862002270876,0.04739280218387205,-0.13142609889836027,-0.09100499782725129,0.10615782292316316,0.12576050799570804,-0.022558533311357057
35,1.73568611787858e-09,5.621866095648238e-10,-5.884282077987787e-09,-2.7354746369671236e-18,-4.017824295553604e-18,-6.231636148727489e-18,-4.910361613793437e-17,-6.523768210025934e-17,-0.00023143763488457867,5.104739018479106e-16,-4.090897822266329e-17,-1.6958767689140798e-13,4.792681149248705e-14,5.08266743380371e-13,-2.0519711733095153e-07,-8.10349960976301e-05,1.821498969702493e-15,-1.1766950074719497e-13,-1.438833814291417e-13,-0.0007294783936817155,-1.7557900015746258e-05,-1.2973145788803462e-08,1.9894899511516674e-14,-9.337308141757968e-06,6.483538385480718e-07,-1.4140679241905307e-12,4.3535144116034015e-12,9.870625790441747e-11,-4.543536673772582e-05,-1.6372428380863938e-08,-5.18510050635128e-10,-1.4204958040968137e-10,-4.858758248914883e-08,1.8027124192747737e-10,-1.04034933916414e-07,-2.19484322691829e-06,-1.6578150281251438e-07,-2.4348221961323997e-11,-9.239754757181975e-10,-0.02312703429226882,-2.401479615328856e-08,8.909284514120392e-10,0.0021959504116208146,1.6873864822172957e-05,-2.4305418522640474e-07,-3.95431953858316e-06,-1.0201136187155785e-05,0.0021472189757443935,0.001417696027141986,-0.0006384556071378976,-0.03497606132815215,-2.0128422267248784e-05,-1.0109478476301228e-05,1.9480672016406604e-09,-1.0379480029859734e-05,-4.1005782593080065e-07,7.823378549190752e-06,2.9353828657728256e-05,-0.0006313641186274056,-0.7548165360157142,0.0017061351445521275,5.5059293624529465e-05,0.0007783793944583665,-0.021208024894425623,-0.001807816806648068,-5.850418818247358e-05,-0.000924965478649852,-0.0008537614484742494,-0.00011448732126071641,0.00013684376885526476,-7.167434087735013e-05,-0.001398538543462396,-0.0026544645238168606,-0.0002070157581452021,-5.605104766811435e-06,-0.006175469829435267,-0.010072770365812533,0.07132068580081455,-0.02302760530186448,0.03787389631100928,0.022805400853262055,0.2739331492438761,0.057845418434114386,-0.005005054908840025,-0.015915612241154505,0.11392737495923574,0.0028607415107437984,6.689449168078696e-14,-0.016358093507582775,0.00029122471992369664,0.015339037936227583,0.20913414501523522,0.17040559039782371,0.06960897180532019,0.5005274506743111
36,-5.096469085588563e-13,-2.2940280653773013e-13,3.4378382834015394e-12,5.357381448028352e-19,-8.871700455142971e-19,3.7305555039065966e-19,-1.2440406988352757e-17,3.4971166529640785e-17,2.70539851996148e-06,-8.105658800264574e-17,-7.635405594668267e-17,2.987897335312174e-15,-8.639121529218982e-16,-1.0388614991406194e-14,3.1729741505466793e-09,1.3741393151491975e-06,1.2458418059918153e-16,1.8857153068173883e-15,2.2438214409873556e-15,1.6719229810500698e-05,4.224641860259189e-07,2.8070465210326217e-10,-1.5535368150062513e-16,3.1756336485830057e-07,-2.0238878705883017e-08,4.382309219566189e-14,-1.6124277865973283e-13,-4.10456806426903e-12,2.1678860550311703e-06,1.0757196600695649e-09,2.733048302799233e-11,7.459043805621228e-12,3.912501745242337e-09,-1.0640847886831885e-11,9.586505154746136e-09,2.2030182548298301e-07,1.828890190743707e-08,1.7304977628971344e-12,6.992798517308434e-11,0.00237037574922107,2.0853058199812136e-09,-9.053718393252246e-11,-0.0004033387158827663,-2.5185135124433468e-06,3.703592342261073e-08,6.220328046563692e-07,1.7613406007302132e-06,-0.0004238840489968847,-0.0002825075107530579,0.00015929143714918753,0.008372448493292665,4.443149620834849e-06,3.3548871128279426e-06,-5.70734619219611e-10,2.6419568381495434e-06,1.0542117824698366e-07,-3.3777409266585595e-06,-1.6274543179685425e-05,0.00042777519810222264,0.6513430749897596,-0.0019264008784012948,-0.00016300328034437106,-0.0011504624981769455,0.04426122691174198,0.002282511047361353,6.0097593851660776e-05,0.004904255301624271,0.005780313674169211,0.0014246044114047992,0.03231130767549563,-0.0009385162946095683,-0.009220041537068926,-0.011346125472349686,-0.0015807876341915666,-1.7323534253766786e-05,-0.01453287962218132,-0.0279663280771939,0.1224032107484028,-0.03489250895156304,0.05408654230850591,0.030800057769276263,0.3338924865622371,0.06521630513301407,-0.010060012377551981,-0.018151848686398773,0.11083395933679044,0.002776356781138359,6.67157630809798e-14,-0.016437012134284126,0.0005937816043322908,0.019912388934024746,0.21225728624491927,0.16904113569775533,0.0673403656653151,0.5865396723869823
37,-4.688408585366033e-09,4.788695205126262e-09,-9.56130422639085e-09,9.291800772869159e-18,1.395008999631328e-18,3.942816954267373e-17,1.671907123135393e-14,3.754963625006554e-13,0.0008216214851394161,4.802739965284342e-13,-2.2545538929316574e-14,8.887151143322462e-13,5.013004986467928e-13,1.396509158691441e-12,-0.0003893661439682111,-0.0011362397115465667,3.0116217433386086e-12,-2.1258334192369115e-10,-2.6765147677082883e-10,-0.003933885935635569,0.06158247051955122,0.0004890727611193334,-4.1915406763695564e-10,0.06329811982540007,-0.0009543614007248922,1.7767481095764562e-09,-2.203295331298851e-08,-3.144827149855637e-07,0.11584467392734843,1.9989029465235194e-09,-8.50240939335013e-07,-3.077255539550848e-07,2.0532176748366488e-08,-2.150778926118494e-07,1.2803818931077027e-08,6.236188518158174e-07,1.5867692758634076e-07,7.426734268732023e-09,2.732077368883108e-07,0.005841463329165255,3.4257753683539224e-06,-1.4943053532507562e-08,0.7028893425059245,0.0035534898771743604,-4.9341344769924646e-05,0.0004596481863328364,0.00014570203374884193,-0.18061361178176671,-0.2220681856974416,0.0017135381266268144,0.009582741102344248,0.007643219740290236,0.00408150887683425,1.2302729711148321e-05,0.0013331773338874206,-5.2460026279786855e-05,-0.00010003543033078155,0.0010332328953589665,0.005166971669735679,0.00746973108525585,0.001619337270199464,0.008165620242697631,0.0012466880903719416,-0.24358923194903953,-0.009279154209015174,-2.781572452063605e-05,0.020004301209557946,0.17110870855499344,-0.012661331287488099,-0.06391768488404308,-0.003126934301501722,0.0282065354274529,-0.13112793160165695,-0.011769174543832379,-0.23665543230006192,-0.0009800683784806962,-0.19121727132409885,0.07698901767284368,-0.013932605856422201,-0.0068852335743179545,-0.00024589377001793446,-0.07396822558459124,-0.08475978130344883,-0.09665790832238742,-0.024906719054703992,-0.05901811398489826,-0.17132999597997334,-4.375931240221665e-14,0.10907732458751387,0.2595144067901135,-0.057952429836515065,-0.13675681216051952,0.15963156634632691,0.08971264544429546,0.043396965991549456
38,2.5396033319457293e-08,4.2524471792650455e-09,-2.1860015076905096e-08,-2.1216002445649482e-13,4.814216874157676e-14,-3.5267809545058456e-13,-3.3050740607644286e-12,-6.929312990987342e-11,-0.005576883125511567,2.118590446945447e-11,-9.769175581129138e-13,-6.408346582479242e-12,1.4555264413947467e-13,2.67399094273749e-12,0.012489443155771036,-0.00023028913428026812,-1.2033401077848812e-10,7.415462893736674e-09,8.823152864125018e-09,0.01264177197240582,-0.49333188580409654,0.0016613419484987114,-1.4557946224395615e-09,0.16996672987459333,-0.011987308594619729,2.681410751405951e-08,5.565542186779368e-09,-5.40724727490019e-07,0.464440465530453,6.781914145273132e-08,-8.213956137037513e-06,-2.6160378867129426e-06,1.1325776769307221e-07,2.8968395833055916e-07,1.4482747976648363e-07,2.4307844020087118e-06,1.4421815435924396e-07,4.198935591323023e-09,1.928193487243154e-07,0.023076738653736058,2.269284574081537e-06,-1.5175984761303313e-09,-0.01362091769972474,0.0006360903933729658,-9.406865083702531e-06,-0.00037123617460084213,-0.000700373075036909,0.016720781278620502,0.010822473672604256,-0.0008197286268666249,-0.0287643436126592,-0.0012855147489862315,-0.0021580339939459145,1.6406730586323422e-06,0.0002461901219626259,2.0579612519603046e-05,0.00037045974734324725,0.0006269957091564778,-0.007574448784408552,-0.017668650784379597,-0.0030240201921188565,-0.012770251441933729,-0.002341988630764042,0.474327636035629,0.022006756101901045,0.0004054064337176585,0.04058689068208204,0.033696750628078566,0.011847155167619966,0.23792580702491728,-0.004012786332428359,0.1678301582118282,-0.01413439112455855,-0.006577385457186626,-0.10197738555055004,-0.02895241303164927,-0.17458572716486584,0.0432376669259837,-0.01189992452899489,-0.07763241228876716,-0.14055746525453194,-0.04321849757819233,-0.057572937435908876,-0.026840260339322165,-0.0039380374377512364,0.14840461733167473,0.0050932299572570006,5.00173106455461e-14,-0.015811400289413316,0.11191181901298505,-0.03717262233723019,0.16054922096863114,0.165330082553253,0.0982737534689045,-0.14562020524192557
39,-2.0881750096623322e-08,1.533301511446624e-08,-2.129041030283055e-08,1.7459673405130474e-13,1.794449036529271e-13,-3.646573567459687e-13,2.7148652413301744e-12,5.690788536614098e-11,0.004567588699720867,5.287358329374407e-11,-2.651405498479594e-12,5.58691783270698e-12,2.0505095790224417e-12,4.3080865025339035e-12,-0.010402559229037218,-0.004665647764185134,8.956161547133842e-11,-5.92194735936366e-09,-7.344015902090101e-09,-0.019982468597114375,0.4450555998500791,0.00813737998632309,-7.186246289719286e-09,0.2901982392617946,-0.010548203967599805,2.2328737457228074e-08,-1.6705768799155584e-08,-3.738250654310463e-07,0.3182853377317814,-9.32938682133441e-08,-8.851153973577144e-06,-2.761931938184982e-06,2.380235356525615e-08,7.033337631496246e-07,1.0179178586773915e-07,-1.4876888051719586e-06,-5.216696032205712e-07,-1.859067306285339e-08,-5.032106778507763e-07,-0.011973171195782938,-5.5956337132267745e-06,2.094544451355144e-08,-0.5373697092552873,-0.003575979838381992,4.8617044822076733e-05,-0.0003815975897363367,6.108727261516679e-05,0.10698913469939862,0.12853774942882948,-0.00040993633219310805,-0.007014569641573309,-0.004196010484715459,-0.00070255878449338,-3.857028384593268e-06,-0.0005814250925387779,2.0234289603565528e-05,-6.104173244046965e-06,0.00011494805217720755,0.001549899381211454,0.00340311613681203,0.0008885691639081136,0.005233821197183403,0.000709904784780331,-0.1508623889210395,-0.005012769124985833,-3.152461969183945e-05,0.012107339452680289,0.11620359195558884,-0.009456679510277635,-0.05878100706662834,-0.00215813086407428,0.0242165344659629,-0.11147757873958399,-0.008761718540856854,-0.20390564081312143,-0.001207817307321001,-0.16907595514657772,0.0674815912786149,-0.013450414056550597,-0.01069283371014653,0.0030729885279712358,-0.06021063992104555,-0.0887872265187169,-0.08552729980100192,-0.024509321013263214,-0.05907110665212048,-0.17151263410856696,-4.246744691743362e-14,0.10643006274085569,0.22961254400085265,-0.048226312530441226,-0.1336354436801741,0.1565887114030873,0.09023669196800758,0.03675745417604673
40,-7.172216308241538e-09,-2.9556167827377628e-08,-1.4095260057212533e-08,5.984952783473353e-14,-3.4328857962134386e-13,-2.362574875707019e-13,9.323675917238855e-13,1.9550753870332888e-11,0.0015431746845094253,-1.11025778108292e-10,5.439982321451658e-12,9.744610506150765e-13,-2.739655559818396e-12,-9.614129263689321e-13,-0.0034835826671617567,0.006709019366194933,2.9621182892239415e-11,-1.9743196839922765e-09,-2.4627720741282025e-09,-0.00717179016909334,0.12304812931921937,-0.01442530600287648,1.272956941395688e-08,-0.5942832820663982,-0.005640467883018173,1.3478710558194062e-08,-1.30653497465623e-07,-8.934933413380788e-07,0.34750399246019975,-3.968675954913186e-08,-6.04951165634974e-06,-1.8594424937461363e-06,1.2066633714386797e-07,4.758647032295474e-07,8.820065350874195e-09,-4.1398209471833934e-07,1.63436934326663e-07,-4.929694693500387e-09,-9.853407138223568e-08,-0.0034308665761121782,-1.0571478079380618e-06,-5.866326640139791e-09,-0.01088690525334183,-0.00022194815433838026,4.999086219213777e-06,0.0006338307390432872,3.3443054972299775e-05,-0.031030665788128468,0.029847053503896104,0.00016933381676849623,0.0013237652362889489,0.00010979443745445898,0.0007049176448765915,-9.02410266618827e-06,-0.0011009490664608968,-5.5459016851308e-06,-0.0008740856182927907,-0.002067340848233892,0.002026224860778435,0.004374544469311729,0.001314898544581099,0.000477590947670092,-0.0015015877049003577,-0.19684670359473194,-0.006316727798481257,4.0540817085026166e-05,-0.0874011502173038,-0.4317937156237551,0.024895327010624847,0.3090048280534142,0.005422397038057729,0.04303943481904594,0.06797346830498775,0.002381182554778147,-0.13828727070707678,0.022005331340510192,-0.05104342290725123,0.021293562532995965,0.007222824969230972,-0.042782590788627006,0.04051609475732822,0.05231359374052594,0.011877531062942677,0.07503093188443222,0.0034903680338753034,-0.12065330740073207,0.12953420194584012,-3.745365753612041e-14,-0.2212148380836151,0.05234339393867748,-0.1404063783899303,-0.08971296960792335,0.10496181575832643,0.12618058615741629,-0.025456718807166764
41,-6.219232792803088e-12,-1.0402590197807883e-12,5.4034582565870725e-12,8.624012281985602e-10,-1.9758476864638756e-10,1.4503161240702815e-09,4.5292276438410643e-10,9.143783720083209e-09,0.00013697042531725758,-2.56742280061471e-09,1.2536137461402335e-10,-2.9145716651879014e-13,-3.511169242805708e-14,-9.743399211811905e-14,-0.5331070468909807,9.675751282274325e-05,6.257059523261543e-09,-3.426184794969231e-07,-3.8516240571243e-07,0.00027545728150621835,-0.004101876439034383,-0.09489788107727011,8.484576234940226e-08,0.0022615645313162286,0.457875975713713,-1.0129631951509827e-06,4.141178466030517e-06,3.4313761125582e-05,0.0033505049573804785,-1.5639231066216849e-09,-0.00028980057314079497,-8.989325059102451e-05,-1.1248717060975577e-09,1.8617005690887457e-05,-1.925014145256954e-09,-7.155109491898018e-08,-8.402620195847182e-09,-6.646084546477533e-07,-1.2980866807963698e-05,-0.0006740288629710914,-9.806730052103133e-05,5.360379622526011e-08,-0.008356812722633535,-0.013722785014058811,0.00019725012701039116,0.006416104104429809,0.018312641837461133,0.0008044567226284707,0.0020230191530032486,4.595798784618764e-05,0.0016470294135732715,0.011188159889904379,0.013678759351977448,-2.2611168207997973e-05,-0.0027105567460755323,-0.00020275632860269506,-0.0011533904860010278,-0.003223421834644483,0.026934033820802516,0.0037749276089654935,0.0008646959226022327,0.0070240131892501485,0.0006591620929631041,-0.20429428378496328,-0.039603013227514125,-0.0014814717969749514,0.009959659318997552,0.023861081592889986,0.0022184539659658936,-0.011110714992200243,-0.0034350215888617713,-0.11950775337859507,0.04632139888792821,0.004188485995567318,0.23249765687971355,-0.09614799250747146,-0.05049238977839333,0.40051500818309366,-0.10082531812037702,-0.013211346879447463,-0.22242801728527847,0.12729098990306884,-0.13535684543585544,-0.017062863419262903,-0.0012375940838832648,0.156157940180258,0.008063266053134815,2.012755994233836e-14,-0.013111327593834756,-0.0906158245405549,-0.00808779306190389,0.08099394847400057,0.09867604073415945,0.1114242426864454,-0.22864442377243296
42,5.1136111821170534e-12,-3.753117281615607e-12,5.170802322976695e-12,-7.104177536606815e-10,-7.289076163539348e-10,1.4692646876231345e-09,-3.710250950489348e-10,-7.48949733515413e-09,-0.00011272340650896474,-7.180430229928227e-09,3.708064963597412e-10,2.285800767841254e-13,-4.536351345850063e-14,-2.0381391805624836e-13,0.441009057112665,5.202130880873906e-05,-3.7790118154962675e-09,2.51524834143226e-07,3.184343951641449e-07,-9.457949203104971e-05,0.0038568476721883567,-0.32238068627250777,2.921783432375135e-07,0.004046360375689603,0.4443777416470349,-1.021780239177722e-06,-1.9472823009684963e-06,-1.724776543267652e-05,0.004228227227966507,1.4070918426276936e-09,0.00012503096831666973,3.63255396186213e-05,7.412905237155398e-10,-2.4264273866550494e-05,-5.762384159579809e-10,5.7098588269509785e-08,1.4931679798744556e-08,4.319020518511394e-07,1.3135050094970798e-05,0.0005076629178121659,0.00011876627219609598,-3.6994492519105867e-07,0.0251679134298879,0.017772467064990607,-0.0002105329756926114,0.0032444685922297187,0.005041584965029002,-0.005247455884124744,-0.0064474819703885045,8.232684965694082e-06,-0.00020460295174833383,-0.01854532738842855,-0.019255624624422055,-7.123196993870982e-05,-0.006400469527026263,0.00017557063344743014,0.0002656873632290306,-0.007243165284645061,-0.01475455256614682,-0.0023387469324890834,-0.0006314723782153604,-0.010066454260742026,-0.000688708080654342,0.2098393899888656,0.0051574354117137405,-0.0007419448191532837,-0.08752213484524173,-0.3386295439216595,0.0014875400544813425,-0.3471673737626781,0.01046380876243807,-0.061316581397724446,-0.03325712474010818,0.024778664282169648,0.00998153755745291,-0.0011349438413446175,-0.04435965877081578,-0.046236444360579894,-0.018179616674181755,-0.09323920639194241,0.10212475484268736,0.2186187389490765,-0.2228232142904342,-0.00523545729122952,-0.027811584167479884,-0.060413043677624616,-0.172460860018168,-2.663908364945996e-14,0.055352354026652104,-0.009643921581221888,0.1414677819902484,-0.08105893486102246,0.08862592439037793,0.09941931361280058,-0.08117353274791268
43,1.7567801850574338e-12,7.23659664521739e-12,3.4286073149514486e-12,-2.432907505986828e-10,1.3967097591595063e-09,9.601281985360662e-10,-1.2750836975207172e-10,-2.574821758627616e-09,-3.837187552648359e-05,1.4561185507597328e-08,-7.411420791165515e-10,1.064229700634746e-13,1.1439903641951504e-13,2.9510196516686997e-13,0.1495211636020453,-0.00021812359562452583,-1.1499510507449215e-09,8.223094618535359e-08,1.0807496978727639e-07,0.00011680379253704238,-0.00026357171788148547,0.6233622936274185,-5.628911014866173e-07,-0.0035894705077747775,0.3031711380577682,-6.960012978932848e-07,-6.118264422551408e-07,-6.135898197767817e-06,0.0025810433769614376,4.678621190032643e-10,5.194853154255778e-05,1.9797103493971575e-05,-1.055375048196982e-09,2.1363797806307714e-05,6.005154809806471e-10,1.763943881722503e-08,-3.307620555556172e-09,7.940651769053085e-08,6.3806525708134975e-06,0.00016408724478238066,5.6483213630453017e-05,4.882504330053143e-07,-0.0004488161315628441,0.001984880001743383,-8.586437321711364e-05,-0.018033304999406148,0.00396858921666704,0.0016365453365442884,-0.0010097030878737792,-1.965934964371425e-05,-0.0003763965424104891,-0.0022855658861316718,-0.006377122244670806,0.00012060826333002861,0.017690103579919448,6.063521804352549e-05,0.007793012288278289,0.013644194262957989,-0.0041787961231708436,-0.0012205510309657532,-0.0003598334938419205,-0.0011030050026356651,0.00022174460145973568,0.0801109971523346,0.0018716665621809788,-0.0006386173365929521,0.029811324157741438,0.17352452839696506,-0.011997031890480375,-0.12437305377526602,0.007419690051707814,0.01375793722702256,-0.07694878667908815,0.012343910155826383,0.007631287658144381,0.08210859737770577,0.1370321737840221,-0.08383231314934964,-0.3539041093591229,0.13197333885369053,0.02128259634249876,0.15864933486153923,-0.02437821922810798,0.2644325949186969,0.010008115180341691,-0.11675808139762094,0.1274775168452902,-2.2053988340750096e-14,-0.12036430095298872,0.08718787378634099,-0.2859450098175526,-0.050502009621622435,0.06711409254598569,0.13406708417068275,-0.08078274906411899
44,5.985453724318998e-14,1.0002844198590373e-14,-5.299842890031518e-14,-8.88501052593114e-08,2.052892479043569e-08,-1.5041667693598298e-07,-1.4568973437750606e-09,-2.826743213946641e-08,-8.295369692543768e-05,7.491576718304796e-09,-3.861229507085047e-10,3.816178855637117e-13,3.567890874585155e-14,7.598718711940464e-14,0.5298690574428716,-9.826057652093541e-05,-8.48522859421397e-09,3.895615280302712e-07,3.9068060795786317e-07,-0.0005565171128372216,0.013874449230594424,0.09425924908299037,-8.669751318133543e-08,-0.005874493408240841,-0.4550583231667487,1.0460952715603995e-06,3.039165682640759e-08,4.439549126891952e-06,-0.013220801190542163,-2.5754392869622924e-09,-8.431405699376776e-05,-2.577638403391914e-05,-3.407180557915647e-09,7.567504143334876e-06,-4.619263458238006e-09,-1.1054015600899175e-07,-1.034416308683813e-08,-3.3825409074525094e-07,-8.356422362104122e-06,-0.0010457355928247501,-7.158697172733205e-05,4.5668959249891713e-08,-0.007999035006254132,-0.011383669819074248,0.00016285772877332405,0.005135509665347082,0.012695864190798201,0.0005393093621691937,0.001824511720984662,5.8014021884643095e-05,0.002073988087173312,0.010244833622650572,0.012880238051487065,-1.841107878511027e-05,-0.0023944244529446298,-0.00017841998559943125,-0.0012194014460082067,-0.0029227520092498464,0.02542695977550479,0.004046233806932469,0.0009121948816078804,0.007301904886881356,0.0006992621941053478,-0.2131593380229704,-0.03816233640484559,-0.0013706884443171782,0.009816221319084547,0.026251168289979396,0.0019398501980907993,-0.011231283223421314,-0.003462508287361674,-0.12157184080283574,0.04704786843327654,0.003915708243896637,0.2336497064822721,-0.09565857963805298,-0.04612670035054491,0.4022633928128206,-0.10032028379098462,-0.01129517032769974,-0.22211210044128946,0.12949674562906596,-0.1359534117284591,-0.017438691942584985,-0.0011112688969306275,0.15635766280286317,0.008137504477228262,1.983407891851644e-14,-0.012991537202529827,-0.09389723836558694,-0.007166936636526773,0.07889115337374536,0.09678484130594892,0.11169350587426968,-0.22860692135131327
45,-4.9221572579375066e-14,3.611440236188899e-14,-4.896321277976148e-14,7.329964697851271e-08,7.510210627931432e-08,-1.5072534012412507e-07,1.1882075735801416e-09,2.3048143342111633e-08,6.8855332794964e-05,2.2657836988755655e-08,-1.2103825144057494e-09,-3.0984757576036957e-13,2.273090994068361e-14,1.6123879137986742e-13,-0.44240891253970865,-2.867731327372208e-06,2.6336515885231597e-09,-2.279565280052913e-07,-3.256766323417691e-07,0.000424108197716026,-0.01252918390478802,0.3245664346061009,-2.999433312715847e-07,-0.00940144233266749,-0.4500558309253167,1.0339432218595347e-06,-9.791073850965544e-07,-8.753546371544015e-06,-0.009180041627362096,3.080813672866367e-09,8.718904190608348e-05,2.6483120698598113e-05,-5.2841913598714905e-11,-1.0691638615502188e-05,-2.589077520693625e-09,7.742854811172596e-08,2.2923508815818247e-08,2.737333900412329e-07,7.060840266006528e-06,0.0006648156055624742,6.763024439947585e-05,-2.2175614968205367e-07,0.03274629708271235,0.013380068444474784,-0.00016156261154347818,0.002068465475188006,0.0018474131314204691,-0.0067375835018299215,-0.008237355239963691,1.424428733806169e-05,-8.945199226539364e-05,-0.014969248973264826,-0.016804578202559775,-5.8959726887851955e-05,-0.005218321759698995,0.0001521540907874291,0.0001929449603078454,-0.006501636445879103,-0.014332675016108475,-0.0023502748268247353,-0.0006341837399772001,-0.009944494654081454,-0.0006865538088086478,0.20812633056032126,0.005932575108906028,-0.0006477883762176063,-0.08543230102184267,-0.33291767929798305,0.001704415804038307,-0.33745523754393025,0.010342337013554302,-0.05963871265377039,-0.030313763085696874,0.02451159200451691,0.01286627065149678,-0.0005006940599029143,-0.039690699476556804,-0.050454323593964095,-0.016960757023788003,-0.09400358235706806,0.10410884915718557,0.22299775857305273,-0.22437646979984255,-0.003469255770079404,-0.027692201359795568,-0.060420457508539464,-0.17243261106903082,-2.6552283601550358e-14,0.05398447609093999,-0.015003503197919302,0.1448845731507276,-0.07956176604247117,0.08670317359436341,0.0995853299625126,-0.08284371269957594
46,-1.690988414494776e-14,-6.96304184788201e-14,-3.2604233222441896e-14,2.507411898126507e-08,-1.440201839314866e-07,-9.902149234860887e-08,4.076671833639649e-10,7.911773483282275e-09,2.3298745143299046e-05,-4.4724359303918e-08,2.368580146274431e-09,-1.234145173188889e-13,-8.503945277413533e-14,-2.761282860966835e-13,-0.14859279813196347,0.0001509965642500461,3.192871625210353e-10,-6.408161233310944e-08,-1.095733652287606e-07,-6.93820030841874e-06,-0.0022293802164689964,-0.6195701805692228,5.714041775463282e-07,0.01551763702998729,-0.3014482018316148,6.946325672178672e-07,-4.669009488514598e-07,-3.788588266985116e-06,-0.009611534983934912,1.2424354412768207e-09,3.8012684592906826e-05,1.2347908745264474e-05,-3.433187538402204e-09,3.5423476870911092e-06,2.493277590969605e-10,2.3137889412770613e-08,-5.9480817062448225e-09,7.477680378727618e-08,3.0565131192752384e-06,0.00020700595223502826,2.9157723796215914e-05,2.6845679415613107e-07,-0.00022868132871513777,0.0016148313144244216,-6.34696087990377e-05,-0.012846107195784143,0.0018406458257817094,0.002087561569538411,-0.0014684918706873982,-2.1716100014314837e-05,-0.00038678510673346463,-0.0018502199729407238,-0.0055021420568201265,0.00010123971056091524,0.014368405546380547,5.2753044712752694e-05,0.006846875666574456,0.012413015020064816,-0.004208232202623458,-0.0012816593752591888,-0.0003784950325113466,-0.0010947864290753468,0.0002443396960244181,0.08272099339350955,0.0024052707448683685,-0.0005711260116240043,0.03141587169393794,0.1807569103014147,-0.012348268290820866,-0.1282009650323158,0.007134016412981608,0.013415043790672609,-0.07799444837848483,0.011980890581260539,0.009859593982213886,0.0817819754685727,0.13794682154989613,-0.08605534321234586,-0.3566936182798784,0.13454503590931202,0.02090195922709251,0.1593777740039884,-0.02481955129605292,0.2628265480803859,0.010120992799533744,-0.1166468670207511,0.12740833768848625,-2.1777636081731357e-14,-0.11757597300304129,0.0862876088608407,-0.28629878614304677,-0.04940904920790997,0.06599949411195666,0.13420417999249676,-0.08110663201841357
47,-6.269827693161666e-19,-4.796038137936617e-20,-1.456551046425678e-16,0.5336053642098135,-0.08934005036929303,0.4549660898912355,-9.00773449879251e-06,-0.00016187861054908512,-1.182958431659999e-08,2.9010080936021067e-05,-1.6350075813625173e-06,-5.019298998461467e-17,-7.668823758201453e-17,-6.115080170177523e-17,0.00013515345771317484,-2.859551874245408e-08,-8.56849118643835e-06,0.0001728579934252991,1.6503945755562e-05,-3.126193516582096e-07,9.116720021794635e-06,3.4630837759449376e-05,-3.3381587824023007e-06,-5.81115098275176e-06,-0.0002569984484882499,2.7302409635801547e-05,0.0014579050243945016,0.010762281177399947,-2.2953948194854e-05,-1.8798767332047095e-11,-0.06500694367241082,-0.020304371741024,-2.6619513469452473e-11,0.0033472981427563166,-5.3572242436045065e-11,-2.7218722635496024e-09,-5.062322144699095e-10,-8.546123923694841e-05,-0.0013066727738600603,-2.7388933084871595e-05,-0.006739939582056938,1.9068954486453693e-06,0.0017400033087470828,-0.226031685589161,0.0031369086900611093,0.1042654105447188,0.34991197934039175,-0.00010336068101128016,-0.00030362163516599024,-5.226645486524022e-06,-0.00021051199981069133,0.018964220662713385,-0.0346621263112125,3.251851871996756e-05,-0.00037404194219238176,-4.808055745465454e-05,0.0002984040297018377,0.01852114683419885,-0.14043832960777794,-0.0003080863733911789,-0.00020932667029185186,-0.001062690776925873,2.825011381567322e-05,0.018176492384359425,0.19469438238526274,0.010599535067192514,-0.04647610354988107,-0.00847618831134392,-0.016359473395019652,-0.027944042161586604,0.0067768154403211,0.023122406382575688,-0.03240977193999393,-0.014241810883909673,-0.20056919119954753,0.10099988491154444,0.18908161996365913,0.06448371543279739,0.1553872623030228,0.22574989032428563,-0.06923217827786858,0.0575712563527843,-0.02994876125280168,-0.05822184667909597,0.01899160593426453,0.17772019146835594,0.01778225386037256,-3.1713932156959355e-14,-0.004031575011305112,-0.05189025918287019,-0.002260951114216302,-0.09621594188530752,-0.066851161301664,0.13498691736053609,-0.03472330508678885
48,5.155162986895659e-19,-1.729561522261689e-19,-5.263863408889874e-16,-0.43871148379396896,-0.3226702124262466,0.4506424522344949,7.15639047011399e-06,0.00012842775635382906,9.840452233726492e-09,9.212590731348571e-05,-5.287993637372057e-06,-2.3450935894326624e-16,-1.0330527318249218e-17,-2.670335192010375e-16,-0.00011279249404227314,5.1456336394641e-09,-5.98655555131795e-06,0.00011918982967850514,-1.2522037785774346e-05,2.580217242183822e-07,-8.060714064580706e-06,0.00012003650683210432,-8.55727035792539e-06,-8.223723663888685e-06,-0.00025514479281249313,7.786364148919008e-06,-0.0008675478638849915,-0.0058425080831033495,-1.0139187294147882e-05,1.9646431553432597e-11,0.02420263719826459,0.006975519483246746,1.1247238455695953e-11,-0.004459185030529,-1.2970950172017778e-11,2.3119416854715105e-09,7.911886255880293e-10,4.7385701592170165e-05,0.001439839083818621,2.2455763306873418e-05,0.010123809417839382,-2.433330869359532e-05,-0.0026439102002693907,0.3735989833677475,-0.0039771744525068905,0.09241626733593651,0.1935918526393997,0.00038834987476651716,0.000404097918386213,8.624837686463966e-07,8.246146555798781e-05,-0.08153150167064456,0.053377764432295534,9.771854685967797e-05,-0.008033555348971015,3.597537172372959e-05,-0.0023143682463592336,0.04090844555805958,0.02925651340455996,0.0001633682169879456,2.3298160272875808e-05,0.0017977114532430557,0.00012069469497937985,-0.03560232379576997,0.06663487364747832,0.007074893143268121,0.06821040702584137,0.04307080519423443,0.016959162379681016,0.06460652022715377,0.018541243439944115,-0.003655066025661134,0.027232530719716472,0.053646319692326215,0.16851555612407948,0.06391016553684718,-0.16621988886601125,-0.08719099277756591,0.22661808628962643,0.21249696910814553,-0.016887402194544356,0.07106373809859226,-0.03629695951324786,0.19017142653678432,0.01963935989693535,-0.060706731111240184,-0.16645652924641374,2.16838841637657e-14,-0.07147373118731866,0.10013286582434532,0.033557936761410515,0.07141371470199788,-0.08689009292310088,0.11115190686121942,-0.032190696664379854
49,1.7717726617560682e-19,3.337395586842888e-19,1.0159930128128112e-15,-0.15080247103574207,0.6225963598097038,0.2988435251770827,2.47767928273368e-06,4.450923184884669e-05,3.321896601332244e-09,-0.00018003954825155586,1.0291752123727968e-05,2.4700404352243317e-17,-5.799669862729242e-17,-1.402219776856524e-16,-3.785604644662615e-05,3.536307521317751e-08,-4.053740252837911e-06,8.144648853955188e-05,-4.39003636958017e-06,2.6726606885047318e-08,-1.7908001980140992e-06,-0.00022913269651191032,1.7191744389856455e-05,1.5962039591273308e-05,-0.0001705369397178662,6.173914168174469e-06,-0.00032310935696321,-0.002272731888726577,-1.4810020495975269e-05,7.229732616198139e-12,0.010883254311327613,0.004355133359896356,-2.3482191922894493e-11,0.004761829510744059,1.4861149707237813e-11,7.111938157932287e-10,-1.1336521161325819e-10,5.585322535179311e-06,0.0007739344455756422,7.147132137076862e-06,0.005364430068197581,3.652900534158896e-05,0.0001190499269802126,0.02986015048447029,-0.0018815443263510798,-0.41497320883384353,0.13049213632156753,-0.0002002664808314121,0.00010657237500832623,1.424744210233368e-07,3.321304897000891e-05,-0.00986530617833333,0.019986637489182155,-0.00018067080934052232,0.02614178732728588,1.6947852184948387e-05,-0.044110902422787326,-0.08423710863351536,0.004780703725578141,7.421051766758769e-05,8.770778169540757e-06,0.00033752191213886197,7.814755558283712e-06,-0.01364106800169576,0.03735545469288765,0.00603475549768456,0.011672582380502988,-0.027987134664011103,0.00688844816494089,0.01848531976775731,-0.0303318474948502,-0.010348630658465589,0.028818107267810252,-0.04384799779117166,0.07157964637189171,-0.08572840066801307,-0.13189200394098718,-0.17245685212438538,-0.06814297747413944,0.19518129612844481,-0.02062365014303712,0.044455488937257176,-0.014367804237984368,-0.32910989992016776,0.01599854799080552,-0.11002874967506321,0.12553245582040662,1.7857434002088352e-14,0.12043840020954548,-0.08071331422090611,-0.06959547715880374,0.047849620378764085,-0.03016038977526388,0.1487427577866184,-0.02176713689843463
50,6.36951117357854e-22,4.79975067770314e-23,1.4924887887828636e-19,-0.0005463079256629886,9.153847399456626e-05,-0.00046671260931639875,0.0007408899330985991,0.012899197572661511,5.75137808548194e-10,-0.0022356942742628393,0.00013056348560720648,-1.6802674217273707e-18,-1.3849000240102753e-18,-6.042776839600528e-18,-9.364082810423202e-06,2.137366676212663e-09,0.0006249794575266668,-0.012131807077508456,-0.0006312998091791316,3.7517290485748835e-08,-1.2182284692828655e-06,-2.6483349552099506e-06,0.00011825420972290732,1.1512544622703366e-06,2.516836777237162e-05,-0.0007685607828497527,-0.02291524751283806,-0.15193658430118812,1.4272481417747989e-05,-1.1539405054212948e-11,0.7467894791959263,0.23469599262295002,-5.163085174982907e-12,-0.031831191378010826,-6.468113209452787e-12,-3.6991558611807664e-10,-5.415372243601673e-11,0.0006321897186036921,0.005738923406493034,-3.4073102287546016e-06,0.015365714469126457,-5.382057608632601e-07,-0.0006824571762801347,0.01752606596996123,-0.00018857183337314955,-0.008340782301206587,-0.014213053459290729,0.00016131640758114196,0.0002842626472402299,2.2314413078107282e-06,-7.649597920675383e-06,0.07603152712228928,0.047078452285972114,1.5053023619646662e-05,-0.03160419788863007,-9.160685866416476e-06,0.05756475232164619,-0.05827332901559599,0.32604106721765125,-0.00043175534266398115,0.00011930776527222904,-0.0015588564305372148,-0.0002453241918511848,0.04612275475541197,-0.32140010455625295,-0.010223699948455494,-0.018467748659656988,-0.013274105953646198,-0.01926116280812509,-0.021323629186674332,0.007310248910127645,0.02110315864465952,-0.023579250104962694,-0.011870657772380827,-0.13747962372705835,0.0464534160246089,0.1221058988181921,0.01551586977086207,0.09056542155782199,0.1251198975506222,-0.02310136035168939,0.02644060490120798,-0.006633929670220045,-0.029233932565709744,0.002800015605754013,0.17662947580203353,0.019005920094742428,-3.5908415778869897e-14,-0.002755113938373301,-0.023540408045904637,-0.0008331116520475751,-0.11098405053834068,-0.08160178270988587,0.13432895039786255,-0.001795142984133623
51,-5.223886250124647e-22,1.7243198540138934e-22,5.374435484890697e-19,0.0004480223905086694,0.00032944367766857106,-0.00045993790929650045,-0.0005681607334475284,-0.009865554464097911,-4.2218766650628153e-10,-0.0072492970934166494,0.0004290036098733171,7.946296959509056e-19,1.1666746054119068e-17,-1.6530327366194006e-18,6.563913005974529e-06,-6.33741035436435e-10,0.0005232018000588417,-0.010089537745181022,0.000442126431126639,-2.36991338189339e-08,7.678397100823061e-07,-6.918951397038265e-06,0.0003212852329158689,6.289019161703711e-07,1.4245392330986426e-05,-0.0004332756968946387,0.009555844994778073,0.05095582008262671,-5.138921161511277e-07,-4.1620370375693065e-12,-0.06818412703804316,-0.014191307800347193,-5.127708930534618e-12,0.03725729242763609,8.771723265341759e-13,-1.1445002894511865e-09,-4.3395890363033485e-10,-0.00019738808866482535,-0.009593637544062972,-1.1695461408492005e-05,-0.060365314286528464,0.0001128625541574127,0.00694837309041803,-0.40737874195725743,0.0032873851125125226,-0.089473645138533,-0.10476452767939774,-0.0017150069779374515,-0.0023581885334790055,1.5912978342999187e-05,0.0003487740951328252,-0.5229611555165515,-0.49803305680911375,0.00018717164438221534,-0.2137033601730591,-1.803283219130258e-05,0.03920594150973265,-0.14577552723297432,0.09312762424472723,0.000417204179953268,0.00025553341089384126,0.0008376074574662296,-5.426312134558116e-05,-0.01006545098334314,-0.2605256035297213,-0.007535003968208969,0.0007197683730193698,0.040116734874270324,0.009820281343542243,0.04477070076914322,0.012397235253623615,0.0019926154004166097,0.014207221540411237,0.001555207543224638,0.08152622745928648,0.004171505002970201,-0.07677884448247467,-0.045812834597738744,0.12966885111729862,0.12655762471393084,-0.017137141325729886,0.028001527906464308,-0.002406632330746874,0.11134793721287514,0.006936354794309535,-0.06000843499732819,-0.16244068170405845,2.5942710004906133e-14,-0.08203196982255345,0.059534115152691046,0.010272016405055675,0.08495104370209625,-0.10211886012116829,0.10962521633521197,-0.01641350005130342
52,-1.7954706752270458e-22,-3.3278386168752274e-22,-1.0373257111685677e-18,0.00015400395645013166,-0.0006356720377726416,-0.0003050140725185413,-0.0001952791953601335,-0.0033946143919254823,-1.4329145050873994e-10,0.013991832947242575,-0.0008257322553086018,2.507208050539422e-18,-1.4582279611349227e-17,1.016267915538468e-17,2.2233018424982486e-06,-1.7213436573465183e-09,0.00034565745934213554,-0.006700173184734984,0.00015271239639319805,-4.462632438437318e-09,2.015157428369945e-07,1.3339239853290743e-05,-0.0006227359044870387,-1.6085054236461521e-06,9.669393982987106e-06,-0.000291501844403328,0.003322237479920186,0.018489623126948917,1.0384994679461485e-06,-1.350116015405607e-12,-0.02997771580978227,-0.022350443491609594,5.501959640519286e-12,-0.06108749508200826,-6.598248152165735e-12,-3.0446673469467137e-10,4.4472631505988736e-11,4.836176592770232e-05,-0.005948626761180314,-3.2253722837521695e-06,-0.03653773382586063,-0.000192423129791316,2.700910257150599e-05,-0.02726851343444819,0.002104248559952244,0.37080757761563854,-0.06694293325621403,0.00032169316341947176,-0.0003127397513601882,-4.5058464675640185e-05,-0.0002769500855469362,-0.07367517570958405,-0.22026230231059488,-0.0005173482520728798,0.7040706262674904,0.0001482720532548328,0.24645504383885858,0.27543173475876426,0.07032454190826422,0.0002276007785213709,0.0001463359495015995,-2.0741750771788668e-05,-8.967016416112045e-05,-0.0012407350116894966,-0.14983752001006292,-0.0015011173300610737,-0.007293685637581204,-0.01908070790779204,0.0035235647953125882,0.014092342973741573,-0.018403866830697117,-0.005148476550208056,0.016579176835344985,-0.0009650212236486098,0.030277835252191822,-0.05609668790782008,-0.06754502967940479,-0.08618151167082815,-0.017648988309073792,0.09895544249150677,-0.013567364801409043,0.015053393326972636,-0.006790366110370435,-0.18279732468613596,0.0006482153585717672,-0.10697006891321852,0.12282596821983531,2.102282448128521e-14,0.14072449668448012,-0.04559935697847507,-0.02015457020401575,0.056032166471602196,-0.03915033529778426,0.1471088677948209,-0.008537382357649946
53,-5.5299409191336015e-25,-4.102971527586098e-26,-1.3070752150494451e-22,4.780557672412998e-07,-8.016068016594247e-08,4.0962369426686074e-07,-0.03126511073792388,-0.5261901706556139,4.142040457209216e-12,0.08810580671158051,-0.005342507188963023,-2.865448324012259e-16,1.1999440772107408e-16,6.270530251478245e-17,-2.3585283368794755e-07,-9.832814896397599e-12,-0.024103347908929457,0.4489648312562079,0.010949820187057738,-1.1679960651673052e-09,4.471145547232486e-08,2.2222441442257263e-08,-0.0018524072090370274,-9.945546581698368e-08,-7.126120612969678e-07,0.009443270640665262,0.07850059048879099,0.3412974626680267,1.2229724454473732e-06,5.737452980685222e-13,0.027622734539386188,-0.005219201186404968,8.93712419679209e-13,-0.05703829112938043,-1.7089314468242974e-12,-1.4287122645894707e-10,-3.02370343759506e-11,0.0031751059401000157,0.05977850901094479,-1.2923709746765018e-06,0.2918283940138147,-2.8978589632464178e-05,0.001120433166472642,-0.03771647525656764,-0.0016043334340473392,0.008228445465293685,-0.013280747003760298,-0.00033019435053891107,-0.000546578122990153,-2.1405863727161604e-06,0.00014738405639973462,-0.2038424404342819,0.2412150857428316,-5.08247734687673e-05,0.07734273002982879,6.802132832341741e-05,-0.2098324158590458,0.05366006753380932,-0.14055117567702435,0.00033843487133521587,0.00015696397427504192,-9.153684288634882e-06,-7.988969338651362e-05,0.005634460178841162,-0.18660607419203903,-0.009202806708403705,0.039558544321832104,-0.0075621311583096784,-0.001892938895611906,0.0016682698539196915,0.00021897636577275295,-0.0006648958377196609,0.0037899369913527124,0.002029454436258691,0.02829127286724306,-0.04523274758047852,-0.031188555467083844,-0.043630180758282636,-0.02805465315461366,-0.046499291730554414,0.03982959062295907,-0.017609193742817317,0.022265572519955902,0.020272188014553216,-0.017102516946397795,0.17322582380058166,0.02036083010108689,-3.8341250977348496e-14,-0.001143180243209594,0.020457097411094194,0.0011181557727555271,-0.12339708321330525,-0.09575593006386193,0.13206768594695228,0.038313663611374144
54,4.540724365964357e-25,-1.4720615190933005e-25,-4.703018519567749e-22,-3.925259673895609e-07,-2.8828344384809214e-07,4.0150155340579587e-07,0.025708671750839924,0.4325011539482778,-5.236422261388783e-12,0.31829880099852864,-0.01941637322842248,3.1617463047818985e-16,-4.984939687978055e-16,1.6354127791773696e-17,-3.52214910488769e-07,3.8393666056459697e-11,-0.02386683384343564,0.44470065694229777,-0.00913996263507477,1.072748568991318e-09,-3.8849698549596206e-08,3.60962332427108e-08,-0.0066697938706023596,3.006503771418772e-08,3.2037083257169536e-07,0.009316489205948417,-0.06492056510398564,-0.27786470782715095,-1.4766845073573592e-06,5.27475645809384e-13,-0.04193769757768774,-0.06421565461762405,6.897144787508857e-13,-0.20540146791082178,-1.9174499900249184e-12,-9.86429687874621e-11,-3.35614757942624e-12,0.0014068207695521217,0.0562718123389688,-7.785776793310224e-07,0.2925960331839134,-0.0002754831985021205,-0.0012927252344486766,0.036460737295431936,0.0007803335610126128,0.009341532286888807,0.013104770857738906,0.0004064448452590563,0.0006004970591032557,-4.443866587147563e-06,-0.00019049623990301806,0.214782732365531,-0.16752393058869106,-7.625353106561106e-05,0.03142103061628064,-4.20257376709028e-05,-0.08670355295735552,-0.12389873953896254,-0.2525872484976223,0.0005605294837400509,0.000190368378802746,-0.00019597785951657544,-6.78036944722799e-05,0.00515955464649894,-0.1954841044038587,-0.009958891856162838,-0.07237379022486005,0.01809869443164194,0.002425665632178028,0.0038169996537392617,-0.0025791911399975264,0.002083111640146968,-0.0017481041387757618,-0.05771322551319866,-0.022176344020530484,-0.0756906698082593,0.03249301417285385,0.013612196319021904,-0.021296691230477862,-0.012196178477680463,-0.012510476699208383,-0.028317943921035992,0.03846279798582339,-0.004636257512310328,-0.008907956513274803,-0.05937005993258421,-0.1569552726515334,3.123939313283469e-14,-0.09298292165011578,-0.0006000948327925411,-0.01856594647887343,0.1003202595522636,-0.11754158056864998,0.10679910633456313,0.004114734763959991
55,1.5611336664613978e-25,2.8426292912921555e-25,9.0807849287723e-22,-1.3496434410344307e-07,5.564720518419611e-07,2.6644983901685903e-07,0.008831215514659685,0.14879514924042203,-2.7727669212225686e-12,-0.6139712243477505,0.03736776548648285,-1.3340893565846374e-17,7.193809392116389e-16,-1.4208777735616175e-16,-2.1404466182694283e-07,7.089479203037805e-12,-0.015772856532340063,0.2949301142756836,-0.0031623169544139434,3.6011443872903413e-10,-1.3407233910023276e-08,-1.0771465234771321e-07,0.012875921249276915,9.164914051487655e-08,1.090809607325885e-07,0.00618954138961703,-0.021706373637187203,-0.09672310137046325,-4.940720005779612e-07,9.265785423903423e-13,-0.029439708371595843,0.08681048541408637,9.756887727521106e-13,0.4010090436762583,-1.3576642151013034e-12,-7.082738954621155e-11,-1.0086295900145684e-11,4.752185260644983e-05,0.03757971029370025,-5.939891159859991e-07,0.19319074125225474,0.0005567736997217129,-7.729831377798443e-05,0.0006968633819444639,-0.00108466337326872,-0.02770160177545192,0.005848162448974246,-1.2555364073778248e-05,9.630551842785218e-05,1.1242993405336041e-05,3.389734265111755e-05,0.04184311742431564,-0.016124121344406623,0.00021098980567541023,-0.19411610021728437,-5.355986483766191e-05,0.12434423128536747,0.3515795583557309,-0.10670361056364217,0.00029384692423149825,0.00010572592618241625,-0.00010728381867435138,-4.897514232012896e-05,0.002874442571397568,-0.10881951719963148,-0.004609029402329946,-0.021448544547259425,0.003924941751995708,0.0007234636098399019,0.0033113785875366615,0.0032072423898921094,0.00018416230550805755,-0.0021126070092328374,0.052250085200947274,-0.01600700465753943,-0.007989299659540237,0.020885072929819646,0.036309652124330495,0.038264210363041624,-0.04140083452588572,-0.0017554575583727168,-0.0228282908555223,0.0029410096023468244,0.04218159905660799,-0.017794277336493934,-0.10307575144309519,0.11913273543401079,2.4396207743307735e-14,0.16184172846367714,0.009807595978327057,0.041373415634758416,0.06499819899902748,-0.04848744847544151,0.1442543735009957,0.00820620376787093
56,1.362322933424748e-27,9.955513059683669e-29,3.2483916330433294e-25,-1.186879848094483e-09,1.992009433489327e-10,-1.022688108642048e-09,0.03209862739195988,0.03522324648685055,-5.514138978434226e-13,-0.005856875797207336,0.0059762936058825955,1.9568450376564376e-17,-3.2493856975453395e-17,9.34150099025412e-18,1.0417669708913839e-08,3.3309234715603097e-12,0.027831722548714546,-0.030165153271801977,-0.0017751600513156735,3.377766959933368e-10,-1.3731462570241963e-08,-5.192655624610191e-09,0.00030037011871630805,5.3855754784237674e-08,2.9632490237299397e-07,-0.0015295566126538784,-0.15598535743615338,-0.24534341116745262,-1.542444380372898e-06,1.8340614944288378e-13,-0.06603926535100994,0.012303761830623006,-2.1054034736595886e-13,0.04408188224832341,1.8681369210974257e-12,9.324921510804008e-11,7.935160992537091e-12,0.5981674751923307,-0.1686312796206951,7.646588788532547e-07,-0.21677889759003083,-0.1016010873215424,0.000692571955012928,-0.012403347583894374,0.5163774682944723,0.0018450348486695333,-0.0057643132474311486,-0.00020618575599175225,-0.00034079650144154593,-1.3067314540360403e-06,9.031910005283208e-05,-0.12728372416783673,0.14274496317825977,-2.949696843252537e-05,0.04669896489709337,4.1324921589628436e-05,-0.12372708656370433,0.0368506362200899,-0.10363313023407571,0.00022242010071326406,7.830647560432508e-05,-0.00010791619447048303,-2.754870787701035e-05,0.0013264558413347107,-0.07986605535660829,-0.004439083282647377,-0.10289376859133353,0.028576576983953477,0.008746856181328625,0.016534102587344637,-0.0009230652192697404,-0.005607371284021289,0.012343190813227363,-0.0018017395821518787,0.08162310781585094,0.046960937415028096,-0.09052760575374665,-0.047611834575230015,-0.0572714027131921,-0.08405368510334277,0.051130698555965005,-0.026483333465739483,0.027802676256625806,0.010397270215682316,-0.020766777573466507,0.17312714031878668,0.02045225752980708,-3.8705285333404094e-14,-0.0009893966601428644,0.014777452168994808,0.0009711189484992336,-0.1253369042339696,-0.09886303121549829,0.13273761991042415,0.04551736483649089
57,-1.1192930509649283e-27,3.564379446869284e-28,1.1672818086516213e-24,9.75127630052515e-10,7.155089395398538e-10,-9.9178640940372e-10,-0.02652362004679183,-0.02894046933210213,5.427809448321905e-13,-0.021290927449482504,0.019236735507508172,-2.1860682352737446e-17,5.732272800740051e-17,-1.5040915715140145e-17,2.9740347824962516e-08,-5.371503049277501e-12,0.025703589328179812,-0.029984040235838127,0.001471329288435108,-2.913847357738814e-10,1.1556288368497541e-08,-5.207927434866978e-09,0.0010779872772137752,-2.9570856321349048e-08,-1.9851760388139892e-07,-0.0015034697343418077,0.13477698784351877,0.19884957136457776,1.4116777208610527e-06,-5.137390564294328e-13,0.031378997059605,0.11457036736044467,-2.1210710733381533e-13,0.14578492502510396,1.0910909994869735e-12,1.816111196488143e-10,5.304712443282531e-11,-0.5017120591313556,-0.09594958374746441,1.7042146093979753e-06,-0.21257827804389223,-0.36606792909279295,-0.0011961999414555088,0.05977878911464342,0.5071828145044014,0.008705490161343952,0.01539495321234131,0.00033603811605680065,0.00048425393896672596,-3.2959075916097525e-06,-0.00011817294291841326,0.14608751373595913,-0.013076584510318876,-4.8006749074252714e-05,0.030847300232930964,-1.8264962537408583e-05,0.06532355168826824,-0.12933822068840847,-0.2179464154184899,0.00041466229220137046,0.00012769323224706084,-6.698901716990685e-05,-4.4280860673860526e-05,0.003108828255982263,-0.1283477871845822,-0.0069830375990128524,0.004717201030454211,-0.0023619558611744224,-0.001970276946465114,-0.0034720892435283154,0.000664762857300067,0.0017642362737052156,-0.004499668513241433,0.014918049308093892,-0.032716171536372234,0.03652826505428536,0.029739097913639483,0.034141310757907904,-0.06156323208781436,-0.04714035638556227,-0.011531492098441879,-0.04032905303365353,0.046735406274189144,-0.05813205553184652,-0.012100130707748737,-0.05941034661837657,-0.15694727578799447,3.2444107507352733e-14,-0.09552670223186258,-0.032776366601844416,-0.024986740126595713,0.10372697979456268,-0.12125145545791288,0.10736439614076462,0.008255619561728851
58,-3.8485604058038655e-28,-6.887519138950747e-28,-2.254778279194149e-24,3.3530690318339626e-10,-1.3817372198187553e-09,-6.59286143232802e-10,-0.008988120671000164,-0.009968687239095489,2.532179123310128e-13,0.041041018453979436,-0.037686272866439594,2.2276805744484978e-17,-5.692918837650977e-17,-1.5971740974775562e-17,1.6628146687927743e-08,-9.239004803492197e-13,0.018300087718076546,-0.019811909117101928,0.0005077009963871163,-9.757594309913907e-11,3.960175351937246e-09,1.7786728321299626e-08,-0.0020808665901621754,-3.5078019607135536e-08,-7.224757012067692e-08,-0.0009984114865905082,0.04219181427522551,0.07053567247033489,4.633896227851416e-07,-8.201535814363126e-13,0.06558163393755152,-0.17129123959150036,-1.192087563431306e-12,-0.29308219374997907,1.4847539823066025e-12,7.113214201337233e-11,1.1191110550861983e-12,-0.1758013147379796,-0.07383744837260721,7.045631436923293e-07,-0.14158338146830612,0.7066197469508557,-5.117090095338146e-05,0.008646135383625303,0.34081470892553695,-0.046537844761082546,0.008859643758130047,-3.09484414225605e-05,7.897421619001907e-05,9.792538705644916e-06,4.0496185762694615e-05,0.028963952881786322,0.008352959305321138,0.0001605620486633338,-0.163527069913153,-4.152032973307056e-05,0.059008019218190794,0.1861173346373521,-0.0684273376900934,0.00015739932733697343,5.225758978753797e-05,9.672202898677341e-06,-2.2069309075122553e-05,0.0013144603541924613,-0.05396031083599324,-0.0026544467428772055,0.03500444864204986,-0.00951600452158456,-0.0034416100975621635,-0.008049958408946668,-0.003905945057363924,0.0042441476266837485,-0.004273962930613265,-0.11443479860289028,-0.008909235170392235,0.06883988205816709,0.02013395780407883,0.06325236059971752,0.04530176143386292,-0.070571730645837,0.000716127176987131,-0.029993047014446404,0.004869389437404477,0.08139193073351988,-0.02110569219505601,-0.10282510742474057,0.11907936971717627,2.4999186819715425e-14,0.16591599543085042,0.015076203520514841,0.05219234744217137,0.06672267209861239,-0.050479559337808594,0.14482243934651778,0.011324093065488873
59,9.999568973319553e-27,7.30525906532946e-28,2.3846343224075154e-24,-8.7129855580258e-09,1.462324992047789e-09,-7.509179080047881e-09,0.029719281020907123,0.5347809532192426,-2.69274745053683e-11,-0.08945440708850798,0.0050271865015256495,2.8617275648282694e-16,-9.550065379238732e-17,-1.4004377825198113e-16,7.500052550081112e-07,-1.1891571545248507e-10,0.022635431127436902,-0.4562793563369512,0.0013049788694752106,-2.410596857481974e-09,8.26527556190092e-08,1.3660300641446986e-07,-0.00021160260260288515,-1.266704173770262e-07,-1.6308468401466117e-06,0.0010729552828170497,0.07949362702440056,0.3039528679173993,6.19890492092383e-07,8.728844414116145e-13,0.0012771616037357437,-0.014094698468551572,9.397442070934883e-13,-0.049058264159501826,-1.2756925104241467e-12,-1.1712178252970756e-10,-2.6581079477366732e-11,-0.08045748785423691,0.06629906095894204,-1.064293861341454e-06,0.2542660769655978,0.014054812944236196,0.0011574847099618327,-0.03905812866095997,-0.07319656189199462,0.00876538955275751,-0.012938297245440222,-0.000341081051853424,-0.000565456693727341,-2.269058747031447e-06,0.0001511127889147185,-0.21067281927019546,0.2463577688277727,-5.2804167279479525e-05,0.08037262994001518,7.00470897992439e-05,-0.2176355242749517,0.05645262041102093,-0.15422652263327324,0.0003627858005940791,0.00015919446576106978,8.177563581377536e-05,-7.483303721533565e-05,0.004013885895563997,-0.1835973177830821,-0.009201339139086724,0.06169907927910872,-0.012260179162160972,-0.002506889266202932,0.0006295016761882394,3.708024690633702e-05,-0.0010254650686040074,0.003864943633066396,0.0033680234535882463,0.02855181927157853,-0.061415498829271116,-0.030052178234922303,-0.045577021752064295,-0.02946418332150821,-0.04907980021044482,0.041043265820728675,-0.01833644589991216,0.02276426415659433,0.023684532355515365,-0.017461606246245733,0.17310559531734482,0.020392592045689762,-3.829389136458366e-14,-0.0011259968472985605,0.023076913738623132,0.0012080886621863795,-0.12366774116275389,-0.09590067084153994,0.13181870917325864,0.03906763083059798
60,-8.215786618574024e-27,2.6154756379690174e-27,8.56904734906992e-24,7.158564168606167e-09,5.25257039257735e-09,-7.279503794724565e-09,-0.024435067856782566,-0.43961020345612306,2.3032900769761748e-11,-0.3235139296528172,0.01851967332948023,-2.8952061921181994e-16,6.869024823758998e-16,-6.563876312322042e-17,-3.172537088748686e-08,2.3459690683261876e-11,0.022692514317239888,-0.45204910962934125,-0.0009306857954935598,1.614056803436821e-09,-5.635777298605816e-08,3.3573508366228973e-07,-0.0007398887742583375,3.4715837551158413e-09,-3.761564011932029e-07,0.0010217751222702178,-0.06598564051083475,-0.24465736323596757,-1.2953672820905114e-06,5.919607471794958e-13,-0.03303804816470823,-0.062120663053886145,7.554347089651053e-13,-0.18080877401162418,-1.7336785124059487e-12,-4.79306175255033e-11,1.2702548858257783e-11,0.07035733942975056,0.053750092620931805,-2.8046142076499635e-07,0.2586266484710879,0.05047459435245687,-0.001546412919494936,0.049668231117585164,-0.06957840628318422,0.012421647909180968,0.01681691665500215,0.000471519510624112,0.0006916733190302476,-5.057536587947488e-06,-0.0002077669553165385,0.23794577672021547,-0.16318692208139676,-8.460925765649655e-05,0.03849434708558443,-4.3268285047546696e-05,-0.10243905700736373,-0.11639930355889225,-0.25533705054552425,0.0005507933075607975,0.0001843707616873129,-0.0002564811645185764,-6.77150789218804e-05,0.005912954029277765,-0.1900444984445862,-0.009845087404238983,-0.08467796933367776,0.019403587218633677,0.002626531603691624,0.0027441821211657055,-0.0036947198541644557,0.0020900511925895744,-0.0021166246164827786,-0.06944661341283699,-0.02542608356202936,-0.09372986516807968,0.03770145602255468,0.013573238914853453,-0.022724282704284456,-0.013770119213383874,-0.012415556901821072,-0.02916540474822033,0.0391098177845694,-0.0028565860480427702,-0.009162927545832575,-0.0593127515521731,-0.15668337795492931,3.124243446326957e-14,-0.09309592472820359,0.0008886328974636497,-0.018967615786566725,0.1004843282498055,-0.11764714806630057,0.1065410519781471,0.004453059814763394
61,-2.8248572256518396e-27,-5.0539832197362444e-27,-1.6552464308809505e-23,2.4614987934668413e-09,-1.0143417273533753e-08,-4.83938291431919e-09,-0.0083963645725415,-0.15118350194860794,8.929782426347236e-12,0.6239619686970597,-0.03555862404526631,2.0434541073125277e-17,-7.602508846387216e-16,2.496313665955961e-16,8.254517992915608e-08,7.877369362851338e-11,0.01485413486377819,-0.2998587901966991,-0.00030075400403003073,3.6887752458764324e-10,-1.625351135399525e-08,-6.531399305547627e-07,0.0014319409556685797,1.3214674441026813e-07,-3.442236803920977e-07,0.0006824066506423008,-0.021800846801482636,-0.08536748769914076,-4.755597624474221e-07,8.576312115035814e-13,-0.028680058044468597,0.08783410746168298,6.743698064478464e-13,0.35324185746439285,-9.855780129370523e-13,-5.224827771864891e-11,-1.0544802740452728e-11,0.02418503724623209,0.03729561987780147,-4.222431935199105e-07,0.17058218427894697,-0.09741914597481016,-8.576901529367981e-05,0.0013921118178640134,-0.048392480818733104,-0.039567797103965074,0.008127122194037892,-2.1102818174225397e-05,0.0001099294757365772,1.2841153395772412e-05,4.24911909555585e-05,0.04557753790963286,-0.010592236686768897,0.00023145525867991203,-0.2196334453366119,-5.935266150744778e-05,0.12057319267598642,0.3538049063965343,-0.11139907998524927,0.00029496927161623207,0.00010435186910017421,-0.00012349103975041668,-4.794366349718034e-05,0.0031333779571343814,-0.10758117119518221,-0.004692954305521057,-0.029336715482966232,0.006774403395214654,0.0011499181329192448,0.004270605750811099,0.005160129554217704,-0.00012764050352556441,-0.0026793195747682945,0.07685343943725133,-0.018989660645791398,-0.01600009343591772,0.02493843664482423,0.03813496010191966,0.039692494149403706,-0.04368290569250412,-0.0015664573181611732,-0.02350396989664108,0.00309714414172698,0.046959525610064466,-0.0181356361578477,-0.10297111666218686,0.11897813500705594,2.4263893960524307e-14,0.16217396130526116,0.011561352745263232,0.04257566991196235,0.06516096684671166,-0.048577523172721425,0.1440022808632317,0.008503159248930362
62,-2.585386273544596e-30,-1.8608256569723727e-31,-6.223001082239022e-28,2.2703722480303043e-12,-3.815663542375004e-13,1.9794237899177474e-12,-0.5835750571601199,0.03390751351244979,-3.420500741079636e-14,-0.00645451554189517,-0.10750798284660167,1.3647694690950195e-16,1.2519324017919124e-16,-1.756434671986583e-16,1.089853726896719e-08,-1.8633565358848399e-13,-0.5038493587130262,-0.026396943256592486,-3.934206119931876e-05,-1.2184236214864697e-11,5.923864350677791e-10,1.1289064988377883e-10,1.3030428822710338e-06,-1.1344856708674713e-08,-3.406843733563561e-08,-1.66746308833282e-05,0.21421315188214715,-0.0444932535126818,-7.288664623270087e-08,4.593634271322185e-14,0.016403414335590717,-0.05264121517261309,-2.6613754953886283e-13,0.011797139362325241,1.0753363291165502e-13,1.1937256779785339e-11,3.677562507361484e-12,-0.029134211937495238,0.19896930941880517,1.133874206185398e-07,-0.034723047436869735,0.004800604208578075,-0.00034044572031533677,0.008751304310915725,-0.0328195960597847,-0.0015727682825638126,0.0036663022097156587,0.00010732426176802055,0.00017723266819732588,6.05184558795207e-07,-5.652856606564983e-05,0.071661115878526,-0.11479156729958764,1.6587075990051984e-05,-0.02665010552670286,-2.6056614040134666e-05,0.06093845511067825,-0.003282471393577318,0.0471031241004187,-0.00011516771024424546,-8.001514998361056e-05,-0.00020036843727142472,5.896840147082069e-05,-0.005231742207933828,0.11390680231845021,0.005022329785431659,-0.26611275371468857,0.0696846173840245,0.021010048872364094,0.0330718445181327,-0.0021409169832062457,-0.011332323268675917,0.021910272479800166,-0.0033853184949784645,0.1415669890605954,0.15980838868779648,-0.1578802399761033,-0.05056722702071233,-0.0906310119488014,-0.1257957276612284,0.06320900580655671,-0.036177356973141894,0.03382613915591555,-0.003580313893188081,-0.024669239492869532,0.17394576681629403,0.02037749803921226,-3.949621754716423e-14,-0.001230597908477212,0.006391155276716416,0.0005270349750015853,-0.12782794071890097,-0.10238614466554918,0.13371995398745326,0.053219906929733975
63,2.1248390706839068e-30,-6.641228429121949e-31,-2.23170261806918e-27,-1.86591586424017e-12,-1.3679657090166548e-12,1.8772164858283806e-12,0.4844026153045139,-0.02819671354346654,9.147990785444809e-15,-0.02104113014693715,-0.35245883029073277,6.380141461160732e-17,-2.4104334168905277e-16,1.5841218025827387e-16,1.05114354441496e-08,-1.664164862741874e-13,-0.4817015723148725,-0.025176988168074625,-1.2349829212089458e-05,1.2729683525505381e-11,-6.155074233684224e-10,-9.00352755353605e-11,3.259863753709703e-06,1.036402040174571e-08,3.3547488942439826e-08,-2.968145123040516e-07,-0.21174717401817983,0.04491734431929173,6.494175006536797e-08,1.0222075607903579e-13,0.04774767634981237,-0.14616775386853212,-2.6067540867581416e-13,0.033514510234060206,2.072804226559747e-13,-2.0779917191214435e-13,-3.84023676739972e-12,0.0461746743226595,0.20599931353274006,-2.556840163054969e-08,-0.03829783260267262,0.025088554854989894,0.0004549881856785338,-0.012702360521476396,-0.040255877279600887,-0.0021107326611945927,-0.004677118024453531,-0.00015045227398822968,-0.00022730960040762352,1.7034086549451961e-06,8.678385419730776e-05,-0.09084705206291153,0.16434772901633488,3.5835799664211515e-05,-0.007224041466503432,2.4193409203594526e-05,0.2402777329071582,-0.06703551219427295,-0.02282412586552833,-3.156254749435531e-05,-2.4967334032511283e-05,0.00013545252834193175,8.56725546721555e-06,-0.0008861854318371183,0.027361030026487453,0.0009546395316067082,0.11339365796726307,-0.03093862395757639,-0.007879570778067987,-0.01330748882262696,0.0049514962690909966,0.0012424181556824926,-0.007916250592687342,0.11023101515238701,-0.04510727616636843,0.17747967991901842,0.02530077874467055,0.05868520516493393,-0.10861793989384785,-0.08749153541011336,-0.01047784098414845,-0.05379012930543947,0.05590543831436772,-0.12315534658472896,-0.015606986194216705,-0.05938502416372607,-0.15734302869446035,3.3322003049572186e-14,-0.09860127416414981,-0.07205320411872664,-0.03234579686058071,0.10752460302247743,-0.12545418141140818,0.10815687826735026,0.01281347018532572
64,7.30591434987527e-31,1.2843765361810276e-30,4.3131352363107086e-27,-6.415934893132679e-13,2.643112972380907e-12,1.252856179909448e-12,0.16292332657262662,-0.00943547593298418,1.3106092026792271e-14,0.040697098231267666,0.6832079790890567,-3.2640412052495157e-16,1.1713592138649565e-16,3.0462452908422516e-16,7.321327186281667e-09,-7.930933097454909e-14,-0.33483741894856156,-0.017530024217098452,-7.944046550238008e-06,3.5791385054693194e-12,-1.7711551100953685e-10,1.4596017092286637e-10,-2.1755121790298523e-05,4.116574859052731e-09,1.0241713698658144e-08,-9.245690485254562e-06,-0.059006718851443776,0.011524427459798413,2.067604249950299e-08,2.8273810775990013e-14,-0.0795361026537858,0.24388833664250403,-1.5518521299032416e-13,-0.05270401919679055,8.664296098906723e-14,3.891059886537273e-12,1.0151668570449345e-12,0.020467032194464826,0.13584339325549766,2.3330897586055806e-08,-0.023876576595646508,-0.04791253123998028,3.445341947584299e-05,-0.0011278149774102417,-0.022289527668601095,0.007402872838287947,-0.0017260670292280583,-1.512128724716251e-06,-3.246792031502625e-05,-3.1472339895451018e-06,-6.429486599268518e-06,-0.014355016308055414,0.012679367157390488,-6.470649339096948e-05,0.0557048023259673,1.6423229168927306e-05,-0.0624403945140002,-0.15390887996634078,0.0417674775402778,-0.00013837747090179916,-5.202002807117883e-05,0.00016907756477097617,2.5525789899329295e-05,-0.0013769875962309683,0.0513916008666588,0.0017620390101592968,0.1047453094974257,-0.02600218803955306,-0.008420012810789078,-0.021811471273853716,-0.012460213708304592,0.008937493492392248,-0.0066847127923244055,-0.31203249604208916,5.0318922293910984e-05,0.15965990905511676,0.01814159785685347,0.09321354082253744,0.05226632037541467,-0.10249709276122652,0.003320874991373115,-0.03766977390472723,0.006895184647486006,0.1238981240862476,-0.024595561415660726,-0.10334784741885819,0.11952773998026808,2.5525509624729553e-14,0.17072867480127601,0.0202150309380974,0.06368103816022629,0.06899944798396569,-0.052510729013710206,0.14575501821383657,0.014565951945571018
65,1.498490350118031e-32,1.0632657591636008e-33,3.642766701844543e-30,-1.3261741860187017e-14,2.233174542876784e-15,-1.1830743227642805e-14,0.09731588827266803,-0.005857699361169031,8.76096449854622e-15,0.001131019314902103,0.018230603933128857,-4.18639653685394e-18,-3.3174272385500716e-17,1.765339212473484e-17,-1.9483738045950168e-09,4.154578954681208e-14,0.08519605117507206,0.004647382133004969,1.0681646293738406e-05,1.0177818535679639e-11,-5.39429406630914e-10,-6.368044435013307e-11,-1.9495367838576944e-06,2.1476076869405133e-08,5.2487426425458564e-08,1.474091012113754e-05,-0.5325013002310034,0.17093011653374032,6.238725130273244e-07,-2.8215093204175003e-13,-0.020910850883974097,0.1337900187735161,6.554106395181047e-13,-0.04059603759933651,-8.460608042376965e-13,-3.828596322688403e-11,-2.5760362903202584e-12,-0.20215468823234628,-0.47057888045516133,-3.0231625863541156e-07,0.13886017424053326,0.03435135784709556,-0.0004237149165973931,0.008516788418132384,-0.152428171639962,-0.0018127341167627935,0.004118052697492877,0.00013286562849609403,0.0002213593508062213,9.759294675571432e-07,-6.794015313096057e-05,0.08901660541052975,-0.13351744269155336,2.513907150087739e-05,-0.03632116976969694,-3.2560570485822577e-05,0.10885367649251727,-0.01942343106470915,0.05785200779404746,-0.0001447805881117886,-9.624546009875004e-05,-0.00021427879977288543,6.855032424563421e-05,-0.005953695421067387,0.13455382727715842,0.00601141924480652,-0.28672716436648293,0.0748721922817916,0.022511575195956094,0.035097769495991187,-0.0023426207896592287,-0.01197849712031948,0.0230387885123409,-0.004892586159297782,0.148509618844118,0.17111052917358938,-0.16545823007914542,-0.05112748309314948,-0.09388827965186503,-0.13004600943444652,0.06453345382348512,-0.0371192396698722,0.034401544981540716,-0.004471043162424561,-0.02506263196219058,0.17402384830420398,0.020362344769377056,-3.945004922127367e-14,-0.0012453871817024482,0.005850870853437021,0.0005445263470082151,-0.12812716333702132,-0.10270940167331645,0.1337780930417621,0.05402104347915704
66,-1.231756588330004e-32,3.7778117944420845e-33,1.3026405808882202e-29,1.0901038761894133e-14,7.984897246060018e-15,-1.0739372938160117e-14,-0.08044744225763853,0.004847482773127035,-4.318017070428342e-15,0.003589348481276567,0.05814664868147727,-5.379582778122462e-18,5.874031912068923e-17,-1.4546158559374756e-17,-1.8227473547014098e-09,3.054824749718312e-14,0.07804707021384122,0.004231695291408554,-7.842471411839026e-07,-9.249342551102308e-12,4.877172373022432e-10,6.578494862322679e-11,-1.3887196871421494e-06,-1.8085029254631427e-08,-4.586908143891948e-08,-7.276950223602252e-06,0.4619606145067916,-0.14766275836635737,-5.183690663819042e-07,-6.314967231119535e-14,-0.11761550286276007,0.30021944205127693,5.61967486083127e-13,-0.10608184575787473,-5.423657669123014e-13,-6.675365916819592e-11,-1.900274454954809e-11,0.12913723568025545,-0.41618871221599074,-6.174022637814609e-07,0.12496829018685773,0.11732161807631082,0.0007782953960219805,-0.02750551476753506,-0.16411450142257583,-0.003935020129472762,-0.008676775822294047,-0.0002463384839874831,-0.00036838909037265375,2.7025724089716163e-06,0.0001298714031507471,-0.13930368500042353,0.22029140183266369,5.4131932702617316e-05,-0.014055466256343777,3.4041104737707556e-05,0.3307007715022525,-0.0909592011436733,-0.0233008059764857,-4.874954935081752e-05,-3.477012762559433e-05,0.00014555386260149268,1.3147580757766393e-05,-0.0012408245047211715,0.03877165590968328,0.0014683236791837428,0.11731145966136289,-0.03204260459722254,-0.008064117941275659,-0.013718207646025042,0.005204082814720951,0.0011333933931682116,-0.00802711587910611,0.11631756426362712,-0.04519650697928793,0.18911497058589163,0.02413314720534897,0.06049975799435174,-0.11246545402317158,-0.0909822240308742,-0.010273006546507467,-0.05491238278874257,0.056661447393290806,-0.12799083181331605,-0.015914350111133686,-0.05938073844085959,-0.15736069803379346,3.3564531501655175e-14,-0.09882602053635935,-0.07499873961475893,-0.03289069559407579,0.10779612349419194,-0.12580077311091287,0.10821780789500306,0.013236322482148727
67,-4.2350110240290873e-33,-7.314028843204371e-33,-2.5192851218332265e-29,3.748104026125479e-15,-1.54383111859812e-14,-7.229360603248237e-15,-0.027224628758548985,0.0016346283929627326,-3.567228512206794e-15,-0.007036125685300392,-0.11411138338754823,5.160213726149143e-17,-2.3973900463114632e-17,-7.107978111155048e-17,-1.3090392240900734e-09,1.1489726472391251e-14,0.05597216488222454,0.003045106220104037,1.7292069808326866e-08,-2.744500486737887e-12,1.4707939607001322e-10,-5.028079842112756e-11,8.93022618746109e-06,-6.610057702135074e-09,-1.4549331646881527e-08,3.271636769655485e-06,0.1424938402861345,-0.045027047077822846,-1.7434610209716097e-07,1.3534671255636094e-13,0.19220754098756307,-0.6016023134482485,7.729777504507711e-13,0.20253054824989622,-6.333342950354347e-13,-2.9806898309364073e-11,-1.5352579465241833e-12,0.027003067126638587,-0.34100272823264666,-2.776454566265093e-07,0.09333599565043359,-0.20190354129170954,6.116933327925502e-05,-0.00376322487620505,-0.09985591580432264,0.015996318663969736,-0.003577050726926527,-1.224758168806465e-06,-5.448179056894527e-05,-4.861194990493589e-06,-1.1006965115312119e-05,-0.02244118302924987,0.016553262693911885,-9.33542123964346e-05,0.08505257363224933,2.468704684874589e-05,-0.06949883197162493,-0.1984867255340093,0.05317467123954499,-0.0001709204548961101,-6.37683255076478e-05,0.00018609848259327962,3.101018929040289e-05,-0.0016840738502058902,0.06336094667809196,0.0022604465072216698,0.11184593795898028,-0.027666944531816416,-0.008933764620684485,-0.023286237238177177,-0.013428028852149863,0.009450853339815898,-0.006927868468069896,-0.3342643431668242,0.0011431380619507426,0.16934849361430201,0.017856572753960544,0.0964037240221409,0.053103691927691356,-0.10586812684429393,0.003602632456802253,-0.038463762468341114,0.007092411304342463,0.12867910710387712,-0.024958215061969914,-0.10340527036596762,0.11954363061723229,2.5772254776490858e-14,0.17121110551237342,0.020865352799226033,0.06492652245969169,0.06923794257309072,-0.052698867165994756,0.14580574870723145,0.014901309307295421
68,4.658435426737648e-32,3.3048389815392346e-33,1.1325738142010006e-29,-4.123138139146533e-14,6.943144018809363e-15,-3.6802702890120484e-14,0.4579638370260903,-0.028105703044694317,6.553369498807797e-14,0.005289870296637993,0.08398135551736591,-1.2725221548892432e-16,-2.004368893384807e-16,1.14409405591026e-16,-8.414238077695594e-09,-2.762480929261633e-13,0.394020498584866,0.021906767437117548,0.00019487124360385418,-4.7890182284444895e-11,2.0795280622351903e-09,6.037544597165739e-10,-2.7553819213158175e-05,-2.3446295766177847e-08,-7.946840583135592e-08,0.0001454473196947563,0.40357115640737895,-0.0765340478891015,-1.2041957299007844e-07,1.0719536943907077e-13,0.028631315902963965,-0.09279075931898433,-4.550093182689571e-13,0.019769557867035825,1.8235794145068677e-13,1.6563697660244156e-11,4.633942579496443e-12,-0.034132669979945206,0.3605638340892042,1.5295674990086163e-07,-0.0574245090879192,0.005085632709940708,-0.00039130714662043565,0.010180969224902327,-0.04257659334595548,-0.0016735107167950322,0.004188637306601823,0.00012296365599311058,0.00020234085054218024,6.111144460882616e-07,-6.433504519366859e-05,0.0813353752998748,-0.12963074367009628,1.6832794097947803e-05,-0.02884465932483802,-2.9120007295352086e-05,0.054862823203760784,0.0010216728956204545,0.05658366003964408,-0.00013320231898584193,-8.693224807778836e-05,-0.0002012649204940306,6.224179746834914e-05,-0.005477913179535578,0.12181774041617267,0.005424363724451937,-0.2702927259032632,0.07073540071728329,0.02135114163278756,0.03352478572830547,-0.00214215919721742,-0.01152332164288736,0.02219651961420408,-0.0026118876185231097,0.14343286024060484,0.16444131559361239,-0.16011487260784424,-0.050522165972694565,-0.09203017561729522,-0.12741668934649364,0.0636194620438742,-0.03657507413928917,0.03407809826749194,-0.004484007752175536,-0.02481877572688861,0.17399894370834193,0.02038022916762351,-3.9413462687596933e-14,-0.0012568758847890467,0.00585391213358433,0.00046518022249733386,-0.12791214410244303,-0.10252731437990212,0.13375904269442437,0.053504753252235165
69,-3.832075322528136e-32,1.175347272859397e-32,4.054156032262854e-29,3.391726008221426e-14,2.485109050022345e-14,-3.342245799934281e-14,-0.3877580665555397,0.02384172115239978,-4.276273738440809e-14,0.017951151760414064,0.28477809616765504,-7.08461810347975e-17,1.8099525180710188e-16,-2.396109698378745e-16,-1.0456771835155033e-08,6.474655764313321e-13,0.39573957075536337,0.02205188179482217,-0.000131412422098209,4.124657787779104e-11,-1.7669398587399776e-09,4.480323331698735e-10,-0.00010988192592527462,1.8263871960376572e-08,6.374617786951274e-08,0.00016378966228050243,-0.36113121013118926,0.07122289700852812,8.95821463205556e-08,1.7339907076582205e-13,0.08036890429784972,-0.24796944476133834,-4.1799083915789153e-13,0.052635804952599057,2.871670088370037e-13,1.504213494173157e-12,-4.176052649810306e-12,0.061805893708007154,0.3441216608084154,-1.599536246191995e-08,-0.057757920827325386,0.02979724885528663,0.0004649934127985936,-0.013503553594250532,-0.047505123215329854,-0.0022808193076994626,-0.004842808133470132,-0.00015212169567577967,-0.0002291400308149606,1.6965440514038293e-06,8.51982648583899e-05,-0.09007755544679101,0.15151511902794154,3.472105817088994e-05,-0.007662410650114598,2.325641123454734e-05,0.20821843166064496,-0.04716664708694762,-0.0019161021758881827,-6.84970461474539e-05,-3.525111147803222e-05,0.00015027030700168778,1.1427359429159898e-05,-0.0010940215587860785,0.037008975548370515,0.0014903577386288665,0.12215697400325173,-0.033198978456059396,-0.008371507071714208,-0.014066278165045113,0.005238295288107928,0.001253521620569444,-0.008197818383131958,0.11632517994055114,-0.04631603718947987,0.1848329436605618,0.025549912804137122,0.06008373217691166,-0.11106218652569959,-0.08945491917578083,-0.010500876666716107,-0.054465299770323494,0.0563683281312468,-0.12686203323877476,-0.01577077521452913,-0.05938830120620779,-0.15737182994685145,3.3508207131260865e-14,-0.09878029163870322,-0.07427686252668768,-0.03276449553572661,0.10774361483852643,-0.125649538628703,0.10817485339436826,0.013011824447566404
70,-1.31655957707339e-32,-2.2732480200135505e-32,-7.832546646047403e-29,1.1653026888940415e-14,-4.799825261805013e-14,-2.246979054068404e-14,-0.12778385791804897,0.007823043932007213,-2.4726366352315277e-14,-0.033669111136517466,-0.5359307900718375,2.35226382023702e-16,-6.437091730631053e-17,-1.9029145104158595e-16,-6.596849513199763e-09,1.560942501478575e-13,0.26265649757511683,0.014588206142427692,-4.017636978516498e-05,1.3284281006504158e-11,-5.76509369094262e-10,-1.81467168750455e-09,0.00020835190145492106,9.347977187096227e-09,2.081839713043968e-08,9.969275242613727e-05,-0.10632200317237572,0.01880418489310105,3.016228371938118e-08,6.484164111913144e-14,-0.1471111342551949,0.45173090588069387,-2.7779679857188975e-13,-0.0893440202184783,1.4011904916451312e-13,6.2972696672604055e-12,1.5142699765630159e-12,0.031631825066917564,0.24945629882121517,3.987456529545789e-08,-0.03986462901838188,-0.06451879725791294,3.209669850106325e-05,-0.001150739032644125,-0.029312437926513852,0.008970171415025933,-0.0019756246197987575,9.221595600936826e-07,-3.362474033859146e-05,-3.5789639102911008e-06,-8.743854766714993e-06,-0.014857518264207876,0.011132593934064426,-7.24239238719022e-05,0.062833600334818,1.8065270583236333e-05,-0.06996567726490772,-0.16380337670336179,0.04664934641611403,-0.00015013799479784664,-5.595963189896833e-05,0.00017518889352093577,2.722640792455548e-05,-0.0014741029668379488,0.05530702200700475,0.0019322380779613587,0.10755769938774189,-0.02667412241297152,-0.008615561347156478,-0.022321787427641213,-0.012746469424406005,0.00910335653942708,-0.006781728568970373,-0.31868567625780875,0.00029864469522899854,0.16299600345751292,0.018109448852410368,0.0943035856155666,0.052462167928780695,-0.10365314013355424,0.0034065871928616468,-0.03795320016083631,0.006973514040054883,0.12528475944250378,-0.024721858249313403,-0.10337934915835062,0.11956572218731952,2.5562218799012673e-14,0.17091804109929815,0.0203347368246835,0.06407796765064903,0.0690903086430193,-0.0525829682290489,0.14579686037321715,0.01468178149341322
71,-3.6892554402439254e-29,-2.65537101132784e-30,-8.879247882094116e-27,3.2396384110304915e-11,-5.444358885736783e-12,2.8242637325076053e-11,-0.003095370990909937,-0.05765500192455555,4.971998424080205e-12,0.009640537429862869,-0.0005196933630576754,-3.2370300622332976e-17,2.3878023463737225e-17,2.6057657688213332e-17,-1.0593170774663934e-07,2.9708260335140766e-11,-0.002332727566243983,0.049212964234257514,-0.052526624062858324,1.0244782794183836e-09,-3.8370549592506043e-08,-2.918600981368411e-08,0.008819221694755072,1.0253788696014015e-07,6.850271405636103e-07,-0.044916703532981134,-0.09332610616236486,-0.49057636851757963,-2.6655142967763293e-06,1.2394301391688102e-13,-0.09557106448113292,-0.013922359901653233,-7.841195315688507e-13,0.08599375065359563,3.451047622961185e-12,1.815157357525154e-10,1.899598608403511e-11,-0.3890602296224817,-0.04521951644548438,1.5235066313318073e-06,-0.43870291306891335,0.06496651994155386,0.0008400990658910366,-0.02466931530042151,-0.33051450779146424,0.006151657413792386,-0.006222027006985604,-0.00025413861627509866,-0.00042428111683005896,-1.8875888200642668e-06,0.00011296989107345708,-0.1607540765884055,0.18150541666878434,-4.1427602999036196e-05,0.06292418096440597,5.331174090202852e-05,-0.1680163942321916,0.04487484433684454,-0.1490416946046557,0.0003364179422652223,0.00011936052988693612,0.0005226570770680746,-3.0405276008122635e-05,-0.004886005120617721,-0.11542878758512891,-0.006242072629270682,0.1640893237992987,-0.034199957362639026,-0.005273282758055632,-0.004630948289047093,-0.000811636776853145,-0.0027225421784815374,0.0039713509793933375,0.010380640524351191,0.028363621605660833,-0.13298479747382522,-0.0234485139552078,-0.0531305871709381,-0.03496496427662995,-0.05919371707656224,0.045635707021609496,-0.0210663050855998,0.0245524307719063,0.038268519153933415,-0.01876099620070768,0.17233278442706307,0.020564753860989392,-3.870231978985822e-14,-0.0010246436914339177,0.03413663473296568,0.0015720124054817704,-0.12446414611780889,-0.09606580023033635,0.13044662941189764,0.04181436228176303
72,3.032082760202202e-29,-9.477659886361284e-30,-3.1845185124972315e-26,-2.66252228445624e-11,-1.9520126918755916e-11,2.6789876359558738e-11,0.0025450793903900072,0.04739931244494614,-4.142987947041986e-12,0.034894188557856365,-0.0019343012078452315,3.2121348904477265e-17,-5.594100723441836e-17,-1.309498548465677e-18,2.2216943627746902e-08,-1.2468308789657248e-11,-0.002376707815942273,0.048792789481065045,0.043183357962804016,-7.828080110836536e-10,2.9432368931817693e-08,-5.143426420471772e-08,0.03178633229686534,-4.047651168645945e-08,-3.069906314204416e-07,-0.04444123702540384,0.07707608595910034,0.40113164117721517,2.585001413031163e-06,-8.502493266382084e-13,0.09252083988938012,0.0901958619053275,-6.46568609567206e-13,0.2978328938512974,2.225198705987153e-12,3.0845881432391187e-10,8.505002018326271e-11,0.31511047422666394,-0.08644629173206234,2.9150675562064604e-06,-0.41901884789513694,0.23408277234874417,-0.0018316657523089986,0.07798849056629197,-0.3236702958114722,0.016722521234165802,0.023618140480316067,0.0005160603217339866,0.0007454279529777072,-5.163847235067402e-06,-0.0001913294380202907,0.23027777396143173,-0.09760562131452898,-8.118069087882963e-05,0.045816027242588285,-3.319684423889358e-05,-0.11597462266101982,-0.05530967670960162,-0.17646194815626792,0.0003267868990548858,0.00010094543787246615,-0.0005085105996261072,-4.8327961578746044e-05,0.008225476707655083,-0.10913262094624626,-0.00622044009166106,-0.13390258912923128,0.023380501286889604,0.003329671343314079,-0.002828383658033363,-0.008694293306071951,0.0019345512887065093,-0.0037778819729431513,-0.11922005905963884,-0.03950348744926751,-0.172436163261894,0.060306742141297213,0.013204102303747868,-0.02832154479702496,-0.020091338612483318,-0.011929869521363295,-0.03229318077977086,0.041376922052710936,0.00524130332531598,-0.010085603363952417,-0.05898713743156354,-0.15514388784072874,3.131102156689064e-14,-0.09317123583732033,0.007515833905941896,-0.020402599137846547,0.10077960953541447,-0.11753335195422396,0.10512284419507442,0.00571793235228709
73,1.0425199850180671e-29,1.8329048890595667e-29,6.154545899118435e-26,-9.15494901109945e-12,3.7715395520440235e-11,1.787911717598212e-11,0.0008746285186696963,0.016298351295568028,-1.5378744572109522e-12,-0.06729115695413279,0.0037065373933135993,-1.6123492884254531e-18,8.005917217980941e-17,-1.549005637673379e-17,-2.2121622909586734e-09,-1.8213338803447956e-11,-0.0015418779078765954,0.03236652845328019,0.014835626556074195,-2.2660501180771452e-10,9.431038849309594e-09,1.1198775981711574e-07,-0.061338925423297296,-7.974368414797918e-08,-9.73433334816903e-08,-0.02950929871754227,0.025978277489446457,0.13899890692060715,8.56223913828887e-07,-1.4659160030222245e-12,0.04826287870767783,-0.09983270077310402,-2.1706789010880854e-12,-0.5839832590205037,2.6526458035787287e-12,1.3332611999246061e-10,3.5809566164797604e-12,0.10993188277016057,-0.05082966987323207,1.1798934965740326e-06,-0.2782843190664016,-0.45197868161225235,-0.00010805587469836671,0.00554509052048339,-0.2182031858161246,-0.06412129338839874,0.0131281685508901,-3.479798895047272e-05,0.0001217699269750028,1.3304819619635349e-05,5.29851220879952e-05,0.04305938426771211,0.008936930969522437,0.00021566949623019234,-0.22237832818693445,-5.700635989295301e-05,0.0707170183151508,0.24537198195516857,-0.08813542499859445,0.00019838198913683537,6.522243047796266e-05,-0.00018036277019071624,-2.9860454053041316e-05,0.003627485275475136,-0.06908147179298495,-0.003467184865668893,-0.06354340473948968,0.019617629274133727,0.0030779071029460882,0.008333266277556525,0.014016138020316812,-0.001617457499375183,-0.005196275163729705,0.18768088070838598,-0.0319611699086732,-0.052256109389739076,0.042607183828169456,0.04517762400902001,0.0450562857766929,-0.052565992608173275,-0.0007888357828403985,-0.026009879393616823,0.003674957552411122,0.06674196395517132,-0.01935776426586441,-0.1023049512177729,0.11805813178806601,2.4462358446450142e-14,0.16288341316594113,0.019025994499870524,0.04703449142618562,0.0655669080654849,-0.04871212525249593,0.14258702663858994,0.009603266417702304
74,5.077729355811412e-32,3.6026947834193406e-33,1.234320231083927e-29,-4.493863795846243e-14,7.566918603794754e-15,-4.009188401592329e-14,0.000157003342220365,0.0030738157104268173,-7.366716256677377e-13,-0.0005128917255210409,2.575134409467075e-05,2.353550629922939e-18,-1.2820106963453788e-18,4.485190501247085e-18,-4.183717278779403e-07,9.04198929808539e-12,9.299140231580779e-05,-0.0025366715497087437,0.5528944043547268,5.6701684710900026e-11,-1.7361937953421664e-09,-8.89303726576143e-08,-0.09276717975342665,1.544737390367767e-09,1.1205292208290663e-06,0.47183193169611043,0.0017203051177091745,0.01632498483884662,1.6172191873603544e-07,-8.017406612107816e-14,0.007541627899594433,0.002120753843241346,-1.6121861618366507e-14,-0.0031766077480834946,-2.044831950994788e-13,-7.966611608130443e-13,3.2322431148764666e-12,0.04582628249187809,-0.0018844500475465428,1.4300135736060708e-08,0.01606355266021362,-0.0077040391460375815,-0.0005404730409912403,0.01454808574543218,0.03930554441069734,-0.0030813192845527584,0.005663201723339286,0.00017062171749311609,0.0002833829830223832,1.1519297173442717e-06,-8.945265510612656e-05,0.11488448165800579,-0.1792425600538147,3.136340181149154e-05,-0.04571459051136775,-4.236486612360139e-05,0.15734158759408184,-0.04301338301869744,0.025557181419432168,-3.588970399288575e-05,-7.807815525169364e-05,0.001577047203561455,0.00011416272498303385,-0.028083469712145065,0.15337257335029592,0.006843046647761253,0.4005189287796203,-0.08527055322001381,-0.011538107591235957,-0.017608783023024516,-0.0027783293438969786,-0.006710863747421004,0.0038162730774355777,0.028197547078161956,0.02565659910540211,-0.29477367124357606,-0.005900366886685741,-0.06872922379699187,-0.046538396958488215,-0.08077322074378362,0.05527974161830316,-0.027019170778625572,0.028623513162126427,0.07056309269358234,-0.021685644313532444,0.17332146976474244,0.020797838956924653,-3.919417053863695e-14,-0.0008087452165193277,0.058378705697266844,0.002388731299913192,-0.1273493382358783,-0.0988796924813274,0.13132739432457585,0.04783929244156099
75,-4.1739137587495843e-32,1.2801366941197977e-32,4.41421421764318e-29,3.693943274614967e-14,2.7058152848407063e-14,-3.6391943353723817e-14,-0.00012910475991118314,-0.0025274473113632238,6.063768444588465e-13,-0.0018615020947076667,9.874523345744147e-05,-2.2363184291964296e-18,3.497282188961391e-18,-4.6058740223917704e-18,3.477633608452946e-07,-9.049373429721064e-12,0.00014101755128587926,-0.0026735968920043227,-0.4547780178698775,-6.588097727094612e-11,1.8403300928723154e-09,-3.1752779581991546e-07,-0.33449875258002426,3.6919892895336378e-09,1.1049071813657676e-06,0.46722234146935243,-0.0013980471528585016,-0.01361112229713159,-1.1289817729275553e-07,3.794826004914783e-14,-0.005291040628307755,-0.002803861884691881,-1.0936072228812022e-15,-0.010089069144044498,-1.3932281337806337e-14,-2.5314505188451115e-11,-1.0796894757765271e-11,-0.037606576299672526,0.0035929908807554108,-2.626376984862477e-07,0.013392027159049316,-0.027720223294788505,0.0006647792988382873,-0.02003214613606217,0.03782868265077144,-0.0037832841727276504,-0.007197156792454648,-0.0002103217316800622,-0.0003155406309358878,2.035826494410811e-06,0.00010668843621979789,-0.11810217265041842,0.13549024237763319,3.570625386015437e-05,-0.008550482954820275,2.802103378061219e-05,0.013998558764108195,0.13059083564945664,0.2116794976636601,-0.0005732492276751686,-0.00020639632239414848,-0.0010356834236458301,3.48168375784573e-05,0.011227522187250585,0.1913138838308416,0.00864967389700519,-0.2335252211364093,0.028874857582704274,0.004558370487754381,-0.016779672678057897,-0.019973522181246983,0.0012547381280501116,-0.0075691496442806365,-0.22667986494453166,-0.07073645612660931,-0.3485924337866995,0.11059122147281113,0.01209209990778909,-0.0401568891251077,-0.033835683826145706,-0.010722750000354506,-0.03905996931930329,0.046514082388026005,0.0239841915321613,-0.012173384774404366,-0.05861289199402053,-0.1546747073808945,3.161150498251378e-14,-0.0945888460660502,0.022610903869434623,-0.023335191110928202,0.10244732252426399,-0.120004005619539,0.1053991769662689,0.008542473399915299
76,-1.435057754976827e-32,-2.4783746881757945e-32,-8.536896376334696e-29,1.2700774313346962e-14,-5.231454790234068e-14,-2.4498384735341467e-14,-4.436759776124515e-05,-0.0008688753402965487,2.1515810874761752e-13,0.0035874912269394854,-0.0001880494934093504,7.299622371985425e-20,-3.96271312576038e-18,-1.95012359859486e-19,1.1992283677243348e-07,-6.601555470951672e-13,8.381621978537463e-05,-0.0017511626502931868,-0.15623686556398023,-7.551688974709185e-12,6.058131645788323e-10,6.150177855793955e-07,0.645321251118043,-1.5958335349183748e-09,7.311881094053907e-07,0.3100545146157275,-0.0004945600630933799,-0.004680608252157914,-3.4621283365746104e-08,5.86558501003321e-14,-0.0019257993118227306,0.001556876632415063,1.3185287578858667e-13,0.01991438820025296,-1.3685211910117927e-13,-7.108774296821858e-12,6.925967237651517e-13,-0.013041469301024277,0.0015544102332352729,-6.788945681655774e-08,0.009048467411651105,0.05344075631989741,6.860739241482927e-05,-0.0017665823787014583,0.025829649195197403,0.014033780709275643,-0.003359029119643254,-4.157870139221414e-06,-6.033889786963227e-05,-5.4224155270451715e-06,-1.0330843916279993e-05,-0.026014750963835136,0.024372539013937263,-0.00010983257165162538,0.09600548814202522,2.855521511582566e-05,-0.10159072191553592,-0.26496027803389194,0.07063892750748085,-0.00024656203702147906,-9.359268172153057e-05,-0.0002769638161988353,3.867967240910635e-05,0.003367822531855748,0.0874669498485039,0.002836691156018672,-0.13821043767477395,0.048603256784695514,0.0074488798628828505,0.017050445975684,0.034202083791486475,-0.005152509456954583,-0.010870465282777074,0.43935028532033665,-0.06083026661463042,-0.1356746703576148,0.08206063767223187,0.05971458004072708,0.05604022214526826,-0.07147154119712669,0.0009445093115609867,-0.03145227201859941,0.005017508137678801,0.10953153436165344,-0.02211056368678501,-0.10252717795779476,0.11836454598187798,2.4820657079664693e-14,0.16701783734615155,0.03550789370090638,0.05642745694120467,0.06728818178700766,-0.05039000851197539,0.14327759697424577,0.01205397585503628
77,-4.792986305651832e-34,-3.3558763334856e-35,-1.1779397697090495e-31,4.2750783634153643e-16,-7.21905234766946e-17,3.990005757811409e-16,-4.732975715162714e-05,-0.0009636691574413707,4.294932651571006e-13,0.00016040708283726734,-7.542298167349589e-06,-6.365901587557752e-19,2.1813819571931425e-19,-5.010083108416783e-18,3.950803849680897e-07,-1.050466076499869e-11,-1.3354868463785833e-05,0.000742458019650455,-0.5106787428420005,-1.5483888785765575e-10,5.648505004156376e-09,8.495426491531798e-08,0.08570831738433286,-1.642015773348271e-08,-1.1281690415343735e-06,-0.43573104282711045,0.0140432247824025,0.07734636179499094,4.539830436174764e-07,-6.709745047455014e-14,0.017541285100217362,0.0030981683691453815,9.320843109575451e-14,-0.013720140274718197,-6.149353033528236e-13,-2.2649620684212393e-11,9.019593497528549e-13,0.0873930390995993,0.004773618504340845,-1.6896089836099348e-07,0.07023786331864179,-0.01462630387737188,-0.0006466558907677278,0.017430560129670095,0.0745956011743826,-0.0037721159785879324,0.0064962335197780805,0.0002035550095931766,0.00033831785491915314,1.391881318320052e-06,-0.0001052534678543919,0.13641113503706495,-0.20750542181240275,3.7080738450100484e-05,-0.05423862317740182,-4.985616826736606e-05,0.18299360301662607,-0.049999025842288915,0.039715510739613755,-6.585200338644956e-05,-9.352800725453443e-05,0.0016554338135108487,0.0001252078262774482,-0.02982327492779805,0.17416286785372745,0.007860686941793767,0.418023025722395,-0.08905460145743489,-0.012000638308760784,-0.018577987270709397,-0.002922487449243417,-0.0070077349478395315,0.0037992348406772915,0.029558584165934702,0.025420312983620567,-0.3067950917389663,-0.0045555704824454665,-0.06985627555667458,-0.047380060606258774,-0.08236051230530785,0.055977642706729516,-0.027459710090488917,0.028922762318732444,0.07295963941336574,-0.021900361624978257,0.17334973194094966,0.020808942046686832,-3.9260210306930734e-14,-0.000783501406522824,0.06017011708238408,0.002452647024656768,-0.12752191789853887,-0.0990890687528803,0.13140036142789344,0.048275426999311435
78,3.94018552569275e-34,-1.184863302342306e-34,-4.195201887197913e-31,-3.514408013248538e-16,-2.5716758757687867e-16,3.316130906747973e-16,3.8918224328319025e-05,0.0007923705466718204,-3.5287307923402115e-13,0.0005839664551694149,-2.9981096316654837e-05,6.6169484767089675e-19,-8.91351985113936e-19,4.5757783323063674e-18,-3.2611507424518595e-07,9.568619863599695e-12,-5.457169500594248e-05,0.0008814564952977018,0.41999570956453036,1.4261125442439238e-10,-4.921280121973066e-09,2.984994987790717e-07,0.3089439205509851,4.424271822024638e-09,-9.742260073341786e-07,-0.4313634594224284,-0.011603060833265219,-0.06321053380563062,-4.353838248739509e-07,1.5331651642465914e-13,-0.016503165539412938,-0.014405406189851451,9.007828881591353e-14,-0.046949067086524424,-2.942184571923346e-13,-6.056353038945924e-11,-2.0140591125666335e-11,-0.07116083192527992,0.014604673455463943,-5.929227599320816e-07,0.06541654585402192,-0.05268912582473399,0.0008735263527531365,-0.028562943820332396,0.0723816220428678,-0.005519678490804412,-0.009839515519841188,-0.00027033566374900505,-0.0004030203612488162,2.6228783271904225e-06,0.0001306871215106615,-0.14637181089966073,0.15337482918653347,4.514803009472173e-05,-0.013081435711649058,3.2843242885129385e-05,0.024801636355172015,0.14468822969177808,0.24202033774744927,-0.0006429564347156174,-0.00023009349821482723,-0.0010745685319740522,4.128320774927526e-05,0.011434663802581872,0.21449193522138502,0.009802613507781789,-0.2408557002972832,0.02926221414548934,0.0046477556109028526,-0.017825099084468735,-0.020807833926318166,0.001200965277854829,-0.00785251372326066,-0.234577836184791,-0.07306075544423098,-0.3617003177787222,0.11433329223488753,0.012012108769510893,-0.04102391991812698,-0.03486275258945879,-0.010630120895070469,-0.0395622316594483,0.04689296404524737,0.025396337680835282,-0.012330432820269289,-0.05859141095244466,-0.1546287173703996,3.154640453494832e-14,-0.09467363688786538,0.023740038988693184,-0.023542842155944765,0.10257359116685608,-0.12019839033327082,0.10544650224055732,0.008753738590085611
79,1.3546381047391381e-34,2.297315204082192e-34,8.120923339897168e-31,-1.2082838936396115e-16,4.97651502220447e-16,2.2754187990370444e-16,1.3374466078079252e-05,0.0002723649314869332,-1.2360883429361212e-13,-0.0011245701007165912,5.66740728916219e-05,-6.880580313795219e-20,1.30908328022244e-18,3.0174308617893366e-19,-1.1214507345836675e-07,1.761986726318337e-12,-2.8901012441520267e-05,0.0005640183296795858,0.14428894051512337,3.221018442323595e-11,-1.623852709207249e-09,-5.796677377532334e-07,-0.5959865329797911,1.1315887875087005e-08,-6.609850438483098e-07,-0.2862189169046303,-0.003912878941393946,-0.021874647078918872,-1.456367723326402e-07,2.435310408310537e-13,-0.008149338897683616,0.014759977491781153,3.8614985970907494e-13,0.0922499178089568,-4.500500966557538e-13,-2.2899242137419627e-11,9.268381350131925e-14,-0.02474866674480482,0.008166579266863159,-2.0682655329546677e-07,0.043595420991771154,0.1016725673622466,8.367860827556763e-05,-0.002460283571757928,0.049127385217816004,0.02085270356001954,-0.004799201518326128,-1.482026896896604e-06,-7.547709829004994e-05,-6.955398024223694e-06,-1.565441437636276e-05,-0.031619601822355334,0.025302745073123353,-0.00013606649207535847,0.1219819117606983,3.5486119427133404e-05,-0.11477325074286236,-0.30471735653107346,0.08321896584324685,-0.00028129573811105674,-0.00010592030317580437,-0.0002839143818970283,4.398022176199831e-05,0.0033379315514106517,0.09962427244099241,0.003331658783841829,-0.14373417845921072,0.05075259478348065,0.007773249062001679,0.01769109541823048,0.03569968526343049,-0.0054165807018661215,-0.011292175761458639,0.45802104607909594,-0.06297575219487744,-0.14193799348361383,0.08499719044674235,0.06077664338342262,0.056835351231887175,-0.07286976108434118,0.0010754489462259822,-0.031856846907783225,0.0051233118306540275,0.11269789868005001,-0.02231440542275262,-0.10253408896252668,0.11836771471558452,2.4791963173053307e-14,0.16730388480612732,0.03673432050738879,0.05711150847109924,0.06741379870090289,-0.050532284732694756,0.1433462445043645,0.012237916391327035
80,6.367653075004933e-19,5.0242169884466644e-20,1.4571681805677643e-16,-0.5336618719420612,0.08938886406128045,-0.4555238528418488,-9.794393312700686e-06,-0.00017555640275474172,-1.1250576659437745e-08,3.136258864220658e-05,-1.772607595797376e-06,2.397365089025344e-16,2.2816940390664668e-17,5.189504156847462e-17,0.00013021404227672072,-2.7581294662874056e-08,-9.2200744862045e-06,0.00018548095996251952,1.7157311217493164e-05,-3.047068250529152e-07,8.909463627927108e-06,3.334319342662676e-05,-3.4587353276556865e-06,-5.678441434863903e-06,-0.0002475439272653899,2.8069464610528986e-05,0.0014808007135920177,0.010912707341977766,-2.250607760057803e-05,-1.865411681290058e-11,-0.06572473755938897,-0.020530041882779185,-2.635888449691782e-11,0.003377511061857875,-5.311851148315031e-11,-2.7090691319796977e-09,-5.047427346630548e-10,-8.603603614437475e-05,-0.0013121227851208156,-2.726183663860346e-05,-0.006755392895612117,1.908512163128275e-06,0.0017397404487639492,-0.22582741564086528,0.0031332969453089503,0.10408606783054293,0.3481966569119593,-0.00010381025631755072,-0.0003039878804072626,-5.220971365132676e-06,-0.0002101383578278115,0.01888186943502401,-0.03477699523516309,3.444461442558545e-05,-0.00031599998097854337,-3.953391276420902e-05,0.0002024326100386944,0.018636321710037526,-0.1411153699111091,-0.0003073811297871575,-0.00020967281815965818,-0.0010611576348529444,2.8713226729401307e-05,0.018113048981295007,0.19540850532310675,0.010651900317867896,-0.04650994701563163,-0.008467007716534653,-0.0163734862742632,-0.027951335744628148,0.0067864970717927,0.023111136267881832,-0.032414322490348126,-0.014243768606473478,-0.20061455276301848,0.1010562861599967,0.18915058546500335,0.06457882575606304,0.15545321861719688,0.22586746555594622,-0.06930761863390748,0.057621310263568905,-0.029986540342869634,-0.05825787983082536,0.01899393868945,0.17772143869641727,0.017779940287545867,-3.164452223716721e-14,-0.004034131571697781,-0.05193248003488348,-0.0022634650700653056,-0.09618307470187103,-0.06681802177838661,0.13498663235201383,-0.03478575430036102
81,-5.236139650654067e-19,1.8125046404840226e-19,5.266683013641746e-16,0.43876383523543827,0.3228525498893142,-0.4512070095396067,7.757983003004342e-06,0.00013886000539976346,9.354064630668695e-09,9.975427232629028e-05,-5.74010887094452e-06,4.353359201094468e-17,5.397675595597504e-17,1.5941710442179413e-16,-0.00010861674814705846,5.18345829189927e-09,-6.532587081210988e-06,0.00012969687767571956,-1.2978875598350446e-05,2.5193814438574093e-07,-7.870666937186317e-06,0.00011560226202940683,-8.884482837988325e-06,-8.008596805187862e-06,-0.00024575094143002414,8.213644716876724e-06,-0.0008772616066074594,-0.005894500309669865,-9.813298629510429e-06,1.9484274414233693e-11,0.0242818879874738,0.00699350751281065,1.125914751382425e-11,-0.004494757231613259,-1.2713464673423494e-11,2.3037472117251255e-09,7.880411873008154e-10,4.757871807277002e-05,0.0014483381559649727,2.238256889756321e-05,0.010173099616193625,-2.4411976127057396e-05,-0.002651349937373344,0.37308283396909697,-0.003970571232926014,0.09219180016062703,0.19237466399064165,0.0003908010368799537,0.0004080110039559232,8.345994069608764e-07,8.180784891019218e-05,-0.08025525768264781,0.0543436524159142,0.00010303878433803746,-0.00758679451247223,2.9074163440875756e-05,-0.002382915627763247,0.041189743086384054,0.029150255672307186,0.00016269642729252983,2.288766014067131e-05,0.0017978546192088704,0.00012085711707878579,-0.03561283433660817,0.06709955434334336,0.00711852983661837,0.06828933719006683,0.04303768554686631,0.016980729026980567,0.06459414697028348,0.01857063221954926,-0.003668555964595356,0.027245080376992387,0.05371344514019602,0.16862012971284215,0.06398517115505689,-0.16633034418940312,-0.08724367253820287,0.2267285084316314,0.21258868988816504,-0.016877467477460117,0.07113640465875945,-0.03635578271389549,0.1902601378495848,0.019635178321151192,-0.06070805690350297,-0.1664637757313402,2.1878578650619388e-14,-0.07145001698299588,0.10017724722274635,0.03359861730201408,0.07138384438955088,-0.08685559212100709,0.11115343498721561,-0.032218380666381156
82,-1.7994115987146177e-19,-3.496350990967004e-19,-1.0165585673707185e-15,0.1508184456630826,-0.6229365725630998,-0.29920991498035854,2.6843296057939557e-06,4.809686264935179e-05,3.1585015468945815e-09,-0.00019476243279214873,1.1161929671204262e-05,-6.050060004807475e-17,1.0907324589467798e-17,-2.0052370229503611e-16,-3.646386603167731e-05,3.3789066324531773e-08,-4.414565092873205e-06,8.842551309463581e-05,-4.547832655543774e-06,2.6862037166646428e-08,-1.7576212002077454e-06,-0.0002207304376259831,1.7826563431880573e-05,1.561223800146459e-05,-0.00016427321133158,6.4621829321258006e-06,-0.0003265064279280997,-0.002291745097371911,-1.447477060395376e-05,7.164352548886207e-12,0.010918466181180086,0.004378481923709165,-2.322669680209228e-11,0.004818392636265354,1.484542119052095e-11,7.087628913802621e-10,-1.1252142484382841e-10,5.550276888450635e-06,0.000779146548041223,7.12449140209734e-06,0.005393987905458208,3.666272864290182e-05,0.00011817111682995943,0.029819834977147512,-0.0018783749897837794,-0.41403773880328126,0.12970856616617094,-0.0002003319448921043,0.0001069494855204121,2.3733880860171375e-07,3.381331175284287e-05,-0.00967150341028077,0.020410779039672988,-0.0001895390641387097,0.024647488242031345,1.4296864408267272e-05,-0.04457414308193461,-0.08477652372673489,0.00467869422269782,7.382193153371335e-05,8.527969984895038e-06,0.00033788005770653967,7.981454832029609e-06,-0.013648423671300309,0.03762067739646521,0.006067846554163182,0.011700971304058231,-0.027978671971004922,0.006894100343737286,0.018476453619939992,-0.03036901077552819,-0.010353374545693874,0.02882470317696614,-0.043899768477437456,0.07163041070464314,-0.08575305037388817,-0.13195474632711945,-0.17256600162408842,-0.06823552350803627,0.19530798737679517,-0.02063018581813152,0.04450636450068698,-0.014376528412145081,-0.3292549949066367,0.016002825292172746,-0.11003434511021042,0.12553740130985527,1.779864488247845e-14,0.12039265647544846,-0.08074589671200975,-0.06968083270782638,0.04783109115664863,-0.030140271703773536,0.14874461635499667,-0.0217917648372041
83,1.1545007474763825e-23,1.2077200679795444e-24,3.754419517076655e-21,-9.901849129606095e-06,2.3034984733073352e-06,-1.679859150699074e-05,4.150251195604883e-09,7.687979827979045e-08,8.714164006225345e-12,-1.9113604825090216e-08,1.0457640152941484e-09,-1.4114816473461147e-19,-1.2143362367210254e-20,-2.902061139329448e-20,-1.3192294122017802e-07,3.057941875210049e-11,7.89500447600774e-09,-1.6472494293131568e-07,-1.5945224678213683e-08,4.538667466917493e-10,-1.3905404100970843e-08,-4.6770141398789924e-08,4.47436333581149e-09,1.244183146794522e-08,5.061020684110189e-07,-5.34880509856278e-08,-3.447390700869974e-06,-2.8568723139081407e-05,6.963896505469745e-08,8.033589443522649e-14,0.0002197026516586094,6.833749768938125e-05,1.397293376545341e-13,-1.2828515125414714e-05,3.2086201849804693e-13,1.8229497899641445e-11,3.8214155639922584e-12,3.942958096987527e-07,6.485306656895509e-06,1.87582381920068e-07,3.899148910644707e-05,-1.5710244444854783e-08,-2.584427482224382e-05,0.0024760303354063222,-3.489615405191482e-05,-0.0011280998983688236,-0.004125235887750089,2.0248558187741605e-06,5.266658264241666e-06,2.4465912922302095e-07,6.278436104886709e-06,-0.0006226161405428989,0.0002966353506003774,-0.03663825788572994,0.00010236703732101798,-0.2278697288345519,0.0002080080668058419,-0.0002982220306083321,0.006855291794729333,1.809336839512671e-05,-1.0340427654587772e-05,0.00033270174562847517,7.3219820349314925e-06,-0.0046158484349591924,0.009146100062359422,-0.4170995979953992,0.031562219467938184,0.014912515146362227,0.7521855180229811,-0.037663426673793285,-0.2682079775903464,0.007073192710256496,-0.008395922340251962,0.01128216783730343,-0.031511477243447085,0.010437013438566454,0.03192133027165181,0.016239441292302204,-0.003249145296458301,-0.023025423773633296,0.003100214098211077,-0.024316499689978652,-0.058465436438840925,0.007888818136004628,0.3508712030197291,0.009898246898493073,-0.0005193492688693855,-1.1298446354714079e-15,0.002045985338259739,-0.00235972024987215,0.003972446800760507,-0.0038256771774706905,-0.01308772397615906,0.023360173808954044,0.03174347351119898
84,-9.492599602177044e-24,4.3556478892102745e-24,1.357239234007704e-20,8.14102904870584e-06,8.320426441205713e-06,-1.6638968254864496e-05,-3.2982924860105235e-09,-6.101317847034246e-08,-7.251379055829624e-12,-6.081539468694547e-08,3.3889400838327174e-09,1.1850738911265428e-19,-4.670053254190363e-21,-6.072671098912201e-20,1.1014501406001325e-07,-5.6337317598506595e-12,5.508334694082237e-09,-1.1341258491881151e-07,1.2108724371056951e-08,-3.746620944313099e-10,1.2294755848687234e-08,-1.6295638468509895e-07,1.1488559055109047e-08,1.751925092303795e-08,5.025124551933678e-07,-1.5041816202996807e-08,2.0621112329318987e-06,1.5622687597656896e-05,3.0481899029842425e-08,-8.37399810219728e-14,-8.329751227584911e-05,-2.3978309494038812e-05,-5.924226154080159e-14,1.6813746173869332e-05,7.096707747242292e-14,-1.5517934910160753e-11,-5.791703285981262e-12,-2.2105468800339882e-07,-7.123277732478508e-06,-1.5437998327016587e-07,-5.773319253017843e-05,1.5853093066196095e-07,3.612351576695551e-05,-0.0038706638618018195,4.2901303672089754e-05,-0.000850210966206748,-0.0020962943145717327,-5.676545094443115e-06,-6.426671877508109e-06,-1.4149467505675202e-07,-3.676858771011494e-06,0.0015099621432616665,-0.0008403097938592312,-0.11074683255395368,0.00010998152109794893,0.18657138820585142,0.00026631183833365356,-0.0009508270365935547,0.00035211869492585217,-5.7984217055174835e-06,-2.7436995438086238e-05,-0.00027811072021906785,-6.016821832122202e-07,0.002824021849304681,0.020325192466710048,-0.43271172194338786,-0.026081944508546777,-0.020163649387934662,-0.5594971722306156,0.018534567319899917,-0.5617678858763269,0.0024905900185406686,0.0015896903821939297,0.04575388181379653,0.020840763444474872,0.00843096285569574,-0.013168096275730576,0.0040690661189081035,0.0038310448664739595,-0.024204723948900168,0.006803758517680565,-0.023507510047820403,-0.05913777723490236,0.03744501585417341,0.35237349216792985,-0.0023392413806309284,-0.010813381233188084,1.6987970793975738e-15,-0.002083339530943802,0.014499510095962485,0.006857096793431114,0.005274022221251174,-0.014307650947593781,0.022037424352941776,0.03201896315413983
85,-3.2625407562502272e-24,-8.405252107952356e-24,-2.620092281058085e-20,2.7984270201742266e-06,-1.6055374351729606e-05,-1.1035473990317085e-05,-1.1422043331978396e-09,-2.115045771220801e-08,-2.4493074450338264e-12,1.1905467729956756e-07,-6.6066129890099956e-09,4.4451354283283595e-20,2.6398095311700925e-20,1.1246980796199216e-19,3.6997462467079086e-08,-3.7757778057522124e-11,3.744691784423667e-09,-7.781729870645287e-08,4.246439141941822e-09,-3.944156887593817e-11,2.746059920854095e-09,3.121207329540331e-07,-2.3172114158400512e-08,-3.4267313780528555e-08,3.3813720997705464e-07,-1.2136108808906246e-08,7.664303243970199e-07,6.0533386441233866e-06,4.50441867991971e-08,-3.0949964693314233e-14,-3.692122264349568e-05,-1.466779619898991e-05,1.2093539119058947e-13,-1.780906458285249e-05,-8.78387127417242e-14,-4.822960859291503e-12,7.345075134891637e-13,-2.71551204679551e-08,-3.817112585613951e-06,-4.954751441780646e-08,-3.059298720080153e-05,-2.388789991746473e-07,-2.5734783617103024e-07,-0.00038244471698400115,2.0218178222688206e-05,0.004380426932492649,-0.0015307449071235947,2.591749171446009e-06,-1.7977014674796446e-06,-4.607013967883061e-08,-1.3639376394141064e-06,0.00023602213771548454,-0.0003990013533705805,0.19970653527058252,-0.0005815075827032022,0.06333598304588525,0.00118415316706863,0.0027699605916079732,0.001523934118157252,-6.872035267965186e-07,-2.916026722595153e-05,1.7525287003915506e-06,9.702575845656943e-06,-0.00028383317737637633,0.024907637033109952,-0.48812877666750687,-0.003154710802606655,0.00518736624492326,-0.15151902222754268,0.01672708553527247,0.7419516299080173,-0.008506623660354356,0.005832426932860316,-0.05134146076845653,0.008447652342885555,-0.01910951807618863,-0.014369755973477907,-0.0070048388877379485,-0.02760775186634861,-0.02836313782427499,0.00721743158114316,-0.02666665063832029,-0.05897824970534127,-0.033763288937875356,0.3617333469803793,-0.006329549737875103,0.007200966406682971,1.7710114518104096e-15,0.010420623580816933,-0.00994799609682529,-0.0018283050124492859,0.004341067732280082,-0.010722444996163089,0.024375269027303817,0.03392181280402765
86,8.510750185049707e-18,-8.677413193758313e-18,1.6842974167035198e-17,-1.277235249931715e-11,-1.818606380401504e-11,5.225211839534941e-11,-5.109375254800849e-12,-1.0213892491107518e-10,-4.715308596640178e-07,-1.3979753510865175e-10,7.251132831957557e-12,3.1895748645311312e-15,-2.393535957197817e-16,-1.9219170440068585e-15,0.004000880722860653,2.8421097016050353e-08,-2.2568254473214176e-11,2.019550793548356e-09,2.9160732184542146e-09,-5.665793518844673e-06,0.00017562963460534924,-0.004095794148894342,3.745638333573114e-09,0.00018544982882428662,0.008158427510666333,-1.859077292083416e-08,2.1045793400204147e-08,2.104023110625779e-07,0.0002524991301724936,-1.1576285174068277e-10,-2.643382918876557e-06,-7.999266461332459e-07,2.417681736547726e-12,3.619895995719693e-07,1.3486977246969876e-10,-4.37775582703984e-09,-1.4183987620767598e-09,-1.1099906532201144e-08,-3.0427060135799754e-07,-3.834729935082075e-05,-3.327560670166825e-06,1.2687049144071141e-08,-0.0032698425922954005,-0.001101564065998517,1.3561477506378755e-05,-0.00017886645269785372,-0.00017421411450736353,0.0007189543618182653,0.0008865937103299838,-1.8802359706536996e-06,1.1375640311066702e-05,0.0017689269183335079,0.002854635230418103,8.979833426944708e-06,0.0007012931355330968,-2.0631677264390626e-05,-4.102639538619132e-05,0.0016963348759267102,0.004374699944803338,0.0008584214585164025,0.00027888269531227335,0.007400620224470464,0.00035776526410827476,-0.1314104451865413,-0.002804951608211591,0.00026733395784009096,0.07834638204221649,0.3260728997287811,-0.001879893741996373,0.4422691750305104,-0.01614661159958805,0.11633527804387069,0.08127975852373313,-0.04474230711305312,-0.05826670895372089,0.01028472696229036,0.25019908904923277,-0.23022542463601206,-0.04840612016975258,-0.22446381888483638,0.21376334648570675,0.3580293487296737,-0.3049194246464485,-0.046523575410190775,-0.03853739432105594,-0.06195997613044472,-0.17606478727705108,-2.8033062896330994e-14,0.0587036702168747,-0.23975444018856817,0.26940978449082986,-0.08812987932576692,0.0920936178745141,0.10110551847626473,-0.12205026046386722
87,-8.067086438837112e-18,-1.347428856698282e-18,7.17201232545269e-18,0.0006480409336237567,-0.0001509135362046309,0.0011017470482804481,3.0257995410728804e-07,5.594816530733028e-06,4.6661601948580176e-07,-1.4080927512134129e-06,7.716971207021103e-08,-3.3210857811969292e-15,-2.8504206998892485e-16,-5.430494076954641e-16,-0.004011171969118082,7.720407566879468e-07,5.846954111953478e-07,-1.2188595939983802e-05,-1.1463581766458961e-06,6.156485903116401e-06,-0.00017037619628774742,-0.0007301327549625539,3.303904972112834e-07,7.552399637798324e-05,0.0037190637992076687,-4.029111398117665e-06,-0.0002622069824103065,-0.0022081750991579806,0.00020148316308896808,1.2121373500899262e-10,0.017725666523338925,0.005510328219817453,1.3466733399108184e-10,-0.0010531996665746812,2.2949712285721713e-10,9.765064244167513e-09,1.5089351376092967e-09,3.430259033365523e-05,0.000575695952117133,9.540949587855532e-05,0.0036459680265093024,-1.3647413718382396e-06,-0.0005075132262755028,0.3315577740466522,-0.004809511704783921,-0.1691913827045151,-0.670219641772595,-0.00030778172960104974,-0.00032382052855207526,1.8814388270251459e-06,0.0002272455632558337,-0.15910008301312809,-0.14119661765143965,0.0005184280392972351,0.042550909840577245,0.0035298786082980007,-0.005063180453578747,0.03945087169029256,-0.2506046078930783,0.00018620649506424588,-0.00016118033254682016,-0.00015940224353834932,0.000143311922995736,-0.009235905098398386,0.27283689750337253,0.016307259234420862,-0.04867045499071772,0.00021378521932902535,-0.017497399041647467,-0.019779155591459634,0.006785749452223325,0.01423339053535051,-0.026650764114464466,-0.01458702330331936,-0.17778964980548723,0.09133115621784851,0.17955193186330715,0.09319904929068563,0.14543837805584356,0.21563181787444927,-0.08448968839696752,0.05795008319776905,-0.03331280342063079,-0.059969122017311055,0.01784922608415958,0.16539756089488342,0.01617468346977051,-2.4891665487603037e-14,-0.004725289212228895,-0.05765571909547169,-0.0028010055924044806,-0.07390522589398511,-0.054796177786137434,0.12492329791630549,-0.047473433189090974
88,6.633383498111177e-18,-4.867874288274681e-18,5.496702118990266e-18,-0.0005359191447876914,-0.0005482538953585865,0.0010976888650542623,-2.410829670277042e-07,-4.4514671246633905e-06,-3.8577008778538334e-07,-4.504429631004839e-06,2.513361885260411e-07,2.6966665604461256e-15,-9.536222408976012e-17,-1.1011046086253263e-15,0.0033272761588473785,-1.3691680595729246e-07,4.161315477912515e-07,-8.557978018363574e-06,8.726851664796379e-07,-5.051184520266971e-06,0.00014991376094399325,-0.0025165960140494763,8.536760291873497e-07,0.0001078518269085818,0.003676796806998971,-1.1778969041172285e-06,0.0001567410108520032,0.001205358594267171,9.846090587476164e-05,-1.2017857196035126e-10,-0.006674102316632446,-0.0019156501015569543,-4.833353252957798e-11,0.001409229736397601,6.191510511785931e-11,-7.609530944288684e-09,-2.2892864216569414e-09,-1.926399269909916e-05,-0.0006339262127526733,-7.112149158980066e-05,-0.005414850737472446,1.6470833310482734e-05,-0.0005291331913356155,-0.5259535746286066,0.005907122376091837,-0.13918057220588453,-0.3456542638980316,0.0005697346752603792,0.0009961514349036845,-1.0026414154515026e-05,-0.00026390364163882753,0.425470043667393,0.29640620380043564,0.0014993540033918715,0.1451487649496209,-0.0028449923090341353,-0.008312100423733275,0.08957495003345793,0.03931344558292358,-0.00019830730604576376,-8.017778692824494e-05,0.000981534783476722,6.854773398602141e-05,-0.017556538451440385,0.1067714099825848,0.01136914417065315,0.07018307594782809,0.01690295831870292,0.019002329101735386,0.04114267810147038,0.02136638994532307,-0.005663197924334126,0.02429264010256481,0.05931552742768343,0.16362124940539458,0.06809327684032222,-0.16716252614667004,-0.09544948599095435,0.21931603305273786,0.19723635611646562,-0.004674356250473608,0.0797374312078052,-0.046952920951845396,0.1841896306518719,0.016062712039717715,-0.05703312423824172,-0.15724059010320526,1.6620083482993787e-14,-0.05820053240819727,0.09781958704238013,0.04249797009654564,0.05393125670198749,-0.07323940232986652,0.10420144083388087,-0.031183623676341216
89,2.2792154114623738e-18,9.386616414930056e-18,6.020232267941312e-18,-0.00018314313340877134,0.0010516930263096127,0.0007236805184184798,-8.293267466757987e-08,-1.5329031843934441e-06,-1.3102390290542977e-07,8.743834330820605e-06,-4.8591383958809e-07,1.0308241996600896e-15,5.609510322339251e-16,2.064924444190643e-15,0.0011235446572629255,-9.567266947200281e-07,2.7964400018133523e-07,-5.8028280058948755e-06,3.0399702688310224e-07,-5.151929926981275e-07,3.3332917564373974e-05,0.004833799175806371,-1.7032520702674156e-06,-0.00020894509063745198,0.002473095202210068,-9.240204526771635e-07,5.8006486679474756e-05,0.00046588404652392345,0.00013787929549683193,-4.5217337771397214e-11,-0.002978987829602738,-0.0011844236204383732,1.1642065073450986e-10,-0.0014867677477041475,-5.5474862266554796e-11,-2.415558897317014e-09,3.776125507339871e-10,-2.3329704889245797e-06,-0.00033740846675996665,-2.3422993282555866e-05,-0.0028387920399629628,-2.442683680289239e-05,-0.000251237487371355,-0.04432880842912242,0.002740357506814803,0.6392621071483432,-0.23505692267865133,9.12168020012252e-05,3.025325032043848e-05,2.7025707276427363e-05,0.0001495508997283177,0.051791016998963414,0.11634322310922568,-0.0026327909100837908,-0.4402052182476019,-0.001067202818951126,-0.13251299297534364,-0.18146421048136305,0.002347746634504098,-0.00010634338356049244,-4.694965158737927e-05,0.00023562459235238186,3.0370222182637826e-05,-0.006909352238366053,0.059139466149092206,0.009476537988487611,0.01623219673290805,-0.01557875048000632,0.006548248574861012,0.010391356001223597,-0.0323719665555052,-0.008129748767500174,0.023087225196497717,-0.04635494930869814,0.06957106865667018,-0.07694624036997702,-0.12064828376978241,-0.17590640837702545,-0.08732329273043409,0.1956390185014814,-0.01637894231337188,0.050716588741122844,-0.013174308406746743,-0.30307811943442514,0.015392620553705296,-0.10356983843955782,0.11794282490653911,1.3697264936762058e-14,0.09739975383612574,-0.07209633203990641,-0.08479988544552877,0.03737057250645087,-0.023755458468049086,0.13852817195243453,-0.023367434783823793
90,-1.5897381740634597e-24,-1.6393057164987425e-25,-5.220302794612963e-22,1.3741099239392789e-06,-3.2025912093544044e-07,2.3409335296400184e-06,-4.86860661825571e-05,-0.0008751953515901053,-6.245200729285878e-11,0.0002165566543543042,-1.2247350173077002e-05,1.0792896010263824e-18,1.7937763581409498e-19,9.855341135127538e-19,1.3877081143215367e-06,-3.517741375355272e-10,-8.713162064701557e-05,0.0017563554879981805,9.250310631454651e-05,-8.791861660436412e-09,3.028035426573722e-07,5.792397814361434e-07,-2.554079589491434e-05,-4.4454730884729994e-07,-8.678576944221507e-06,0.00026218200134465634,0.009963228602118453,0.07758105507190816,-8.953477187367224e-06,1.2577185360445158e-11,-0.5491638305853813,-0.1715098844884555,8.793042815461652e-12,0.028409700228338806,1.606898640277213e-11,1.2427406299879133e-09,2.8242221083210773e-10,-0.0008085001549428979,-0.008428557500358494,1.246503555532232e-05,-0.031958516619356045,1.9002678299838789e-06,-0.0029030436690170476,0.20132126748561469,-0.001826540748624863,-0.06542958415772684,-0.0732101497750656,0.0005766419739191853,0.0009962564726895809,5.517457767412345e-06,-1.98971259738009e-05,0.22174824331746418,0.09023761791765035,3.171955223264239e-05,-0.07637681782323359,-2.1895024816869828e-05,0.0953186171378412,-0.08771558232824529,0.4637945651472305,-0.0005831623945509989,0.00015442759869453829,-0.001862037695906212,-0.0003077199769775058,0.05621237153958076,-0.4101479658678855,-0.013412960600186874,-0.021605616944090095,-0.015442391918075197,-0.02220235151410728,-0.024300358387892462,0.008250774270877934,0.023581911537777903,-0.02606630554956258,-0.013301295861561372,-0.15022605700057973,0.05010591989201282,0.13280040002082358,0.016406714855656434,0.09485127529514749,0.13039229702753372,-0.023956527817630156,0.02715381500701811,-0.0067584094700276764,-0.03124408800480321,0.0028560456552680236,0.1769483383063838,0.01903464665081514,-3.605228266643589e-14,-0.0027707934131848766,-0.02518148000542858,-0.0008608056424859305,-0.11174701238144102,-0.08194110584293543,0.1344796652038045,-0.0018362428613064006
91,2.8094285144464845e-35,-1.1763004785780004e-35,-4.163179522747085e-32,-2.5058972241832512e-17,-2.5521222279994048e-17,4.9155616775498984e-17,0.007166032143834165,-0.00045427882700131776,1.2683195676375191e-15,-0.0004789614213248274,-0.007373157842941526,1.540930058723705e-18,-4.784328602868229e-18,1.9902210352697625e-18,4.128727461182861e-10,-2.8096959554064364e-14,-0.014782405337550276,-0.0008524474841768875,5.1357623839738664e-06,-2.441084232216701e-12,1.0997150408358757e-10,-2.4984090214588354e-11,6.06092884181938e-06,-1.631304858282909e-09,-5.203557189244282e-09,-1.3254784751270667e-05,0.03536613237973468,-0.00786952480793987,-1.1466865982830617e-08,-3.14581781998439e-14,-0.01145452930350004,0.03519603551295071,9.523985033091538e-14,-0.00848600621066823,-7.636657666417569e-14,-4.4141797837120073e-13,1.3707849583240578e-12,-0.012233243622072253,-0.07307865140900441,4.812166873949843e-09,0.014335744575521756,-0.00887481350807492,-0.00029133236763336114,0.006432871202308693,0.023239581657605108,0.0011626279049977066,0.002790870665490548,0.0001053260436745886,0.0001607625208409277,-1.662336639612283e-06,-7.82739823551761e-05,0.07324680838699964,-0.24359214532484527,-4.438679777326209e-05,0.007749449498551883,-2.3898267316184688e-05,-0.6076768502665647,0.3435297332233258,0.3204086134101509,-0.0005658031846375812,-0.00015291398227708675,0.0003338934002151991,3.6357695878719995e-05,-0.002780882845967805,0.13807011076820633,0.007629623759070146,0.23960483863441726,-0.06309002230536359,-0.015132961587880914,-0.023959141494600822,0.008503760180380375,0.001939910835529949,-0.012070907401448679,0.18236508358154857,-0.06477404257207285,0.24459804828277507,0.03501363052766017,0.07337455952588766,-0.13068731977999512,-0.10329977384059857,-0.011904724092942761,-0.05958177388554378,0.059915687358715164,-0.16166019484635152,-0.01683621046126294,-0.05955127114815812,-0.15764636480420852,3.361871671920014e-14,-0.1003705239857959,-0.09499348284263236,-0.03664711400542075,0.10992176436804926,-0.12700668475677135,0.10822045429948327,0.014031604113156371
92,-3.6632759701396646e-27,-2.118511106977829e-28,-6.72156618728469e-25,3.1662817015356067e-09,-4.13130381204652e-10,8.320412898716663e-09,-3.361040918910117e-11,-6.421523512829626e-10,-1.1508323729195108e-13,1.0965913585516364e-10,-5.718609623320504e-12,2.8963062079542286e-21,2.2549339692002817e-22,4.770341853091892e-22,2.3396588349582924e-09,-5.496248181876768e-13,-1.0294727792129672e-10,2.2259022763090558e-09,2.767935324583141e-10,-1.222946292412669e-11,3.993956161767061e-10,5.620837291352463e-10,-6.544508042878333e-11,-3.7472030768249957e-10,-1.3291426774284905e-08,1.6417697899448909e-09,1.5381919026768728e-07,1.4402845217459553e-06,-3.220587789624101e-09,-7.870555462657103e-15,-1.4188909074991627e-05,-4.3799435652390816e-06,-1.4270575517083697e-14,1.040534793371918e-06,-3.71162815902477e-14,-3.1299822748126356e-12,-8.464625962032733e-13,-3.8196421379692794e-08,-7.898941681016979e-07,-3.307326101225463e-08,-6.327816875278725e-06,4.348142361184151e-09,1.7051608677966272e-05,-0.0010279632753701553,1.477839062705415e-05,0.0004837840216030632,0.0010107562276382212,-2.0176795152587348e-06,-4.537576263179965e-06,-5.23954140923739e-07,-9.969795942745756e-06,0.0011152711493247161,0.0013892562165458587,0.2133850846452153,-0.00039532121558141775,0.7383691031536644,-0.000548331123031783,-0.0007382325977887524,0.00033144827450629956,3.766220572991182e-06,2.576179439119617e-05,7.745124355132361e-05,-5.631998703818437e-06,-0.00042896389576551236,-0.02213205266362326,0.394975797689052,0.0089622947218258,0.004900431936677055,0.22351856708357892,-0.011754656474148698,-0.03769263332441674,0.0014007897021530687,-0.002683357927369376,0.0006279209007375064,-0.009448840642603647,-0.00012470593328905034,0.011043893746937098,0.011031140941548908,-0.01584817643981742,-0.040588295346543485,0.008103235797577725,-0.03309957479146932,-0.07130973801556507,0.006728900987049459,0.43605666162498447,0.002262280970195919,-0.0007221735579983811,4.883580711433765e-16,0.0037244892078572103,-7.125997526149949e-05,0.004217033409837583,0.0008471441780892611,-0.013214501690059857,0.023611325337833725,0.04127168686432596
93,3.1024274452832668e-27,-1.2015005585630413e-27,-3.834760862139444e-24,-2.6814041532575286e-09,-2.351342220560024e-09,8.258488423799456e-09,2.7700432116117452e-11,5.286817814242005e-10,9.787789294197025e-14,4.5527935526366974e-10,-2.4651181670340516e-11,-2.4364985642750103e-21,-7.900812239414868e-24,9.305484391878968e-22,-1.991613861733616e-09,2.303049377876104e-13,-6.270172954824172e-11,1.3300547241381494e-09,-2.204253611939042e-10,1.0175563482247588e-11,-3.5070737089492814e-10,2.668592856244619e-09,-1.7960055137665451e-10,-4.270441145424669e-10,-1.325209523564692e-08,1.7317783330009265e-10,-1.0448345486691083e-07,-9.264714842240137e-07,-8.797630163648981e-10,7.502486967752204e-15,7.442270660467189e-06,2.2062845985064806e-06,8.764507046476919e-15,-1.2025776210510004e-06,2.539744672042216e-15,2.6138978343665796e-12,1.0002377750841245e-12,2.5455415671423706e-08,7.615218031415923e-07,2.7101285301869824e-08,7.037079993196042e-06,-2.0790091558141113e-08,-1.7663546016052213e-05,0.0011293902385025717,-1.3553274009542834e-05,0.00017418520505032715,2.1280338999034013e-05,3.0799822372961168e-06,4.078677178570333e-06,3.9054092212557026e-07,7.331508623094691e-06,-0.0011860871572907758,-0.0009827304546104853,0.5276917792510892,-9.402752256457516e-05,-0.5745680901891181,-0.00047267939562215027,-0.001062122818471649,-0.003058954872805751,-7.14567992818051e-06,1.81045603895805e-05,-0.00012855759334112234,-8.372080438632897e-06,0.0021913921838096284,-0.01712969227411197,0.3774741377792144,-0.009699525681449264,-0.006127132541587264,-0.1899925677177431,0.0058150881714179046,-0.10618562713071399,-0.0001544334539966379,0.00032589798098733494,0.009454233092231817,0.005402255722774377,-0.0011033288380065199,-0.0018275685242266665,0.007551553588253199,-0.014392904357308573,-0.040840142474900636,0.009048270343225601,-0.032878517648910074,-0.0713849904713539,0.013725786710665154,0.4359748413078514,-0.0007710290886434282,-0.0029705871922262846,1.0750474214990657e-15,0.002888777945374811,0.004190267035872624,0.004823117466465124,0.003067221998768787,-0.013458012340677557,0.023321039492190044,0.041304337481307726
94,1.1051927822294468e-27,2.8302999440429767e-27,9.03810601058947e-24,-9.553027552065296e-10,5.53795790718158e-09,6.8164937002347405e-09,9.846770142644823e-12,1.8802030314899745e-10,3.435400688394661e-14,-1.0819568452677486e-09,5.822333271948946e-11,-9.299519027149757e-22,-4.140195613676369e-22,-2.1562262066376426e-21,-6.955944790034505e-10,6.045937765005193e-13,-5.6662146178185915e-11,1.2154178584824986e-09,-7.838179191842168e-11,1.7428799162650237e-12,-9.26689475615566e-11,-6.0140841822353505e-09,4.4293317404663094e-10,1.0860616276824766e-09,-1.0869062535240352e-08,3.509261235028887e-10,-3.748406612636769e-08,-3.3883778501113615e-07,-2.0718299729650996e-09,2.788166610999585e-15,2.860922886228209e-06,1.047286441217655e-06,-9.330725533083307e-15,9.722814171734033e-07,1.2587234059467895e-14,8.39256962375355e-13,-2.8263369182993724e-14,5.073267812139341e-09,3.7673149102182033e-07,8.895863556620404e-09,3.477483345838546e-06,2.7944966007305572e-08,-1.2453541896116892e-06,0.0001528557662162044,-5.61908861141002e-06,-0.0010888388594581706,0.00011196572466487512,-9.370124732521496e-07,1.0919045870362571e-06,1.3295860949091034e-07,2.6285056255475105e-06,-0.00016211455027474183,-0.0001491855224525785,-0.7889918424793066,0.000607020012463742,-0.18416223383332653,0.0004085898445490106,0.00102617455048891,-0.0020555983658634472,-4.243377406497369e-06,1.5811425344359646e-05,-3.860740829432374e-05,-4.549412639153927e-06,0.0010807713850059795,-0.014201694524597288,0.3158368105355228,-0.0025797697557449336,0.0009226761561957681,-0.061368733383074005,0.004148086378211896,0.19808011686960986,-0.002499673129861515,0.0010496813144997453,-0.013130331114962649,0.0016704683350245815,-0.006698894801988213,-0.0011936652202853364,0.005475671834495406,-0.02042087972580048,-0.04114284911211342,0.008965539487300422,-0.03324185186038275,-0.07098348000282594,-0.0014479660922062415,0.43532041896155593,-0.0012478080596599742,0.0004160845165289186,1.1736435764363274e-15,0.005195421663101677,-0.0011451212700406017,0.0030896255607660524,0.0027232254887531635,-0.012781560591667709,0.02375248073718175,0.04139570358432581
